Copyright 1986-2022 Xilinx, Inc. All Rights Reserved. Copyright 2022-2024 Advanced Micro Devices, Inc. All Rights Reserved.
-----------------------------------------------------------------------------------------------------------------------------------------------------------------------------
| Tool Version : Vivado v.2024.1 (lin64) Build 5076996 Wed May 22 18:36:09 MDT 2024
| Date         : Fri Oct  2 05:36:36 2026
| Host         : b165e12156e4 running 64-bit unknown
| Command      : report_timing -max_paths 30 -nworst 1 -unique_pins -sort_by slack -file /home/vivadouser/project/ML_KEM_Test/ML-KEM-Testkit/reports/f206_0/timing_paths.rpt
| Design       : arty_a7_top
| Device       : 7a100t-csg324
| Speed File   : -1  PRODUCTION 1.23 2018-06-13
| Design State : Routed
-----------------------------------------------------------------------------------------------------------------------------------------------------------------------------

Timing Report

Slack (VIOLATED) :        -4.993ns  (required time - arrival time)
  Source:                 u_mlkem/u_ctrl/unit_src_sponge_reg/C
                            (rising edge-triggered cell FDCE clocked by clk_core_mmcm  {rise@0.000ns fall@2.424ns period=4.848ns})
  Destination:            u_mlkem/u_unpack/cr_d_reg[59]/D
                            (rising edge-triggered cell FDRE clocked by clk_core_mmcm  {rise@0.000ns fall@2.424ns period=4.848ns})
  Path Group:             clk_core_mmcm
  Path Type:              Setup (Max at Slow Process Corner)
  Requirement:            4.848ns  (clk_core_mmcm rise@4.848ns - clk_core_mmcm rise@0.000ns)
  Data Path Delay:        9.777ns  (logic 5.801ns (59.334%)  route 3.976ns (40.666%))
  Logic Levels:           9  (CARRY4=7 LUT4=1 LUT6=1)
  Clock Path Skew:        -0.022ns (DCD - SCD + CPR)
    Destination Clock Delay (DCD):    8.880ns = ( 13.729 - 4.848 ) 
    Source Clock Delay      (SCD):    9.420ns
    Clock Pessimism Removal (CPR):    0.517ns
  Clock Uncertainty:      0.074ns  ((TSJ^2 + DJ^2)^1/2) / 2 + PE
    Total System Jitter     (TSJ):    0.071ns
    Discrete Jitter          (DJ):    0.131ns
    Phase Error              (PE):    0.000ns

    Location             Delay type                Incr(ns)  Path(ns)    Netlist Resource(s)
  -------------------------------------------------------------------    -------------------
                         (clock clk_core_mmcm rise edge)
                                                      0.000     0.000 r  
    E3                                                0.000     0.000 r  clk_100mhz (IN)
                         net (fo=0)                   0.000     0.000    clk_100mhz
    E3                   IBUF (Prop_ibuf_I_O)         1.482     1.482 r  clk_100mhz_IBUF_inst/O
                         net (fo=1, routed)           2.025     3.506    clk_100mhz_IBUF
    BUFGCTRL_X0Y16       BUFG (Prop_bufg_I_O)         0.096     3.602 r  clk_100mhz_IBUF_BUFG_inst/O
                         net (fo=2651, routed)        1.809     5.412    clk_100mhz_IBUF_BUFG
    MMCME2_ADV_X0Y0      MMCME2_ADV (Prop_mmcme2_adv_CLKIN1_CLKOUT0)
                                                      0.088     5.500 r  u_mmcm/CLKOUT0
                         net (fo=1, routed)           2.018     7.518    clk_core_mmcm
    BUFGCTRL_X0Y0        BUFG (Prop_bufg_I_O)         0.096     7.614 r  u_bufg_core/O
                         net (fo=3686, routed)        1.805     9.420    u_mlkem/u_ctrl/clk_core
    SLICE_X31Y33         FDCE                                         r  u_mlkem/u_ctrl/unit_src_sponge_reg/C
  -------------------------------------------------------------------    -------------------
    SLICE_X31Y33         FDCE (Prop_fdce_C_Q)         0.456     9.876 f  u_mlkem/u_ctrl/unit_src_sponge_reg/Q
                         net (fo=117, routed)         0.716    10.591    u_mlkem/u_sponge/cr_d_reg[0]
    SLICE_X32Y33         LUT4 (Prop_lut4_I1_O)        0.124    10.715 r  u_mlkem/u_sponge/cr_d[15]_i_6/O
                         net (fo=1, routed)           0.000    10.715    u_mlkem/u_sponge/cr_d[15]_i_6_n_0
    SLICE_X32Y33         CARRY4 (Prop_carry4_S[2]_CO[3])
                                                      0.398    11.113 r  u_mlkem/u_sponge/cr_d_reg[15]_i_3/CO[3]
                         net (fo=8, routed)           0.644    11.757    u_mlkem/u_sponge/cr_d_reg[15]_i_3_n_0
    SLICE_X31Y33         CARRY4 (Prop_carry4_CYINIT_CO[2])
                                                      0.592    12.349 r  u_mlkem/u_sponge/cr_d_reg[23]_i_3/CO[2]
                         net (fo=8, routed)           0.512    12.862    u_mlkem/u_sponge/cr_d_reg[23]_i_3_n_1
    SLICE_X28Y34         CARRY4 (Prop_carry4_CYINIT_CO[2])
                                                      0.781    13.643 r  u_mlkem/u_sponge/cr_d_reg[31]_i_3/CO[2]
                         net (fo=8, routed)           0.224    13.867    u_mlkem/u_sponge/cr_d_reg[31]_i_3_n_1
    SLICE_X29Y34         CARRY4 (Prop_carry4_CYINIT_CO[2])
                                                      0.781    14.648 r  u_mlkem/u_sponge/cr_d_reg[39]_i_3/CO[2]
                         net (fo=8, routed)           0.541    15.188    u_mlkem/u_sponge/cr_d_reg[39]_i_3_n_1
    SLICE_X30Y34         CARRY4 (Prop_carry4_CYINIT_CO[2])
                                                      0.797    15.985 r  u_mlkem/u_sponge/cr_d_reg[47]_i_3/CO[2]
                         net (fo=8, routed)           0.580    16.565    u_mlkem/u_sponge/cr_d_reg[47]_i_3_n_1
    SLICE_X32Y35         CARRY4 (Prop_carry4_CYINIT_CO[2])
                                                      0.778    17.343 r  u_mlkem/u_sponge/cr_d_reg[55]_i_3/CO[2]
                         net (fo=8, routed)           0.398    17.741    u_mlkem/u_sponge/cr_d_reg[55]_i_3_n_1
    SLICE_X28Y35         CARRY4 (Prop_carry4_CYINIT_CO[2])
                                                      0.781    18.522 f  u_mlkem/u_sponge/cr_d_reg[63]_i_3/CO[2]
                         net (fo=7, routed)           0.362    18.883    u_mlkem/u_sponge/cr_d_reg[63]_i_3_n_1
    SLICE_X31Y35         LUT6 (Prop_lut6_I5_O)        0.313    19.196 r  u_mlkem/u_sponge/cr_d[59]_i_1/O
                         net (fo=1, routed)           0.000    19.196    u_mlkem/u_unpack/cr_d_reg[63]_0[59]
    SLICE_X31Y35         FDRE                                         r  u_mlkem/u_unpack/cr_d_reg[59]/D
  -------------------------------------------------------------------    -------------------

                         (clock clk_core_mmcm rise edge)
                                                      4.848     4.848 r  
    E3                                                0.000     4.848 r  clk_100mhz (IN)
                         net (fo=0)                   0.000     4.848    clk_100mhz
    E3                   IBUF (Prop_ibuf_I_O)         1.411     6.260 r  clk_100mhz_IBUF_inst/O
                         net (fo=1, routed)           1.920     8.180    clk_100mhz_IBUF
    BUFGCTRL_X0Y16       BUFG (Prop_bufg_I_O)         0.091     8.271 r  clk_100mhz_IBUF_BUFG_inst/O
                         net (fo=2651, routed)        1.683     9.954    clk_100mhz_IBUF_BUFG
    MMCME2_ADV_X0Y0      MMCME2_ADV (Prop_mmcme2_adv_CLKIN1_CLKOUT0)
                                                      0.083    10.037 r  u_mmcm/CLKOUT0
                         net (fo=1, routed)           1.923    11.960    clk_core_mmcm
    BUFGCTRL_X0Y0        BUFG (Prop_bufg_I_O)         0.091    12.051 r  u_bufg_core/O
                         net (fo=3686, routed)        1.678    13.729    u_mlkem/u_unpack/clk_core
    SLICE_X31Y35         FDRE                                         r  u_mlkem/u_unpack/cr_d_reg[59]/C
                         clock pessimism              0.517    14.246    
                         clock uncertainty           -0.074    14.171    
    SLICE_X31Y35         FDRE (Setup_fdre_C_D)        0.032    14.203    u_mlkem/u_unpack/cr_d_reg[59]
  -------------------------------------------------------------------
                         required time                         14.203    
                         arrival time                         -19.196    
  -------------------------------------------------------------------
                         slack                                 -4.993    

Slack (VIOLATED) :        -4.989ns  (required time - arrival time)
  Source:                 u_mlkem/u_ctrl/unit_src_sponge_reg/C
                            (rising edge-triggered cell FDCE clocked by clk_core_mmcm  {rise@0.000ns fall@2.424ns period=4.848ns})
  Destination:            u_mlkem/u_unpack/cr_d_reg[60]/D
                            (rising edge-triggered cell FDRE clocked by clk_core_mmcm  {rise@0.000ns fall@2.424ns period=4.848ns})
  Path Group:             clk_core_mmcm
  Path Type:              Setup (Max at Slow Process Corner)
  Requirement:            4.848ns  (clk_core_mmcm rise@4.848ns - clk_core_mmcm rise@0.000ns)
  Data Path Delay:        9.772ns  (logic 5.801ns (59.364%)  route 3.971ns (40.636%))
  Logic Levels:           9  (CARRY4=7 LUT4=1 LUT6=1)
  Clock Path Skew:        -0.022ns (DCD - SCD + CPR)
    Destination Clock Delay (DCD):    8.880ns = ( 13.729 - 4.848 ) 
    Source Clock Delay      (SCD):    9.420ns
    Clock Pessimism Removal (CPR):    0.517ns
  Clock Uncertainty:      0.074ns  ((TSJ^2 + DJ^2)^1/2) / 2 + PE
    Total System Jitter     (TSJ):    0.071ns
    Discrete Jitter          (DJ):    0.131ns
    Phase Error              (PE):    0.000ns

    Location             Delay type                Incr(ns)  Path(ns)    Netlist Resource(s)
  -------------------------------------------------------------------    -------------------
                         (clock clk_core_mmcm rise edge)
                                                      0.000     0.000 r  
    E3                                                0.000     0.000 r  clk_100mhz (IN)
                         net (fo=0)                   0.000     0.000    clk_100mhz
    E3                   IBUF (Prop_ibuf_I_O)         1.482     1.482 r  clk_100mhz_IBUF_inst/O
                         net (fo=1, routed)           2.025     3.506    clk_100mhz_IBUF
    BUFGCTRL_X0Y16       BUFG (Prop_bufg_I_O)         0.096     3.602 r  clk_100mhz_IBUF_BUFG_inst/O
                         net (fo=2651, routed)        1.809     5.412    clk_100mhz_IBUF_BUFG
    MMCME2_ADV_X0Y0      MMCME2_ADV (Prop_mmcme2_adv_CLKIN1_CLKOUT0)
                                                      0.088     5.500 r  u_mmcm/CLKOUT0
                         net (fo=1, routed)           2.018     7.518    clk_core_mmcm
    BUFGCTRL_X0Y0        BUFG (Prop_bufg_I_O)         0.096     7.614 r  u_bufg_core/O
                         net (fo=3686, routed)        1.805     9.420    u_mlkem/u_ctrl/clk_core
    SLICE_X31Y33         FDCE                                         r  u_mlkem/u_ctrl/unit_src_sponge_reg/C
  -------------------------------------------------------------------    -------------------
    SLICE_X31Y33         FDCE (Prop_fdce_C_Q)         0.456     9.876 f  u_mlkem/u_ctrl/unit_src_sponge_reg/Q
                         net (fo=117, routed)         0.716    10.591    u_mlkem/u_sponge/cr_d_reg[0]
    SLICE_X32Y33         LUT4 (Prop_lut4_I1_O)        0.124    10.715 r  u_mlkem/u_sponge/cr_d[15]_i_6/O
                         net (fo=1, routed)           0.000    10.715    u_mlkem/u_sponge/cr_d[15]_i_6_n_0
    SLICE_X32Y33         CARRY4 (Prop_carry4_S[2]_CO[3])
                                                      0.398    11.113 r  u_mlkem/u_sponge/cr_d_reg[15]_i_3/CO[3]
                         net (fo=8, routed)           0.644    11.757    u_mlkem/u_sponge/cr_d_reg[15]_i_3_n_0
    SLICE_X31Y33         CARRY4 (Prop_carry4_CYINIT_CO[2])
                                                      0.592    12.349 r  u_mlkem/u_sponge/cr_d_reg[23]_i_3/CO[2]
                         net (fo=8, routed)           0.512    12.862    u_mlkem/u_sponge/cr_d_reg[23]_i_3_n_1
    SLICE_X28Y34         CARRY4 (Prop_carry4_CYINIT_CO[2])
                                                      0.781    13.643 r  u_mlkem/u_sponge/cr_d_reg[31]_i_3/CO[2]
                         net (fo=8, routed)           0.224    13.867    u_mlkem/u_sponge/cr_d_reg[31]_i_3_n_1
    SLICE_X29Y34         CARRY4 (Prop_carry4_CYINIT_CO[2])
                                                      0.781    14.648 r  u_mlkem/u_sponge/cr_d_reg[39]_i_3/CO[2]
                         net (fo=8, routed)           0.541    15.188    u_mlkem/u_sponge/cr_d_reg[39]_i_3_n_1
    SLICE_X30Y34         CARRY4 (Prop_carry4_CYINIT_CO[2])
                                                      0.797    15.985 r  u_mlkem/u_sponge/cr_d_reg[47]_i_3/CO[2]
                         net (fo=8, routed)           0.580    16.565    u_mlkem/u_sponge/cr_d_reg[47]_i_3_n_1
    SLICE_X32Y35         CARRY4 (Prop_carry4_CYINIT_CO[2])
                                                      0.778    17.343 r  u_mlkem/u_sponge/cr_d_reg[55]_i_3/CO[2]
                         net (fo=8, routed)           0.398    17.741    u_mlkem/u_sponge/cr_d_reg[55]_i_3_n_1
    SLICE_X28Y35         CARRY4 (Prop_carry4_CYINIT_CO[2])
                                                      0.781    18.522 f  u_mlkem/u_sponge/cr_d_reg[63]_i_3/CO[2]
                         net (fo=7, routed)           0.357    18.878    u_mlkem/u_sponge/cr_d_reg[63]_i_3_n_1
    SLICE_X31Y35         LUT6 (Prop_lut6_I5_O)        0.313    19.191 r  u_mlkem/u_sponge/cr_d[60]_i_1/O
                         net (fo=1, routed)           0.000    19.191    u_mlkem/u_unpack/cr_d_reg[63]_0[60]
    SLICE_X31Y35         FDRE                                         r  u_mlkem/u_unpack/cr_d_reg[60]/D
  -------------------------------------------------------------------    -------------------

                         (clock clk_core_mmcm rise edge)
                                                      4.848     4.848 r  
    E3                                                0.000     4.848 r  clk_100mhz (IN)
                         net (fo=0)                   0.000     4.848    clk_100mhz
    E3                   IBUF (Prop_ibuf_I_O)         1.411     6.260 r  clk_100mhz_IBUF_inst/O
                         net (fo=1, routed)           1.920     8.180    clk_100mhz_IBUF
    BUFGCTRL_X0Y16       BUFG (Prop_bufg_I_O)         0.091     8.271 r  clk_100mhz_IBUF_BUFG_inst/O
                         net (fo=2651, routed)        1.683     9.954    clk_100mhz_IBUF_BUFG
    MMCME2_ADV_X0Y0      MMCME2_ADV (Prop_mmcme2_adv_CLKIN1_CLKOUT0)
                                                      0.083    10.037 r  u_mmcm/CLKOUT0
                         net (fo=1, routed)           1.923    11.960    clk_core_mmcm
    BUFGCTRL_X0Y0        BUFG (Prop_bufg_I_O)         0.091    12.051 r  u_bufg_core/O
                         net (fo=3686, routed)        1.678    13.729    u_mlkem/u_unpack/clk_core
    SLICE_X31Y35         FDRE                                         r  u_mlkem/u_unpack/cr_d_reg[60]/C
                         clock pessimism              0.517    14.246    
                         clock uncertainty           -0.074    14.171    
    SLICE_X31Y35         FDRE (Setup_fdre_C_D)        0.031    14.202    u_mlkem/u_unpack/cr_d_reg[60]
  -------------------------------------------------------------------
                         required time                         14.202    
                         arrival time                         -19.191    
  -------------------------------------------------------------------
                         slack                                 -4.989    

Slack (VIOLATED) :        -4.973ns  (required time - arrival time)
  Source:                 u_mlkem/u_ctrl/unit_src_sponge_reg/C
                            (rising edge-triggered cell FDCE clocked by clk_core_mmcm  {rise@0.000ns fall@2.424ns period=4.848ns})
  Destination:            u_mlkem/u_unpack/cr_d_reg[58]/D
                            (rising edge-triggered cell FDRE clocked by clk_core_mmcm  {rise@0.000ns fall@2.424ns period=4.848ns})
  Path Group:             clk_core_mmcm
  Path Type:              Setup (Max at Slow Process Corner)
  Requirement:            4.848ns  (clk_core_mmcm rise@4.848ns - clk_core_mmcm rise@0.000ns)
  Data Path Delay:        9.738ns  (logic 5.801ns (59.568%)  route 3.937ns (40.432%))
  Logic Levels:           9  (CARRY4=7 LUT4=1 LUT6=1)
  Clock Path Skew:        -0.038ns (DCD - SCD + CPR)
    Destination Clock Delay (DCD):    8.881ns = ( 13.730 - 4.848 ) 
    Source Clock Delay      (SCD):    9.420ns
    Clock Pessimism Removal (CPR):    0.500ns
  Clock Uncertainty:      0.074ns  ((TSJ^2 + DJ^2)^1/2) / 2 + PE
    Total System Jitter     (TSJ):    0.071ns
    Discrete Jitter          (DJ):    0.131ns
    Phase Error              (PE):    0.000ns

    Location             Delay type                Incr(ns)  Path(ns)    Netlist Resource(s)
  -------------------------------------------------------------------    -------------------
                         (clock clk_core_mmcm rise edge)
                                                      0.000     0.000 r  
    E3                                                0.000     0.000 r  clk_100mhz (IN)
                         net (fo=0)                   0.000     0.000    clk_100mhz
    E3                   IBUF (Prop_ibuf_I_O)         1.482     1.482 r  clk_100mhz_IBUF_inst/O
                         net (fo=1, routed)           2.025     3.506    clk_100mhz_IBUF
    BUFGCTRL_X0Y16       BUFG (Prop_bufg_I_O)         0.096     3.602 r  clk_100mhz_IBUF_BUFG_inst/O
                         net (fo=2651, routed)        1.809     5.412    clk_100mhz_IBUF_BUFG
    MMCME2_ADV_X0Y0      MMCME2_ADV (Prop_mmcme2_adv_CLKIN1_CLKOUT0)
                                                      0.088     5.500 r  u_mmcm/CLKOUT0
                         net (fo=1, routed)           2.018     7.518    clk_core_mmcm
    BUFGCTRL_X0Y0        BUFG (Prop_bufg_I_O)         0.096     7.614 r  u_bufg_core/O
                         net (fo=3686, routed)        1.805     9.420    u_mlkem/u_ctrl/clk_core
    SLICE_X31Y33         FDCE                                         r  u_mlkem/u_ctrl/unit_src_sponge_reg/C
  -------------------------------------------------------------------    -------------------
    SLICE_X31Y33         FDCE (Prop_fdce_C_Q)         0.456     9.876 f  u_mlkem/u_ctrl/unit_src_sponge_reg/Q
                         net (fo=117, routed)         0.716    10.591    u_mlkem/u_sponge/cr_d_reg[0]
    SLICE_X32Y33         LUT4 (Prop_lut4_I1_O)        0.124    10.715 r  u_mlkem/u_sponge/cr_d[15]_i_6/O
                         net (fo=1, routed)           0.000    10.715    u_mlkem/u_sponge/cr_d[15]_i_6_n_0
    SLICE_X32Y33         CARRY4 (Prop_carry4_S[2]_CO[3])
                                                      0.398    11.113 r  u_mlkem/u_sponge/cr_d_reg[15]_i_3/CO[3]
                         net (fo=8, routed)           0.644    11.757    u_mlkem/u_sponge/cr_d_reg[15]_i_3_n_0
    SLICE_X31Y33         CARRY4 (Prop_carry4_CYINIT_CO[2])
                                                      0.592    12.349 r  u_mlkem/u_sponge/cr_d_reg[23]_i_3/CO[2]
                         net (fo=8, routed)           0.512    12.862    u_mlkem/u_sponge/cr_d_reg[23]_i_3_n_1
    SLICE_X28Y34         CARRY4 (Prop_carry4_CYINIT_CO[2])
                                                      0.781    13.643 r  u_mlkem/u_sponge/cr_d_reg[31]_i_3/CO[2]
                         net (fo=8, routed)           0.224    13.867    u_mlkem/u_sponge/cr_d_reg[31]_i_3_n_1
    SLICE_X29Y34         CARRY4 (Prop_carry4_CYINIT_CO[2])
                                                      0.781    14.648 r  u_mlkem/u_sponge/cr_d_reg[39]_i_3/CO[2]
                         net (fo=8, routed)           0.541    15.188    u_mlkem/u_sponge/cr_d_reg[39]_i_3_n_1
    SLICE_X30Y34         CARRY4 (Prop_carry4_CYINIT_CO[2])
                                                      0.797    15.985 r  u_mlkem/u_sponge/cr_d_reg[47]_i_3/CO[2]
                         net (fo=8, routed)           0.580    16.565    u_mlkem/u_sponge/cr_d_reg[47]_i_3_n_1
    SLICE_X32Y35         CARRY4 (Prop_carry4_CYINIT_CO[2])
                                                      0.778    17.343 r  u_mlkem/u_sponge/cr_d_reg[55]_i_3/CO[2]
                         net (fo=8, routed)           0.398    17.741    u_mlkem/u_sponge/cr_d_reg[55]_i_3_n_1
    SLICE_X28Y35         CARRY4 (Prop_carry4_CYINIT_CO[2])
                                                      0.781    18.522 f  u_mlkem/u_sponge/cr_d_reg[63]_i_3/CO[2]
                         net (fo=7, routed)           0.323    18.845    u_mlkem/u_sponge/cr_d_reg[63]_i_3_n_1
    SLICE_X29Y35         LUT6 (Prop_lut6_I5_O)        0.313    19.158 r  u_mlkem/u_sponge/cr_d[58]_i_1/O
                         net (fo=1, routed)           0.000    19.158    u_mlkem/u_unpack/cr_d_reg[63]_0[58]
    SLICE_X29Y35         FDRE                                         r  u_mlkem/u_unpack/cr_d_reg[58]/D
  -------------------------------------------------------------------    -------------------

                         (clock clk_core_mmcm rise edge)
                                                      4.848     4.848 r  
    E3                                                0.000     4.848 r  clk_100mhz (IN)
                         net (fo=0)                   0.000     4.848    clk_100mhz
    E3                   IBUF (Prop_ibuf_I_O)         1.411     6.260 r  clk_100mhz_IBUF_inst/O
                         net (fo=1, routed)           1.920     8.180    clk_100mhz_IBUF
    BUFGCTRL_X0Y16       BUFG (Prop_bufg_I_O)         0.091     8.271 r  clk_100mhz_IBUF_BUFG_inst/O
                         net (fo=2651, routed)        1.683     9.954    clk_100mhz_IBUF_BUFG
    MMCME2_ADV_X0Y0      MMCME2_ADV (Prop_mmcme2_adv_CLKIN1_CLKOUT0)
                                                      0.083    10.037 r  u_mmcm/CLKOUT0
                         net (fo=1, routed)           1.923    11.960    clk_core_mmcm
    BUFGCTRL_X0Y0        BUFG (Prop_bufg_I_O)         0.091    12.051 r  u_bufg_core/O
                         net (fo=3686, routed)        1.679    13.730    u_mlkem/u_unpack/clk_core
    SLICE_X29Y35         FDRE                                         r  u_mlkem/u_unpack/cr_d_reg[58]/C
                         clock pessimism              0.500    14.230    
                         clock uncertainty           -0.074    14.155    
    SLICE_X29Y35         FDRE (Setup_fdre_C_D)        0.029    14.184    u_mlkem/u_unpack/cr_d_reg[58]
  -------------------------------------------------------------------
                         required time                         14.184    
                         arrival time                         -19.158    
  -------------------------------------------------------------------
                         slack                                 -4.973    

Slack (VIOLATED) :        -4.968ns  (required time - arrival time)
  Source:                 u_mlkem/u_ctrl/unit_src_sponge_reg/C
                            (rising edge-triggered cell FDCE clocked by clk_core_mmcm  {rise@0.000ns fall@2.424ns period=4.848ns})
  Destination:            u_mlkem/u_unpack/cr_d_reg[57]/D
                            (rising edge-triggered cell FDRE clocked by clk_core_mmcm  {rise@0.000ns fall@2.424ns period=4.848ns})
  Path Group:             clk_core_mmcm
  Path Type:              Setup (Max at Slow Process Corner)
  Requirement:            4.848ns  (clk_core_mmcm rise@4.848ns - clk_core_mmcm rise@0.000ns)
  Data Path Delay:        9.735ns  (logic 5.801ns (59.587%)  route 3.934ns (40.413%))
  Logic Levels:           9  (CARRY4=7 LUT4=1 LUT6=1)
  Clock Path Skew:        -0.038ns (DCD - SCD + CPR)
    Destination Clock Delay (DCD):    8.881ns = ( 13.730 - 4.848 ) 
    Source Clock Delay      (SCD):    9.420ns
    Clock Pessimism Removal (CPR):    0.500ns
  Clock Uncertainty:      0.074ns  ((TSJ^2 + DJ^2)^1/2) / 2 + PE
    Total System Jitter     (TSJ):    0.071ns
    Discrete Jitter          (DJ):    0.131ns
    Phase Error              (PE):    0.000ns

    Location             Delay type                Incr(ns)  Path(ns)    Netlist Resource(s)
  -------------------------------------------------------------------    -------------------
                         (clock clk_core_mmcm rise edge)
                                                      0.000     0.000 r  
    E3                                                0.000     0.000 r  clk_100mhz (IN)
                         net (fo=0)                   0.000     0.000    clk_100mhz
    E3                   IBUF (Prop_ibuf_I_O)         1.482     1.482 r  clk_100mhz_IBUF_inst/O
                         net (fo=1, routed)           2.025     3.506    clk_100mhz_IBUF
    BUFGCTRL_X0Y16       BUFG (Prop_bufg_I_O)         0.096     3.602 r  clk_100mhz_IBUF_BUFG_inst/O
                         net (fo=2651, routed)        1.809     5.412    clk_100mhz_IBUF_BUFG
    MMCME2_ADV_X0Y0      MMCME2_ADV (Prop_mmcme2_adv_CLKIN1_CLKOUT0)
                                                      0.088     5.500 r  u_mmcm/CLKOUT0
                         net (fo=1, routed)           2.018     7.518    clk_core_mmcm
    BUFGCTRL_X0Y0        BUFG (Prop_bufg_I_O)         0.096     7.614 r  u_bufg_core/O
                         net (fo=3686, routed)        1.805     9.420    u_mlkem/u_ctrl/clk_core
    SLICE_X31Y33         FDCE                                         r  u_mlkem/u_ctrl/unit_src_sponge_reg/C
  -------------------------------------------------------------------    -------------------
    SLICE_X31Y33         FDCE (Prop_fdce_C_Q)         0.456     9.876 f  u_mlkem/u_ctrl/unit_src_sponge_reg/Q
                         net (fo=117, routed)         0.716    10.591    u_mlkem/u_sponge/cr_d_reg[0]
    SLICE_X32Y33         LUT4 (Prop_lut4_I1_O)        0.124    10.715 r  u_mlkem/u_sponge/cr_d[15]_i_6/O
                         net (fo=1, routed)           0.000    10.715    u_mlkem/u_sponge/cr_d[15]_i_6_n_0
    SLICE_X32Y33         CARRY4 (Prop_carry4_S[2]_CO[3])
                                                      0.398    11.113 r  u_mlkem/u_sponge/cr_d_reg[15]_i_3/CO[3]
                         net (fo=8, routed)           0.644    11.757    u_mlkem/u_sponge/cr_d_reg[15]_i_3_n_0
    SLICE_X31Y33         CARRY4 (Prop_carry4_CYINIT_CO[2])
                                                      0.592    12.349 r  u_mlkem/u_sponge/cr_d_reg[23]_i_3/CO[2]
                         net (fo=8, routed)           0.512    12.862    u_mlkem/u_sponge/cr_d_reg[23]_i_3_n_1
    SLICE_X28Y34         CARRY4 (Prop_carry4_CYINIT_CO[2])
                                                      0.781    13.643 r  u_mlkem/u_sponge/cr_d_reg[31]_i_3/CO[2]
                         net (fo=8, routed)           0.224    13.867    u_mlkem/u_sponge/cr_d_reg[31]_i_3_n_1
    SLICE_X29Y34         CARRY4 (Prop_carry4_CYINIT_CO[2])
                                                      0.781    14.648 r  u_mlkem/u_sponge/cr_d_reg[39]_i_3/CO[2]
                         net (fo=8, routed)           0.541    15.188    u_mlkem/u_sponge/cr_d_reg[39]_i_3_n_1
    SLICE_X30Y34         CARRY4 (Prop_carry4_CYINIT_CO[2])
                                                      0.797    15.985 r  u_mlkem/u_sponge/cr_d_reg[47]_i_3/CO[2]
                         net (fo=8, routed)           0.580    16.565    u_mlkem/u_sponge/cr_d_reg[47]_i_3_n_1
    SLICE_X32Y35         CARRY4 (Prop_carry4_CYINIT_CO[2])
                                                      0.778    17.343 r  u_mlkem/u_sponge/cr_d_reg[55]_i_3/CO[2]
                         net (fo=8, routed)           0.398    17.741    u_mlkem/u_sponge/cr_d_reg[55]_i_3_n_1
    SLICE_X28Y35         CARRY4 (Prop_carry4_CYINIT_CO[2])
                                                      0.781    18.522 f  u_mlkem/u_sponge/cr_d_reg[63]_i_3/CO[2]
                         net (fo=7, routed)           0.320    18.842    u_mlkem/u_sponge/cr_d_reg[63]_i_3_n_1
    SLICE_X29Y35         LUT6 (Prop_lut6_I5_O)        0.313    19.155 r  u_mlkem/u_sponge/cr_d[57]_i_1/O
                         net (fo=1, routed)           0.000    19.155    u_mlkem/u_unpack/cr_d_reg[63]_0[57]
    SLICE_X29Y35         FDRE                                         r  u_mlkem/u_unpack/cr_d_reg[57]/D
  -------------------------------------------------------------------    -------------------

                         (clock clk_core_mmcm rise edge)
                                                      4.848     4.848 r  
    E3                                                0.000     4.848 r  clk_100mhz (IN)
                         net (fo=0)                   0.000     4.848    clk_100mhz
    E3                   IBUF (Prop_ibuf_I_O)         1.411     6.260 r  clk_100mhz_IBUF_inst/O
                         net (fo=1, routed)           1.920     8.180    clk_100mhz_IBUF
    BUFGCTRL_X0Y16       BUFG (Prop_bufg_I_O)         0.091     8.271 r  clk_100mhz_IBUF_BUFG_inst/O
                         net (fo=2651, routed)        1.683     9.954    clk_100mhz_IBUF_BUFG
    MMCME2_ADV_X0Y0      MMCME2_ADV (Prop_mmcme2_adv_CLKIN1_CLKOUT0)
                                                      0.083    10.037 r  u_mmcm/CLKOUT0
                         net (fo=1, routed)           1.923    11.960    clk_core_mmcm
    BUFGCTRL_X0Y0        BUFG (Prop_bufg_I_O)         0.091    12.051 r  u_bufg_core/O
                         net (fo=3686, routed)        1.679    13.730    u_mlkem/u_unpack/clk_core
    SLICE_X29Y35         FDRE                                         r  u_mlkem/u_unpack/cr_d_reg[57]/C
                         clock pessimism              0.500    14.230    
                         clock uncertainty           -0.074    14.155    
    SLICE_X29Y35         FDRE (Setup_fdre_C_D)        0.031    14.186    u_mlkem/u_unpack/cr_d_reg[57]
  -------------------------------------------------------------------
                         required time                         14.186    
                         arrival time                         -19.155    
  -------------------------------------------------------------------
                         slack                                 -4.968    

Slack (VIOLATED) :        -4.959ns  (required time - arrival time)
  Source:                 u_mlkem/u_ctrl/unit_src_sponge_reg/C
                            (rising edge-triggered cell FDCE clocked by clk_core_mmcm  {rise@0.000ns fall@2.424ns period=4.848ns})
  Destination:            u_mlkem/u_unpack/cr_d_reg[62]/D
                            (rising edge-triggered cell FDRE clocked by clk_core_mmcm  {rise@0.000ns fall@2.424ns period=4.848ns})
  Path Group:             clk_core_mmcm
  Path Type:              Setup (Max at Slow Process Corner)
  Requirement:            4.848ns  (clk_core_mmcm rise@4.848ns - clk_core_mmcm rise@0.000ns)
  Data Path Delay:        9.788ns  (logic 5.801ns (59.267%)  route 3.987ns (40.733%))
  Logic Levels:           9  (CARRY4=7 LUT4=1 LUT6=1)
  Clock Path Skew:        -0.022ns (DCD - SCD + CPR)
    Destination Clock Delay (DCD):    8.880ns = ( 13.729 - 4.848 ) 
    Source Clock Delay      (SCD):    9.420ns
    Clock Pessimism Removal (CPR):    0.517ns
  Clock Uncertainty:      0.074ns  ((TSJ^2 + DJ^2)^1/2) / 2 + PE
    Total System Jitter     (TSJ):    0.071ns
    Discrete Jitter          (DJ):    0.131ns
    Phase Error              (PE):    0.000ns

    Location             Delay type                Incr(ns)  Path(ns)    Netlist Resource(s)
  -------------------------------------------------------------------    -------------------
                         (clock clk_core_mmcm rise edge)
                                                      0.000     0.000 r  
    E3                                                0.000     0.000 r  clk_100mhz (IN)
                         net (fo=0)                   0.000     0.000    clk_100mhz
    E3                   IBUF (Prop_ibuf_I_O)         1.482     1.482 r  clk_100mhz_IBUF_inst/O
                         net (fo=1, routed)           2.025     3.506    clk_100mhz_IBUF
    BUFGCTRL_X0Y16       BUFG (Prop_bufg_I_O)         0.096     3.602 r  clk_100mhz_IBUF_BUFG_inst/O
                         net (fo=2651, routed)        1.809     5.412    clk_100mhz_IBUF_BUFG
    MMCME2_ADV_X0Y0      MMCME2_ADV (Prop_mmcme2_adv_CLKIN1_CLKOUT0)
                                                      0.088     5.500 r  u_mmcm/CLKOUT0
                         net (fo=1, routed)           2.018     7.518    clk_core_mmcm
    BUFGCTRL_X0Y0        BUFG (Prop_bufg_I_O)         0.096     7.614 r  u_bufg_core/O
                         net (fo=3686, routed)        1.805     9.420    u_mlkem/u_ctrl/clk_core
    SLICE_X31Y33         FDCE                                         r  u_mlkem/u_ctrl/unit_src_sponge_reg/C
  -------------------------------------------------------------------    -------------------
    SLICE_X31Y33         FDCE (Prop_fdce_C_Q)         0.456     9.876 f  u_mlkem/u_ctrl/unit_src_sponge_reg/Q
                         net (fo=117, routed)         0.716    10.591    u_mlkem/u_sponge/cr_d_reg[0]
    SLICE_X32Y33         LUT4 (Prop_lut4_I1_O)        0.124    10.715 r  u_mlkem/u_sponge/cr_d[15]_i_6/O
                         net (fo=1, routed)           0.000    10.715    u_mlkem/u_sponge/cr_d[15]_i_6_n_0
    SLICE_X32Y33         CARRY4 (Prop_carry4_S[2]_CO[3])
                                                      0.398    11.113 r  u_mlkem/u_sponge/cr_d_reg[15]_i_3/CO[3]
                         net (fo=8, routed)           0.644    11.757    u_mlkem/u_sponge/cr_d_reg[15]_i_3_n_0
    SLICE_X31Y33         CARRY4 (Prop_carry4_CYINIT_CO[2])
                                                      0.592    12.349 r  u_mlkem/u_sponge/cr_d_reg[23]_i_3/CO[2]
                         net (fo=8, routed)           0.512    12.862    u_mlkem/u_sponge/cr_d_reg[23]_i_3_n_1
    SLICE_X28Y34         CARRY4 (Prop_carry4_CYINIT_CO[2])
                                                      0.781    13.643 r  u_mlkem/u_sponge/cr_d_reg[31]_i_3/CO[2]
                         net (fo=8, routed)           0.224    13.867    u_mlkem/u_sponge/cr_d_reg[31]_i_3_n_1
    SLICE_X29Y34         CARRY4 (Prop_carry4_CYINIT_CO[2])
                                                      0.781    14.648 r  u_mlkem/u_sponge/cr_d_reg[39]_i_3/CO[2]
                         net (fo=8, routed)           0.541    15.188    u_mlkem/u_sponge/cr_d_reg[39]_i_3_n_1
    SLICE_X30Y34         CARRY4 (Prop_carry4_CYINIT_CO[2])
                                                      0.797    15.985 r  u_mlkem/u_sponge/cr_d_reg[47]_i_3/CO[2]
                         net (fo=8, routed)           0.580    16.565    u_mlkem/u_sponge/cr_d_reg[47]_i_3_n_1
    SLICE_X32Y35         CARRY4 (Prop_carry4_CYINIT_CO[2])
                                                      0.778    17.343 r  u_mlkem/u_sponge/cr_d_reg[55]_i_3/CO[2]
                         net (fo=8, routed)           0.398    17.741    u_mlkem/u_sponge/cr_d_reg[55]_i_3_n_1
    SLICE_X28Y35         CARRY4 (Prop_carry4_CYINIT_CO[2])
                                                      0.781    18.522 f  u_mlkem/u_sponge/cr_d_reg[63]_i_3/CO[2]
                         net (fo=7, routed)           0.373    18.894    u_mlkem/u_sponge/cr_d_reg[63]_i_3_n_1
    SLICE_X30Y35         LUT6 (Prop_lut6_I5_O)        0.313    19.207 r  u_mlkem/u_sponge/cr_d[62]_i_1/O
                         net (fo=1, routed)           0.000    19.207    u_mlkem/u_unpack/cr_d_reg[63]_0[62]
    SLICE_X30Y35         FDRE                                         r  u_mlkem/u_unpack/cr_d_reg[62]/D
  -------------------------------------------------------------------    -------------------

                         (clock clk_core_mmcm rise edge)
                                                      4.848     4.848 r  
    E3                                                0.000     4.848 r  clk_100mhz (IN)
                         net (fo=0)                   0.000     4.848    clk_100mhz
    E3                   IBUF (Prop_ibuf_I_O)         1.411     6.260 r  clk_100mhz_IBUF_inst/O
                         net (fo=1, routed)           1.920     8.180    clk_100mhz_IBUF
    BUFGCTRL_X0Y16       BUFG (Prop_bufg_I_O)         0.091     8.271 r  clk_100mhz_IBUF_BUFG_inst/O
                         net (fo=2651, routed)        1.683     9.954    clk_100mhz_IBUF_BUFG
    MMCME2_ADV_X0Y0      MMCME2_ADV (Prop_mmcme2_adv_CLKIN1_CLKOUT0)
                                                      0.083    10.037 r  u_mmcm/CLKOUT0
                         net (fo=1, routed)           1.923    11.960    clk_core_mmcm
    BUFGCTRL_X0Y0        BUFG (Prop_bufg_I_O)         0.091    12.051 r  u_bufg_core/O
                         net (fo=3686, routed)        1.678    13.729    u_mlkem/u_unpack/clk_core
    SLICE_X30Y35         FDRE                                         r  u_mlkem/u_unpack/cr_d_reg[62]/C
                         clock pessimism              0.517    14.246    
                         clock uncertainty           -0.074    14.171    
    SLICE_X30Y35         FDRE (Setup_fdre_C_D)        0.077    14.248    u_mlkem/u_unpack/cr_d_reg[62]
  -------------------------------------------------------------------
                         required time                         14.248    
                         arrival time                         -19.207    
  -------------------------------------------------------------------
                         slack                                 -4.959    

Slack (VIOLATED) :        -4.953ns  (required time - arrival time)
  Source:                 u_mlkem/u_ctrl/unit_src_sponge_reg/C
                            (rising edge-triggered cell FDCE clocked by clk_core_mmcm  {rise@0.000ns fall@2.424ns period=4.848ns})
  Destination:            u_mlkem/u_unpack/cr_d_reg[61]/D
                            (rising edge-triggered cell FDRE clocked by clk_core_mmcm  {rise@0.000ns fall@2.424ns period=4.848ns})
  Path Group:             clk_core_mmcm
  Path Type:              Setup (Max at Slow Process Corner)
  Requirement:            4.848ns  (clk_core_mmcm rise@4.848ns - clk_core_mmcm rise@0.000ns)
  Data Path Delay:        9.784ns  (logic 5.801ns (59.291%)  route 3.983ns (40.709%))
  Logic Levels:           9  (CARRY4=7 LUT4=1 LUT6=1)
  Clock Path Skew:        -0.022ns (DCD - SCD + CPR)
    Destination Clock Delay (DCD):    8.880ns = ( 13.729 - 4.848 ) 
    Source Clock Delay      (SCD):    9.420ns
    Clock Pessimism Removal (CPR):    0.517ns
  Clock Uncertainty:      0.074ns  ((TSJ^2 + DJ^2)^1/2) / 2 + PE
    Total System Jitter     (TSJ):    0.071ns
    Discrete Jitter          (DJ):    0.131ns
    Phase Error              (PE):    0.000ns

    Location             Delay type                Incr(ns)  Path(ns)    Netlist Resource(s)
  -------------------------------------------------------------------    -------------------
                         (clock clk_core_mmcm rise edge)
                                                      0.000     0.000 r  
    E3                                                0.000     0.000 r  clk_100mhz (IN)
                         net (fo=0)                   0.000     0.000    clk_100mhz
    E3                   IBUF (Prop_ibuf_I_O)         1.482     1.482 r  clk_100mhz_IBUF_inst/O
                         net (fo=1, routed)           2.025     3.506    clk_100mhz_IBUF
    BUFGCTRL_X0Y16       BUFG (Prop_bufg_I_O)         0.096     3.602 r  clk_100mhz_IBUF_BUFG_inst/O
                         net (fo=2651, routed)        1.809     5.412    clk_100mhz_IBUF_BUFG
    MMCME2_ADV_X0Y0      MMCME2_ADV (Prop_mmcme2_adv_CLKIN1_CLKOUT0)
                                                      0.088     5.500 r  u_mmcm/CLKOUT0
                         net (fo=1, routed)           2.018     7.518    clk_core_mmcm
    BUFGCTRL_X0Y0        BUFG (Prop_bufg_I_O)         0.096     7.614 r  u_bufg_core/O
                         net (fo=3686, routed)        1.805     9.420    u_mlkem/u_ctrl/clk_core
    SLICE_X31Y33         FDCE                                         r  u_mlkem/u_ctrl/unit_src_sponge_reg/C
  -------------------------------------------------------------------    -------------------
    SLICE_X31Y33         FDCE (Prop_fdce_C_Q)         0.456     9.876 f  u_mlkem/u_ctrl/unit_src_sponge_reg/Q
                         net (fo=117, routed)         0.716    10.591    u_mlkem/u_sponge/cr_d_reg[0]
    SLICE_X32Y33         LUT4 (Prop_lut4_I1_O)        0.124    10.715 r  u_mlkem/u_sponge/cr_d[15]_i_6/O
                         net (fo=1, routed)           0.000    10.715    u_mlkem/u_sponge/cr_d[15]_i_6_n_0
    SLICE_X32Y33         CARRY4 (Prop_carry4_S[2]_CO[3])
                                                      0.398    11.113 r  u_mlkem/u_sponge/cr_d_reg[15]_i_3/CO[3]
                         net (fo=8, routed)           0.644    11.757    u_mlkem/u_sponge/cr_d_reg[15]_i_3_n_0
    SLICE_X31Y33         CARRY4 (Prop_carry4_CYINIT_CO[2])
                                                      0.592    12.349 r  u_mlkem/u_sponge/cr_d_reg[23]_i_3/CO[2]
                         net (fo=8, routed)           0.512    12.862    u_mlkem/u_sponge/cr_d_reg[23]_i_3_n_1
    SLICE_X28Y34         CARRY4 (Prop_carry4_CYINIT_CO[2])
                                                      0.781    13.643 r  u_mlkem/u_sponge/cr_d_reg[31]_i_3/CO[2]
                         net (fo=8, routed)           0.224    13.867    u_mlkem/u_sponge/cr_d_reg[31]_i_3_n_1
    SLICE_X29Y34         CARRY4 (Prop_carry4_CYINIT_CO[2])
                                                      0.781    14.648 r  u_mlkem/u_sponge/cr_d_reg[39]_i_3/CO[2]
                         net (fo=8, routed)           0.541    15.188    u_mlkem/u_sponge/cr_d_reg[39]_i_3_n_1
    SLICE_X30Y34         CARRY4 (Prop_carry4_CYINIT_CO[2])
                                                      0.797    15.985 r  u_mlkem/u_sponge/cr_d_reg[47]_i_3/CO[2]
                         net (fo=8, routed)           0.580    16.565    u_mlkem/u_sponge/cr_d_reg[47]_i_3_n_1
    SLICE_X32Y35         CARRY4 (Prop_carry4_CYINIT_CO[2])
                                                      0.778    17.343 r  u_mlkem/u_sponge/cr_d_reg[55]_i_3/CO[2]
                         net (fo=8, routed)           0.398    17.741    u_mlkem/u_sponge/cr_d_reg[55]_i_3_n_1
    SLICE_X28Y35         CARRY4 (Prop_carry4_CYINIT_CO[2])
                                                      0.781    18.522 f  u_mlkem/u_sponge/cr_d_reg[63]_i_3/CO[2]
                         net (fo=7, routed)           0.369    18.890    u_mlkem/u_sponge/cr_d_reg[63]_i_3_n_1
    SLICE_X30Y35         LUT6 (Prop_lut6_I5_O)        0.313    19.203 r  u_mlkem/u_sponge/cr_d[61]_i_1/O
                         net (fo=1, routed)           0.000    19.203    u_mlkem/u_unpack/cr_d_reg[63]_0[61]
    SLICE_X30Y35         FDRE                                         r  u_mlkem/u_unpack/cr_d_reg[61]/D
  -------------------------------------------------------------------    -------------------

                         (clock clk_core_mmcm rise edge)
                                                      4.848     4.848 r  
    E3                                                0.000     4.848 r  clk_100mhz (IN)
                         net (fo=0)                   0.000     4.848    clk_100mhz
    E3                   IBUF (Prop_ibuf_I_O)         1.411     6.260 r  clk_100mhz_IBUF_inst/O
                         net (fo=1, routed)           1.920     8.180    clk_100mhz_IBUF
    BUFGCTRL_X0Y16       BUFG (Prop_bufg_I_O)         0.091     8.271 r  clk_100mhz_IBUF_BUFG_inst/O
                         net (fo=2651, routed)        1.683     9.954    clk_100mhz_IBUF_BUFG
    MMCME2_ADV_X0Y0      MMCME2_ADV (Prop_mmcme2_adv_CLKIN1_CLKOUT0)
                                                      0.083    10.037 r  u_mmcm/CLKOUT0
                         net (fo=1, routed)           1.923    11.960    clk_core_mmcm
    BUFGCTRL_X0Y0        BUFG (Prop_bufg_I_O)         0.091    12.051 r  u_bufg_core/O
                         net (fo=3686, routed)        1.678    13.729    u_mlkem/u_unpack/clk_core
    SLICE_X30Y35         FDRE                                         r  u_mlkem/u_unpack/cr_d_reg[61]/C
                         clock pessimism              0.517    14.246    
                         clock uncertainty           -0.074    14.171    
    SLICE_X30Y35         FDRE (Setup_fdre_C_D)        0.079    14.250    u_mlkem/u_unpack/cr_d_reg[61]
  -------------------------------------------------------------------
                         required time                         14.250    
                         arrival time                         -19.203    
  -------------------------------------------------------------------
                         slack                                 -4.953    

Slack (VIOLATED) :        -4.952ns  (required time - arrival time)
  Source:                 u_mlkem/u_ctrl/unit_src_sponge_reg/C
                            (rising edge-triggered cell FDCE clocked by clk_core_mmcm  {rise@0.000ns fall@2.424ns period=4.848ns})
  Destination:            u_mlkem/u_unpack/cr_d_reg[63]/D
                            (rising edge-triggered cell FDRE clocked by clk_core_mmcm  {rise@0.000ns fall@2.424ns period=4.848ns})
  Path Group:             clk_core_mmcm
  Path Type:              Setup (Max at Slow Process Corner)
  Requirement:            4.848ns  (clk_core_mmcm rise@4.848ns - clk_core_mmcm rise@0.000ns)
  Data Path Delay:        9.785ns  (logic 5.801ns (59.285%)  route 3.984ns (40.715%))
  Logic Levels:           9  (CARRY4=7 LUT4=1 LUT6=1)
  Clock Path Skew:        -0.022ns (DCD - SCD + CPR)
    Destination Clock Delay (DCD):    8.880ns = ( 13.729 - 4.848 ) 
    Source Clock Delay      (SCD):    9.420ns
    Clock Pessimism Removal (CPR):    0.517ns
  Clock Uncertainty:      0.074ns  ((TSJ^2 + DJ^2)^1/2) / 2 + PE
    Total System Jitter     (TSJ):    0.071ns
    Discrete Jitter          (DJ):    0.131ns
    Phase Error              (PE):    0.000ns

    Location             Delay type                Incr(ns)  Path(ns)    Netlist Resource(s)
  -------------------------------------------------------------------    -------------------
                         (clock clk_core_mmcm rise edge)
                                                      0.000     0.000 r  
    E3                                                0.000     0.000 r  clk_100mhz (IN)
                         net (fo=0)                   0.000     0.000    clk_100mhz
    E3                   IBUF (Prop_ibuf_I_O)         1.482     1.482 r  clk_100mhz_IBUF_inst/O
                         net (fo=1, routed)           2.025     3.506    clk_100mhz_IBUF
    BUFGCTRL_X0Y16       BUFG (Prop_bufg_I_O)         0.096     3.602 r  clk_100mhz_IBUF_BUFG_inst/O
                         net (fo=2651, routed)        1.809     5.412    clk_100mhz_IBUF_BUFG
    MMCME2_ADV_X0Y0      MMCME2_ADV (Prop_mmcme2_adv_CLKIN1_CLKOUT0)
                                                      0.088     5.500 r  u_mmcm/CLKOUT0
                         net (fo=1, routed)           2.018     7.518    clk_core_mmcm
    BUFGCTRL_X0Y0        BUFG (Prop_bufg_I_O)         0.096     7.614 r  u_bufg_core/O
                         net (fo=3686, routed)        1.805     9.420    u_mlkem/u_ctrl/clk_core
    SLICE_X31Y33         FDCE                                         r  u_mlkem/u_ctrl/unit_src_sponge_reg/C
  -------------------------------------------------------------------    -------------------
    SLICE_X31Y33         FDCE (Prop_fdce_C_Q)         0.456     9.876 f  u_mlkem/u_ctrl/unit_src_sponge_reg/Q
                         net (fo=117, routed)         0.716    10.591    u_mlkem/u_sponge/cr_d_reg[0]
    SLICE_X32Y33         LUT4 (Prop_lut4_I1_O)        0.124    10.715 r  u_mlkem/u_sponge/cr_d[15]_i_6/O
                         net (fo=1, routed)           0.000    10.715    u_mlkem/u_sponge/cr_d[15]_i_6_n_0
    SLICE_X32Y33         CARRY4 (Prop_carry4_S[2]_CO[3])
                                                      0.398    11.113 r  u_mlkem/u_sponge/cr_d_reg[15]_i_3/CO[3]
                         net (fo=8, routed)           0.644    11.757    u_mlkem/u_sponge/cr_d_reg[15]_i_3_n_0
    SLICE_X31Y33         CARRY4 (Prop_carry4_CYINIT_CO[2])
                                                      0.592    12.349 r  u_mlkem/u_sponge/cr_d_reg[23]_i_3/CO[2]
                         net (fo=8, routed)           0.512    12.862    u_mlkem/u_sponge/cr_d_reg[23]_i_3_n_1
    SLICE_X28Y34         CARRY4 (Prop_carry4_CYINIT_CO[2])
                                                      0.781    13.643 r  u_mlkem/u_sponge/cr_d_reg[31]_i_3/CO[2]
                         net (fo=8, routed)           0.224    13.867    u_mlkem/u_sponge/cr_d_reg[31]_i_3_n_1
    SLICE_X29Y34         CARRY4 (Prop_carry4_CYINIT_CO[2])
                                                      0.781    14.648 r  u_mlkem/u_sponge/cr_d_reg[39]_i_3/CO[2]
                         net (fo=8, routed)           0.541    15.188    u_mlkem/u_sponge/cr_d_reg[39]_i_3_n_1
    SLICE_X30Y34         CARRY4 (Prop_carry4_CYINIT_CO[2])
                                                      0.797    15.985 r  u_mlkem/u_sponge/cr_d_reg[47]_i_3/CO[2]
                         net (fo=8, routed)           0.580    16.565    u_mlkem/u_sponge/cr_d_reg[47]_i_3_n_1
    SLICE_X32Y35         CARRY4 (Prop_carry4_CYINIT_CO[2])
                                                      0.778    17.343 r  u_mlkem/u_sponge/cr_d_reg[55]_i_3/CO[2]
                         net (fo=8, routed)           0.398    17.741    u_mlkem/u_sponge/cr_d_reg[55]_i_3_n_1
    SLICE_X28Y35         CARRY4 (Prop_carry4_CYINIT_CO[2])
                                                      0.781    18.522 f  u_mlkem/u_sponge/cr_d_reg[63]_i_3/CO[2]
                         net (fo=7, routed)           0.370    18.891    u_mlkem/u_sponge/cr_d_reg[63]_i_3_n_1
    SLICE_X30Y35         LUT6 (Prop_lut6_I5_O)        0.313    19.204 r  u_mlkem/u_sponge/cr_d[63]_i_1/O
                         net (fo=1, routed)           0.000    19.204    u_mlkem/u_unpack/cr_d_reg[63]_0[63]
    SLICE_X30Y35         FDRE                                         r  u_mlkem/u_unpack/cr_d_reg[63]/D
  -------------------------------------------------------------------    -------------------

                         (clock clk_core_mmcm rise edge)
                                                      4.848     4.848 r  
    E3                                                0.000     4.848 r  clk_100mhz (IN)
                         net (fo=0)                   0.000     4.848    clk_100mhz
    E3                   IBUF (Prop_ibuf_I_O)         1.411     6.260 r  clk_100mhz_IBUF_inst/O
                         net (fo=1, routed)           1.920     8.180    clk_100mhz_IBUF
    BUFGCTRL_X0Y16       BUFG (Prop_bufg_I_O)         0.091     8.271 r  clk_100mhz_IBUF_BUFG_inst/O
                         net (fo=2651, routed)        1.683     9.954    clk_100mhz_IBUF_BUFG
    MMCME2_ADV_X0Y0      MMCME2_ADV (Prop_mmcme2_adv_CLKIN1_CLKOUT0)
                                                      0.083    10.037 r  u_mmcm/CLKOUT0
                         net (fo=1, routed)           1.923    11.960    clk_core_mmcm
    BUFGCTRL_X0Y0        BUFG (Prop_bufg_I_O)         0.091    12.051 r  u_bufg_core/O
                         net (fo=3686, routed)        1.678    13.729    u_mlkem/u_unpack/clk_core
    SLICE_X30Y35         FDRE                                         r  u_mlkem/u_unpack/cr_d_reg[63]/C
                         clock pessimism              0.517    14.246    
                         clock uncertainty           -0.074    14.171    
    SLICE_X30Y35         FDRE (Setup_fdre_C_D)        0.081    14.252    u_mlkem/u_unpack/cr_d_reg[63]
  -------------------------------------------------------------------
                         required time                         14.252    
                         arrival time                         -19.204    
  -------------------------------------------------------------------
                         slack                                 -4.952    

Slack (VIOLATED) :        -4.933ns  (required time - arrival time)
  Source:                 u_mlkem/u_ctrl/unit_src_sponge_reg/C
                            (rising edge-triggered cell FDCE clocked by clk_core_mmcm  {rise@0.000ns fall@2.424ns period=4.848ns})
  Destination:            u_mlkem/u_unpack/cr_d_reg[56]/D
                            (rising edge-triggered cell FDRE clocked by clk_core_mmcm  {rise@0.000ns fall@2.424ns period=4.848ns})
  Path Group:             clk_core_mmcm
  Path Type:              Setup (Max at Slow Process Corner)
  Requirement:            4.848ns  (clk_core_mmcm rise@4.848ns - clk_core_mmcm rise@0.000ns)
  Data Path Delay:        9.716ns  (logic 5.797ns (59.667%)  route 3.919ns (40.333%))
  Logic Levels:           9  (CARRY4=7 LUT4=1 LUT6=1)
  Clock Path Skew:        -0.022ns (DCD - SCD + CPR)
    Destination Clock Delay (DCD):    8.880ns = ( 13.729 - 4.848 ) 
    Source Clock Delay      (SCD):    9.420ns
    Clock Pessimism Removal (CPR):    0.517ns
  Clock Uncertainty:      0.074ns  ((TSJ^2 + DJ^2)^1/2) / 2 + PE
    Total System Jitter     (TSJ):    0.071ns
    Discrete Jitter          (DJ):    0.131ns
    Phase Error              (PE):    0.000ns

    Location             Delay type                Incr(ns)  Path(ns)    Netlist Resource(s)
  -------------------------------------------------------------------    -------------------
                         (clock clk_core_mmcm rise edge)
                                                      0.000     0.000 r  
    E3                                                0.000     0.000 r  clk_100mhz (IN)
                         net (fo=0)                   0.000     0.000    clk_100mhz
    E3                   IBUF (Prop_ibuf_I_O)         1.482     1.482 r  clk_100mhz_IBUF_inst/O
                         net (fo=1, routed)           2.025     3.506    clk_100mhz_IBUF
    BUFGCTRL_X0Y16       BUFG (Prop_bufg_I_O)         0.096     3.602 r  clk_100mhz_IBUF_BUFG_inst/O
                         net (fo=2651, routed)        1.809     5.412    clk_100mhz_IBUF_BUFG
    MMCME2_ADV_X0Y0      MMCME2_ADV (Prop_mmcme2_adv_CLKIN1_CLKOUT0)
                                                      0.088     5.500 r  u_mmcm/CLKOUT0
                         net (fo=1, routed)           2.018     7.518    clk_core_mmcm
    BUFGCTRL_X0Y0        BUFG (Prop_bufg_I_O)         0.096     7.614 r  u_bufg_core/O
                         net (fo=3686, routed)        1.805     9.420    u_mlkem/u_ctrl/clk_core
    SLICE_X31Y33         FDCE                                         r  u_mlkem/u_ctrl/unit_src_sponge_reg/C
  -------------------------------------------------------------------    -------------------
    SLICE_X31Y33         FDCE (Prop_fdce_C_Q)         0.456     9.876 f  u_mlkem/u_ctrl/unit_src_sponge_reg/Q
                         net (fo=117, routed)         0.716    10.591    u_mlkem/u_sponge/cr_d_reg[0]
    SLICE_X32Y33         LUT4 (Prop_lut4_I1_O)        0.124    10.715 r  u_mlkem/u_sponge/cr_d[15]_i_6/O
                         net (fo=1, routed)           0.000    10.715    u_mlkem/u_sponge/cr_d[15]_i_6_n_0
    SLICE_X32Y33         CARRY4 (Prop_carry4_S[2]_CO[3])
                                                      0.398    11.113 r  u_mlkem/u_sponge/cr_d_reg[15]_i_3/CO[3]
                         net (fo=8, routed)           0.644    11.757    u_mlkem/u_sponge/cr_d_reg[15]_i_3_n_0
    SLICE_X31Y33         CARRY4 (Prop_carry4_CYINIT_CO[2])
                                                      0.592    12.349 r  u_mlkem/u_sponge/cr_d_reg[23]_i_3/CO[2]
                         net (fo=8, routed)           0.512    12.862    u_mlkem/u_sponge/cr_d_reg[23]_i_3_n_1
    SLICE_X28Y34         CARRY4 (Prop_carry4_CYINIT_CO[2])
                                                      0.781    13.643 r  u_mlkem/u_sponge/cr_d_reg[31]_i_3/CO[2]
                         net (fo=8, routed)           0.224    13.867    u_mlkem/u_sponge/cr_d_reg[31]_i_3_n_1
    SLICE_X29Y34         CARRY4 (Prop_carry4_CYINIT_CO[2])
                                                      0.781    14.648 r  u_mlkem/u_sponge/cr_d_reg[39]_i_3/CO[2]
                         net (fo=8, routed)           0.541    15.188    u_mlkem/u_sponge/cr_d_reg[39]_i_3_n_1
    SLICE_X30Y34         CARRY4 (Prop_carry4_CYINIT_CO[2])
                                                      0.797    15.985 r  u_mlkem/u_sponge/cr_d_reg[47]_i_3/CO[2]
                         net (fo=8, routed)           0.580    16.565    u_mlkem/u_sponge/cr_d_reg[47]_i_3_n_1
    SLICE_X32Y35         CARRY4 (Prop_carry4_CYINIT_CO[2])
                                                      0.778    17.343 r  u_mlkem/u_sponge/cr_d_reg[55]_i_3/CO[2]
                         net (fo=8, routed)           0.398    17.741    u_mlkem/u_sponge/cr_d_reg[55]_i_3_n_1
    SLICE_X28Y35         CARRY4 (Prop_carry4_CYINIT_O[1])
                                                      0.787    18.528 r  u_mlkem/u_sponge/cr_d_reg[63]_i_3/O[1]
                         net (fo=1, routed)           0.304    18.832    u_mlkem/u_sponge/u_unpack/cr_d2[56]
    SLICE_X31Y35         LUT6 (Prop_lut6_I5_O)        0.303    19.135 r  u_mlkem/u_sponge/cr_d[56]_i_1/O
                         net (fo=1, routed)           0.000    19.135    u_mlkem/u_unpack/cr_d_reg[63]_0[56]
    SLICE_X31Y35         FDRE                                         r  u_mlkem/u_unpack/cr_d_reg[56]/D
  -------------------------------------------------------------------    -------------------

                         (clock clk_core_mmcm rise edge)
                                                      4.848     4.848 r  
    E3                                                0.000     4.848 r  clk_100mhz (IN)
                         net (fo=0)                   0.000     4.848    clk_100mhz
    E3                   IBUF (Prop_ibuf_I_O)         1.411     6.260 r  clk_100mhz_IBUF_inst/O
                         net (fo=1, routed)           1.920     8.180    clk_100mhz_IBUF
    BUFGCTRL_X0Y16       BUFG (Prop_bufg_I_O)         0.091     8.271 r  clk_100mhz_IBUF_BUFG_inst/O
                         net (fo=2651, routed)        1.683     9.954    clk_100mhz_IBUF_BUFG
    MMCME2_ADV_X0Y0      MMCME2_ADV (Prop_mmcme2_adv_CLKIN1_CLKOUT0)
                                                      0.083    10.037 r  u_mmcm/CLKOUT0
                         net (fo=1, routed)           1.923    11.960    clk_core_mmcm
    BUFGCTRL_X0Y0        BUFG (Prop_bufg_I_O)         0.091    12.051 r  u_bufg_core/O
                         net (fo=3686, routed)        1.678    13.729    u_mlkem/u_unpack/clk_core
    SLICE_X31Y35         FDRE                                         r  u_mlkem/u_unpack/cr_d_reg[56]/C
                         clock pessimism              0.517    14.246    
                         clock uncertainty           -0.074    14.171    
    SLICE_X31Y35         FDRE (Setup_fdre_C_D)        0.031    14.202    u_mlkem/u_unpack/cr_d_reg[56]
  -------------------------------------------------------------------
                         required time                         14.202    
                         arrival time                         -19.135    
  -------------------------------------------------------------------
                         slack                                 -4.933    

Slack (VIOLATED) :        -4.694ns  (required time - arrival time)
  Source:                 u_mlkem/u_alu/p00_reg[3][1]_srl3_srlopt/C
                            (rising edge-triggered cell FDRE clocked by clk_core_mmcm  {rise@0.000ns fall@2.424ns period=4.848ns})
  Destination:            u_mlkem/u_alu/wb_reg[11]/D
                            (rising edge-triggered cell FDRE clocked by clk_core_mmcm  {rise@0.000ns fall@2.424ns period=4.848ns})
  Path Group:             clk_core_mmcm
  Path Type:              Setup (Max at Slow Process Corner)
  Requirement:            4.848ns  (clk_core_mmcm rise@4.848ns - clk_core_mmcm rise@0.000ns)
  Data Path Delay:        9.501ns  (logic 3.936ns (41.427%)  route 5.565ns (58.573%))
  Logic Levels:           16  (CARRY4=6 LUT2=2 LUT3=1 LUT4=1 LUT5=1 LUT6=5)
  Clock Path Skew:        -0.048ns (DCD - SCD + CPR)
    Destination Clock Delay (DCD):    8.861ns = ( 13.710 - 4.848 ) 
    Source Clock Delay      (SCD):    9.410ns
    Clock Pessimism Removal (CPR):    0.500ns
  Clock Uncertainty:      0.074ns  ((TSJ^2 + DJ^2)^1/2) / 2 + PE
    Total System Jitter     (TSJ):    0.071ns
    Discrete Jitter          (DJ):    0.131ns
    Phase Error              (PE):    0.000ns

    Location             Delay type                Incr(ns)  Path(ns)    Netlist Resource(s)
  -------------------------------------------------------------------    -------------------
                         (clock clk_core_mmcm rise edge)
                                                      0.000     0.000 r  
    E3                                                0.000     0.000 r  clk_100mhz (IN)
                         net (fo=0)                   0.000     0.000    clk_100mhz
    E3                   IBUF (Prop_ibuf_I_O)         1.482     1.482 r  clk_100mhz_IBUF_inst/O
                         net (fo=1, routed)           2.025     3.506    clk_100mhz_IBUF
    BUFGCTRL_X0Y16       BUFG (Prop_bufg_I_O)         0.096     3.602 r  clk_100mhz_IBUF_BUFG_inst/O
                         net (fo=2651, routed)        1.809     5.412    clk_100mhz_IBUF_BUFG
    MMCME2_ADV_X0Y0      MMCME2_ADV (Prop_mmcme2_adv_CLKIN1_CLKOUT0)
                                                      0.088     5.500 r  u_mmcm/CLKOUT0
                         net (fo=1, routed)           2.018     7.518    clk_core_mmcm
    BUFGCTRL_X0Y0        BUFG (Prop_bufg_I_O)         0.096     7.614 r  u_bufg_core/O
                         net (fo=3686, routed)        1.795     9.410    u_mlkem/u_alu/clk_core
    SLICE_X65Y17         FDRE                                         r  u_mlkem/u_alu/p00_reg[3][1]_srl3_srlopt/C
  -------------------------------------------------------------------    -------------------
    SLICE_X65Y17         FDRE (Prop_fdre_C_Q)         0.456     9.866 r  u_mlkem/u_alu/p00_reg[3][1]_srl3_srlopt/Q
                         net (fo=2, routed)           0.595    10.460    u_mlkem/u_alu/u_mul1/p00_reg[4]_2[1]
    SLICE_X63Y17         LUT2 (Prop_lut2_I0_O)        0.124    10.584 r  u_mlkem/u_alu/u_mul1/wb[0]_i_14/O
                         net (fo=1, routed)           0.000    10.584    u_mlkem/u_alu/u_mul1/wb[0]_i_14_n_0
    SLICE_X63Y17         CARRY4 (Prop_carry4_S[1]_CO[3])
                                                      0.550    11.134 r  u_mlkem/u_alu/u_mul1/wb_reg[0]_i_9/CO[3]
                         net (fo=1, routed)           0.000    11.134    u_mlkem/u_alu/u_mul1/wb_reg[0]_i_9_n_0
    SLICE_X63Y18         CARRY4 (Prop_carry4_CI_CO[3])
                                                      0.114    11.248 r  u_mlkem/u_alu/u_mul1/wb_reg[8]_i_12/CO[3]
                         net (fo=1, routed)           0.000    11.248    u_mlkem/u_alu/u_mul1/wb_reg[8]_i_12_n_0
    SLICE_X63Y19         CARRY4 (Prop_carry4_CI_O[3])
                                                      0.313    11.561 r  u_mlkem/u_alu/u_mul1/wb_reg[11]_i_29/O[3]
                         net (fo=4, routed)           0.630    12.191    u_mlkem/u_alu/u_mul1/wb_reg[11]_i_29_n_4
    SLICE_X65Y18         LUT3 (Prop_lut3_I0_O)        0.306    12.497 r  u_mlkem/u_alu/u_mul1/wb[0]_i_17/O
                         net (fo=2, routed)           0.611    13.109    u_mlkem/u_alu/u_mul1/wb[0]_i_17_n_0
    SLICE_X62Y18         LUT6 (Prop_lut6_I3_O)        0.124    13.233 r  u_mlkem/u_alu/u_mul1/wb[0]_i_16/O
                         net (fo=1, routed)           0.165    13.398    u_mlkem/u_alu/u_mul1/wb[0]_i_16_n_0
    SLICE_X62Y18         LUT6 (Prop_lut6_I0_O)        0.124    13.522 r  u_mlkem/u_alu/u_mul1/wb[0]_i_10/O
                         net (fo=12, routed)          0.571    14.092    u_mlkem/u_alu/u_mul1/wb[0]_i_10_n_0
    SLICE_X61Y17         LUT4 (Prop_lut4_I2_O)        0.124    14.216 r  u_mlkem/u_alu/u_mul1/wb[0]_i_7/O
                         net (fo=1, routed)           0.000    14.216    u_mlkem/u_alu/u_mul1/wb[0]_i_7_n_0
    SLICE_X61Y17         CARRY4 (Prop_carry4_S[1]_CO[3])
                                                      0.550    14.766 r  u_mlkem/u_alu/u_mul1/wb_reg[0]_i_3/CO[3]
                         net (fo=1, routed)           0.000    14.766    u_mlkem/u_alu/u_mul1/wb_reg[0]_i_3_n_0
    SLICE_X61Y18         CARRY4 (Prop_carry4_CI_CO[3])
                                                      0.114    14.880 r  u_mlkem/u_alu/u_mul1/wb_reg[8]_i_4/CO[3]
                         net (fo=1, routed)           0.000    14.880    u_mlkem/u_alu/u_mul1/wb_reg[8]_i_4_n_0
    SLICE_X61Y19         CARRY4 (Prop_carry4_CI_O[2])
                                                      0.239    15.119 f  u_mlkem/u_alu/u_mul1/wb_reg[11]_i_7/O[2]
                         net (fo=5, routed)           0.626    15.745    u_mlkem/u_alu/u_mul1/wb_reg[11]_i_7_n_5
    SLICE_X60Y20         LUT2 (Prop_lut2_I0_O)        0.302    16.047 f  u_mlkem/u_alu/u_mul1/wb[11]_i_28/O
                         net (fo=1, routed)           0.306    16.353    u_mlkem/u_alu/u_mul1/wb[11]_i_28_n_0
    SLICE_X60Y21         LUT6 (Prop_lut6_I4_O)        0.124    16.477 f  u_mlkem/u_alu/u_mul1/wb[11]_i_15/O
                         net (fo=1, routed)           0.908    17.385    u_mlkem/u_alu/u_mul1/wb[11]_i_15_n_0
    SLICE_X61Y16         LUT6 (Prop_lut6_I2_O)        0.124    17.509 r  u_mlkem/u_alu/u_mul1/wb[11]_i_6/O
                         net (fo=12, routed)          0.717    18.226    u_mlkem/u_alu/u_mul1/wb[11]_i_6_n_0
    SLICE_X61Y21         LUT6 (Prop_lut6_I0_O)        0.124    18.350 r  u_mlkem/u_alu/u_mul1/wb[11]_i_2/O
                         net (fo=1, routed)           0.436    18.786    u_mlkem/u_alu/u_mul1/wb[11]_i_2_n_0
    SLICE_X60Y21         LUT5 (Prop_lut5_I0_O)        0.124    18.910 r  u_mlkem/u_alu/u_mul1/wb[11]_i_1/O
                         net (fo=1, routed)           0.000    18.910    u_mlkem/u_alu/u_mul1_n_0
    SLICE_X60Y21         FDRE                                         r  u_mlkem/u_alu/wb_reg[11]/D
  -------------------------------------------------------------------    -------------------

                         (clock clk_core_mmcm rise edge)
                                                      4.848     4.848 r  
    E3                                                0.000     4.848 r  clk_100mhz (IN)
                         net (fo=0)                   0.000     4.848    clk_100mhz
    E3                   IBUF (Prop_ibuf_I_O)         1.411     6.260 r  clk_100mhz_IBUF_inst/O
                         net (fo=1, routed)           1.920     8.180    clk_100mhz_IBUF
    BUFGCTRL_X0Y16       BUFG (Prop_bufg_I_O)         0.091     8.271 r  clk_100mhz_IBUF_BUFG_inst/O
                         net (fo=2651, routed)        1.683     9.954    clk_100mhz_IBUF_BUFG
    MMCME2_ADV_X0Y0      MMCME2_ADV (Prop_mmcme2_adv_CLKIN1_CLKOUT0)
                                                      0.083    10.037 r  u_mmcm/CLKOUT0
                         net (fo=1, routed)           1.923    11.960    clk_core_mmcm
    BUFGCTRL_X0Y0        BUFG (Prop_bufg_I_O)         0.091    12.051 r  u_bufg_core/O
                         net (fo=3686, routed)        1.659    13.710    u_mlkem/u_alu/clk_core
    SLICE_X60Y21         FDRE                                         r  u_mlkem/u_alu/wb_reg[11]/C
                         clock pessimism              0.500    14.210    
                         clock uncertainty           -0.074    14.135    
    SLICE_X60Y21         FDRE (Setup_fdre_C_D)        0.081    14.216    u_mlkem/u_alu/wb_reg[11]
  -------------------------------------------------------------------
                         required time                         14.216    
                         arrival time                         -18.910    
  -------------------------------------------------------------------
                         slack                                 -4.694    

Slack (VIOLATED) :        -4.641ns  (required time - arrival time)
  Source:                 u_mlkem/u_alu/p00_reg[3][1]_srl3_srlopt/C
                            (rising edge-triggered cell FDRE clocked by clk_core_mmcm  {rise@0.000ns fall@2.424ns period=4.848ns})
  Destination:            u_mlkem/u_alu/wb_reg[1]/D
                            (rising edge-triggered cell FDRE clocked by clk_core_mmcm  {rise@0.000ns fall@2.424ns period=4.848ns})
  Path Group:             clk_core_mmcm
  Path Type:              Setup (Max at Slow Process Corner)
  Requirement:            4.848ns  (clk_core_mmcm rise@4.848ns - clk_core_mmcm rise@0.000ns)
  Data Path Delay:        9.424ns  (logic 3.936ns (41.767%)  route 5.488ns (58.233%))
  Logic Levels:           16  (CARRY4=6 LUT2=2 LUT3=1 LUT4=1 LUT5=1 LUT6=5)
  Clock Path Skew:        -0.023ns (DCD - SCD + CPR)
    Destination Clock Delay (DCD):    8.869ns = ( 13.718 - 4.848 ) 
    Source Clock Delay      (SCD):    9.410ns
    Clock Pessimism Removal (CPR):    0.517ns
  Clock Uncertainty:      0.074ns  ((TSJ^2 + DJ^2)^1/2) / 2 + PE
    Total System Jitter     (TSJ):    0.071ns
    Discrete Jitter          (DJ):    0.131ns
    Phase Error              (PE):    0.000ns

    Location             Delay type                Incr(ns)  Path(ns)    Netlist Resource(s)
  -------------------------------------------------------------------    -------------------
                         (clock clk_core_mmcm rise edge)
                                                      0.000     0.000 r  
    E3                                                0.000     0.000 r  clk_100mhz (IN)
                         net (fo=0)                   0.000     0.000    clk_100mhz
    E3                   IBUF (Prop_ibuf_I_O)         1.482     1.482 r  clk_100mhz_IBUF_inst/O
                         net (fo=1, routed)           2.025     3.506    clk_100mhz_IBUF
    BUFGCTRL_X0Y16       BUFG (Prop_bufg_I_O)         0.096     3.602 r  clk_100mhz_IBUF_BUFG_inst/O
                         net (fo=2651, routed)        1.809     5.412    clk_100mhz_IBUF_BUFG
    MMCME2_ADV_X0Y0      MMCME2_ADV (Prop_mmcme2_adv_CLKIN1_CLKOUT0)
                                                      0.088     5.500 r  u_mmcm/CLKOUT0
                         net (fo=1, routed)           2.018     7.518    clk_core_mmcm
    BUFGCTRL_X0Y0        BUFG (Prop_bufg_I_O)         0.096     7.614 r  u_bufg_core/O
                         net (fo=3686, routed)        1.795     9.410    u_mlkem/u_alu/clk_core
    SLICE_X65Y17         FDRE                                         r  u_mlkem/u_alu/p00_reg[3][1]_srl3_srlopt/C
  -------------------------------------------------------------------    -------------------
    SLICE_X65Y17         FDRE (Prop_fdre_C_Q)         0.456     9.866 r  u_mlkem/u_alu/p00_reg[3][1]_srl3_srlopt/Q
                         net (fo=2, routed)           0.595    10.460    u_mlkem/u_alu/u_mul1/p00_reg[4]_2[1]
    SLICE_X63Y17         LUT2 (Prop_lut2_I0_O)        0.124    10.584 r  u_mlkem/u_alu/u_mul1/wb[0]_i_14/O
                         net (fo=1, routed)           0.000    10.584    u_mlkem/u_alu/u_mul1/wb[0]_i_14_n_0
    SLICE_X63Y17         CARRY4 (Prop_carry4_S[1]_CO[3])
                                                      0.550    11.134 r  u_mlkem/u_alu/u_mul1/wb_reg[0]_i_9/CO[3]
                         net (fo=1, routed)           0.000    11.134    u_mlkem/u_alu/u_mul1/wb_reg[0]_i_9_n_0
    SLICE_X63Y18         CARRY4 (Prop_carry4_CI_CO[3])
                                                      0.114    11.248 r  u_mlkem/u_alu/u_mul1/wb_reg[8]_i_12/CO[3]
                         net (fo=1, routed)           0.000    11.248    u_mlkem/u_alu/u_mul1/wb_reg[8]_i_12_n_0
    SLICE_X63Y19         CARRY4 (Prop_carry4_CI_O[3])
                                                      0.313    11.561 r  u_mlkem/u_alu/u_mul1/wb_reg[11]_i_29/O[3]
                         net (fo=4, routed)           0.630    12.191    u_mlkem/u_alu/u_mul1/wb_reg[11]_i_29_n_4
    SLICE_X65Y18         LUT3 (Prop_lut3_I0_O)        0.306    12.497 r  u_mlkem/u_alu/u_mul1/wb[0]_i_17/O
                         net (fo=2, routed)           0.611    13.109    u_mlkem/u_alu/u_mul1/wb[0]_i_17_n_0
    SLICE_X62Y18         LUT6 (Prop_lut6_I3_O)        0.124    13.233 r  u_mlkem/u_alu/u_mul1/wb[0]_i_16/O
                         net (fo=1, routed)           0.165    13.398    u_mlkem/u_alu/u_mul1/wb[0]_i_16_n_0
    SLICE_X62Y18         LUT6 (Prop_lut6_I0_O)        0.124    13.522 r  u_mlkem/u_alu/u_mul1/wb[0]_i_10/O
                         net (fo=12, routed)          0.571    14.092    u_mlkem/u_alu/u_mul1/wb[0]_i_10_n_0
    SLICE_X61Y17         LUT4 (Prop_lut4_I2_O)        0.124    14.216 r  u_mlkem/u_alu/u_mul1/wb[0]_i_7/O
                         net (fo=1, routed)           0.000    14.216    u_mlkem/u_alu/u_mul1/wb[0]_i_7_n_0
    SLICE_X61Y17         CARRY4 (Prop_carry4_S[1]_CO[3])
                                                      0.550    14.766 r  u_mlkem/u_alu/u_mul1/wb_reg[0]_i_3/CO[3]
                         net (fo=1, routed)           0.000    14.766    u_mlkem/u_alu/u_mul1/wb_reg[0]_i_3_n_0
    SLICE_X61Y18         CARRY4 (Prop_carry4_CI_CO[3])
                                                      0.114    14.880 r  u_mlkem/u_alu/u_mul1/wb_reg[8]_i_4/CO[3]
                         net (fo=1, routed)           0.000    14.880    u_mlkem/u_alu/u_mul1/wb_reg[8]_i_4_n_0
    SLICE_X61Y19         CARRY4 (Prop_carry4_CI_O[2])
                                                      0.239    15.119 f  u_mlkem/u_alu/u_mul1/wb_reg[11]_i_7/O[2]
                         net (fo=5, routed)           0.626    15.745    u_mlkem/u_alu/u_mul1/wb_reg[11]_i_7_n_5
    SLICE_X60Y20         LUT2 (Prop_lut2_I0_O)        0.302    16.047 f  u_mlkem/u_alu/u_mul1/wb[11]_i_28/O
                         net (fo=1, routed)           0.306    16.353    u_mlkem/u_alu/u_mul1/wb[11]_i_28_n_0
    SLICE_X60Y21         LUT6 (Prop_lut6_I4_O)        0.124    16.477 f  u_mlkem/u_alu/u_mul1/wb[11]_i_15/O
                         net (fo=1, routed)           0.908    17.385    u_mlkem/u_alu/u_mul1/wb[11]_i_15_n_0
    SLICE_X61Y16         LUT6 (Prop_lut6_I2_O)        0.124    17.509 r  u_mlkem/u_alu/u_mul1/wb[11]_i_6/O
                         net (fo=12, routed)          0.633    18.142    u_mlkem/u_alu/u_mul1/wb[11]_i_6_n_0
    SLICE_X62Y15         LUT6 (Prop_lut6_I0_O)        0.124    18.266 r  u_mlkem/u_alu/u_mul1/wb[1]_i_2/O
                         net (fo=1, routed)           0.443    18.709    u_mlkem/u_alu/u_mul1/wb[1]_i_2_n_0
    SLICE_X65Y16         LUT5 (Prop_lut5_I0_O)        0.124    18.833 r  u_mlkem/u_alu/u_mul1/wb[1]_i_1/O
                         net (fo=1, routed)           0.000    18.833    u_mlkem/u_alu/u_mul1_n_10
    SLICE_X65Y16         FDRE                                         r  u_mlkem/u_alu/wb_reg[1]/D
  -------------------------------------------------------------------    -------------------

                         (clock clk_core_mmcm rise edge)
                                                      4.848     4.848 r  
    E3                                                0.000     4.848 r  clk_100mhz (IN)
                         net (fo=0)                   0.000     4.848    clk_100mhz
    E3                   IBUF (Prop_ibuf_I_O)         1.411     6.260 r  clk_100mhz_IBUF_inst/O
                         net (fo=1, routed)           1.920     8.180    clk_100mhz_IBUF
    BUFGCTRL_X0Y16       BUFG (Prop_bufg_I_O)         0.091     8.271 r  clk_100mhz_IBUF_BUFG_inst/O
                         net (fo=2651, routed)        1.683     9.954    clk_100mhz_IBUF_BUFG
    MMCME2_ADV_X0Y0      MMCME2_ADV (Prop_mmcme2_adv_CLKIN1_CLKOUT0)
                                                      0.083    10.037 r  u_mmcm/CLKOUT0
                         net (fo=1, routed)           1.923    11.960    clk_core_mmcm
    BUFGCTRL_X0Y0        BUFG (Prop_bufg_I_O)         0.091    12.051 r  u_bufg_core/O
                         net (fo=3686, routed)        1.667    13.718    u_mlkem/u_alu/clk_core
    SLICE_X65Y16         FDRE                                         r  u_mlkem/u_alu/wb_reg[1]/C
                         clock pessimism              0.517    14.235    
                         clock uncertainty           -0.074    14.160    
    SLICE_X65Y16         FDRE (Setup_fdre_C_D)        0.032    14.192    u_mlkem/u_alu/wb_reg[1]
  -------------------------------------------------------------------
                         required time                         14.192    
                         arrival time                         -18.833    
  -------------------------------------------------------------------
                         slack                                 -4.641    

Slack (VIOLATED) :        -4.602ns  (required time - arrival time)
  Source:                 u_mlkem/u_alu/p00_reg[3][1]_srl3_srlopt/C
                            (rising edge-triggered cell FDRE clocked by clk_core_mmcm  {rise@0.000ns fall@2.424ns period=4.848ns})
  Destination:            u_mlkem/u_alu/wb_reg[0]/D
                            (rising edge-triggered cell FDRE clocked by clk_core_mmcm  {rise@0.000ns fall@2.424ns period=4.848ns})
  Path Group:             clk_core_mmcm
  Path Type:              Setup (Max at Slow Process Corner)
  Requirement:            4.848ns  (clk_core_mmcm rise@4.848ns - clk_core_mmcm rise@0.000ns)
  Data Path Delay:        9.364ns  (logic 3.936ns (42.034%)  route 5.428ns (57.966%))
  Logic Levels:           16  (CARRY4=6 LUT2=2 LUT3=1 LUT4=2 LUT6=5)
  Clock Path Skew:        -0.041ns (DCD - SCD + CPR)
    Destination Clock Delay (DCD):    8.868ns = ( 13.717 - 4.848 ) 
    Source Clock Delay      (SCD):    9.410ns
    Clock Pessimism Removal (CPR):    0.500ns
  Clock Uncertainty:      0.074ns  ((TSJ^2 + DJ^2)^1/2) / 2 + PE
    Total System Jitter     (TSJ):    0.071ns
    Discrete Jitter          (DJ):    0.131ns
    Phase Error              (PE):    0.000ns

    Location             Delay type                Incr(ns)  Path(ns)    Netlist Resource(s)
  -------------------------------------------------------------------    -------------------
                         (clock clk_core_mmcm rise edge)
                                                      0.000     0.000 r  
    E3                                                0.000     0.000 r  clk_100mhz (IN)
                         net (fo=0)                   0.000     0.000    clk_100mhz
    E3                   IBUF (Prop_ibuf_I_O)         1.482     1.482 r  clk_100mhz_IBUF_inst/O
                         net (fo=1, routed)           2.025     3.506    clk_100mhz_IBUF
    BUFGCTRL_X0Y16       BUFG (Prop_bufg_I_O)         0.096     3.602 r  clk_100mhz_IBUF_BUFG_inst/O
                         net (fo=2651, routed)        1.809     5.412    clk_100mhz_IBUF_BUFG
    MMCME2_ADV_X0Y0      MMCME2_ADV (Prop_mmcme2_adv_CLKIN1_CLKOUT0)
                                                      0.088     5.500 r  u_mmcm/CLKOUT0
                         net (fo=1, routed)           2.018     7.518    clk_core_mmcm
    BUFGCTRL_X0Y0        BUFG (Prop_bufg_I_O)         0.096     7.614 r  u_bufg_core/O
                         net (fo=3686, routed)        1.795     9.410    u_mlkem/u_alu/clk_core
    SLICE_X65Y17         FDRE                                         r  u_mlkem/u_alu/p00_reg[3][1]_srl3_srlopt/C
  -------------------------------------------------------------------    -------------------
    SLICE_X65Y17         FDRE (Prop_fdre_C_Q)         0.456     9.866 r  u_mlkem/u_alu/p00_reg[3][1]_srl3_srlopt/Q
                         net (fo=2, routed)           0.595    10.460    u_mlkem/u_alu/u_mul1/p00_reg[4]_2[1]
    SLICE_X63Y17         LUT2 (Prop_lut2_I0_O)        0.124    10.584 r  u_mlkem/u_alu/u_mul1/wb[0]_i_14/O
                         net (fo=1, routed)           0.000    10.584    u_mlkem/u_alu/u_mul1/wb[0]_i_14_n_0
    SLICE_X63Y17         CARRY4 (Prop_carry4_S[1]_CO[3])
                                                      0.550    11.134 r  u_mlkem/u_alu/u_mul1/wb_reg[0]_i_9/CO[3]
                         net (fo=1, routed)           0.000    11.134    u_mlkem/u_alu/u_mul1/wb_reg[0]_i_9_n_0
    SLICE_X63Y18         CARRY4 (Prop_carry4_CI_CO[3])
                                                      0.114    11.248 r  u_mlkem/u_alu/u_mul1/wb_reg[8]_i_12/CO[3]
                         net (fo=1, routed)           0.000    11.248    u_mlkem/u_alu/u_mul1/wb_reg[8]_i_12_n_0
    SLICE_X63Y19         CARRY4 (Prop_carry4_CI_O[3])
                                                      0.313    11.561 r  u_mlkem/u_alu/u_mul1/wb_reg[11]_i_29/O[3]
                         net (fo=4, routed)           0.630    12.191    u_mlkem/u_alu/u_mul1/wb_reg[11]_i_29_n_4
    SLICE_X65Y18         LUT3 (Prop_lut3_I0_O)        0.306    12.497 r  u_mlkem/u_alu/u_mul1/wb[0]_i_17/O
                         net (fo=2, routed)           0.611    13.109    u_mlkem/u_alu/u_mul1/wb[0]_i_17_n_0
    SLICE_X62Y18         LUT6 (Prop_lut6_I3_O)        0.124    13.233 r  u_mlkem/u_alu/u_mul1/wb[0]_i_16/O
                         net (fo=1, routed)           0.165    13.398    u_mlkem/u_alu/u_mul1/wb[0]_i_16_n_0
    SLICE_X62Y18         LUT6 (Prop_lut6_I0_O)        0.124    13.522 r  u_mlkem/u_alu/u_mul1/wb[0]_i_10/O
                         net (fo=12, routed)          0.571    14.092    u_mlkem/u_alu/u_mul1/wb[0]_i_10_n_0
    SLICE_X61Y17         LUT4 (Prop_lut4_I2_O)        0.124    14.216 r  u_mlkem/u_alu/u_mul1/wb[0]_i_7/O
                         net (fo=1, routed)           0.000    14.216    u_mlkem/u_alu/u_mul1/wb[0]_i_7_n_0
    SLICE_X61Y17         CARRY4 (Prop_carry4_S[1]_CO[3])
                                                      0.550    14.766 r  u_mlkem/u_alu/u_mul1/wb_reg[0]_i_3/CO[3]
                         net (fo=1, routed)           0.000    14.766    u_mlkem/u_alu/u_mul1/wb_reg[0]_i_3_n_0
    SLICE_X61Y18         CARRY4 (Prop_carry4_CI_CO[3])
                                                      0.114    14.880 r  u_mlkem/u_alu/u_mul1/wb_reg[8]_i_4/CO[3]
                         net (fo=1, routed)           0.000    14.880    u_mlkem/u_alu/u_mul1/wb_reg[8]_i_4_n_0
    SLICE_X61Y19         CARRY4 (Prop_carry4_CI_O[2])
                                                      0.239    15.119 f  u_mlkem/u_alu/u_mul1/wb_reg[11]_i_7/O[2]
                         net (fo=5, routed)           0.626    15.745    u_mlkem/u_alu/u_mul1/wb_reg[11]_i_7_n_5
    SLICE_X60Y20         LUT2 (Prop_lut2_I0_O)        0.302    16.047 f  u_mlkem/u_alu/u_mul1/wb[11]_i_28/O
                         net (fo=1, routed)           0.306    16.353    u_mlkem/u_alu/u_mul1/wb[11]_i_28_n_0
    SLICE_X60Y21         LUT6 (Prop_lut6_I4_O)        0.124    16.477 f  u_mlkem/u_alu/u_mul1/wb[11]_i_15/O
                         net (fo=1, routed)           0.908    17.385    u_mlkem/u_alu/u_mul1/wb[11]_i_15_n_0
    SLICE_X61Y16         LUT6 (Prop_lut6_I2_O)        0.124    17.509 r  u_mlkem/u_alu/u_mul1/wb[11]_i_6/O
                         net (fo=12, routed)          0.391    17.901    u_mlkem/u_alu/u_mul1/wb[11]_i_6_n_0
    SLICE_X58Y16         LUT4 (Prop_lut4_I1_O)        0.124    18.025 r  u_mlkem/u_alu/u_mul1/wb[0]_i_4/O
                         net (fo=1, routed)           0.625    18.649    u_mlkem/u_alu/u_mul1/wb[0]_i_4_n_0
    SLICE_X63Y16         LUT6 (Prop_lut6_I5_O)        0.124    18.773 r  u_mlkem/u_alu/u_mul1/wb[0]_i_1/O
                         net (fo=1, routed)           0.000    18.773    u_mlkem/u_alu/u_mul1_n_11
    SLICE_X63Y16         FDRE                                         r  u_mlkem/u_alu/wb_reg[0]/D
  -------------------------------------------------------------------    -------------------

                         (clock clk_core_mmcm rise edge)
                                                      4.848     4.848 r  
    E3                                                0.000     4.848 r  clk_100mhz (IN)
                         net (fo=0)                   0.000     4.848    clk_100mhz
    E3                   IBUF (Prop_ibuf_I_O)         1.411     6.260 r  clk_100mhz_IBUF_inst/O
                         net (fo=1, routed)           1.920     8.180    clk_100mhz_IBUF
    BUFGCTRL_X0Y16       BUFG (Prop_bufg_I_O)         0.091     8.271 r  clk_100mhz_IBUF_BUFG_inst/O
                         net (fo=2651, routed)        1.683     9.954    clk_100mhz_IBUF_BUFG
    MMCME2_ADV_X0Y0      MMCME2_ADV (Prop_mmcme2_adv_CLKIN1_CLKOUT0)
                                                      0.083    10.037 r  u_mmcm/CLKOUT0
                         net (fo=1, routed)           1.923    11.960    clk_core_mmcm
    BUFGCTRL_X0Y0        BUFG (Prop_bufg_I_O)         0.091    12.051 r  u_bufg_core/O
                         net (fo=3686, routed)        1.666    13.717    u_mlkem/u_alu/clk_core
    SLICE_X63Y16         FDRE                                         r  u_mlkem/u_alu/wb_reg[0]/C
                         clock pessimism              0.500    14.217    
                         clock uncertainty           -0.074    14.142    
    SLICE_X63Y16         FDRE (Setup_fdre_C_D)        0.029    14.171    u_mlkem/u_alu/wb_reg[0]
  -------------------------------------------------------------------
                         required time                         14.171    
                         arrival time                         -18.773    
  -------------------------------------------------------------------
                         slack                                 -4.602    

Slack (VIOLATED) :        -4.600ns  (required time - arrival time)
  Source:                 u_mlkem/u_alu/p00_reg[3][1]_srl3_srlopt/C
                            (rising edge-triggered cell FDRE clocked by clk_core_mmcm  {rise@0.000ns fall@2.424ns period=4.848ns})
  Destination:            u_mlkem/u_alu/wb_reg[5]/D
                            (rising edge-triggered cell FDRE clocked by clk_core_mmcm  {rise@0.000ns fall@2.424ns period=4.848ns})
  Path Group:             clk_core_mmcm
  Path Type:              Setup (Max at Slow Process Corner)
  Requirement:            4.848ns  (clk_core_mmcm rise@4.848ns - clk_core_mmcm rise@0.000ns)
  Data Path Delay:        9.358ns  (logic 3.936ns (42.061%)  route 5.422ns (57.939%))
  Logic Levels:           16  (CARRY4=6 LUT2=2 LUT3=1 LUT4=1 LUT5=1 LUT6=5)
  Clock Path Skew:        -0.048ns (DCD - SCD + CPR)
    Destination Clock Delay (DCD):    8.861ns = ( 13.710 - 4.848 ) 
    Source Clock Delay      (SCD):    9.410ns
    Clock Pessimism Removal (CPR):    0.500ns
  Clock Uncertainty:      0.074ns  ((TSJ^2 + DJ^2)^1/2) / 2 + PE
    Total System Jitter     (TSJ):    0.071ns
    Discrete Jitter          (DJ):    0.131ns
    Phase Error              (PE):    0.000ns

    Location             Delay type                Incr(ns)  Path(ns)    Netlist Resource(s)
  -------------------------------------------------------------------    -------------------
                         (clock clk_core_mmcm rise edge)
                                                      0.000     0.000 r  
    E3                                                0.000     0.000 r  clk_100mhz (IN)
                         net (fo=0)                   0.000     0.000    clk_100mhz
    E3                   IBUF (Prop_ibuf_I_O)         1.482     1.482 r  clk_100mhz_IBUF_inst/O
                         net (fo=1, routed)           2.025     3.506    clk_100mhz_IBUF
    BUFGCTRL_X0Y16       BUFG (Prop_bufg_I_O)         0.096     3.602 r  clk_100mhz_IBUF_BUFG_inst/O
                         net (fo=2651, routed)        1.809     5.412    clk_100mhz_IBUF_BUFG
    MMCME2_ADV_X0Y0      MMCME2_ADV (Prop_mmcme2_adv_CLKIN1_CLKOUT0)
                                                      0.088     5.500 r  u_mmcm/CLKOUT0
                         net (fo=1, routed)           2.018     7.518    clk_core_mmcm
    BUFGCTRL_X0Y0        BUFG (Prop_bufg_I_O)         0.096     7.614 r  u_bufg_core/O
                         net (fo=3686, routed)        1.795     9.410    u_mlkem/u_alu/clk_core
    SLICE_X65Y17         FDRE                                         r  u_mlkem/u_alu/p00_reg[3][1]_srl3_srlopt/C
  -------------------------------------------------------------------    -------------------
    SLICE_X65Y17         FDRE (Prop_fdre_C_Q)         0.456     9.866 r  u_mlkem/u_alu/p00_reg[3][1]_srl3_srlopt/Q
                         net (fo=2, routed)           0.595    10.460    u_mlkem/u_alu/u_mul1/p00_reg[4]_2[1]
    SLICE_X63Y17         LUT2 (Prop_lut2_I0_O)        0.124    10.584 r  u_mlkem/u_alu/u_mul1/wb[0]_i_14/O
                         net (fo=1, routed)           0.000    10.584    u_mlkem/u_alu/u_mul1/wb[0]_i_14_n_0
    SLICE_X63Y17         CARRY4 (Prop_carry4_S[1]_CO[3])
                                                      0.550    11.134 r  u_mlkem/u_alu/u_mul1/wb_reg[0]_i_9/CO[3]
                         net (fo=1, routed)           0.000    11.134    u_mlkem/u_alu/u_mul1/wb_reg[0]_i_9_n_0
    SLICE_X63Y18         CARRY4 (Prop_carry4_CI_CO[3])
                                                      0.114    11.248 r  u_mlkem/u_alu/u_mul1/wb_reg[8]_i_12/CO[3]
                         net (fo=1, routed)           0.000    11.248    u_mlkem/u_alu/u_mul1/wb_reg[8]_i_12_n_0
    SLICE_X63Y19         CARRY4 (Prop_carry4_CI_O[3])
                                                      0.313    11.561 r  u_mlkem/u_alu/u_mul1/wb_reg[11]_i_29/O[3]
                         net (fo=4, routed)           0.630    12.191    u_mlkem/u_alu/u_mul1/wb_reg[11]_i_29_n_4
    SLICE_X65Y18         LUT3 (Prop_lut3_I0_O)        0.306    12.497 r  u_mlkem/u_alu/u_mul1/wb[0]_i_17/O
                         net (fo=2, routed)           0.611    13.109    u_mlkem/u_alu/u_mul1/wb[0]_i_17_n_0
    SLICE_X62Y18         LUT6 (Prop_lut6_I3_O)        0.124    13.233 r  u_mlkem/u_alu/u_mul1/wb[0]_i_16/O
                         net (fo=1, routed)           0.165    13.398    u_mlkem/u_alu/u_mul1/wb[0]_i_16_n_0
    SLICE_X62Y18         LUT6 (Prop_lut6_I0_O)        0.124    13.522 r  u_mlkem/u_alu/u_mul1/wb[0]_i_10/O
                         net (fo=12, routed)          0.571    14.092    u_mlkem/u_alu/u_mul1/wb[0]_i_10_n_0
    SLICE_X61Y17         LUT4 (Prop_lut4_I2_O)        0.124    14.216 r  u_mlkem/u_alu/u_mul1/wb[0]_i_7/O
                         net (fo=1, routed)           0.000    14.216    u_mlkem/u_alu/u_mul1/wb[0]_i_7_n_0
    SLICE_X61Y17         CARRY4 (Prop_carry4_S[1]_CO[3])
                                                      0.550    14.766 r  u_mlkem/u_alu/u_mul1/wb_reg[0]_i_3/CO[3]
                         net (fo=1, routed)           0.000    14.766    u_mlkem/u_alu/u_mul1/wb_reg[0]_i_3_n_0
    SLICE_X61Y18         CARRY4 (Prop_carry4_CI_CO[3])
                                                      0.114    14.880 r  u_mlkem/u_alu/u_mul1/wb_reg[8]_i_4/CO[3]
                         net (fo=1, routed)           0.000    14.880    u_mlkem/u_alu/u_mul1/wb_reg[8]_i_4_n_0
    SLICE_X61Y19         CARRY4 (Prop_carry4_CI_O[2])
                                                      0.239    15.119 f  u_mlkem/u_alu/u_mul1/wb_reg[11]_i_7/O[2]
                         net (fo=5, routed)           0.626    15.745    u_mlkem/u_alu/u_mul1/wb_reg[11]_i_7_n_5
    SLICE_X60Y20         LUT2 (Prop_lut2_I0_O)        0.302    16.047 f  u_mlkem/u_alu/u_mul1/wb[11]_i_28/O
                         net (fo=1, routed)           0.306    16.353    u_mlkem/u_alu/u_mul1/wb[11]_i_28_n_0
    SLICE_X60Y21         LUT6 (Prop_lut6_I4_O)        0.124    16.477 f  u_mlkem/u_alu/u_mul1/wb[11]_i_15/O
                         net (fo=1, routed)           0.908    17.385    u_mlkem/u_alu/u_mul1/wb[11]_i_15_n_0
    SLICE_X61Y16         LUT6 (Prop_lut6_I2_O)        0.124    17.509 r  u_mlkem/u_alu/u_mul1/wb[11]_i_6/O
                         net (fo=12, routed)          0.608    18.117    u_mlkem/u_alu/u_mul1/wb[11]_i_6_n_0
    SLICE_X61Y21         LUT6 (Prop_lut6_I0_O)        0.124    18.241 r  u_mlkem/u_alu/u_mul1/wb[5]_i_2/O
                         net (fo=1, routed)           0.402    18.643    u_mlkem/u_alu/u_mul1/wb[5]_i_2_n_0
    SLICE_X61Y21         LUT5 (Prop_lut5_I0_O)        0.124    18.767 r  u_mlkem/u_alu/u_mul1/wb[5]_i_1/O
                         net (fo=1, routed)           0.000    18.767    u_mlkem/u_alu/u_mul1_n_6
    SLICE_X61Y21         FDRE                                         r  u_mlkem/u_alu/wb_reg[5]/D
  -------------------------------------------------------------------    -------------------

                         (clock clk_core_mmcm rise edge)
                                                      4.848     4.848 r  
    E3                                                0.000     4.848 r  clk_100mhz (IN)
                         net (fo=0)                   0.000     4.848    clk_100mhz
    E3                   IBUF (Prop_ibuf_I_O)         1.411     6.260 r  clk_100mhz_IBUF_inst/O
                         net (fo=1, routed)           1.920     8.180    clk_100mhz_IBUF
    BUFGCTRL_X0Y16       BUFG (Prop_bufg_I_O)         0.091     8.271 r  clk_100mhz_IBUF_BUFG_inst/O
                         net (fo=2651, routed)        1.683     9.954    clk_100mhz_IBUF_BUFG
    MMCME2_ADV_X0Y0      MMCME2_ADV (Prop_mmcme2_adv_CLKIN1_CLKOUT0)
                                                      0.083    10.037 r  u_mmcm/CLKOUT0
                         net (fo=1, routed)           1.923    11.960    clk_core_mmcm
    BUFGCTRL_X0Y0        BUFG (Prop_bufg_I_O)         0.091    12.051 r  u_bufg_core/O
                         net (fo=3686, routed)        1.659    13.710    u_mlkem/u_alu/clk_core
    SLICE_X61Y21         FDRE                                         r  u_mlkem/u_alu/wb_reg[5]/C
                         clock pessimism              0.500    14.210    
                         clock uncertainty           -0.074    14.135    
    SLICE_X61Y21         FDRE (Setup_fdre_C_D)        0.032    14.167    u_mlkem/u_alu/wb_reg[5]
  -------------------------------------------------------------------
                         required time                         14.167    
                         arrival time                         -18.767    
  -------------------------------------------------------------------
                         slack                                 -4.600    

Slack (VIOLATED) :        -4.574ns  (required time - arrival time)
  Source:                 u_mlkem/u_alu/p00_reg[3][1]_srl3_srlopt/C
                            (rising edge-triggered cell FDRE clocked by clk_core_mmcm  {rise@0.000ns fall@2.424ns period=4.848ns})
  Destination:            u_mlkem/u_alu/wb_reg[10]/D
                            (rising edge-triggered cell FDRE clocked by clk_core_mmcm  {rise@0.000ns fall@2.424ns period=4.848ns})
  Path Group:             clk_core_mmcm
  Path Type:              Setup (Max at Slow Process Corner)
  Requirement:            4.848ns  (clk_core_mmcm rise@4.848ns - clk_core_mmcm rise@0.000ns)
  Data Path Delay:        9.379ns  (logic 3.936ns (41.968%)  route 5.443ns (58.032%))
  Logic Levels:           16  (CARRY4=6 LUT2=2 LUT3=1 LUT4=1 LUT5=1 LUT6=5)
  Clock Path Skew:        -0.048ns (DCD - SCD + CPR)
    Destination Clock Delay (DCD):    8.861ns = ( 13.710 - 4.848 ) 
    Source Clock Delay      (SCD):    9.410ns
    Clock Pessimism Removal (CPR):    0.500ns
  Clock Uncertainty:      0.074ns  ((TSJ^2 + DJ^2)^1/2) / 2 + PE
    Total System Jitter     (TSJ):    0.071ns
    Discrete Jitter          (DJ):    0.131ns
    Phase Error              (PE):    0.000ns

    Location             Delay type                Incr(ns)  Path(ns)    Netlist Resource(s)
  -------------------------------------------------------------------    -------------------
                         (clock clk_core_mmcm rise edge)
                                                      0.000     0.000 r  
    E3                                                0.000     0.000 r  clk_100mhz (IN)
                         net (fo=0)                   0.000     0.000    clk_100mhz
    E3                   IBUF (Prop_ibuf_I_O)         1.482     1.482 r  clk_100mhz_IBUF_inst/O
                         net (fo=1, routed)           2.025     3.506    clk_100mhz_IBUF
    BUFGCTRL_X0Y16       BUFG (Prop_bufg_I_O)         0.096     3.602 r  clk_100mhz_IBUF_BUFG_inst/O
                         net (fo=2651, routed)        1.809     5.412    clk_100mhz_IBUF_BUFG
    MMCME2_ADV_X0Y0      MMCME2_ADV (Prop_mmcme2_adv_CLKIN1_CLKOUT0)
                                                      0.088     5.500 r  u_mmcm/CLKOUT0
                         net (fo=1, routed)           2.018     7.518    clk_core_mmcm
    BUFGCTRL_X0Y0        BUFG (Prop_bufg_I_O)         0.096     7.614 r  u_bufg_core/O
                         net (fo=3686, routed)        1.795     9.410    u_mlkem/u_alu/clk_core
    SLICE_X65Y17         FDRE                                         r  u_mlkem/u_alu/p00_reg[3][1]_srl3_srlopt/C
  -------------------------------------------------------------------    -------------------
    SLICE_X65Y17         FDRE (Prop_fdre_C_Q)         0.456     9.866 r  u_mlkem/u_alu/p00_reg[3][1]_srl3_srlopt/Q
                         net (fo=2, routed)           0.595    10.460    u_mlkem/u_alu/u_mul1/p00_reg[4]_2[1]
    SLICE_X63Y17         LUT2 (Prop_lut2_I0_O)        0.124    10.584 r  u_mlkem/u_alu/u_mul1/wb[0]_i_14/O
                         net (fo=1, routed)           0.000    10.584    u_mlkem/u_alu/u_mul1/wb[0]_i_14_n_0
    SLICE_X63Y17         CARRY4 (Prop_carry4_S[1]_CO[3])
                                                      0.550    11.134 r  u_mlkem/u_alu/u_mul1/wb_reg[0]_i_9/CO[3]
                         net (fo=1, routed)           0.000    11.134    u_mlkem/u_alu/u_mul1/wb_reg[0]_i_9_n_0
    SLICE_X63Y18         CARRY4 (Prop_carry4_CI_CO[3])
                                                      0.114    11.248 r  u_mlkem/u_alu/u_mul1/wb_reg[8]_i_12/CO[3]
                         net (fo=1, routed)           0.000    11.248    u_mlkem/u_alu/u_mul1/wb_reg[8]_i_12_n_0
    SLICE_X63Y19         CARRY4 (Prop_carry4_CI_O[3])
                                                      0.313    11.561 r  u_mlkem/u_alu/u_mul1/wb_reg[11]_i_29/O[3]
                         net (fo=4, routed)           0.630    12.191    u_mlkem/u_alu/u_mul1/wb_reg[11]_i_29_n_4
    SLICE_X65Y18         LUT3 (Prop_lut3_I0_O)        0.306    12.497 r  u_mlkem/u_alu/u_mul1/wb[0]_i_17/O
                         net (fo=2, routed)           0.611    13.109    u_mlkem/u_alu/u_mul1/wb[0]_i_17_n_0
    SLICE_X62Y18         LUT6 (Prop_lut6_I3_O)        0.124    13.233 r  u_mlkem/u_alu/u_mul1/wb[0]_i_16/O
                         net (fo=1, routed)           0.165    13.398    u_mlkem/u_alu/u_mul1/wb[0]_i_16_n_0
    SLICE_X62Y18         LUT6 (Prop_lut6_I0_O)        0.124    13.522 r  u_mlkem/u_alu/u_mul1/wb[0]_i_10/O
                         net (fo=12, routed)          0.571    14.092    u_mlkem/u_alu/u_mul1/wb[0]_i_10_n_0
    SLICE_X61Y17         LUT4 (Prop_lut4_I2_O)        0.124    14.216 r  u_mlkem/u_alu/u_mul1/wb[0]_i_7/O
                         net (fo=1, routed)           0.000    14.216    u_mlkem/u_alu/u_mul1/wb[0]_i_7_n_0
    SLICE_X61Y17         CARRY4 (Prop_carry4_S[1]_CO[3])
                                                      0.550    14.766 r  u_mlkem/u_alu/u_mul1/wb_reg[0]_i_3/CO[3]
                         net (fo=1, routed)           0.000    14.766    u_mlkem/u_alu/u_mul1/wb_reg[0]_i_3_n_0
    SLICE_X61Y18         CARRY4 (Prop_carry4_CI_CO[3])
                                                      0.114    14.880 r  u_mlkem/u_alu/u_mul1/wb_reg[8]_i_4/CO[3]
                         net (fo=1, routed)           0.000    14.880    u_mlkem/u_alu/u_mul1/wb_reg[8]_i_4_n_0
    SLICE_X61Y19         CARRY4 (Prop_carry4_CI_O[2])
                                                      0.239    15.119 f  u_mlkem/u_alu/u_mul1/wb_reg[11]_i_7/O[2]
                         net (fo=5, routed)           0.626    15.745    u_mlkem/u_alu/u_mul1/wb_reg[11]_i_7_n_5
    SLICE_X60Y20         LUT2 (Prop_lut2_I0_O)        0.302    16.047 f  u_mlkem/u_alu/u_mul1/wb[11]_i_28/O
                         net (fo=1, routed)           0.306    16.353    u_mlkem/u_alu/u_mul1/wb[11]_i_28_n_0
    SLICE_X60Y21         LUT6 (Prop_lut6_I4_O)        0.124    16.477 f  u_mlkem/u_alu/u_mul1/wb[11]_i_15/O
                         net (fo=1, routed)           0.908    17.385    u_mlkem/u_alu/u_mul1/wb[11]_i_15_n_0
    SLICE_X61Y16         LUT6 (Prop_lut6_I2_O)        0.124    17.509 r  u_mlkem/u_alu/u_mul1/wb[11]_i_6/O
                         net (fo=12, routed)          0.605    18.114    u_mlkem/u_alu/u_mul1/wb[11]_i_6_n_0
    SLICE_X61Y21         LUT6 (Prop_lut6_I0_O)        0.124    18.238 r  u_mlkem/u_alu/u_mul1/wb[10]_i_2/O
                         net (fo=1, routed)           0.426    18.664    u_mlkem/u_alu/u_mul1/wb[10]_i_2_n_0
    SLICE_X60Y21         LUT5 (Prop_lut5_I0_O)        0.124    18.788 r  u_mlkem/u_alu/u_mul1/wb[10]_i_1/O
                         net (fo=1, routed)           0.000    18.788    u_mlkem/u_alu/u_mul1_n_1
    SLICE_X60Y21         FDRE                                         r  u_mlkem/u_alu/wb_reg[10]/D
  -------------------------------------------------------------------    -------------------

                         (clock clk_core_mmcm rise edge)
                                                      4.848     4.848 r  
    E3                                                0.000     4.848 r  clk_100mhz (IN)
                         net (fo=0)                   0.000     4.848    clk_100mhz
    E3                   IBUF (Prop_ibuf_I_O)         1.411     6.260 r  clk_100mhz_IBUF_inst/O
                         net (fo=1, routed)           1.920     8.180    clk_100mhz_IBUF
    BUFGCTRL_X0Y16       BUFG (Prop_bufg_I_O)         0.091     8.271 r  clk_100mhz_IBUF_BUFG_inst/O
                         net (fo=2651, routed)        1.683     9.954    clk_100mhz_IBUF_BUFG
    MMCME2_ADV_X0Y0      MMCME2_ADV (Prop_mmcme2_adv_CLKIN1_CLKOUT0)
                                                      0.083    10.037 r  u_mmcm/CLKOUT0
                         net (fo=1, routed)           1.923    11.960    clk_core_mmcm
    BUFGCTRL_X0Y0        BUFG (Prop_bufg_I_O)         0.091    12.051 r  u_bufg_core/O
                         net (fo=3686, routed)        1.659    13.710    u_mlkem/u_alu/clk_core
    SLICE_X60Y21         FDRE                                         r  u_mlkem/u_alu/wb_reg[10]/C
                         clock pessimism              0.500    14.210    
                         clock uncertainty           -0.074    14.135    
    SLICE_X60Y21         FDRE (Setup_fdre_C_D)        0.079    14.214    u_mlkem/u_alu/wb_reg[10]
  -------------------------------------------------------------------
                         required time                         14.214    
                         arrival time                         -18.788    
  -------------------------------------------------------------------
                         slack                                 -4.574    

Slack (VIOLATED) :        -4.506ns  (required time - arrival time)
  Source:                 u_mlkem/u_alu/p00_reg[3][1]_srl3_srlopt/C
                            (rising edge-triggered cell FDRE clocked by clk_core_mmcm  {rise@0.000ns fall@2.424ns period=4.848ns})
  Destination:            u_mlkem/u_alu/wb_reg[9]/D
                            (rising edge-triggered cell FDRE clocked by clk_core_mmcm  {rise@0.000ns fall@2.424ns period=4.848ns})
  Path Group:             clk_core_mmcm
  Path Type:              Setup (Max at Slow Process Corner)
  Requirement:            4.848ns  (clk_core_mmcm rise@4.848ns - clk_core_mmcm rise@0.000ns)
  Data Path Delay:        9.311ns  (logic 3.936ns (42.272%)  route 5.375ns (57.728%))
  Logic Levels:           16  (CARRY4=6 LUT2=2 LUT3=1 LUT4=1 LUT5=1 LUT6=5)
  Clock Path Skew:        -0.048ns (DCD - SCD + CPR)
    Destination Clock Delay (DCD):    8.861ns = ( 13.710 - 4.848 ) 
    Source Clock Delay      (SCD):    9.410ns
    Clock Pessimism Removal (CPR):    0.500ns
  Clock Uncertainty:      0.074ns  ((TSJ^2 + DJ^2)^1/2) / 2 + PE
    Total System Jitter     (TSJ):    0.071ns
    Discrete Jitter          (DJ):    0.131ns
    Phase Error              (PE):    0.000ns

    Location             Delay type                Incr(ns)  Path(ns)    Netlist Resource(s)
  -------------------------------------------------------------------    -------------------
                         (clock clk_core_mmcm rise edge)
                                                      0.000     0.000 r  
    E3                                                0.000     0.000 r  clk_100mhz (IN)
                         net (fo=0)                   0.000     0.000    clk_100mhz
    E3                   IBUF (Prop_ibuf_I_O)         1.482     1.482 r  clk_100mhz_IBUF_inst/O
                         net (fo=1, routed)           2.025     3.506    clk_100mhz_IBUF
    BUFGCTRL_X0Y16       BUFG (Prop_bufg_I_O)         0.096     3.602 r  clk_100mhz_IBUF_BUFG_inst/O
                         net (fo=2651, routed)        1.809     5.412    clk_100mhz_IBUF_BUFG
    MMCME2_ADV_X0Y0      MMCME2_ADV (Prop_mmcme2_adv_CLKIN1_CLKOUT0)
                                                      0.088     5.500 r  u_mmcm/CLKOUT0
                         net (fo=1, routed)           2.018     7.518    clk_core_mmcm
    BUFGCTRL_X0Y0        BUFG (Prop_bufg_I_O)         0.096     7.614 r  u_bufg_core/O
                         net (fo=3686, routed)        1.795     9.410    u_mlkem/u_alu/clk_core
    SLICE_X65Y17         FDRE                                         r  u_mlkem/u_alu/p00_reg[3][1]_srl3_srlopt/C
  -------------------------------------------------------------------    -------------------
    SLICE_X65Y17         FDRE (Prop_fdre_C_Q)         0.456     9.866 r  u_mlkem/u_alu/p00_reg[3][1]_srl3_srlopt/Q
                         net (fo=2, routed)           0.595    10.460    u_mlkem/u_alu/u_mul1/p00_reg[4]_2[1]
    SLICE_X63Y17         LUT2 (Prop_lut2_I0_O)        0.124    10.584 r  u_mlkem/u_alu/u_mul1/wb[0]_i_14/O
                         net (fo=1, routed)           0.000    10.584    u_mlkem/u_alu/u_mul1/wb[0]_i_14_n_0
    SLICE_X63Y17         CARRY4 (Prop_carry4_S[1]_CO[3])
                                                      0.550    11.134 r  u_mlkem/u_alu/u_mul1/wb_reg[0]_i_9/CO[3]
                         net (fo=1, routed)           0.000    11.134    u_mlkem/u_alu/u_mul1/wb_reg[0]_i_9_n_0
    SLICE_X63Y18         CARRY4 (Prop_carry4_CI_CO[3])
                                                      0.114    11.248 r  u_mlkem/u_alu/u_mul1/wb_reg[8]_i_12/CO[3]
                         net (fo=1, routed)           0.000    11.248    u_mlkem/u_alu/u_mul1/wb_reg[8]_i_12_n_0
    SLICE_X63Y19         CARRY4 (Prop_carry4_CI_O[3])
                                                      0.313    11.561 r  u_mlkem/u_alu/u_mul1/wb_reg[11]_i_29/O[3]
                         net (fo=4, routed)           0.630    12.191    u_mlkem/u_alu/u_mul1/wb_reg[11]_i_29_n_4
    SLICE_X65Y18         LUT3 (Prop_lut3_I0_O)        0.306    12.497 r  u_mlkem/u_alu/u_mul1/wb[0]_i_17/O
                         net (fo=2, routed)           0.611    13.109    u_mlkem/u_alu/u_mul1/wb[0]_i_17_n_0
    SLICE_X62Y18         LUT6 (Prop_lut6_I3_O)        0.124    13.233 r  u_mlkem/u_alu/u_mul1/wb[0]_i_16/O
                         net (fo=1, routed)           0.165    13.398    u_mlkem/u_alu/u_mul1/wb[0]_i_16_n_0
    SLICE_X62Y18         LUT6 (Prop_lut6_I0_O)        0.124    13.522 r  u_mlkem/u_alu/u_mul1/wb[0]_i_10/O
                         net (fo=12, routed)          0.571    14.092    u_mlkem/u_alu/u_mul1/wb[0]_i_10_n_0
    SLICE_X61Y17         LUT4 (Prop_lut4_I2_O)        0.124    14.216 r  u_mlkem/u_alu/u_mul1/wb[0]_i_7/O
                         net (fo=1, routed)           0.000    14.216    u_mlkem/u_alu/u_mul1/wb[0]_i_7_n_0
    SLICE_X61Y17         CARRY4 (Prop_carry4_S[1]_CO[3])
                                                      0.550    14.766 r  u_mlkem/u_alu/u_mul1/wb_reg[0]_i_3/CO[3]
                         net (fo=1, routed)           0.000    14.766    u_mlkem/u_alu/u_mul1/wb_reg[0]_i_3_n_0
    SLICE_X61Y18         CARRY4 (Prop_carry4_CI_CO[3])
                                                      0.114    14.880 r  u_mlkem/u_alu/u_mul1/wb_reg[8]_i_4/CO[3]
                         net (fo=1, routed)           0.000    14.880    u_mlkem/u_alu/u_mul1/wb_reg[8]_i_4_n_0
    SLICE_X61Y19         CARRY4 (Prop_carry4_CI_O[2])
                                                      0.239    15.119 f  u_mlkem/u_alu/u_mul1/wb_reg[11]_i_7/O[2]
                         net (fo=5, routed)           0.626    15.745    u_mlkem/u_alu/u_mul1/wb_reg[11]_i_7_n_5
    SLICE_X60Y20         LUT2 (Prop_lut2_I0_O)        0.302    16.047 f  u_mlkem/u_alu/u_mul1/wb[11]_i_28/O
                         net (fo=1, routed)           0.306    16.353    u_mlkem/u_alu/u_mul1/wb[11]_i_28_n_0
    SLICE_X60Y21         LUT6 (Prop_lut6_I4_O)        0.124    16.477 f  u_mlkem/u_alu/u_mul1/wb[11]_i_15/O
                         net (fo=1, routed)           0.908    17.385    u_mlkem/u_alu/u_mul1/wb[11]_i_15_n_0
    SLICE_X61Y16         LUT6 (Prop_lut6_I2_O)        0.124    17.509 r  u_mlkem/u_alu/u_mul1/wb[11]_i_6/O
                         net (fo=12, routed)          0.538    18.048    u_mlkem/u_alu/u_mul1/wb[11]_i_6_n_0
    SLICE_X60Y20         LUT6 (Prop_lut6_I0_O)        0.124    18.172 r  u_mlkem/u_alu/u_mul1/wb[9]_i_2/O
                         net (fo=1, routed)           0.425    18.597    u_mlkem/u_alu/u_mul1/wb[9]_i_2_n_0
    SLICE_X60Y21         LUT5 (Prop_lut5_I0_O)        0.124    18.721 r  u_mlkem/u_alu/u_mul1/wb[9]_i_1/O
                         net (fo=1, routed)           0.000    18.721    u_mlkem/u_alu/u_mul1_n_2
    SLICE_X60Y21         FDRE                                         r  u_mlkem/u_alu/wb_reg[9]/D
  -------------------------------------------------------------------    -------------------

                         (clock clk_core_mmcm rise edge)
                                                      4.848     4.848 r  
    E3                                                0.000     4.848 r  clk_100mhz (IN)
                         net (fo=0)                   0.000     4.848    clk_100mhz
    E3                   IBUF (Prop_ibuf_I_O)         1.411     6.260 r  clk_100mhz_IBUF_inst/O
                         net (fo=1, routed)           1.920     8.180    clk_100mhz_IBUF
    BUFGCTRL_X0Y16       BUFG (Prop_bufg_I_O)         0.091     8.271 r  clk_100mhz_IBUF_BUFG_inst/O
                         net (fo=2651, routed)        1.683     9.954    clk_100mhz_IBUF_BUFG
    MMCME2_ADV_X0Y0      MMCME2_ADV (Prop_mmcme2_adv_CLKIN1_CLKOUT0)
                                                      0.083    10.037 r  u_mmcm/CLKOUT0
                         net (fo=1, routed)           1.923    11.960    clk_core_mmcm
    BUFGCTRL_X0Y0        BUFG (Prop_bufg_I_O)         0.091    12.051 r  u_bufg_core/O
                         net (fo=3686, routed)        1.659    13.710    u_mlkem/u_alu/clk_core
    SLICE_X60Y21         FDRE                                         r  u_mlkem/u_alu/wb_reg[9]/C
                         clock pessimism              0.500    14.210    
                         clock uncertainty           -0.074    14.135    
    SLICE_X60Y21         FDRE (Setup_fdre_C_D)        0.079    14.214    u_mlkem/u_alu/wb_reg[9]
  -------------------------------------------------------------------
                         required time                         14.214    
                         arrival time                         -18.721    
  -------------------------------------------------------------------
                         slack                                 -4.506    

Slack (VIOLATED) :        -4.444ns  (required time - arrival time)
  Source:                 u_mlkem/u_alu/p00_reg[3][1]_srl3_srlopt/C
                            (rising edge-triggered cell FDRE clocked by clk_core_mmcm  {rise@0.000ns fall@2.424ns period=4.848ns})
  Destination:            u_mlkem/u_alu/wb_reg[3]/D
                            (rising edge-triggered cell FDRE clocked by clk_core_mmcm  {rise@0.000ns fall@2.424ns period=4.848ns})
  Path Group:             clk_core_mmcm
  Path Type:              Setup (Max at Slow Process Corner)
  Requirement:            4.848ns  (clk_core_mmcm rise@4.848ns - clk_core_mmcm rise@0.000ns)
  Data Path Delay:        9.250ns  (logic 3.936ns (42.551%)  route 5.314ns (57.449%))
  Logic Levels:           16  (CARRY4=6 LUT2=2 LUT3=1 LUT4=1 LUT5=1 LUT6=5)
  Clock Path Skew:        -0.047ns (DCD - SCD + CPR)
    Destination Clock Delay (DCD):    8.862ns = ( 13.711 - 4.848 ) 
    Source Clock Delay      (SCD):    9.410ns
    Clock Pessimism Removal (CPR):    0.500ns
  Clock Uncertainty:      0.074ns  ((TSJ^2 + DJ^2)^1/2) / 2 + PE
    Total System Jitter     (TSJ):    0.071ns
    Discrete Jitter          (DJ):    0.131ns
    Phase Error              (PE):    0.000ns

    Location             Delay type                Incr(ns)  Path(ns)    Netlist Resource(s)
  -------------------------------------------------------------------    -------------------
                         (clock clk_core_mmcm rise edge)
                                                      0.000     0.000 r  
    E3                                                0.000     0.000 r  clk_100mhz (IN)
                         net (fo=0)                   0.000     0.000    clk_100mhz
    E3                   IBUF (Prop_ibuf_I_O)         1.482     1.482 r  clk_100mhz_IBUF_inst/O
                         net (fo=1, routed)           2.025     3.506    clk_100mhz_IBUF
    BUFGCTRL_X0Y16       BUFG (Prop_bufg_I_O)         0.096     3.602 r  clk_100mhz_IBUF_BUFG_inst/O
                         net (fo=2651, routed)        1.809     5.412    clk_100mhz_IBUF_BUFG
    MMCME2_ADV_X0Y0      MMCME2_ADV (Prop_mmcme2_adv_CLKIN1_CLKOUT0)
                                                      0.088     5.500 r  u_mmcm/CLKOUT0
                         net (fo=1, routed)           2.018     7.518    clk_core_mmcm
    BUFGCTRL_X0Y0        BUFG (Prop_bufg_I_O)         0.096     7.614 r  u_bufg_core/O
                         net (fo=3686, routed)        1.795     9.410    u_mlkem/u_alu/clk_core
    SLICE_X65Y17         FDRE                                         r  u_mlkem/u_alu/p00_reg[3][1]_srl3_srlopt/C
  -------------------------------------------------------------------    -------------------
    SLICE_X65Y17         FDRE (Prop_fdre_C_Q)         0.456     9.866 r  u_mlkem/u_alu/p00_reg[3][1]_srl3_srlopt/Q
                         net (fo=2, routed)           0.595    10.460    u_mlkem/u_alu/u_mul1/p00_reg[4]_2[1]
    SLICE_X63Y17         LUT2 (Prop_lut2_I0_O)        0.124    10.584 r  u_mlkem/u_alu/u_mul1/wb[0]_i_14/O
                         net (fo=1, routed)           0.000    10.584    u_mlkem/u_alu/u_mul1/wb[0]_i_14_n_0
    SLICE_X63Y17         CARRY4 (Prop_carry4_S[1]_CO[3])
                                                      0.550    11.134 r  u_mlkem/u_alu/u_mul1/wb_reg[0]_i_9/CO[3]
                         net (fo=1, routed)           0.000    11.134    u_mlkem/u_alu/u_mul1/wb_reg[0]_i_9_n_0
    SLICE_X63Y18         CARRY4 (Prop_carry4_CI_CO[3])
                                                      0.114    11.248 r  u_mlkem/u_alu/u_mul1/wb_reg[8]_i_12/CO[3]
                         net (fo=1, routed)           0.000    11.248    u_mlkem/u_alu/u_mul1/wb_reg[8]_i_12_n_0
    SLICE_X63Y19         CARRY4 (Prop_carry4_CI_O[3])
                                                      0.313    11.561 r  u_mlkem/u_alu/u_mul1/wb_reg[11]_i_29/O[3]
                         net (fo=4, routed)           0.630    12.191    u_mlkem/u_alu/u_mul1/wb_reg[11]_i_29_n_4
    SLICE_X65Y18         LUT3 (Prop_lut3_I0_O)        0.306    12.497 r  u_mlkem/u_alu/u_mul1/wb[0]_i_17/O
                         net (fo=2, routed)           0.611    13.109    u_mlkem/u_alu/u_mul1/wb[0]_i_17_n_0
    SLICE_X62Y18         LUT6 (Prop_lut6_I3_O)        0.124    13.233 r  u_mlkem/u_alu/u_mul1/wb[0]_i_16/O
                         net (fo=1, routed)           0.165    13.398    u_mlkem/u_alu/u_mul1/wb[0]_i_16_n_0
    SLICE_X62Y18         LUT6 (Prop_lut6_I0_O)        0.124    13.522 r  u_mlkem/u_alu/u_mul1/wb[0]_i_10/O
                         net (fo=12, routed)          0.571    14.092    u_mlkem/u_alu/u_mul1/wb[0]_i_10_n_0
    SLICE_X61Y17         LUT4 (Prop_lut4_I2_O)        0.124    14.216 r  u_mlkem/u_alu/u_mul1/wb[0]_i_7/O
                         net (fo=1, routed)           0.000    14.216    u_mlkem/u_alu/u_mul1/wb[0]_i_7_n_0
    SLICE_X61Y17         CARRY4 (Prop_carry4_S[1]_CO[3])
                                                      0.550    14.766 r  u_mlkem/u_alu/u_mul1/wb_reg[0]_i_3/CO[3]
                         net (fo=1, routed)           0.000    14.766    u_mlkem/u_alu/u_mul1/wb_reg[0]_i_3_n_0
    SLICE_X61Y18         CARRY4 (Prop_carry4_CI_CO[3])
                                                      0.114    14.880 r  u_mlkem/u_alu/u_mul1/wb_reg[8]_i_4/CO[3]
                         net (fo=1, routed)           0.000    14.880    u_mlkem/u_alu/u_mul1/wb_reg[8]_i_4_n_0
    SLICE_X61Y19         CARRY4 (Prop_carry4_CI_O[2])
                                                      0.239    15.119 f  u_mlkem/u_alu/u_mul1/wb_reg[11]_i_7/O[2]
                         net (fo=5, routed)           0.626    15.745    u_mlkem/u_alu/u_mul1/wb_reg[11]_i_7_n_5
    SLICE_X60Y20         LUT2 (Prop_lut2_I0_O)        0.302    16.047 f  u_mlkem/u_alu/u_mul1/wb[11]_i_28/O
                         net (fo=1, routed)           0.306    16.353    u_mlkem/u_alu/u_mul1/wb[11]_i_28_n_0
    SLICE_X60Y21         LUT6 (Prop_lut6_I4_O)        0.124    16.477 f  u_mlkem/u_alu/u_mul1/wb[11]_i_15/O
                         net (fo=1, routed)           0.908    17.385    u_mlkem/u_alu/u_mul1/wb[11]_i_15_n_0
    SLICE_X61Y16         LUT6 (Prop_lut6_I2_O)        0.124    17.509 r  u_mlkem/u_alu/u_mul1/wb[11]_i_6/O
                         net (fo=12, routed)          0.239    17.749    u_mlkem/u_alu/u_mul1/wb[11]_i_6_n_0
    SLICE_X61Y16         LUT6 (Prop_lut6_I0_O)        0.124    17.873 r  u_mlkem/u_alu/u_mul1/wb[3]_i_2/O
                         net (fo=1, routed)           0.663    18.536    u_mlkem/u_alu/u_mul1/wb[3]_i_2_n_0
    SLICE_X60Y20         LUT5 (Prop_lut5_I0_O)        0.124    18.660 r  u_mlkem/u_alu/u_mul1/wb[3]_i_1/O
                         net (fo=1, routed)           0.000    18.660    u_mlkem/u_alu/u_mul1_n_8
    SLICE_X60Y20         FDRE                                         r  u_mlkem/u_alu/wb_reg[3]/D
  -------------------------------------------------------------------    -------------------

                         (clock clk_core_mmcm rise edge)
                                                      4.848     4.848 r  
    E3                                                0.000     4.848 r  clk_100mhz (IN)
                         net (fo=0)                   0.000     4.848    clk_100mhz
    E3                   IBUF (Prop_ibuf_I_O)         1.411     6.260 r  clk_100mhz_IBUF_inst/O
                         net (fo=1, routed)           1.920     8.180    clk_100mhz_IBUF
    BUFGCTRL_X0Y16       BUFG (Prop_bufg_I_O)         0.091     8.271 r  clk_100mhz_IBUF_BUFG_inst/O
                         net (fo=2651, routed)        1.683     9.954    clk_100mhz_IBUF_BUFG
    MMCME2_ADV_X0Y0      MMCME2_ADV (Prop_mmcme2_adv_CLKIN1_CLKOUT0)
                                                      0.083    10.037 r  u_mmcm/CLKOUT0
                         net (fo=1, routed)           1.923    11.960    clk_core_mmcm
    BUFGCTRL_X0Y0        BUFG (Prop_bufg_I_O)         0.091    12.051 r  u_bufg_core/O
                         net (fo=3686, routed)        1.660    13.711    u_mlkem/u_alu/clk_core
    SLICE_X60Y20         FDRE                                         r  u_mlkem/u_alu/wb_reg[3]/C
                         clock pessimism              0.500    14.211    
                         clock uncertainty           -0.074    14.136    
    SLICE_X60Y20         FDRE (Setup_fdre_C_D)        0.079    14.215    u_mlkem/u_alu/wb_reg[3]
  -------------------------------------------------------------------
                         required time                         14.215    
                         arrival time                         -18.660    
  -------------------------------------------------------------------
                         slack                                 -4.444    

Slack (VIOLATED) :        -4.394ns  (required time - arrival time)
  Source:                 u_mlkem/u_alu/p00_reg[3][1]_srl3_srlopt/C
                            (rising edge-triggered cell FDRE clocked by clk_core_mmcm  {rise@0.000ns fall@2.424ns period=4.848ns})
  Destination:            u_mlkem/u_alu/wb_reg[4]/D
                            (rising edge-triggered cell FDRE clocked by clk_core_mmcm  {rise@0.000ns fall@2.424ns period=4.848ns})
  Path Group:             clk_core_mmcm
  Path Type:              Setup (Max at Slow Process Corner)
  Requirement:            4.848ns  (clk_core_mmcm rise@4.848ns - clk_core_mmcm rise@0.000ns)
  Data Path Delay:        9.158ns  (logic 3.812ns (41.625%)  route 5.346ns (58.375%))
  Logic Levels:           15  (CARRY4=6 LUT2=1 LUT3=2 LUT4=2 LUT5=1 LUT6=3)
  Clock Path Skew:        -0.042ns (DCD - SCD + CPR)
    Destination Clock Delay (DCD):    8.867ns = ( 13.716 - 4.848 ) 
    Source Clock Delay      (SCD):    9.410ns
    Clock Pessimism Removal (CPR):    0.500ns
  Clock Uncertainty:      0.074ns  ((TSJ^2 + DJ^2)^1/2) / 2 + PE
    Total System Jitter     (TSJ):    0.071ns
    Discrete Jitter          (DJ):    0.131ns
    Phase Error              (PE):    0.000ns

    Location             Delay type                Incr(ns)  Path(ns)    Netlist Resource(s)
  -------------------------------------------------------------------    -------------------
                         (clock clk_core_mmcm rise edge)
                                                      0.000     0.000 r  
    E3                                                0.000     0.000 r  clk_100mhz (IN)
                         net (fo=0)                   0.000     0.000    clk_100mhz
    E3                   IBUF (Prop_ibuf_I_O)         1.482     1.482 r  clk_100mhz_IBUF_inst/O
                         net (fo=1, routed)           2.025     3.506    clk_100mhz_IBUF
    BUFGCTRL_X0Y16       BUFG (Prop_bufg_I_O)         0.096     3.602 r  clk_100mhz_IBUF_BUFG_inst/O
                         net (fo=2651, routed)        1.809     5.412    clk_100mhz_IBUF_BUFG
    MMCME2_ADV_X0Y0      MMCME2_ADV (Prop_mmcme2_adv_CLKIN1_CLKOUT0)
                                                      0.088     5.500 r  u_mmcm/CLKOUT0
                         net (fo=1, routed)           2.018     7.518    clk_core_mmcm
    BUFGCTRL_X0Y0        BUFG (Prop_bufg_I_O)         0.096     7.614 r  u_bufg_core/O
                         net (fo=3686, routed)        1.795     9.410    u_mlkem/u_alu/clk_core
    SLICE_X65Y17         FDRE                                         r  u_mlkem/u_alu/p00_reg[3][1]_srl3_srlopt/C
  -------------------------------------------------------------------    -------------------
    SLICE_X65Y17         FDRE (Prop_fdre_C_Q)         0.456     9.866 r  u_mlkem/u_alu/p00_reg[3][1]_srl3_srlopt/Q
                         net (fo=2, routed)           0.595    10.460    u_mlkem/u_alu/u_mul1/p00_reg[4]_2[1]
    SLICE_X63Y17         LUT2 (Prop_lut2_I0_O)        0.124    10.584 r  u_mlkem/u_alu/u_mul1/wb[0]_i_14/O
                         net (fo=1, routed)           0.000    10.584    u_mlkem/u_alu/u_mul1/wb[0]_i_14_n_0
    SLICE_X63Y17         CARRY4 (Prop_carry4_S[1]_CO[3])
                                                      0.550    11.134 r  u_mlkem/u_alu/u_mul1/wb_reg[0]_i_9/CO[3]
                         net (fo=1, routed)           0.000    11.134    u_mlkem/u_alu/u_mul1/wb_reg[0]_i_9_n_0
    SLICE_X63Y18         CARRY4 (Prop_carry4_CI_CO[3])
                                                      0.114    11.248 r  u_mlkem/u_alu/u_mul1/wb_reg[8]_i_12/CO[3]
                         net (fo=1, routed)           0.000    11.248    u_mlkem/u_alu/u_mul1/wb_reg[8]_i_12_n_0
    SLICE_X63Y19         CARRY4 (Prop_carry4_CI_O[3])
                                                      0.313    11.561 r  u_mlkem/u_alu/u_mul1/wb_reg[11]_i_29/O[3]
                         net (fo=4, routed)           0.630    12.191    u_mlkem/u_alu/u_mul1/wb_reg[11]_i_29_n_4
    SLICE_X65Y18         LUT3 (Prop_lut3_I0_O)        0.306    12.497 r  u_mlkem/u_alu/u_mul1/wb[0]_i_17/O
                         net (fo=2, routed)           0.611    13.109    u_mlkem/u_alu/u_mul1/wb[0]_i_17_n_0
    SLICE_X62Y18         LUT6 (Prop_lut6_I3_O)        0.124    13.233 r  u_mlkem/u_alu/u_mul1/wb[0]_i_16/O
                         net (fo=1, routed)           0.165    13.398    u_mlkem/u_alu/u_mul1/wb[0]_i_16_n_0
    SLICE_X62Y18         LUT6 (Prop_lut6_I0_O)        0.124    13.522 r  u_mlkem/u_alu/u_mul1/wb[0]_i_10/O
                         net (fo=12, routed)          0.571    14.092    u_mlkem/u_alu/u_mul1/wb[0]_i_10_n_0
    SLICE_X61Y17         LUT4 (Prop_lut4_I2_O)        0.124    14.216 r  u_mlkem/u_alu/u_mul1/wb[0]_i_7/O
                         net (fo=1, routed)           0.000    14.216    u_mlkem/u_alu/u_mul1/wb[0]_i_7_n_0
    SLICE_X61Y17         CARRY4 (Prop_carry4_S[1]_CO[3])
                                                      0.550    14.766 r  u_mlkem/u_alu/u_mul1/wb_reg[0]_i_3/CO[3]
                         net (fo=1, routed)           0.000    14.766    u_mlkem/u_alu/u_mul1/wb_reg[0]_i_3_n_0
    SLICE_X61Y18         CARRY4 (Prop_carry4_CI_CO[3])
                                                      0.114    14.880 r  u_mlkem/u_alu/u_mul1/wb_reg[8]_i_4/CO[3]
                         net (fo=1, routed)           0.000    14.880    u_mlkem/u_alu/u_mul1/wb_reg[8]_i_4_n_0
    SLICE_X61Y19         CARRY4 (Prop_carry4_CI_O[2])
                                                      0.239    15.119 r  u_mlkem/u_alu/u_mul1/wb_reg[11]_i_7/O[2]
                         net (fo=5, routed)           0.720    15.839    u_mlkem/u_alu/u_mul1/wb_reg[11]_i_7_n_5
    SLICE_X60Y20         LUT3 (Prop_lut3_I1_O)        0.302    16.141 r  u_mlkem/u_alu/u_mul1/wb[11]_i_16/O
                         net (fo=4, routed)           0.893    17.033    u_mlkem/u_alu/u_mul1/wb[11]_i_16_n_0
    SLICE_X60Y19         LUT6 (Prop_lut6_I3_O)        0.124    17.157 r  u_mlkem/u_alu/u_mul1/wb[11]_i_12/O
                         net (fo=1, routed)           0.502    17.659    u_mlkem/u_alu/u_mul1/wb[11]_i_12_n_0
    SLICE_X60Y19         LUT4 (Prop_lut4_I0_O)        0.124    17.783 r  u_mlkem/u_alu/u_mul1/wb[11]_i_4/O
                         net (fo=12, routed)          0.660    18.443    u_mlkem/u_alu/u_mul1/wb[11]_i_4_n_0
    SLICE_X61Y15         LUT5 (Prop_lut5_I3_O)        0.124    18.567 r  u_mlkem/u_alu/u_mul1/wb[4]_i_1/O
                         net (fo=1, routed)           0.000    18.567    u_mlkem/u_alu/u_mul1_n_7
    SLICE_X61Y15         FDRE                                         r  u_mlkem/u_alu/wb_reg[4]/D
  -------------------------------------------------------------------    -------------------

                         (clock clk_core_mmcm rise edge)
                                                      4.848     4.848 r  
    E3                                                0.000     4.848 r  clk_100mhz (IN)
                         net (fo=0)                   0.000     4.848    clk_100mhz
    E3                   IBUF (Prop_ibuf_I_O)         1.411     6.260 r  clk_100mhz_IBUF_inst/O
                         net (fo=1, routed)           1.920     8.180    clk_100mhz_IBUF
    BUFGCTRL_X0Y16       BUFG (Prop_bufg_I_O)         0.091     8.271 r  clk_100mhz_IBUF_BUFG_inst/O
                         net (fo=2651, routed)        1.683     9.954    clk_100mhz_IBUF_BUFG
    MMCME2_ADV_X0Y0      MMCME2_ADV (Prop_mmcme2_adv_CLKIN1_CLKOUT0)
                                                      0.083    10.037 r  u_mmcm/CLKOUT0
                         net (fo=1, routed)           1.923    11.960    clk_core_mmcm
    BUFGCTRL_X0Y0        BUFG (Prop_bufg_I_O)         0.091    12.051 r  u_bufg_core/O
                         net (fo=3686, routed)        1.665    13.716    u_mlkem/u_alu/clk_core
    SLICE_X61Y15         FDRE                                         r  u_mlkem/u_alu/wb_reg[4]/C
                         clock pessimism              0.500    14.216    
                         clock uncertainty           -0.074    14.141    
    SLICE_X61Y15         FDRE (Setup_fdre_C_D)        0.032    14.173    u_mlkem/u_alu/wb_reg[4]
  -------------------------------------------------------------------
                         required time                         14.173    
                         arrival time                         -18.567    
  -------------------------------------------------------------------
                         slack                                 -4.394    

Slack (VIOLATED) :        -4.385ns  (required time - arrival time)
  Source:                 u_mlkem/u_alu/p00_reg[3][1]_srl3_srlopt/C
                            (rising edge-triggered cell FDRE clocked by clk_core_mmcm  {rise@0.000ns fall@2.424ns period=4.848ns})
  Destination:            u_mlkem/u_alu/wb_reg[7]/D
                            (rising edge-triggered cell FDRE clocked by clk_core_mmcm  {rise@0.000ns fall@2.424ns period=4.848ns})
  Path Group:             clk_core_mmcm
  Path Type:              Setup (Max at Slow Process Corner)
  Requirement:            4.848ns  (clk_core_mmcm rise@4.848ns - clk_core_mmcm rise@0.000ns)
  Data Path Delay:        9.192ns  (logic 3.936ns (42.818%)  route 5.256ns (57.182%))
  Logic Levels:           16  (CARRY4=6 LUT2=2 LUT3=1 LUT4=1 LUT5=1 LUT6=5)
  Clock Path Skew:        -0.046ns (DCD - SCD + CPR)
    Destination Clock Delay (DCD):    8.863ns = ( 13.712 - 4.848 ) 
    Source Clock Delay      (SCD):    9.410ns
    Clock Pessimism Removal (CPR):    0.500ns
  Clock Uncertainty:      0.074ns  ((TSJ^2 + DJ^2)^1/2) / 2 + PE
    Total System Jitter     (TSJ):    0.071ns
    Discrete Jitter          (DJ):    0.131ns
    Phase Error              (PE):    0.000ns

    Location             Delay type                Incr(ns)  Path(ns)    Netlist Resource(s)
  -------------------------------------------------------------------    -------------------
                         (clock clk_core_mmcm rise edge)
                                                      0.000     0.000 r  
    E3                                                0.000     0.000 r  clk_100mhz (IN)
                         net (fo=0)                   0.000     0.000    clk_100mhz
    E3                   IBUF (Prop_ibuf_I_O)         1.482     1.482 r  clk_100mhz_IBUF_inst/O
                         net (fo=1, routed)           2.025     3.506    clk_100mhz_IBUF
    BUFGCTRL_X0Y16       BUFG (Prop_bufg_I_O)         0.096     3.602 r  clk_100mhz_IBUF_BUFG_inst/O
                         net (fo=2651, routed)        1.809     5.412    clk_100mhz_IBUF_BUFG
    MMCME2_ADV_X0Y0      MMCME2_ADV (Prop_mmcme2_adv_CLKIN1_CLKOUT0)
                                                      0.088     5.500 r  u_mmcm/CLKOUT0
                         net (fo=1, routed)           2.018     7.518    clk_core_mmcm
    BUFGCTRL_X0Y0        BUFG (Prop_bufg_I_O)         0.096     7.614 r  u_bufg_core/O
                         net (fo=3686, routed)        1.795     9.410    u_mlkem/u_alu/clk_core
    SLICE_X65Y17         FDRE                                         r  u_mlkem/u_alu/p00_reg[3][1]_srl3_srlopt/C
  -------------------------------------------------------------------    -------------------
    SLICE_X65Y17         FDRE (Prop_fdre_C_Q)         0.456     9.866 r  u_mlkem/u_alu/p00_reg[3][1]_srl3_srlopt/Q
                         net (fo=2, routed)           0.595    10.460    u_mlkem/u_alu/u_mul1/p00_reg[4]_2[1]
    SLICE_X63Y17         LUT2 (Prop_lut2_I0_O)        0.124    10.584 r  u_mlkem/u_alu/u_mul1/wb[0]_i_14/O
                         net (fo=1, routed)           0.000    10.584    u_mlkem/u_alu/u_mul1/wb[0]_i_14_n_0
    SLICE_X63Y17         CARRY4 (Prop_carry4_S[1]_CO[3])
                                                      0.550    11.134 r  u_mlkem/u_alu/u_mul1/wb_reg[0]_i_9/CO[3]
                         net (fo=1, routed)           0.000    11.134    u_mlkem/u_alu/u_mul1/wb_reg[0]_i_9_n_0
    SLICE_X63Y18         CARRY4 (Prop_carry4_CI_CO[3])
                                                      0.114    11.248 r  u_mlkem/u_alu/u_mul1/wb_reg[8]_i_12/CO[3]
                         net (fo=1, routed)           0.000    11.248    u_mlkem/u_alu/u_mul1/wb_reg[8]_i_12_n_0
    SLICE_X63Y19         CARRY4 (Prop_carry4_CI_O[3])
                                                      0.313    11.561 r  u_mlkem/u_alu/u_mul1/wb_reg[11]_i_29/O[3]
                         net (fo=4, routed)           0.630    12.191    u_mlkem/u_alu/u_mul1/wb_reg[11]_i_29_n_4
    SLICE_X65Y18         LUT3 (Prop_lut3_I0_O)        0.306    12.497 r  u_mlkem/u_alu/u_mul1/wb[0]_i_17/O
                         net (fo=2, routed)           0.611    13.109    u_mlkem/u_alu/u_mul1/wb[0]_i_17_n_0
    SLICE_X62Y18         LUT6 (Prop_lut6_I3_O)        0.124    13.233 r  u_mlkem/u_alu/u_mul1/wb[0]_i_16/O
                         net (fo=1, routed)           0.165    13.398    u_mlkem/u_alu/u_mul1/wb[0]_i_16_n_0
    SLICE_X62Y18         LUT6 (Prop_lut6_I0_O)        0.124    13.522 r  u_mlkem/u_alu/u_mul1/wb[0]_i_10/O
                         net (fo=12, routed)          0.571    14.092    u_mlkem/u_alu/u_mul1/wb[0]_i_10_n_0
    SLICE_X61Y17         LUT4 (Prop_lut4_I2_O)        0.124    14.216 r  u_mlkem/u_alu/u_mul1/wb[0]_i_7/O
                         net (fo=1, routed)           0.000    14.216    u_mlkem/u_alu/u_mul1/wb[0]_i_7_n_0
    SLICE_X61Y17         CARRY4 (Prop_carry4_S[1]_CO[3])
                                                      0.550    14.766 r  u_mlkem/u_alu/u_mul1/wb_reg[0]_i_3/CO[3]
                         net (fo=1, routed)           0.000    14.766    u_mlkem/u_alu/u_mul1/wb_reg[0]_i_3_n_0
    SLICE_X61Y18         CARRY4 (Prop_carry4_CI_CO[3])
                                                      0.114    14.880 r  u_mlkem/u_alu/u_mul1/wb_reg[8]_i_4/CO[3]
                         net (fo=1, routed)           0.000    14.880    u_mlkem/u_alu/u_mul1/wb_reg[8]_i_4_n_0
    SLICE_X61Y19         CARRY4 (Prop_carry4_CI_O[2])
                                                      0.239    15.119 f  u_mlkem/u_alu/u_mul1/wb_reg[11]_i_7/O[2]
                         net (fo=5, routed)           0.626    15.745    u_mlkem/u_alu/u_mul1/wb_reg[11]_i_7_n_5
    SLICE_X60Y20         LUT2 (Prop_lut2_I0_O)        0.302    16.047 f  u_mlkem/u_alu/u_mul1/wb[11]_i_28/O
                         net (fo=1, routed)           0.306    16.353    u_mlkem/u_alu/u_mul1/wb[11]_i_28_n_0
    SLICE_X60Y21         LUT6 (Prop_lut6_I4_O)        0.124    16.477 f  u_mlkem/u_alu/u_mul1/wb[11]_i_15/O
                         net (fo=1, routed)           0.908    17.385    u_mlkem/u_alu/u_mul1/wb[11]_i_15_n_0
    SLICE_X61Y16         LUT6 (Prop_lut6_I2_O)        0.124    17.509 r  u_mlkem/u_alu/u_mul1/wb[11]_i_6/O
                         net (fo=12, routed)          0.242    17.752    u_mlkem/u_alu/u_mul1/wb[11]_i_6_n_0
    SLICE_X61Y16         LUT6 (Prop_lut6_I0_O)        0.124    17.876 r  u_mlkem/u_alu/u_mul1/wb[7]_i_2/O
                         net (fo=1, routed)           0.602    18.478    u_mlkem/u_alu/u_mul1/wb[7]_i_2_n_0
    SLICE_X58Y18         LUT5 (Prop_lut5_I0_O)        0.124    18.602 r  u_mlkem/u_alu/u_mul1/wb[7]_i_1/O
                         net (fo=1, routed)           0.000    18.602    u_mlkem/u_alu/u_mul1_n_4
    SLICE_X58Y18         FDRE                                         r  u_mlkem/u_alu/wb_reg[7]/D
  -------------------------------------------------------------------    -------------------

                         (clock clk_core_mmcm rise edge)
                                                      4.848     4.848 r  
    E3                                                0.000     4.848 r  clk_100mhz (IN)
                         net (fo=0)                   0.000     4.848    clk_100mhz
    E3                   IBUF (Prop_ibuf_I_O)         1.411     6.260 r  clk_100mhz_IBUF_inst/O
                         net (fo=1, routed)           1.920     8.180    clk_100mhz_IBUF
    BUFGCTRL_X0Y16       BUFG (Prop_bufg_I_O)         0.091     8.271 r  clk_100mhz_IBUF_BUFG_inst/O
                         net (fo=2651, routed)        1.683     9.954    clk_100mhz_IBUF_BUFG
    MMCME2_ADV_X0Y0      MMCME2_ADV (Prop_mmcme2_adv_CLKIN1_CLKOUT0)
                                                      0.083    10.037 r  u_mmcm/CLKOUT0
                         net (fo=1, routed)           1.923    11.960    clk_core_mmcm
    BUFGCTRL_X0Y0        BUFG (Prop_bufg_I_O)         0.091    12.051 r  u_bufg_core/O
                         net (fo=3686, routed)        1.661    13.712    u_mlkem/u_alu/clk_core
    SLICE_X58Y18         FDRE                                         r  u_mlkem/u_alu/wb_reg[7]/C
                         clock pessimism              0.500    14.212    
                         clock uncertainty           -0.074    14.137    
    SLICE_X58Y18         FDRE (Setup_fdre_C_D)        0.079    14.216    u_mlkem/u_alu/wb_reg[7]
  -------------------------------------------------------------------
                         required time                         14.216    
                         arrival time                         -18.602    
  -------------------------------------------------------------------
                         slack                                 -4.385    

Slack (VIOLATED) :        -4.384ns  (required time - arrival time)
  Source:                 u_mlkem/u_alu/p00_reg[3][1]_srl3_srlopt/C
                            (rising edge-triggered cell FDRE clocked by clk_core_mmcm  {rise@0.000ns fall@2.424ns period=4.848ns})
  Destination:            u_mlkem/u_alu/wb_reg[8]/D
                            (rising edge-triggered cell FDRE clocked by clk_core_mmcm  {rise@0.000ns fall@2.424ns period=4.848ns})
  Path Group:             clk_core_mmcm
  Path Type:              Setup (Max at Slow Process Corner)
  Requirement:            4.848ns  (clk_core_mmcm rise@4.848ns - clk_core_mmcm rise@0.000ns)
  Data Path Delay:        9.191ns  (logic 3.936ns (42.824%)  route 5.255ns (57.176%))
  Logic Levels:           16  (CARRY4=6 LUT2=2 LUT3=1 LUT4=1 LUT5=1 LUT6=5)
  Clock Path Skew:        -0.046ns (DCD - SCD + CPR)
    Destination Clock Delay (DCD):    8.863ns = ( 13.712 - 4.848 ) 
    Source Clock Delay      (SCD):    9.410ns
    Clock Pessimism Removal (CPR):    0.500ns
  Clock Uncertainty:      0.074ns  ((TSJ^2 + DJ^2)^1/2) / 2 + PE
    Total System Jitter     (TSJ):    0.071ns
    Discrete Jitter          (DJ):    0.131ns
    Phase Error              (PE):    0.000ns

    Location             Delay type                Incr(ns)  Path(ns)    Netlist Resource(s)
  -------------------------------------------------------------------    -------------------
                         (clock clk_core_mmcm rise edge)
                                                      0.000     0.000 r  
    E3                                                0.000     0.000 r  clk_100mhz (IN)
                         net (fo=0)                   0.000     0.000    clk_100mhz
    E3                   IBUF (Prop_ibuf_I_O)         1.482     1.482 r  clk_100mhz_IBUF_inst/O
                         net (fo=1, routed)           2.025     3.506    clk_100mhz_IBUF
    BUFGCTRL_X0Y16       BUFG (Prop_bufg_I_O)         0.096     3.602 r  clk_100mhz_IBUF_BUFG_inst/O
                         net (fo=2651, routed)        1.809     5.412    clk_100mhz_IBUF_BUFG
    MMCME2_ADV_X0Y0      MMCME2_ADV (Prop_mmcme2_adv_CLKIN1_CLKOUT0)
                                                      0.088     5.500 r  u_mmcm/CLKOUT0
                         net (fo=1, routed)           2.018     7.518    clk_core_mmcm
    BUFGCTRL_X0Y0        BUFG (Prop_bufg_I_O)         0.096     7.614 r  u_bufg_core/O
                         net (fo=3686, routed)        1.795     9.410    u_mlkem/u_alu/clk_core
    SLICE_X65Y17         FDRE                                         r  u_mlkem/u_alu/p00_reg[3][1]_srl3_srlopt/C
  -------------------------------------------------------------------    -------------------
    SLICE_X65Y17         FDRE (Prop_fdre_C_Q)         0.456     9.866 r  u_mlkem/u_alu/p00_reg[3][1]_srl3_srlopt/Q
                         net (fo=2, routed)           0.595    10.460    u_mlkem/u_alu/u_mul1/p00_reg[4]_2[1]
    SLICE_X63Y17         LUT2 (Prop_lut2_I0_O)        0.124    10.584 r  u_mlkem/u_alu/u_mul1/wb[0]_i_14/O
                         net (fo=1, routed)           0.000    10.584    u_mlkem/u_alu/u_mul1/wb[0]_i_14_n_0
    SLICE_X63Y17         CARRY4 (Prop_carry4_S[1]_CO[3])
                                                      0.550    11.134 r  u_mlkem/u_alu/u_mul1/wb_reg[0]_i_9/CO[3]
                         net (fo=1, routed)           0.000    11.134    u_mlkem/u_alu/u_mul1/wb_reg[0]_i_9_n_0
    SLICE_X63Y18         CARRY4 (Prop_carry4_CI_CO[3])
                                                      0.114    11.248 r  u_mlkem/u_alu/u_mul1/wb_reg[8]_i_12/CO[3]
                         net (fo=1, routed)           0.000    11.248    u_mlkem/u_alu/u_mul1/wb_reg[8]_i_12_n_0
    SLICE_X63Y19         CARRY4 (Prop_carry4_CI_O[3])
                                                      0.313    11.561 r  u_mlkem/u_alu/u_mul1/wb_reg[11]_i_29/O[3]
                         net (fo=4, routed)           0.630    12.191    u_mlkem/u_alu/u_mul1/wb_reg[11]_i_29_n_4
    SLICE_X65Y18         LUT3 (Prop_lut3_I0_O)        0.306    12.497 r  u_mlkem/u_alu/u_mul1/wb[0]_i_17/O
                         net (fo=2, routed)           0.611    13.109    u_mlkem/u_alu/u_mul1/wb[0]_i_17_n_0
    SLICE_X62Y18         LUT6 (Prop_lut6_I3_O)        0.124    13.233 r  u_mlkem/u_alu/u_mul1/wb[0]_i_16/O
                         net (fo=1, routed)           0.165    13.398    u_mlkem/u_alu/u_mul1/wb[0]_i_16_n_0
    SLICE_X62Y18         LUT6 (Prop_lut6_I0_O)        0.124    13.522 r  u_mlkem/u_alu/u_mul1/wb[0]_i_10/O
                         net (fo=12, routed)          0.571    14.092    u_mlkem/u_alu/u_mul1/wb[0]_i_10_n_0
    SLICE_X61Y17         LUT4 (Prop_lut4_I2_O)        0.124    14.216 r  u_mlkem/u_alu/u_mul1/wb[0]_i_7/O
                         net (fo=1, routed)           0.000    14.216    u_mlkem/u_alu/u_mul1/wb[0]_i_7_n_0
    SLICE_X61Y17         CARRY4 (Prop_carry4_S[1]_CO[3])
                                                      0.550    14.766 r  u_mlkem/u_alu/u_mul1/wb_reg[0]_i_3/CO[3]
                         net (fo=1, routed)           0.000    14.766    u_mlkem/u_alu/u_mul1/wb_reg[0]_i_3_n_0
    SLICE_X61Y18         CARRY4 (Prop_carry4_CI_CO[3])
                                                      0.114    14.880 r  u_mlkem/u_alu/u_mul1/wb_reg[8]_i_4/CO[3]
                         net (fo=1, routed)           0.000    14.880    u_mlkem/u_alu/u_mul1/wb_reg[8]_i_4_n_0
    SLICE_X61Y19         CARRY4 (Prop_carry4_CI_O[2])
                                                      0.239    15.119 f  u_mlkem/u_alu/u_mul1/wb_reg[11]_i_7/O[2]
                         net (fo=5, routed)           0.626    15.745    u_mlkem/u_alu/u_mul1/wb_reg[11]_i_7_n_5
    SLICE_X60Y20         LUT2 (Prop_lut2_I0_O)        0.302    16.047 f  u_mlkem/u_alu/u_mul1/wb[11]_i_28/O
                         net (fo=1, routed)           0.306    16.353    u_mlkem/u_alu/u_mul1/wb[11]_i_28_n_0
    SLICE_X60Y21         LUT6 (Prop_lut6_I4_O)        0.124    16.477 f  u_mlkem/u_alu/u_mul1/wb[11]_i_15/O
                         net (fo=1, routed)           0.908    17.385    u_mlkem/u_alu/u_mul1/wb[11]_i_15_n_0
    SLICE_X61Y16         LUT6 (Prop_lut6_I2_O)        0.124    17.509 r  u_mlkem/u_alu/u_mul1/wb[11]_i_6/O
                         net (fo=12, routed)          0.400    17.910    u_mlkem/u_alu/u_mul1/wb[11]_i_6_n_0
    SLICE_X58Y16         LUT6 (Prop_lut6_I0_O)        0.124    18.034 r  u_mlkem/u_alu/u_mul1/wb[8]_i_2/O
                         net (fo=1, routed)           0.443    18.477    u_mlkem/u_alu/u_mul1/wb[8]_i_2_n_0
    SLICE_X58Y18         LUT5 (Prop_lut5_I0_O)        0.124    18.601 r  u_mlkem/u_alu/u_mul1/wb[8]_i_1/O
                         net (fo=1, routed)           0.000    18.601    u_mlkem/u_alu/u_mul1_n_3
    SLICE_X58Y18         FDRE                                         r  u_mlkem/u_alu/wb_reg[8]/D
  -------------------------------------------------------------------    -------------------

                         (clock clk_core_mmcm rise edge)
                                                      4.848     4.848 r  
    E3                                                0.000     4.848 r  clk_100mhz (IN)
                         net (fo=0)                   0.000     4.848    clk_100mhz
    E3                   IBUF (Prop_ibuf_I_O)         1.411     6.260 r  clk_100mhz_IBUF_inst/O
                         net (fo=1, routed)           1.920     8.180    clk_100mhz_IBUF
    BUFGCTRL_X0Y16       BUFG (Prop_bufg_I_O)         0.091     8.271 r  clk_100mhz_IBUF_BUFG_inst/O
                         net (fo=2651, routed)        1.683     9.954    clk_100mhz_IBUF_BUFG
    MMCME2_ADV_X0Y0      MMCME2_ADV (Prop_mmcme2_adv_CLKIN1_CLKOUT0)
                                                      0.083    10.037 r  u_mmcm/CLKOUT0
                         net (fo=1, routed)           1.923    11.960    clk_core_mmcm
    BUFGCTRL_X0Y0        BUFG (Prop_bufg_I_O)         0.091    12.051 r  u_bufg_core/O
                         net (fo=3686, routed)        1.661    13.712    u_mlkem/u_alu/clk_core
    SLICE_X58Y18         FDRE                                         r  u_mlkem/u_alu/wb_reg[8]/C
                         clock pessimism              0.500    14.212    
                         clock uncertainty           -0.074    14.137    
    SLICE_X58Y18         FDRE (Setup_fdre_C_D)        0.079    14.216    u_mlkem/u_alu/wb_reg[8]
  -------------------------------------------------------------------
                         required time                         14.216    
                         arrival time                         -18.601    
  -------------------------------------------------------------------
                         slack                                 -4.384    

Slack (VIOLATED) :        -4.363ns  (required time - arrival time)
  Source:                 u_mlkem/u_alu/p00_reg[3][1]_srl3_srlopt/C
                            (rising edge-triggered cell FDRE clocked by clk_core_mmcm  {rise@0.000ns fall@2.424ns period=4.848ns})
  Destination:            u_mlkem/u_alu/wb_reg[6]/D
                            (rising edge-triggered cell FDRE clocked by clk_core_mmcm  {rise@0.000ns fall@2.424ns period=4.848ns})
  Path Group:             clk_core_mmcm
  Path Type:              Setup (Max at Slow Process Corner)
  Requirement:            4.848ns  (clk_core_mmcm rise@4.848ns - clk_core_mmcm rise@0.000ns)
  Data Path Delay:        9.126ns  (logic 3.812ns (41.771%)  route 5.314ns (58.229%))
  Logic Levels:           15  (CARRY4=6 LUT2=1 LUT3=2 LUT4=2 LUT5=1 LUT6=3)
  Clock Path Skew:        -0.042ns (DCD - SCD + CPR)
    Destination Clock Delay (DCD):    8.867ns = ( 13.716 - 4.848 ) 
    Source Clock Delay      (SCD):    9.410ns
    Clock Pessimism Removal (CPR):    0.500ns
  Clock Uncertainty:      0.074ns  ((TSJ^2 + DJ^2)^1/2) / 2 + PE
    Total System Jitter     (TSJ):    0.071ns
    Discrete Jitter          (DJ):    0.131ns
    Phase Error              (PE):    0.000ns

    Location             Delay type                Incr(ns)  Path(ns)    Netlist Resource(s)
  -------------------------------------------------------------------    -------------------
                         (clock clk_core_mmcm rise edge)
                                                      0.000     0.000 r  
    E3                                                0.000     0.000 r  clk_100mhz (IN)
                         net (fo=0)                   0.000     0.000    clk_100mhz
    E3                   IBUF (Prop_ibuf_I_O)         1.482     1.482 r  clk_100mhz_IBUF_inst/O
                         net (fo=1, routed)           2.025     3.506    clk_100mhz_IBUF
    BUFGCTRL_X0Y16       BUFG (Prop_bufg_I_O)         0.096     3.602 r  clk_100mhz_IBUF_BUFG_inst/O
                         net (fo=2651, routed)        1.809     5.412    clk_100mhz_IBUF_BUFG
    MMCME2_ADV_X0Y0      MMCME2_ADV (Prop_mmcme2_adv_CLKIN1_CLKOUT0)
                                                      0.088     5.500 r  u_mmcm/CLKOUT0
                         net (fo=1, routed)           2.018     7.518    clk_core_mmcm
    BUFGCTRL_X0Y0        BUFG (Prop_bufg_I_O)         0.096     7.614 r  u_bufg_core/O
                         net (fo=3686, routed)        1.795     9.410    u_mlkem/u_alu/clk_core
    SLICE_X65Y17         FDRE                                         r  u_mlkem/u_alu/p00_reg[3][1]_srl3_srlopt/C
  -------------------------------------------------------------------    -------------------
    SLICE_X65Y17         FDRE (Prop_fdre_C_Q)         0.456     9.866 r  u_mlkem/u_alu/p00_reg[3][1]_srl3_srlopt/Q
                         net (fo=2, routed)           0.595    10.460    u_mlkem/u_alu/u_mul1/p00_reg[4]_2[1]
    SLICE_X63Y17         LUT2 (Prop_lut2_I0_O)        0.124    10.584 r  u_mlkem/u_alu/u_mul1/wb[0]_i_14/O
                         net (fo=1, routed)           0.000    10.584    u_mlkem/u_alu/u_mul1/wb[0]_i_14_n_0
    SLICE_X63Y17         CARRY4 (Prop_carry4_S[1]_CO[3])
                                                      0.550    11.134 r  u_mlkem/u_alu/u_mul1/wb_reg[0]_i_9/CO[3]
                         net (fo=1, routed)           0.000    11.134    u_mlkem/u_alu/u_mul1/wb_reg[0]_i_9_n_0
    SLICE_X63Y18         CARRY4 (Prop_carry4_CI_CO[3])
                                                      0.114    11.248 r  u_mlkem/u_alu/u_mul1/wb_reg[8]_i_12/CO[3]
                         net (fo=1, routed)           0.000    11.248    u_mlkem/u_alu/u_mul1/wb_reg[8]_i_12_n_0
    SLICE_X63Y19         CARRY4 (Prop_carry4_CI_O[3])
                                                      0.313    11.561 r  u_mlkem/u_alu/u_mul1/wb_reg[11]_i_29/O[3]
                         net (fo=4, routed)           0.630    12.191    u_mlkem/u_alu/u_mul1/wb_reg[11]_i_29_n_4
    SLICE_X65Y18         LUT3 (Prop_lut3_I0_O)        0.306    12.497 r  u_mlkem/u_alu/u_mul1/wb[0]_i_17/O
                         net (fo=2, routed)           0.611    13.109    u_mlkem/u_alu/u_mul1/wb[0]_i_17_n_0
    SLICE_X62Y18         LUT6 (Prop_lut6_I3_O)        0.124    13.233 r  u_mlkem/u_alu/u_mul1/wb[0]_i_16/O
                         net (fo=1, routed)           0.165    13.398    u_mlkem/u_alu/u_mul1/wb[0]_i_16_n_0
    SLICE_X62Y18         LUT6 (Prop_lut6_I0_O)        0.124    13.522 r  u_mlkem/u_alu/u_mul1/wb[0]_i_10/O
                         net (fo=12, routed)          0.571    14.092    u_mlkem/u_alu/u_mul1/wb[0]_i_10_n_0
    SLICE_X61Y17         LUT4 (Prop_lut4_I2_O)        0.124    14.216 r  u_mlkem/u_alu/u_mul1/wb[0]_i_7/O
                         net (fo=1, routed)           0.000    14.216    u_mlkem/u_alu/u_mul1/wb[0]_i_7_n_0
    SLICE_X61Y17         CARRY4 (Prop_carry4_S[1]_CO[3])
                                                      0.550    14.766 r  u_mlkem/u_alu/u_mul1/wb_reg[0]_i_3/CO[3]
                         net (fo=1, routed)           0.000    14.766    u_mlkem/u_alu/u_mul1/wb_reg[0]_i_3_n_0
    SLICE_X61Y18         CARRY4 (Prop_carry4_CI_CO[3])
                                                      0.114    14.880 r  u_mlkem/u_alu/u_mul1/wb_reg[8]_i_4/CO[3]
                         net (fo=1, routed)           0.000    14.880    u_mlkem/u_alu/u_mul1/wb_reg[8]_i_4_n_0
    SLICE_X61Y19         CARRY4 (Prop_carry4_CI_O[2])
                                                      0.239    15.119 r  u_mlkem/u_alu/u_mul1/wb_reg[11]_i_7/O[2]
                         net (fo=5, routed)           0.720    15.839    u_mlkem/u_alu/u_mul1/wb_reg[11]_i_7_n_5
    SLICE_X60Y20         LUT3 (Prop_lut3_I1_O)        0.302    16.141 r  u_mlkem/u_alu/u_mul1/wb[11]_i_16/O
                         net (fo=4, routed)           0.893    17.033    u_mlkem/u_alu/u_mul1/wb[11]_i_16_n_0
    SLICE_X60Y19         LUT6 (Prop_lut6_I3_O)        0.124    17.157 r  u_mlkem/u_alu/u_mul1/wb[11]_i_12/O
                         net (fo=1, routed)           0.502    17.659    u_mlkem/u_alu/u_mul1/wb[11]_i_12_n_0
    SLICE_X60Y19         LUT4 (Prop_lut4_I0_O)        0.124    17.783 r  u_mlkem/u_alu/u_mul1/wb[11]_i_4/O
                         net (fo=12, routed)          0.628    18.411    u_mlkem/u_alu/u_mul1/wb[11]_i_4_n_0
    SLICE_X61Y15         LUT5 (Prop_lut5_I3_O)        0.124    18.535 r  u_mlkem/u_alu/u_mul1/wb[6]_i_1/O
                         net (fo=1, routed)           0.000    18.535    u_mlkem/u_alu/u_mul1_n_5
    SLICE_X61Y15         FDRE                                         r  u_mlkem/u_alu/wb_reg[6]/D
  -------------------------------------------------------------------    -------------------

                         (clock clk_core_mmcm rise edge)
                                                      4.848     4.848 r  
    E3                                                0.000     4.848 r  clk_100mhz (IN)
                         net (fo=0)                   0.000     4.848    clk_100mhz
    E3                   IBUF (Prop_ibuf_I_O)         1.411     6.260 r  clk_100mhz_IBUF_inst/O
                         net (fo=1, routed)           1.920     8.180    clk_100mhz_IBUF
    BUFGCTRL_X0Y16       BUFG (Prop_bufg_I_O)         0.091     8.271 r  clk_100mhz_IBUF_BUFG_inst/O
                         net (fo=2651, routed)        1.683     9.954    clk_100mhz_IBUF_BUFG
    MMCME2_ADV_X0Y0      MMCME2_ADV (Prop_mmcme2_adv_CLKIN1_CLKOUT0)
                                                      0.083    10.037 r  u_mmcm/CLKOUT0
                         net (fo=1, routed)           1.923    11.960    clk_core_mmcm
    BUFGCTRL_X0Y0        BUFG (Prop_bufg_I_O)         0.091    12.051 r  u_bufg_core/O
                         net (fo=3686, routed)        1.665    13.716    u_mlkem/u_alu/clk_core
    SLICE_X61Y15         FDRE                                         r  u_mlkem/u_alu/wb_reg[6]/C
                         clock pessimism              0.500    14.216    
                         clock uncertainty           -0.074    14.141    
    SLICE_X61Y15         FDRE (Setup_fdre_C_D)        0.031    14.172    u_mlkem/u_alu/wb_reg[6]
  -------------------------------------------------------------------
                         required time                         14.172    
                         arrival time                         -18.535    
  -------------------------------------------------------------------
                         slack                                 -4.363    

Slack (VIOLATED) :        -4.319ns  (required time - arrival time)
  Source:                 u_mlkem/u_alu/p00_reg[3][1]_srl3_srlopt/C
                            (rising edge-triggered cell FDRE clocked by clk_core_mmcm  {rise@0.000ns fall@2.424ns period=4.848ns})
  Destination:            u_mlkem/u_alu/wb_reg[2]/D
                            (rising edge-triggered cell FDRE clocked by clk_core_mmcm  {rise@0.000ns fall@2.424ns period=4.848ns})
  Path Group:             clk_core_mmcm
  Path Type:              Setup (Max at Slow Process Corner)
  Requirement:            4.848ns  (clk_core_mmcm rise@4.848ns - clk_core_mmcm rise@0.000ns)
  Data Path Delay:        9.124ns  (logic 3.812ns (41.782%)  route 5.312ns (58.218%))
  Logic Levels:           15  (CARRY4=6 LUT2=1 LUT3=2 LUT4=2 LUT5=1 LUT6=3)
  Clock Path Skew:        -0.046ns (DCD - SCD + CPR)
    Destination Clock Delay (DCD):    8.863ns = ( 13.712 - 4.848 ) 
    Source Clock Delay      (SCD):    9.410ns
    Clock Pessimism Removal (CPR):    0.500ns
  Clock Uncertainty:      0.074ns  ((TSJ^2 + DJ^2)^1/2) / 2 + PE
    Total System Jitter     (TSJ):    0.071ns
    Discrete Jitter          (DJ):    0.131ns
    Phase Error              (PE):    0.000ns

    Location             Delay type                Incr(ns)  Path(ns)    Netlist Resource(s)
  -------------------------------------------------------------------    -------------------
                         (clock clk_core_mmcm rise edge)
                                                      0.000     0.000 r  
    E3                                                0.000     0.000 r  clk_100mhz (IN)
                         net (fo=0)                   0.000     0.000    clk_100mhz
    E3                   IBUF (Prop_ibuf_I_O)         1.482     1.482 r  clk_100mhz_IBUF_inst/O
                         net (fo=1, routed)           2.025     3.506    clk_100mhz_IBUF
    BUFGCTRL_X0Y16       BUFG (Prop_bufg_I_O)         0.096     3.602 r  clk_100mhz_IBUF_BUFG_inst/O
                         net (fo=2651, routed)        1.809     5.412    clk_100mhz_IBUF_BUFG
    MMCME2_ADV_X0Y0      MMCME2_ADV (Prop_mmcme2_adv_CLKIN1_CLKOUT0)
                                                      0.088     5.500 r  u_mmcm/CLKOUT0
                         net (fo=1, routed)           2.018     7.518    clk_core_mmcm
    BUFGCTRL_X0Y0        BUFG (Prop_bufg_I_O)         0.096     7.614 r  u_bufg_core/O
                         net (fo=3686, routed)        1.795     9.410    u_mlkem/u_alu/clk_core
    SLICE_X65Y17         FDRE                                         r  u_mlkem/u_alu/p00_reg[3][1]_srl3_srlopt/C
  -------------------------------------------------------------------    -------------------
    SLICE_X65Y17         FDRE (Prop_fdre_C_Q)         0.456     9.866 r  u_mlkem/u_alu/p00_reg[3][1]_srl3_srlopt/Q
                         net (fo=2, routed)           0.595    10.460    u_mlkem/u_alu/u_mul1/p00_reg[4]_2[1]
    SLICE_X63Y17         LUT2 (Prop_lut2_I0_O)        0.124    10.584 r  u_mlkem/u_alu/u_mul1/wb[0]_i_14/O
                         net (fo=1, routed)           0.000    10.584    u_mlkem/u_alu/u_mul1/wb[0]_i_14_n_0
    SLICE_X63Y17         CARRY4 (Prop_carry4_S[1]_CO[3])
                                                      0.550    11.134 r  u_mlkem/u_alu/u_mul1/wb_reg[0]_i_9/CO[3]
                         net (fo=1, routed)           0.000    11.134    u_mlkem/u_alu/u_mul1/wb_reg[0]_i_9_n_0
    SLICE_X63Y18         CARRY4 (Prop_carry4_CI_CO[3])
                                                      0.114    11.248 r  u_mlkem/u_alu/u_mul1/wb_reg[8]_i_12/CO[3]
                         net (fo=1, routed)           0.000    11.248    u_mlkem/u_alu/u_mul1/wb_reg[8]_i_12_n_0
    SLICE_X63Y19         CARRY4 (Prop_carry4_CI_O[3])
                                                      0.313    11.561 r  u_mlkem/u_alu/u_mul1/wb_reg[11]_i_29/O[3]
                         net (fo=4, routed)           0.630    12.191    u_mlkem/u_alu/u_mul1/wb_reg[11]_i_29_n_4
    SLICE_X65Y18         LUT3 (Prop_lut3_I0_O)        0.306    12.497 r  u_mlkem/u_alu/u_mul1/wb[0]_i_17/O
                         net (fo=2, routed)           0.611    13.109    u_mlkem/u_alu/u_mul1/wb[0]_i_17_n_0
    SLICE_X62Y18         LUT6 (Prop_lut6_I3_O)        0.124    13.233 r  u_mlkem/u_alu/u_mul1/wb[0]_i_16/O
                         net (fo=1, routed)           0.165    13.398    u_mlkem/u_alu/u_mul1/wb[0]_i_16_n_0
    SLICE_X62Y18         LUT6 (Prop_lut6_I0_O)        0.124    13.522 r  u_mlkem/u_alu/u_mul1/wb[0]_i_10/O
                         net (fo=12, routed)          0.571    14.092    u_mlkem/u_alu/u_mul1/wb[0]_i_10_n_0
    SLICE_X61Y17         LUT4 (Prop_lut4_I2_O)        0.124    14.216 r  u_mlkem/u_alu/u_mul1/wb[0]_i_7/O
                         net (fo=1, routed)           0.000    14.216    u_mlkem/u_alu/u_mul1/wb[0]_i_7_n_0
    SLICE_X61Y17         CARRY4 (Prop_carry4_S[1]_CO[3])
                                                      0.550    14.766 r  u_mlkem/u_alu/u_mul1/wb_reg[0]_i_3/CO[3]
                         net (fo=1, routed)           0.000    14.766    u_mlkem/u_alu/u_mul1/wb_reg[0]_i_3_n_0
    SLICE_X61Y18         CARRY4 (Prop_carry4_CI_CO[3])
                                                      0.114    14.880 r  u_mlkem/u_alu/u_mul1/wb_reg[8]_i_4/CO[3]
                         net (fo=1, routed)           0.000    14.880    u_mlkem/u_alu/u_mul1/wb_reg[8]_i_4_n_0
    SLICE_X61Y19         CARRY4 (Prop_carry4_CI_O[2])
                                                      0.239    15.119 r  u_mlkem/u_alu/u_mul1/wb_reg[11]_i_7/O[2]
                         net (fo=5, routed)           0.720    15.839    u_mlkem/u_alu/u_mul1/wb_reg[11]_i_7_n_5
    SLICE_X60Y20         LUT3 (Prop_lut3_I1_O)        0.302    16.141 r  u_mlkem/u_alu/u_mul1/wb[11]_i_16/O
                         net (fo=4, routed)           0.893    17.033    u_mlkem/u_alu/u_mul1/wb[11]_i_16_n_0
    SLICE_X60Y19         LUT6 (Prop_lut6_I3_O)        0.124    17.157 r  u_mlkem/u_alu/u_mul1/wb[11]_i_12/O
                         net (fo=1, routed)           0.502    17.659    u_mlkem/u_alu/u_mul1/wb[11]_i_12_n_0
    SLICE_X60Y19         LUT4 (Prop_lut4_I0_O)        0.124    17.783 r  u_mlkem/u_alu/u_mul1/wb[11]_i_4/O
                         net (fo=12, routed)          0.626    18.409    u_mlkem/u_alu/u_mul1/wb[11]_i_4_n_0
    SLICE_X58Y18         LUT5 (Prop_lut5_I3_O)        0.124    18.533 r  u_mlkem/u_alu/u_mul1/wb[2]_i_1/O
                         net (fo=1, routed)           0.000    18.533    u_mlkem/u_alu/u_mul1_n_9
    SLICE_X58Y18         FDRE                                         r  u_mlkem/u_alu/wb_reg[2]/D
  -------------------------------------------------------------------    -------------------

                         (clock clk_core_mmcm rise edge)
                                                      4.848     4.848 r  
    E3                                                0.000     4.848 r  clk_100mhz (IN)
                         net (fo=0)                   0.000     4.848    clk_100mhz
    E3                   IBUF (Prop_ibuf_I_O)         1.411     6.260 r  clk_100mhz_IBUF_inst/O
                         net (fo=1, routed)           1.920     8.180    clk_100mhz_IBUF
    BUFGCTRL_X0Y16       BUFG (Prop_bufg_I_O)         0.091     8.271 r  clk_100mhz_IBUF_BUFG_inst/O
                         net (fo=2651, routed)        1.683     9.954    clk_100mhz_IBUF_BUFG
    MMCME2_ADV_X0Y0      MMCME2_ADV (Prop_mmcme2_adv_CLKIN1_CLKOUT0)
                                                      0.083    10.037 r  u_mmcm/CLKOUT0
                         net (fo=1, routed)           1.923    11.960    clk_core_mmcm
    BUFGCTRL_X0Y0        BUFG (Prop_bufg_I_O)         0.091    12.051 r  u_bufg_core/O
                         net (fo=3686, routed)        1.661    13.712    u_mlkem/u_alu/clk_core
    SLICE_X58Y18         FDRE                                         r  u_mlkem/u_alu/wb_reg[2]/C
                         clock pessimism              0.500    14.212    
                         clock uncertainty           -0.074    14.137    
    SLICE_X58Y18         FDRE (Setup_fdre_C_D)        0.077    14.214    u_mlkem/u_alu/wb_reg[2]
  -------------------------------------------------------------------
                         required time                         14.214    
                         arrival time                         -18.533    
  -------------------------------------------------------------------
                         slack                                 -4.319    

Slack (VIOLATED) :        -4.070ns  (required time - arrival time)
  Source:                 u_mlkem/u_ctrl/unit_src_sponge_reg/C
                            (rising edge-triggered cell FDCE clocked by clk_core_mmcm  {rise@0.000ns fall@2.424ns period=4.848ns})
  Destination:            u_mlkem/u_unpack/cr_d_reg[50]/D
                            (rising edge-triggered cell FDRE clocked by clk_core_mmcm  {rise@0.000ns fall@2.424ns period=4.848ns})
  Path Group:             clk_core_mmcm
  Path Type:              Setup (Max at Slow Process Corner)
  Requirement:            4.848ns  (clk_core_mmcm rise@4.848ns - clk_core_mmcm rise@0.000ns)
  Data Path Delay:        8.853ns  (logic 5.020ns (56.701%)  route 3.833ns (43.299%))
  Logic Levels:           8  (CARRY4=6 LUT4=1 LUT6=1)
  Clock Path Skew:        -0.022ns (DCD - SCD + CPR)
    Destination Clock Delay (DCD):    8.880ns = ( 13.729 - 4.848 ) 
    Source Clock Delay      (SCD):    9.420ns
    Clock Pessimism Removal (CPR):    0.517ns
  Clock Uncertainty:      0.074ns  ((TSJ^2 + DJ^2)^1/2) / 2 + PE
    Total System Jitter     (TSJ):    0.071ns
    Discrete Jitter          (DJ):    0.131ns
    Phase Error              (PE):    0.000ns

    Location             Delay type                Incr(ns)  Path(ns)    Netlist Resource(s)
  -------------------------------------------------------------------    -------------------
                         (clock clk_core_mmcm rise edge)
                                                      0.000     0.000 r  
    E3                                                0.000     0.000 r  clk_100mhz (IN)
                         net (fo=0)                   0.000     0.000    clk_100mhz
    E3                   IBUF (Prop_ibuf_I_O)         1.482     1.482 r  clk_100mhz_IBUF_inst/O
                         net (fo=1, routed)           2.025     3.506    clk_100mhz_IBUF
    BUFGCTRL_X0Y16       BUFG (Prop_bufg_I_O)         0.096     3.602 r  clk_100mhz_IBUF_BUFG_inst/O
                         net (fo=2651, routed)        1.809     5.412    clk_100mhz_IBUF_BUFG
    MMCME2_ADV_X0Y0      MMCME2_ADV (Prop_mmcme2_adv_CLKIN1_CLKOUT0)
                                                      0.088     5.500 r  u_mmcm/CLKOUT0
                         net (fo=1, routed)           2.018     7.518    clk_core_mmcm
    BUFGCTRL_X0Y0        BUFG (Prop_bufg_I_O)         0.096     7.614 r  u_bufg_core/O
                         net (fo=3686, routed)        1.805     9.420    u_mlkem/u_ctrl/clk_core
    SLICE_X31Y33         FDCE                                         r  u_mlkem/u_ctrl/unit_src_sponge_reg/C
  -------------------------------------------------------------------    -------------------
    SLICE_X31Y33         FDCE (Prop_fdce_C_Q)         0.456     9.876 f  u_mlkem/u_ctrl/unit_src_sponge_reg/Q
                         net (fo=117, routed)         0.716    10.591    u_mlkem/u_sponge/cr_d_reg[0]
    SLICE_X32Y33         LUT4 (Prop_lut4_I1_O)        0.124    10.715 r  u_mlkem/u_sponge/cr_d[15]_i_6/O
                         net (fo=1, routed)           0.000    10.715    u_mlkem/u_sponge/cr_d[15]_i_6_n_0
    SLICE_X32Y33         CARRY4 (Prop_carry4_S[2]_CO[3])
                                                      0.398    11.113 r  u_mlkem/u_sponge/cr_d_reg[15]_i_3/CO[3]
                         net (fo=8, routed)           0.644    11.757    u_mlkem/u_sponge/cr_d_reg[15]_i_3_n_0
    SLICE_X31Y33         CARRY4 (Prop_carry4_CYINIT_CO[2])
                                                      0.592    12.349 r  u_mlkem/u_sponge/cr_d_reg[23]_i_3/CO[2]
                         net (fo=8, routed)           0.512    12.862    u_mlkem/u_sponge/cr_d_reg[23]_i_3_n_1
    SLICE_X28Y34         CARRY4 (Prop_carry4_CYINIT_CO[2])
                                                      0.781    13.643 r  u_mlkem/u_sponge/cr_d_reg[31]_i_3/CO[2]
                         net (fo=8, routed)           0.224    13.867    u_mlkem/u_sponge/cr_d_reg[31]_i_3_n_1
    SLICE_X29Y34         CARRY4 (Prop_carry4_CYINIT_CO[2])
                                                      0.781    14.648 r  u_mlkem/u_sponge/cr_d_reg[39]_i_3/CO[2]
                         net (fo=8, routed)           0.541    15.188    u_mlkem/u_sponge/cr_d_reg[39]_i_3_n_1
    SLICE_X30Y34         CARRY4 (Prop_carry4_CYINIT_CO[2])
                                                      0.797    15.985 r  u_mlkem/u_sponge/cr_d_reg[47]_i_3/CO[2]
                         net (fo=8, routed)           0.580    16.565    u_mlkem/u_sponge/cr_d_reg[47]_i_3_n_1
    SLICE_X32Y35         CARRY4 (Prop_carry4_CYINIT_CO[2])
                                                      0.778    17.343 f  u_mlkem/u_sponge/cr_d_reg[55]_i_3/CO[2]
                         net (fo=8, routed)           0.617    17.960    u_mlkem/u_sponge/cr_d_reg[55]_i_3_n_1
    SLICE_X31Y36         LUT6 (Prop_lut6_I5_O)        0.313    18.273 r  u_mlkem/u_sponge/cr_d[50]_i_1/O
                         net (fo=1, routed)           0.000    18.273    u_mlkem/u_unpack/cr_d_reg[63]_0[50]
    SLICE_X31Y36         FDRE                                         r  u_mlkem/u_unpack/cr_d_reg[50]/D
  -------------------------------------------------------------------    -------------------

                         (clock clk_core_mmcm rise edge)
                                                      4.848     4.848 r  
    E3                                                0.000     4.848 r  clk_100mhz (IN)
                         net (fo=0)                   0.000     4.848    clk_100mhz
    E3                   IBUF (Prop_ibuf_I_O)         1.411     6.260 r  clk_100mhz_IBUF_inst/O
                         net (fo=1, routed)           1.920     8.180    clk_100mhz_IBUF
    BUFGCTRL_X0Y16       BUFG (Prop_bufg_I_O)         0.091     8.271 r  clk_100mhz_IBUF_BUFG_inst/O
                         net (fo=2651, routed)        1.683     9.954    clk_100mhz_IBUF_BUFG
    MMCME2_ADV_X0Y0      MMCME2_ADV (Prop_mmcme2_adv_CLKIN1_CLKOUT0)
                                                      0.083    10.037 r  u_mmcm/CLKOUT0
                         net (fo=1, routed)           1.923    11.960    clk_core_mmcm
    BUFGCTRL_X0Y0        BUFG (Prop_bufg_I_O)         0.091    12.051 r  u_bufg_core/O
                         net (fo=3686, routed)        1.678    13.729    u_mlkem/u_unpack/clk_core
    SLICE_X31Y36         FDRE                                         r  u_mlkem/u_unpack/cr_d_reg[50]/C
                         clock pessimism              0.517    14.246    
                         clock uncertainty           -0.074    14.171    
    SLICE_X31Y36         FDRE (Setup_fdre_C_D)        0.031    14.202    u_mlkem/u_unpack/cr_d_reg[50]
  -------------------------------------------------------------------
                         required time                         14.202    
                         arrival time                         -18.273    
  -------------------------------------------------------------------
                         slack                                 -4.070    

Slack (VIOLATED) :        -3.998ns  (required time - arrival time)
  Source:                 u_mlkem/u_ctrl/unit_src_sponge_reg/C
                            (rising edge-triggered cell FDCE clocked by clk_core_mmcm  {rise@0.000ns fall@2.424ns period=4.848ns})
  Destination:            u_mlkem/u_unpack/cr_d_reg[54]/D
                            (rising edge-triggered cell FDRE clocked by clk_core_mmcm  {rise@0.000ns fall@2.424ns period=4.848ns})
  Path Group:             clk_core_mmcm
  Path Type:              Setup (Max at Slow Process Corner)
  Requirement:            4.848ns  (clk_core_mmcm rise@4.848ns - clk_core_mmcm rise@0.000ns)
  Data Path Delay:        8.779ns  (logic 5.020ns (57.179%)  route 3.759ns (42.821%))
  Logic Levels:           8  (CARRY4=6 LUT4=1 LUT6=1)
  Clock Path Skew:        -0.022ns (DCD - SCD + CPR)
    Destination Clock Delay (DCD):    8.880ns = ( 13.729 - 4.848 ) 
    Source Clock Delay      (SCD):    9.420ns
    Clock Pessimism Removal (CPR):    0.517ns
  Clock Uncertainty:      0.074ns  ((TSJ^2 + DJ^2)^1/2) / 2 + PE
    Total System Jitter     (TSJ):    0.071ns
    Discrete Jitter          (DJ):    0.131ns
    Phase Error              (PE):    0.000ns

    Location             Delay type                Incr(ns)  Path(ns)    Netlist Resource(s)
  -------------------------------------------------------------------    -------------------
                         (clock clk_core_mmcm rise edge)
                                                      0.000     0.000 r  
    E3                                                0.000     0.000 r  clk_100mhz (IN)
                         net (fo=0)                   0.000     0.000    clk_100mhz
    E3                   IBUF (Prop_ibuf_I_O)         1.482     1.482 r  clk_100mhz_IBUF_inst/O
                         net (fo=1, routed)           2.025     3.506    clk_100mhz_IBUF
    BUFGCTRL_X0Y16       BUFG (Prop_bufg_I_O)         0.096     3.602 r  clk_100mhz_IBUF_BUFG_inst/O
                         net (fo=2651, routed)        1.809     5.412    clk_100mhz_IBUF_BUFG
    MMCME2_ADV_X0Y0      MMCME2_ADV (Prop_mmcme2_adv_CLKIN1_CLKOUT0)
                                                      0.088     5.500 r  u_mmcm/CLKOUT0
                         net (fo=1, routed)           2.018     7.518    clk_core_mmcm
    BUFGCTRL_X0Y0        BUFG (Prop_bufg_I_O)         0.096     7.614 r  u_bufg_core/O
                         net (fo=3686, routed)        1.805     9.420    u_mlkem/u_ctrl/clk_core
    SLICE_X31Y33         FDCE                                         r  u_mlkem/u_ctrl/unit_src_sponge_reg/C
  -------------------------------------------------------------------    -------------------
    SLICE_X31Y33         FDCE (Prop_fdce_C_Q)         0.456     9.876 f  u_mlkem/u_ctrl/unit_src_sponge_reg/Q
                         net (fo=117, routed)         0.716    10.591    u_mlkem/u_sponge/cr_d_reg[0]
    SLICE_X32Y33         LUT4 (Prop_lut4_I1_O)        0.124    10.715 r  u_mlkem/u_sponge/cr_d[15]_i_6/O
                         net (fo=1, routed)           0.000    10.715    u_mlkem/u_sponge/cr_d[15]_i_6_n_0
    SLICE_X32Y33         CARRY4 (Prop_carry4_S[2]_CO[3])
                                                      0.398    11.113 r  u_mlkem/u_sponge/cr_d_reg[15]_i_3/CO[3]
                         net (fo=8, routed)           0.644    11.757    u_mlkem/u_sponge/cr_d_reg[15]_i_3_n_0
    SLICE_X31Y33         CARRY4 (Prop_carry4_CYINIT_CO[2])
                                                      0.592    12.349 r  u_mlkem/u_sponge/cr_d_reg[23]_i_3/CO[2]
                         net (fo=8, routed)           0.512    12.862    u_mlkem/u_sponge/cr_d_reg[23]_i_3_n_1
    SLICE_X28Y34         CARRY4 (Prop_carry4_CYINIT_CO[2])
                                                      0.781    13.643 r  u_mlkem/u_sponge/cr_d_reg[31]_i_3/CO[2]
                         net (fo=8, routed)           0.224    13.867    u_mlkem/u_sponge/cr_d_reg[31]_i_3_n_1
    SLICE_X29Y34         CARRY4 (Prop_carry4_CYINIT_CO[2])
                                                      0.781    14.648 r  u_mlkem/u_sponge/cr_d_reg[39]_i_3/CO[2]
                         net (fo=8, routed)           0.541    15.188    u_mlkem/u_sponge/cr_d_reg[39]_i_3_n_1
    SLICE_X30Y34         CARRY4 (Prop_carry4_CYINIT_CO[2])
                                                      0.797    15.985 r  u_mlkem/u_sponge/cr_d_reg[47]_i_3/CO[2]
                         net (fo=8, routed)           0.580    16.565    u_mlkem/u_sponge/cr_d_reg[47]_i_3_n_1
    SLICE_X32Y35         CARRY4 (Prop_carry4_CYINIT_CO[2])
                                                      0.778    17.343 f  u_mlkem/u_sponge/cr_d_reg[55]_i_3/CO[2]
                         net (fo=8, routed)           0.543    17.886    u_mlkem/u_sponge/cr_d_reg[55]_i_3_n_1
    SLICE_X33Y35         LUT6 (Prop_lut6_I5_O)        0.313    18.199 r  u_mlkem/u_sponge/cr_d[54]_i_1/O
                         net (fo=1, routed)           0.000    18.199    u_mlkem/u_unpack/cr_d_reg[63]_0[54]
    SLICE_X33Y35         FDRE                                         r  u_mlkem/u_unpack/cr_d_reg[54]/D
  -------------------------------------------------------------------    -------------------

                         (clock clk_core_mmcm rise edge)
                                                      4.848     4.848 r  
    E3                                                0.000     4.848 r  clk_100mhz (IN)
                         net (fo=0)                   0.000     4.848    clk_100mhz
    E3                   IBUF (Prop_ibuf_I_O)         1.411     6.260 r  clk_100mhz_IBUF_inst/O
                         net (fo=1, routed)           1.920     8.180    clk_100mhz_IBUF
    BUFGCTRL_X0Y16       BUFG (Prop_bufg_I_O)         0.091     8.271 r  clk_100mhz_IBUF_BUFG_inst/O
                         net (fo=2651, routed)        1.683     9.954    clk_100mhz_IBUF_BUFG
    MMCME2_ADV_X0Y0      MMCME2_ADV (Prop_mmcme2_adv_CLKIN1_CLKOUT0)
                                                      0.083    10.037 r  u_mmcm/CLKOUT0
                         net (fo=1, routed)           1.923    11.960    clk_core_mmcm
    BUFGCTRL_X0Y0        BUFG (Prop_bufg_I_O)         0.091    12.051 r  u_bufg_core/O
                         net (fo=3686, routed)        1.678    13.729    u_mlkem/u_unpack/clk_core
    SLICE_X33Y35         FDRE                                         r  u_mlkem/u_unpack/cr_d_reg[54]/C
                         clock pessimism              0.517    14.246    
                         clock uncertainty           -0.074    14.171    
    SLICE_X33Y35         FDRE (Setup_fdre_C_D)        0.029    14.200    u_mlkem/u_unpack/cr_d_reg[54]
  -------------------------------------------------------------------
                         required time                         14.200    
                         arrival time                         -18.199    
  -------------------------------------------------------------------
                         slack                                 -3.998    

Slack (VIOLATED) :        -3.984ns  (required time - arrival time)
  Source:                 u_mlkem/u_ctrl/FSM_sequential_state_reg[2]/C
                            (rising edge-triggered cell FDPE clocked by clk_core_mmcm  {rise@0.000ns fall@2.424ns period=4.848ns})
  Destination:            u_mlkem/u_sponge/st_reg[418]/D
                            (rising edge-triggered cell FDRE clocked by clk_core_mmcm  {rise@0.000ns fall@2.424ns period=4.848ns})
  Path Group:             clk_core_mmcm
  Path Type:              Setup (Max at Slow Process Corner)
  Requirement:            4.848ns  (clk_core_mmcm rise@4.848ns - clk_core_mmcm rise@0.000ns)
  Data Path Delay:        8.541ns  (logic 3.222ns (37.725%)  route 5.319ns (62.275%))
  Logic Levels:           9  (CARRY4=3 LUT3=1 LUT4=1 LUT6=4)
  Clock Path Skew:        -0.294ns (DCD - SCD + CPR)
    Destination Clock Delay (DCD):    8.712ns = ( 13.560 - 4.848 ) 
    Source Clock Delay      (SCD):    9.426ns
    Clock Pessimism Removal (CPR):    0.420ns
  Clock Uncertainty:      0.074ns  ((TSJ^2 + DJ^2)^1/2) / 2 + PE
    Total System Jitter     (TSJ):    0.071ns
    Discrete Jitter          (DJ):    0.131ns
    Phase Error              (PE):    0.000ns

    Location             Delay type                Incr(ns)  Path(ns)    Netlist Resource(s)
  -------------------------------------------------------------------    -------------------
                         (clock clk_core_mmcm rise edge)
                                                      0.000     0.000 r  
    E3                                                0.000     0.000 r  clk_100mhz (IN)
                         net (fo=0)                   0.000     0.000    clk_100mhz
    E3                   IBUF (Prop_ibuf_I_O)         1.482     1.482 r  clk_100mhz_IBUF_inst/O
                         net (fo=1, routed)           2.025     3.506    clk_100mhz_IBUF
    BUFGCTRL_X0Y16       BUFG (Prop_bufg_I_O)         0.096     3.602 r  clk_100mhz_IBUF_BUFG_inst/O
                         net (fo=2651, routed)        1.809     5.412    clk_100mhz_IBUF_BUFG
    MMCME2_ADV_X0Y0      MMCME2_ADV (Prop_mmcme2_adv_CLKIN1_CLKOUT0)
                                                      0.088     5.500 r  u_mmcm/CLKOUT0
                         net (fo=1, routed)           2.018     7.518    clk_core_mmcm
    BUFGCTRL_X0Y0        BUFG (Prop_bufg_I_O)         0.096     7.614 r  u_bufg_core/O
                         net (fo=3686, routed)        1.811     9.426    u_mlkem/u_ctrl/clk_core
    SLICE_X34Y45         FDPE                                         r  u_mlkem/u_ctrl/FSM_sequential_state_reg[2]/C
  -------------------------------------------------------------------    -------------------
    SLICE_X34Y45         FDPE (Prop_fdpe_C_Q)         0.518     9.944 r  u_mlkem/u_ctrl/FSM_sequential_state_reg[2]/Q
                         net (fo=117, routed)         0.696    10.639    u_mlkem/u_ctrl/state__0[2]
    SLICE_X34Y45         LUT4 (Prop_lut4_I2_O)        0.124    10.763 f  u_mlkem/u_ctrl/pos[3]_i_7/O
                         net (fo=88, routed)          0.626    11.389    u_mlkem/u_ctrl/FSM_sequential_state_reg[1]_0
    SLICE_X37Y45         LUT6 (Prop_lut6_I0_O)        0.124    11.513 r  u_mlkem/u_ctrl/st[1342]_i_14/O
                         net (fo=1, routed)           0.000    11.513    u_mlkem/u_ctrl/st[1342]_i_14_n_0
    SLICE_X37Y45         CARRY4 (Prop_carry4_S[2]_CO[3])
                                                      0.398    11.911 r  u_mlkem/u_ctrl/st_reg[1342]_i_9/CO[3]
                         net (fo=21, routed)          0.693    12.604    u_mlkem/u_ctrl/st_reg[1342]_i_9_n_0
    SLICE_X39Y45         CARRY4 (Prop_carry4_CYINIT_CO[2])
                                                      0.592    13.196 r  u_mlkem/u_ctrl/st_reg[1342]_i_8/CO[2]
                         net (fo=22, routed)          0.570    13.766    u_mlkem/u_ctrl/st_reg[1342]_i_8_n_1
    SLICE_X40Y45         CARRY4 (Prop_carry4_CYINIT_CO[2])
                                                      0.781    14.547 f  u_mlkem/u_ctrl/st_reg[1342]_i_10/CO[2]
                         net (fo=20, routed)          0.690    15.237    u_mlkem/u_ctrl/st_reg[1342]_i_10_n_1
    SLICE_X43Y47         LUT6 (Prop_lut6_I2_O)        0.313    15.550 r  u_mlkem/u_ctrl/st[1314]_i_6/O
                         net (fo=2, routed)           0.459    16.009    u_mlkem/u_ctrl/st[1314]_i_6_n_0
    SLICE_X47Y48         LUT3 (Prop_lut3_I0_O)        0.124    16.133 r  u_mlkem/u_ctrl/st[1314]_i_4/O
                         net (fo=21, routed)          1.133    17.266    u_mlkem/u_sponge/st_reg[1151]_0[14]
    SLICE_X62Y51         LUT6 (Prop_lut6_I4_O)        0.124    17.390 r  u_mlkem/u_sponge/st[418]_i_4/O
                         net (fo=1, routed)           0.452    17.842    u_mlkem/u_sponge/st[418]_i_4_n_0
    SLICE_X62Y51         LUT6 (Prop_lut6_I4_O)        0.124    17.966 r  u_mlkem/u_sponge/st[418]_i_1/O
                         net (fo=1, routed)           0.000    17.966    u_mlkem/u_sponge/st[418]_i_1_n_0
    SLICE_X62Y51         FDRE                                         r  u_mlkem/u_sponge/st_reg[418]/D
  -------------------------------------------------------------------    -------------------

                         (clock clk_core_mmcm rise edge)
                                                      4.848     4.848 r  
    E3                                                0.000     4.848 r  clk_100mhz (IN)
                         net (fo=0)                   0.000     4.848    clk_100mhz
    E3                   IBUF (Prop_ibuf_I_O)         1.411     6.260 r  clk_100mhz_IBUF_inst/O
                         net (fo=1, routed)           1.920     8.180    clk_100mhz_IBUF
    BUFGCTRL_X0Y16       BUFG (Prop_bufg_I_O)         0.091     8.271 r  clk_100mhz_IBUF_BUFG_inst/O
                         net (fo=2651, routed)        1.683     9.954    clk_100mhz_IBUF_BUFG
    MMCME2_ADV_X0Y0      MMCME2_ADV (Prop_mmcme2_adv_CLKIN1_CLKOUT0)
                                                      0.083    10.037 r  u_mmcm/CLKOUT0
                         net (fo=1, routed)           1.923    11.960    clk_core_mmcm
    BUFGCTRL_X0Y0        BUFG (Prop_bufg_I_O)         0.091    12.051 r  u_bufg_core/O
                         net (fo=3686, routed)        1.509    13.560    u_mlkem/u_sponge/clk_core
    SLICE_X62Y51         FDRE                                         r  u_mlkem/u_sponge/st_reg[418]/C
                         clock pessimism              0.420    13.980    
                         clock uncertainty           -0.074    13.905    
    SLICE_X62Y51         FDRE (Setup_fdre_C_D)        0.077    13.982    u_mlkem/u_sponge/st_reg[418]
  -------------------------------------------------------------------
                         required time                         13.982    
                         arrival time                         -17.966    
  -------------------------------------------------------------------
                         slack                                 -3.984    

Slack (VIOLATED) :        -3.975ns  (required time - arrival time)
  Source:                 u_mlkem/u_ctrl/FSM_sequential_state_reg[2]/C
                            (rising edge-triggered cell FDPE clocked by clk_core_mmcm  {rise@0.000ns fall@2.424ns period=4.848ns})
  Destination:            u_mlkem/u_sponge/st_reg[410]/D
                            (rising edge-triggered cell FDRE clocked by clk_core_mmcm  {rise@0.000ns fall@2.424ns period=4.848ns})
  Path Group:             clk_core_mmcm
  Path Type:              Setup (Max at Slow Process Corner)
  Requirement:            4.848ns  (clk_core_mmcm rise@4.848ns - clk_core_mmcm rise@0.000ns)
  Data Path Delay:        8.488ns  (logic 3.222ns (37.959%)  route 5.266ns (62.041%))
  Logic Levels:           9  (CARRY4=3 LUT3=1 LUT4=1 LUT6=4)
  Clock Path Skew:        -0.290ns (DCD - SCD + CPR)
    Destination Clock Delay (DCD):    8.716ns = ( 13.564 - 4.848 ) 
    Source Clock Delay      (SCD):    9.426ns
    Clock Pessimism Removal (CPR):    0.420ns
  Clock Uncertainty:      0.074ns  ((TSJ^2 + DJ^2)^1/2) / 2 + PE
    Total System Jitter     (TSJ):    0.071ns
    Discrete Jitter          (DJ):    0.131ns
    Phase Error              (PE):    0.000ns

    Location             Delay type                Incr(ns)  Path(ns)    Netlist Resource(s)
  -------------------------------------------------------------------    -------------------
                         (clock clk_core_mmcm rise edge)
                                                      0.000     0.000 r  
    E3                                                0.000     0.000 r  clk_100mhz (IN)
                         net (fo=0)                   0.000     0.000    clk_100mhz
    E3                   IBUF (Prop_ibuf_I_O)         1.482     1.482 r  clk_100mhz_IBUF_inst/O
                         net (fo=1, routed)           2.025     3.506    clk_100mhz_IBUF
    BUFGCTRL_X0Y16       BUFG (Prop_bufg_I_O)         0.096     3.602 r  clk_100mhz_IBUF_BUFG_inst/O
                         net (fo=2651, routed)        1.809     5.412    clk_100mhz_IBUF_BUFG
    MMCME2_ADV_X0Y0      MMCME2_ADV (Prop_mmcme2_adv_CLKIN1_CLKOUT0)
                                                      0.088     5.500 r  u_mmcm/CLKOUT0
                         net (fo=1, routed)           2.018     7.518    clk_core_mmcm
    BUFGCTRL_X0Y0        BUFG (Prop_bufg_I_O)         0.096     7.614 r  u_bufg_core/O
                         net (fo=3686, routed)        1.811     9.426    u_mlkem/u_ctrl/clk_core
    SLICE_X34Y45         FDPE                                         r  u_mlkem/u_ctrl/FSM_sequential_state_reg[2]/C
  -------------------------------------------------------------------    -------------------
    SLICE_X34Y45         FDPE (Prop_fdpe_C_Q)         0.518     9.944 r  u_mlkem/u_ctrl/FSM_sequential_state_reg[2]/Q
                         net (fo=117, routed)         0.696    10.639    u_mlkem/u_ctrl/state__0[2]
    SLICE_X34Y45         LUT4 (Prop_lut4_I2_O)        0.124    10.763 f  u_mlkem/u_ctrl/pos[3]_i_7/O
                         net (fo=88, routed)          0.626    11.389    u_mlkem/u_ctrl/FSM_sequential_state_reg[1]_0
    SLICE_X37Y45         LUT6 (Prop_lut6_I0_O)        0.124    11.513 r  u_mlkem/u_ctrl/st[1342]_i_14/O
                         net (fo=1, routed)           0.000    11.513    u_mlkem/u_ctrl/st[1342]_i_14_n_0
    SLICE_X37Y45         CARRY4 (Prop_carry4_S[2]_CO[3])
                                                      0.398    11.911 r  u_mlkem/u_ctrl/st_reg[1342]_i_9/CO[3]
                         net (fo=21, routed)          0.693    12.604    u_mlkem/u_ctrl/st_reg[1342]_i_9_n_0
    SLICE_X39Y45         CARRY4 (Prop_carry4_CYINIT_CO[2])
                                                      0.592    13.196 r  u_mlkem/u_ctrl/st_reg[1342]_i_8/CO[2]
                         net (fo=22, routed)          0.570    13.766    u_mlkem/u_ctrl/st_reg[1342]_i_8_n_1
    SLICE_X40Y45         CARRY4 (Prop_carry4_CYINIT_CO[2])
                                                      0.781    14.547 f  u_mlkem/u_ctrl/st_reg[1342]_i_10/CO[2]
                         net (fo=20, routed)          0.690    15.237    u_mlkem/u_ctrl/st_reg[1342]_i_10_n_1
    SLICE_X43Y47         LUT6 (Prop_lut6_I2_O)        0.313    15.550 r  u_mlkem/u_ctrl/st[1314]_i_6/O
                         net (fo=2, routed)           0.635    16.185    u_mlkem/u_ctrl/st[1314]_i_6_n_0
    SLICE_X42Y53         LUT3 (Prop_lut3_I2_O)        0.124    16.309 r  u_mlkem/u_ctrl/st[1306]_i_4/O
                         net (fo=21, routed)          0.931    17.240    u_mlkem/u_sponge/st_reg[1151]_0[9]
    SLICE_X42Y59         LUT6 (Prop_lut6_I4_O)        0.124    17.364 r  u_mlkem/u_sponge/st[410]_i_4/O
                         net (fo=1, routed)           0.425    17.790    u_mlkem/u_sponge/st[410]_i_4_n_0
    SLICE_X40Y60         LUT6 (Prop_lut6_I4_O)        0.124    17.914 r  u_mlkem/u_sponge/st[410]_i_1/O
                         net (fo=1, routed)           0.000    17.914    u_mlkem/u_sponge/st[410]_i_1_n_0
    SLICE_X40Y60         FDRE                                         r  u_mlkem/u_sponge/st_reg[410]/D
  -------------------------------------------------------------------    -------------------

                         (clock clk_core_mmcm rise edge)
                                                      4.848     4.848 r  
    E3                                                0.000     4.848 r  clk_100mhz (IN)
                         net (fo=0)                   0.000     4.848    clk_100mhz
    E3                   IBUF (Prop_ibuf_I_O)         1.411     6.260 r  clk_100mhz_IBUF_inst/O
                         net (fo=1, routed)           1.920     8.180    clk_100mhz_IBUF
    BUFGCTRL_X0Y16       BUFG (Prop_bufg_I_O)         0.091     8.271 r  clk_100mhz_IBUF_BUFG_inst/O
                         net (fo=2651, routed)        1.683     9.954    clk_100mhz_IBUF_BUFG
    MMCME2_ADV_X0Y0      MMCME2_ADV (Prop_mmcme2_adv_CLKIN1_CLKOUT0)
                                                      0.083    10.037 r  u_mmcm/CLKOUT0
                         net (fo=1, routed)           1.923    11.960    clk_core_mmcm
    BUFGCTRL_X0Y0        BUFG (Prop_bufg_I_O)         0.091    12.051 r  u_bufg_core/O
                         net (fo=3686, routed)        1.513    13.564    u_mlkem/u_sponge/clk_core
    SLICE_X40Y60         FDRE                                         r  u_mlkem/u_sponge/st_reg[410]/C
                         clock pessimism              0.420    13.984    
                         clock uncertainty           -0.074    13.909    
    SLICE_X40Y60         FDRE (Setup_fdre_C_D)        0.029    13.938    u_mlkem/u_sponge/st_reg[410]
  -------------------------------------------------------------------
                         required time                         13.938    
                         arrival time                         -17.914    
  -------------------------------------------------------------------
                         slack                                 -3.975    

Slack (VIOLATED) :        -3.958ns  (required time - arrival time)
  Source:                 u_mlkem/u_ctrl/FSM_sequential_state_reg[2]/C
                            (rising edge-triggered cell FDPE clocked by clk_core_mmcm  {rise@0.000ns fall@2.424ns period=4.848ns})
  Destination:            u_mlkem/u_sponge/st_reg[409]/D
                            (rising edge-triggered cell FDRE clocked by clk_core_mmcm  {rise@0.000ns fall@2.424ns period=4.848ns})
  Path Group:             clk_core_mmcm
  Path Type:              Setup (Max at Slow Process Corner)
  Requirement:            4.848ns  (clk_core_mmcm rise@4.848ns - clk_core_mmcm rise@0.000ns)
  Data Path Delay:        8.475ns  (logic 3.222ns (38.018%)  route 5.253ns (61.982%))
  Logic Levels:           9  (CARRY4=3 LUT3=1 LUT4=1 LUT6=4)
  Clock Path Skew:        -0.286ns (DCD - SCD + CPR)
    Destination Clock Delay (DCD):    8.720ns = ( 13.568 - 4.848 ) 
    Source Clock Delay      (SCD):    9.426ns
    Clock Pessimism Removal (CPR):    0.420ns
  Clock Uncertainty:      0.074ns  ((TSJ^2 + DJ^2)^1/2) / 2 + PE
    Total System Jitter     (TSJ):    0.071ns
    Discrete Jitter          (DJ):    0.131ns
    Phase Error              (PE):    0.000ns

    Location             Delay type                Incr(ns)  Path(ns)    Netlist Resource(s)
  -------------------------------------------------------------------    -------------------
                         (clock clk_core_mmcm rise edge)
                                                      0.000     0.000 r  
    E3                                                0.000     0.000 r  clk_100mhz (IN)
                         net (fo=0)                   0.000     0.000    clk_100mhz
    E3                   IBUF (Prop_ibuf_I_O)         1.482     1.482 r  clk_100mhz_IBUF_inst/O
                         net (fo=1, routed)           2.025     3.506    clk_100mhz_IBUF
    BUFGCTRL_X0Y16       BUFG (Prop_bufg_I_O)         0.096     3.602 r  clk_100mhz_IBUF_BUFG_inst/O
                         net (fo=2651, routed)        1.809     5.412    clk_100mhz_IBUF_BUFG
    MMCME2_ADV_X0Y0      MMCME2_ADV (Prop_mmcme2_adv_CLKIN1_CLKOUT0)
                                                      0.088     5.500 r  u_mmcm/CLKOUT0
                         net (fo=1, routed)           2.018     7.518    clk_core_mmcm
    BUFGCTRL_X0Y0        BUFG (Prop_bufg_I_O)         0.096     7.614 r  u_bufg_core/O
                         net (fo=3686, routed)        1.811     9.426    u_mlkem/u_ctrl/clk_core
    SLICE_X34Y45         FDPE                                         r  u_mlkem/u_ctrl/FSM_sequential_state_reg[2]/C
  -------------------------------------------------------------------    -------------------
    SLICE_X34Y45         FDPE (Prop_fdpe_C_Q)         0.518     9.944 r  u_mlkem/u_ctrl/FSM_sequential_state_reg[2]/Q
                         net (fo=117, routed)         0.696    10.639    u_mlkem/u_ctrl/state__0[2]
    SLICE_X34Y45         LUT4 (Prop_lut4_I2_O)        0.124    10.763 f  u_mlkem/u_ctrl/pos[3]_i_7/O
                         net (fo=88, routed)          0.626    11.389    u_mlkem/u_ctrl/FSM_sequential_state_reg[1]_0
    SLICE_X37Y45         LUT6 (Prop_lut6_I0_O)        0.124    11.513 r  u_mlkem/u_ctrl/st[1342]_i_14/O
                         net (fo=1, routed)           0.000    11.513    u_mlkem/u_ctrl/st[1342]_i_14_n_0
    SLICE_X37Y45         CARRY4 (Prop_carry4_S[2]_CO[3])
                                                      0.398    11.911 r  u_mlkem/u_ctrl/st_reg[1342]_i_9/CO[3]
                         net (fo=21, routed)          0.693    12.604    u_mlkem/u_ctrl/st_reg[1342]_i_9_n_0
    SLICE_X39Y45         CARRY4 (Prop_carry4_CYINIT_CO[2])
                                                      0.592    13.196 r  u_mlkem/u_ctrl/st_reg[1342]_i_8/CO[2]
                         net (fo=22, routed)          0.570    13.766    u_mlkem/u_ctrl/st_reg[1342]_i_8_n_1
    SLICE_X40Y45         CARRY4 (Prop_carry4_CYINIT_CO[2])
                                                      0.781    14.547 f  u_mlkem/u_ctrl/st_reg[1342]_i_10/CO[2]
                         net (fo=20, routed)          0.618    15.165    u_mlkem/u_ctrl/st_reg[1342]_i_10_n_1
    SLICE_X43Y45         LUT6 (Prop_lut6_I2_O)        0.313    15.478 r  u_mlkem/u_ctrl/st[1313]_i_5/O
                         net (fo=2, routed)           0.782    16.260    u_mlkem/u_ctrl/st[1313]_i_5_n_0
    SLICE_X43Y54         LUT3 (Prop_lut3_I2_O)        0.124    16.384 r  u_mlkem/u_ctrl/st[1305]_i_4/O
                         net (fo=21, routed)          0.814    17.198    u_mlkem/u_sponge/st_reg[1151]_0[8]
    SLICE_X32Y56         LUT6 (Prop_lut6_I4_O)        0.124    17.322 r  u_mlkem/u_sponge/st[409]_i_4/O
                         net (fo=1, routed)           0.455    17.776    u_mlkem/u_sponge/st[409]_i_4_n_0
    SLICE_X31Y56         LUT6 (Prop_lut6_I4_O)        0.124    17.900 r  u_mlkem/u_sponge/st[409]_i_1/O
                         net (fo=1, routed)           0.000    17.900    u_mlkem/u_sponge/st[409]_i_1_n_0
    SLICE_X31Y56         FDRE                                         r  u_mlkem/u_sponge/st_reg[409]/D
  -------------------------------------------------------------------    -------------------

                         (clock clk_core_mmcm rise edge)
                                                      4.848     4.848 r  
    E3                                                0.000     4.848 r  clk_100mhz (IN)
                         net (fo=0)                   0.000     4.848    clk_100mhz
    E3                   IBUF (Prop_ibuf_I_O)         1.411     6.260 r  clk_100mhz_IBUF_inst/O
                         net (fo=1, routed)           1.920     8.180    clk_100mhz_IBUF
    BUFGCTRL_X0Y16       BUFG (Prop_bufg_I_O)         0.091     8.271 r  clk_100mhz_IBUF_BUFG_inst/O
                         net (fo=2651, routed)        1.683     9.954    clk_100mhz_IBUF_BUFG
    MMCME2_ADV_X0Y0      MMCME2_ADV (Prop_mmcme2_adv_CLKIN1_CLKOUT0)
                                                      0.083    10.037 r  u_mmcm/CLKOUT0
                         net (fo=1, routed)           1.923    11.960    clk_core_mmcm
    BUFGCTRL_X0Y0        BUFG (Prop_bufg_I_O)         0.091    12.051 r  u_bufg_core/O
                         net (fo=3686, routed)        1.517    13.568    u_mlkem/u_sponge/clk_core
    SLICE_X31Y56         FDRE                                         r  u_mlkem/u_sponge/st_reg[409]/C
                         clock pessimism              0.420    13.988    
                         clock uncertainty           -0.074    13.913    
    SLICE_X31Y56         FDRE (Setup_fdre_C_D)        0.029    13.942    u_mlkem/u_sponge/st_reg[409]
  -------------------------------------------------------------------
                         required time                         13.942    
                         arrival time                         -17.900    
  -------------------------------------------------------------------
                         slack                                 -3.958    

Slack (VIOLATED) :        -3.952ns  (required time - arrival time)
  Source:                 u_mlkem/u_ctrl/unit_src_sponge_reg/C
                            (rising edge-triggered cell FDCE clocked by clk_core_mmcm  {rise@0.000ns fall@2.424ns period=4.848ns})
  Destination:            u_mlkem/u_unpack/cr_d_reg[51]/D
                            (rising edge-triggered cell FDRE clocked by clk_core_mmcm  {rise@0.000ns fall@2.424ns period=4.848ns})
  Path Group:             clk_core_mmcm
  Path Type:              Setup (Max at Slow Process Corner)
  Requirement:            4.848ns  (clk_core_mmcm rise@4.848ns - clk_core_mmcm rise@0.000ns)
  Data Path Delay:        8.735ns  (logic 5.020ns (57.469%)  route 3.715ns (42.531%))
  Logic Levels:           8  (CARRY4=6 LUT4=1 LUT6=1)
  Clock Path Skew:        -0.022ns (DCD - SCD + CPR)
    Destination Clock Delay (DCD):    8.880ns = ( 13.729 - 4.848 ) 
    Source Clock Delay      (SCD):    9.420ns
    Clock Pessimism Removal (CPR):    0.517ns
  Clock Uncertainty:      0.074ns  ((TSJ^2 + DJ^2)^1/2) / 2 + PE
    Total System Jitter     (TSJ):    0.071ns
    Discrete Jitter          (DJ):    0.131ns
    Phase Error              (PE):    0.000ns

    Location             Delay type                Incr(ns)  Path(ns)    Netlist Resource(s)
  -------------------------------------------------------------------    -------------------
                         (clock clk_core_mmcm rise edge)
                                                      0.000     0.000 r  
    E3                                                0.000     0.000 r  clk_100mhz (IN)
                         net (fo=0)                   0.000     0.000    clk_100mhz
    E3                   IBUF (Prop_ibuf_I_O)         1.482     1.482 r  clk_100mhz_IBUF_inst/O
                         net (fo=1, routed)           2.025     3.506    clk_100mhz_IBUF
    BUFGCTRL_X0Y16       BUFG (Prop_bufg_I_O)         0.096     3.602 r  clk_100mhz_IBUF_BUFG_inst/O
                         net (fo=2651, routed)        1.809     5.412    clk_100mhz_IBUF_BUFG
    MMCME2_ADV_X0Y0      MMCME2_ADV (Prop_mmcme2_adv_CLKIN1_CLKOUT0)
                                                      0.088     5.500 r  u_mmcm/CLKOUT0
                         net (fo=1, routed)           2.018     7.518    clk_core_mmcm
    BUFGCTRL_X0Y0        BUFG (Prop_bufg_I_O)         0.096     7.614 r  u_bufg_core/O
                         net (fo=3686, routed)        1.805     9.420    u_mlkem/u_ctrl/clk_core
    SLICE_X31Y33         FDCE                                         r  u_mlkem/u_ctrl/unit_src_sponge_reg/C
  -------------------------------------------------------------------    -------------------
    SLICE_X31Y33         FDCE (Prop_fdce_C_Q)         0.456     9.876 f  u_mlkem/u_ctrl/unit_src_sponge_reg/Q
                         net (fo=117, routed)         0.716    10.591    u_mlkem/u_sponge/cr_d_reg[0]
    SLICE_X32Y33         LUT4 (Prop_lut4_I1_O)        0.124    10.715 r  u_mlkem/u_sponge/cr_d[15]_i_6/O
                         net (fo=1, routed)           0.000    10.715    u_mlkem/u_sponge/cr_d[15]_i_6_n_0
    SLICE_X32Y33         CARRY4 (Prop_carry4_S[2]_CO[3])
                                                      0.398    11.113 r  u_mlkem/u_sponge/cr_d_reg[15]_i_3/CO[3]
                         net (fo=8, routed)           0.644    11.757    u_mlkem/u_sponge/cr_d_reg[15]_i_3_n_0
    SLICE_X31Y33         CARRY4 (Prop_carry4_CYINIT_CO[2])
                                                      0.592    12.349 r  u_mlkem/u_sponge/cr_d_reg[23]_i_3/CO[2]
                         net (fo=8, routed)           0.512    12.862    u_mlkem/u_sponge/cr_d_reg[23]_i_3_n_1
    SLICE_X28Y34         CARRY4 (Prop_carry4_CYINIT_CO[2])
                                                      0.781    13.643 r  u_mlkem/u_sponge/cr_d_reg[31]_i_3/CO[2]
                         net (fo=8, routed)           0.224    13.867    u_mlkem/u_sponge/cr_d_reg[31]_i_3_n_1
    SLICE_X29Y34         CARRY4 (Prop_carry4_CYINIT_CO[2])
                                                      0.781    14.648 r  u_mlkem/u_sponge/cr_d_reg[39]_i_3/CO[2]
                         net (fo=8, routed)           0.541    15.188    u_mlkem/u_sponge/cr_d_reg[39]_i_3_n_1
    SLICE_X30Y34         CARRY4 (Prop_carry4_CYINIT_CO[2])
                                                      0.797    15.985 r  u_mlkem/u_sponge/cr_d_reg[47]_i_3/CO[2]
                         net (fo=8, routed)           0.580    16.565    u_mlkem/u_sponge/cr_d_reg[47]_i_3_n_1
    SLICE_X32Y35         CARRY4 (Prop_carry4_CYINIT_CO[2])
                                                      0.778    17.343 f  u_mlkem/u_sponge/cr_d_reg[55]_i_3/CO[2]
                         net (fo=8, routed)           0.499    17.842    u_mlkem/u_sponge/cr_d_reg[55]_i_3_n_1
    SLICE_X32Y36         LUT6 (Prop_lut6_I5_O)        0.313    18.155 r  u_mlkem/u_sponge/cr_d[51]_i_1/O
                         net (fo=1, routed)           0.000    18.155    u_mlkem/u_unpack/cr_d_reg[63]_0[51]
    SLICE_X32Y36         FDRE                                         r  u_mlkem/u_unpack/cr_d_reg[51]/D
  -------------------------------------------------------------------    -------------------

                         (clock clk_core_mmcm rise edge)
                                                      4.848     4.848 r  
    E3                                                0.000     4.848 r  clk_100mhz (IN)
                         net (fo=0)                   0.000     4.848    clk_100mhz
    E3                   IBUF (Prop_ibuf_I_O)         1.411     6.260 r  clk_100mhz_IBUF_inst/O
                         net (fo=1, routed)           1.920     8.180    clk_100mhz_IBUF
    BUFGCTRL_X0Y16       BUFG (Prop_bufg_I_O)         0.091     8.271 r  clk_100mhz_IBUF_BUFG_inst/O
                         net (fo=2651, routed)        1.683     9.954    clk_100mhz_IBUF_BUFG
    MMCME2_ADV_X0Y0      MMCME2_ADV (Prop_mmcme2_adv_CLKIN1_CLKOUT0)
                                                      0.083    10.037 r  u_mmcm/CLKOUT0
                         net (fo=1, routed)           1.923    11.960    clk_core_mmcm
    BUFGCTRL_X0Y0        BUFG (Prop_bufg_I_O)         0.091    12.051 r  u_bufg_core/O
                         net (fo=3686, routed)        1.678    13.729    u_mlkem/u_unpack/clk_core
    SLICE_X32Y36         FDRE                                         r  u_mlkem/u_unpack/cr_d_reg[51]/C
                         clock pessimism              0.517    14.246    
                         clock uncertainty           -0.074    14.171    
    SLICE_X32Y36         FDRE (Setup_fdre_C_D)        0.031    14.202    u_mlkem/u_unpack/cr_d_reg[51]
  -------------------------------------------------------------------
                         required time                         14.202    
                         arrival time                         -18.155    
  -------------------------------------------------------------------
                         slack                                 -3.952    

Slack (VIOLATED) :        -3.952ns  (required time - arrival time)
  Source:                 u_mlkem/u_ctrl/FSM_sequential_state_reg[2]/C
                            (rising edge-triggered cell FDPE clocked by clk_core_mmcm  {rise@0.000ns fall@2.424ns period=4.848ns})
  Destination:            u_mlkem/u_sponge/st_reg[285]/D
                            (rising edge-triggered cell FDRE clocked by clk_core_mmcm  {rise@0.000ns fall@2.424ns period=4.848ns})
  Path Group:             clk_core_mmcm
  Path Type:              Setup (Max at Slow Process Corner)
  Requirement:            4.848ns  (clk_core_mmcm rise@4.848ns - clk_core_mmcm rise@0.000ns)
  Data Path Delay:        8.468ns  (logic 3.222ns (38.049%)  route 5.246ns (61.951%))
  Logic Levels:           9  (CARRY4=3 LUT3=1 LUT4=1 LUT6=4)
  Clock Path Skew:        -0.289ns (DCD - SCD + CPR)
    Destination Clock Delay (DCD):    8.717ns = ( 13.565 - 4.848 ) 
    Source Clock Delay      (SCD):    9.426ns
    Clock Pessimism Removal (CPR):    0.420ns
  Clock Uncertainty:      0.074ns  ((TSJ^2 + DJ^2)^1/2) / 2 + PE
    Total System Jitter     (TSJ):    0.071ns
    Discrete Jitter          (DJ):    0.131ns
    Phase Error              (PE):    0.000ns

    Location             Delay type                Incr(ns)  Path(ns)    Netlist Resource(s)
  -------------------------------------------------------------------    -------------------
                         (clock clk_core_mmcm rise edge)
                                                      0.000     0.000 r  
    E3                                                0.000     0.000 r  clk_100mhz (IN)
                         net (fo=0)                   0.000     0.000    clk_100mhz
    E3                   IBUF (Prop_ibuf_I_O)         1.482     1.482 r  clk_100mhz_IBUF_inst/O
                         net (fo=1, routed)           2.025     3.506    clk_100mhz_IBUF
    BUFGCTRL_X0Y16       BUFG (Prop_bufg_I_O)         0.096     3.602 r  clk_100mhz_IBUF_BUFG_inst/O
                         net (fo=2651, routed)        1.809     5.412    clk_100mhz_IBUF_BUFG
    MMCME2_ADV_X0Y0      MMCME2_ADV (Prop_mmcme2_adv_CLKIN1_CLKOUT0)
                                                      0.088     5.500 r  u_mmcm/CLKOUT0
                         net (fo=1, routed)           2.018     7.518    clk_core_mmcm
    BUFGCTRL_X0Y0        BUFG (Prop_bufg_I_O)         0.096     7.614 r  u_bufg_core/O
                         net (fo=3686, routed)        1.811     9.426    u_mlkem/u_ctrl/clk_core
    SLICE_X34Y45         FDPE                                         r  u_mlkem/u_ctrl/FSM_sequential_state_reg[2]/C
  -------------------------------------------------------------------    -------------------
    SLICE_X34Y45         FDPE (Prop_fdpe_C_Q)         0.518     9.944 r  u_mlkem/u_ctrl/FSM_sequential_state_reg[2]/Q
                         net (fo=117, routed)         0.696    10.639    u_mlkem/u_ctrl/state__0[2]
    SLICE_X34Y45         LUT4 (Prop_lut4_I2_O)        0.124    10.763 f  u_mlkem/u_ctrl/pos[3]_i_7/O
                         net (fo=88, routed)          0.626    11.389    u_mlkem/u_ctrl/FSM_sequential_state_reg[1]_0
    SLICE_X37Y45         LUT6 (Prop_lut6_I0_O)        0.124    11.513 r  u_mlkem/u_ctrl/st[1342]_i_14/O
                         net (fo=1, routed)           0.000    11.513    u_mlkem/u_ctrl/st[1342]_i_14_n_0
    SLICE_X37Y45         CARRY4 (Prop_carry4_S[2]_CO[3])
                                                      0.398    11.911 r  u_mlkem/u_ctrl/st_reg[1342]_i_9/CO[3]
                         net (fo=21, routed)          0.693    12.604    u_mlkem/u_ctrl/st_reg[1342]_i_9_n_0
    SLICE_X39Y45         CARRY4 (Prop_carry4_CYINIT_CO[2])
                                                      0.592    13.196 r  u_mlkem/u_ctrl/st_reg[1342]_i_8/CO[2]
                         net (fo=22, routed)          0.570    13.766    u_mlkem/u_ctrl/st_reg[1342]_i_8_n_1
    SLICE_X40Y45         CARRY4 (Prop_carry4_CYINIT_CO[2])
                                                      0.781    14.547 f  u_mlkem/u_ctrl/st_reg[1342]_i_10/CO[2]
                         net (fo=20, routed)          0.930    15.477    u_mlkem/u_ctrl/st_reg[1342]_i_10_n_1
    SLICE_X42Y50         LUT6 (Prop_lut6_I5_O)        0.313    15.790 r  u_mlkem/u_ctrl/st[1341]_i_6/O
                         net (fo=2, routed)           0.458    16.248    u_mlkem/u_ctrl/st[1341]_i_6_n_0
    SLICE_X42Y54         LUT6 (Prop_lut6_I4_O)        0.124    16.372 r  u_mlkem/u_ctrl/st[1317]_i_4/O
                         net (fo=2, routed)           0.314    16.686    u_mlkem/u_ctrl/st[1317]_i_4_n_0
    SLICE_X42Y55         LUT3 (Prop_lut3_I2_O)        0.124    16.810 r  u_mlkem/u_ctrl/st[1309]_i_3/O
                         net (fo=21, routed)          0.960    17.770    u_mlkem/u_sponge/st_reg[1151]_0[10]
    SLICE_X36Y59         LUT6 (Prop_lut6_I3_O)        0.124    17.894 r  u_mlkem/u_sponge/st[285]_i_1/O
                         net (fo=1, routed)           0.000    17.894    u_mlkem/u_sponge/st[285]_i_1_n_0
    SLICE_X36Y59         FDRE                                         r  u_mlkem/u_sponge/st_reg[285]/D
  -------------------------------------------------------------------    -------------------

                         (clock clk_core_mmcm rise edge)
                                                      4.848     4.848 r  
    E3                                                0.000     4.848 r  clk_100mhz (IN)
                         net (fo=0)                   0.000     4.848    clk_100mhz
    E3                   IBUF (Prop_ibuf_I_O)         1.411     6.260 r  clk_100mhz_IBUF_inst/O
                         net (fo=1, routed)           1.920     8.180    clk_100mhz_IBUF
    BUFGCTRL_X0Y16       BUFG (Prop_bufg_I_O)         0.091     8.271 r  clk_100mhz_IBUF_BUFG_inst/O
                         net (fo=2651, routed)        1.683     9.954    clk_100mhz_IBUF_BUFG
    MMCME2_ADV_X0Y0      MMCME2_ADV (Prop_mmcme2_adv_CLKIN1_CLKOUT0)
                                                      0.083    10.037 r  u_mmcm/CLKOUT0
                         net (fo=1, routed)           1.923    11.960    clk_core_mmcm
    BUFGCTRL_X0Y0        BUFG (Prop_bufg_I_O)         0.091    12.051 r  u_bufg_core/O
                         net (fo=3686, routed)        1.514    13.565    u_mlkem/u_sponge/clk_core
    SLICE_X36Y59         FDRE                                         r  u_mlkem/u_sponge/st_reg[285]/C
                         clock pessimism              0.420    13.985    
                         clock uncertainty           -0.074    13.910    
    SLICE_X36Y59         FDRE (Setup_fdre_C_D)        0.031    13.941    u_mlkem/u_sponge/st_reg[285]
  -------------------------------------------------------------------
                         required time                         13.941    
                         arrival time                         -17.894    
  -------------------------------------------------------------------
                         slack                                 -3.952    

Slack (VIOLATED) :        -3.950ns  (required time - arrival time)
  Source:                 u_mlkem/u_ctrl/FSM_sequential_state_reg[2]/C
                            (rising edge-triggered cell FDPE clocked by clk_core_mmcm  {rise@0.000ns fall@2.424ns period=4.848ns})
  Destination:            u_mlkem/u_sponge/st_reg[93]/D
                            (rising edge-triggered cell FDRE clocked by clk_core_mmcm  {rise@0.000ns fall@2.424ns period=4.848ns})
  Path Group:             clk_core_mmcm
  Path Type:              Setup (Max at Slow Process Corner)
  Requirement:            4.848ns  (clk_core_mmcm rise@4.848ns - clk_core_mmcm rise@0.000ns)
  Data Path Delay:        8.466ns  (logic 3.222ns (38.057%)  route 5.244ns (61.943%))
  Logic Levels:           9  (CARRY4=3 LUT3=1 LUT4=1 LUT6=4)
  Clock Path Skew:        -0.289ns (DCD - SCD + CPR)
    Destination Clock Delay (DCD):    8.717ns = ( 13.565 - 4.848 ) 
    Source Clock Delay      (SCD):    9.426ns
    Clock Pessimism Removal (CPR):    0.420ns
  Clock Uncertainty:      0.074ns  ((TSJ^2 + DJ^2)^1/2) / 2 + PE
    Total System Jitter     (TSJ):    0.071ns
    Discrete Jitter          (DJ):    0.131ns
    Phase Error              (PE):    0.000ns

    Location             Delay type                Incr(ns)  Path(ns)    Netlist Resource(s)
  -------------------------------------------------------------------    -------------------
                         (clock clk_core_mmcm rise edge)
                                                      0.000     0.000 r  
    E3                                                0.000     0.000 r  clk_100mhz (IN)
                         net (fo=0)                   0.000     0.000    clk_100mhz
    E3                   IBUF (Prop_ibuf_I_O)         1.482     1.482 r  clk_100mhz_IBUF_inst/O
                         net (fo=1, routed)           2.025     3.506    clk_100mhz_IBUF
    BUFGCTRL_X0Y16       BUFG (Prop_bufg_I_O)         0.096     3.602 r  clk_100mhz_IBUF_BUFG_inst/O
                         net (fo=2651, routed)        1.809     5.412    clk_100mhz_IBUF_BUFG
    MMCME2_ADV_X0Y0      MMCME2_ADV (Prop_mmcme2_adv_CLKIN1_CLKOUT0)
                                                      0.088     5.500 r  u_mmcm/CLKOUT0
                         net (fo=1, routed)           2.018     7.518    clk_core_mmcm
    BUFGCTRL_X0Y0        BUFG (Prop_bufg_I_O)         0.096     7.614 r  u_bufg_core/O
                         net (fo=3686, routed)        1.811     9.426    u_mlkem/u_ctrl/clk_core
    SLICE_X34Y45         FDPE                                         r  u_mlkem/u_ctrl/FSM_sequential_state_reg[2]/C
  -------------------------------------------------------------------    -------------------
    SLICE_X34Y45         FDPE (Prop_fdpe_C_Q)         0.518     9.944 r  u_mlkem/u_ctrl/FSM_sequential_state_reg[2]/Q
                         net (fo=117, routed)         0.696    10.639    u_mlkem/u_ctrl/state__0[2]
    SLICE_X34Y45         LUT4 (Prop_lut4_I2_O)        0.124    10.763 f  u_mlkem/u_ctrl/pos[3]_i_7/O
                         net (fo=88, routed)          0.626    11.389    u_mlkem/u_ctrl/FSM_sequential_state_reg[1]_0
    SLICE_X37Y45         LUT6 (Prop_lut6_I0_O)        0.124    11.513 r  u_mlkem/u_ctrl/st[1342]_i_14/O
                         net (fo=1, routed)           0.000    11.513    u_mlkem/u_ctrl/st[1342]_i_14_n_0
    SLICE_X37Y45         CARRY4 (Prop_carry4_S[2]_CO[3])
                                                      0.398    11.911 r  u_mlkem/u_ctrl/st_reg[1342]_i_9/CO[3]
                         net (fo=21, routed)          0.693    12.604    u_mlkem/u_ctrl/st_reg[1342]_i_9_n_0
    SLICE_X39Y45         CARRY4 (Prop_carry4_CYINIT_CO[2])
                                                      0.592    13.196 r  u_mlkem/u_ctrl/st_reg[1342]_i_8/CO[2]
                         net (fo=22, routed)          0.570    13.766    u_mlkem/u_ctrl/st_reg[1342]_i_8_n_1
    SLICE_X40Y45         CARRY4 (Prop_carry4_CYINIT_CO[2])
                                                      0.781    14.547 f  u_mlkem/u_ctrl/st_reg[1342]_i_10/CO[2]
                         net (fo=20, routed)          0.930    15.477    u_mlkem/u_ctrl/st_reg[1342]_i_10_n_1
    SLICE_X42Y50         LUT6 (Prop_lut6_I5_O)        0.313    15.790 r  u_mlkem/u_ctrl/st[1341]_i_6/O
                         net (fo=2, routed)           0.458    16.248    u_mlkem/u_ctrl/st[1341]_i_6_n_0
    SLICE_X42Y54         LUT6 (Prop_lut6_I4_O)        0.124    16.372 r  u_mlkem/u_ctrl/st[1317]_i_4/O
                         net (fo=2, routed)           0.314    16.686    u_mlkem/u_ctrl/st[1317]_i_4_n_0
    SLICE_X42Y55         LUT3 (Prop_lut3_I2_O)        0.124    16.810 r  u_mlkem/u_ctrl/st[1309]_i_3/O
                         net (fo=21, routed)          0.958    17.768    u_mlkem/u_sponge/st_reg[1151]_0[10]
    SLICE_X37Y59         LUT6 (Prop_lut6_I3_O)        0.124    17.892 r  u_mlkem/u_sponge/st[93]_i_1/O
                         net (fo=1, routed)           0.000    17.892    u_mlkem/u_sponge/st[93]_i_1_n_0
    SLICE_X37Y59         FDRE                                         r  u_mlkem/u_sponge/st_reg[93]/D
  -------------------------------------------------------------------    -------------------

                         (clock clk_core_mmcm rise edge)
                                                      4.848     4.848 r  
    E3                                                0.000     4.848 r  clk_100mhz (IN)
                         net (fo=0)                   0.000     4.848    clk_100mhz
    E3                   IBUF (Prop_ibuf_I_O)         1.411     6.260 r  clk_100mhz_IBUF_inst/O
                         net (fo=1, routed)           1.920     8.180    clk_100mhz_IBUF
    BUFGCTRL_X0Y16       BUFG (Prop_bufg_I_O)         0.091     8.271 r  clk_100mhz_IBUF_BUFG_inst/O
                         net (fo=2651, routed)        1.683     9.954    clk_100mhz_IBUF_BUFG
    MMCME2_ADV_X0Y0      MMCME2_ADV (Prop_mmcme2_adv_CLKIN1_CLKOUT0)
                                                      0.083    10.037 r  u_mmcm/CLKOUT0
                         net (fo=1, routed)           1.923    11.960    clk_core_mmcm
    BUFGCTRL_X0Y0        BUFG (Prop_bufg_I_O)         0.091    12.051 r  u_bufg_core/O
                         net (fo=3686, routed)        1.514    13.565    u_mlkem/u_sponge/clk_core
    SLICE_X37Y59         FDRE                                         r  u_mlkem/u_sponge/st_reg[93]/C
                         clock pessimism              0.420    13.985    
                         clock uncertainty           -0.074    13.910    
    SLICE_X37Y59         FDRE (Setup_fdre_C_D)        0.031    13.941    u_mlkem/u_sponge/st_reg[93]
  -------------------------------------------------------------------
                         required time                         13.941    
                         arrival time                         -17.892    
  -------------------------------------------------------------------
                         slack                                 -3.950    

Slack (VIOLATED) :        -3.945ns  (required time - arrival time)
  Source:                 u_mlkem/u_ctrl/unit_src_sponge_reg/C
                            (rising edge-triggered cell FDCE clocked by clk_core_mmcm  {rise@0.000ns fall@2.424ns period=4.848ns})
  Destination:            u_mlkem/u_unpack/cr_d_reg[55]/D
                            (rising edge-triggered cell FDRE clocked by clk_core_mmcm  {rise@0.000ns fall@2.424ns period=4.848ns})
  Path Group:             clk_core_mmcm
  Path Type:              Setup (Max at Slow Process Corner)
  Requirement:            4.848ns  (clk_core_mmcm rise@4.848ns - clk_core_mmcm rise@0.000ns)
  Data Path Delay:        8.728ns  (logic 5.020ns (57.518%)  route 3.708ns (42.482%))
  Logic Levels:           8  (CARRY4=6 LUT4=1 LUT6=1)
  Clock Path Skew:        -0.022ns (DCD - SCD + CPR)
    Destination Clock Delay (DCD):    8.880ns = ( 13.729 - 4.848 ) 
    Source Clock Delay      (SCD):    9.420ns
    Clock Pessimism Removal (CPR):    0.517ns
  Clock Uncertainty:      0.074ns  ((TSJ^2 + DJ^2)^1/2) / 2 + PE
    Total System Jitter     (TSJ):    0.071ns
    Discrete Jitter          (DJ):    0.131ns
    Phase Error              (PE):    0.000ns

    Location             Delay type                Incr(ns)  Path(ns)    Netlist Resource(s)
  -------------------------------------------------------------------    -------------------
                         (clock clk_core_mmcm rise edge)
                                                      0.000     0.000 r  
    E3                                                0.000     0.000 r  clk_100mhz (IN)
                         net (fo=0)                   0.000     0.000    clk_100mhz
    E3                   IBUF (Prop_ibuf_I_O)         1.482     1.482 r  clk_100mhz_IBUF_inst/O
                         net (fo=1, routed)           2.025     3.506    clk_100mhz_IBUF
    BUFGCTRL_X0Y16       BUFG (Prop_bufg_I_O)         0.096     3.602 r  clk_100mhz_IBUF_BUFG_inst/O
                         net (fo=2651, routed)        1.809     5.412    clk_100mhz_IBUF_BUFG
    MMCME2_ADV_X0Y0      MMCME2_ADV (Prop_mmcme2_adv_CLKIN1_CLKOUT0)
                                                      0.088     5.500 r  u_mmcm/CLKOUT0
                         net (fo=1, routed)           2.018     7.518    clk_core_mmcm
    BUFGCTRL_X0Y0        BUFG (Prop_bufg_I_O)         0.096     7.614 r  u_bufg_core/O
                         net (fo=3686, routed)        1.805     9.420    u_mlkem/u_ctrl/clk_core
    SLICE_X31Y33         FDCE                                         r  u_mlkem/u_ctrl/unit_src_sponge_reg/C
  -------------------------------------------------------------------    -------------------
    SLICE_X31Y33         FDCE (Prop_fdce_C_Q)         0.456     9.876 f  u_mlkem/u_ctrl/unit_src_sponge_reg/Q
                         net (fo=117, routed)         0.716    10.591    u_mlkem/u_sponge/cr_d_reg[0]
    SLICE_X32Y33         LUT4 (Prop_lut4_I1_O)        0.124    10.715 r  u_mlkem/u_sponge/cr_d[15]_i_6/O
                         net (fo=1, routed)           0.000    10.715    u_mlkem/u_sponge/cr_d[15]_i_6_n_0
    SLICE_X32Y33         CARRY4 (Prop_carry4_S[2]_CO[3])
                                                      0.398    11.113 r  u_mlkem/u_sponge/cr_d_reg[15]_i_3/CO[3]
                         net (fo=8, routed)           0.644    11.757    u_mlkem/u_sponge/cr_d_reg[15]_i_3_n_0
    SLICE_X31Y33         CARRY4 (Prop_carry4_CYINIT_CO[2])
                                                      0.592    12.349 r  u_mlkem/u_sponge/cr_d_reg[23]_i_3/CO[2]
                         net (fo=8, routed)           0.512    12.862    u_mlkem/u_sponge/cr_d_reg[23]_i_3_n_1
    SLICE_X28Y34         CARRY4 (Prop_carry4_CYINIT_CO[2])
                                                      0.781    13.643 r  u_mlkem/u_sponge/cr_d_reg[31]_i_3/CO[2]
                         net (fo=8, routed)           0.224    13.867    u_mlkem/u_sponge/cr_d_reg[31]_i_3_n_1
    SLICE_X29Y34         CARRY4 (Prop_carry4_CYINIT_CO[2])
                                                      0.781    14.648 r  u_mlkem/u_sponge/cr_d_reg[39]_i_3/CO[2]
                         net (fo=8, routed)           0.541    15.188    u_mlkem/u_sponge/cr_d_reg[39]_i_3_n_1
    SLICE_X30Y34         CARRY4 (Prop_carry4_CYINIT_CO[2])
                                                      0.797    15.985 r  u_mlkem/u_sponge/cr_d_reg[47]_i_3/CO[2]
                         net (fo=8, routed)           0.580    16.565    u_mlkem/u_sponge/cr_d_reg[47]_i_3_n_1
    SLICE_X32Y35         CARRY4 (Prop_carry4_CYINIT_CO[2])
                                                      0.778    17.343 f  u_mlkem/u_sponge/cr_d_reg[55]_i_3/CO[2]
                         net (fo=8, routed)           0.491    17.834    u_mlkem/u_sponge/cr_d_reg[55]_i_3_n_1
    SLICE_X33Y36         LUT6 (Prop_lut6_I5_O)        0.313    18.147 r  u_mlkem/u_sponge/cr_d[55]_i_1/O
                         net (fo=1, routed)           0.000    18.147    u_mlkem/u_unpack/cr_d_reg[63]_0[55]
    SLICE_X33Y36         FDRE                                         r  u_mlkem/u_unpack/cr_d_reg[55]/D
  -------------------------------------------------------------------    -------------------

                         (clock clk_core_mmcm rise edge)
                                                      4.848     4.848 r  
    E3                                                0.000     4.848 r  clk_100mhz (IN)
                         net (fo=0)                   0.000     4.848    clk_100mhz
    E3                   IBUF (Prop_ibuf_I_O)         1.411     6.260 r  clk_100mhz_IBUF_inst/O
                         net (fo=1, routed)           1.920     8.180    clk_100mhz_IBUF
    BUFGCTRL_X0Y16       BUFG (Prop_bufg_I_O)         0.091     8.271 r  clk_100mhz_IBUF_BUFG_inst/O
                         net (fo=2651, routed)        1.683     9.954    clk_100mhz_IBUF_BUFG
    MMCME2_ADV_X0Y0      MMCME2_ADV (Prop_mmcme2_adv_CLKIN1_CLKOUT0)
                                                      0.083    10.037 r  u_mmcm/CLKOUT0
                         net (fo=1, routed)           1.923    11.960    clk_core_mmcm
    BUFGCTRL_X0Y0        BUFG (Prop_bufg_I_O)         0.091    12.051 r  u_bufg_core/O
                         net (fo=3686, routed)        1.678    13.729    u_mlkem/u_unpack/clk_core
    SLICE_X33Y36         FDRE                                         r  u_mlkem/u_unpack/cr_d_reg[55]/C
                         clock pessimism              0.517    14.246    
                         clock uncertainty           -0.074    14.171    
    SLICE_X33Y36         FDRE (Setup_fdre_C_D)        0.031    14.202    u_mlkem/u_unpack/cr_d_reg[55]
  -------------------------------------------------------------------
                         required time                         14.202    
                         arrival time                         -18.147    
  -------------------------------------------------------------------
                         slack                                 -3.945    

Slack (VIOLATED) :        -3.939ns  (required time - arrival time)
  Source:                 u_mlkem/u_ctrl/FSM_sequential_state_reg[2]/C
                            (rising edge-triggered cell FDPE clocked by clk_core_mmcm  {rise@0.000ns fall@2.424ns period=4.848ns})
  Destination:            u_mlkem/u_sponge/st_reg[345]/D
                            (rising edge-triggered cell FDRE clocked by clk_core_mmcm  {rise@0.000ns fall@2.424ns period=4.848ns})
  Path Group:             clk_core_mmcm
  Path Type:              Setup (Max at Slow Process Corner)
  Requirement:            4.848ns  (clk_core_mmcm rise@4.848ns - clk_core_mmcm rise@0.000ns)
  Data Path Delay:        8.503ns  (logic 3.222ns (37.892%)  route 5.281ns (62.108%))
  Logic Levels:           9  (CARRY4=3 LUT3=1 LUT4=1 LUT6=4)
  Clock Path Skew:        -0.289ns (DCD - SCD + CPR)
    Destination Clock Delay (DCD):    8.717ns = ( 13.565 - 4.848 ) 
    Source Clock Delay      (SCD):    9.426ns
    Clock Pessimism Removal (CPR):    0.420ns
  Clock Uncertainty:      0.074ns  ((TSJ^2 + DJ^2)^1/2) / 2 + PE
    Total System Jitter     (TSJ):    0.071ns
    Discrete Jitter          (DJ):    0.131ns
    Phase Error              (PE):    0.000ns

    Location             Delay type                Incr(ns)  Path(ns)    Netlist Resource(s)
  -------------------------------------------------------------------    -------------------
                         (clock clk_core_mmcm rise edge)
                                                      0.000     0.000 r  
    E3                                                0.000     0.000 r  clk_100mhz (IN)
                         net (fo=0)                   0.000     0.000    clk_100mhz
    E3                   IBUF (Prop_ibuf_I_O)         1.482     1.482 r  clk_100mhz_IBUF_inst/O
                         net (fo=1, routed)           2.025     3.506    clk_100mhz_IBUF
    BUFGCTRL_X0Y16       BUFG (Prop_bufg_I_O)         0.096     3.602 r  clk_100mhz_IBUF_BUFG_inst/O
                         net (fo=2651, routed)        1.809     5.412    clk_100mhz_IBUF_BUFG
    MMCME2_ADV_X0Y0      MMCME2_ADV (Prop_mmcme2_adv_CLKIN1_CLKOUT0)
                                                      0.088     5.500 r  u_mmcm/CLKOUT0
                         net (fo=1, routed)           2.018     7.518    clk_core_mmcm
    BUFGCTRL_X0Y0        BUFG (Prop_bufg_I_O)         0.096     7.614 r  u_bufg_core/O
                         net (fo=3686, routed)        1.811     9.426    u_mlkem/u_ctrl/clk_core
    SLICE_X34Y45         FDPE                                         r  u_mlkem/u_ctrl/FSM_sequential_state_reg[2]/C
  -------------------------------------------------------------------    -------------------
    SLICE_X34Y45         FDPE (Prop_fdpe_C_Q)         0.518     9.944 r  u_mlkem/u_ctrl/FSM_sequential_state_reg[2]/Q
                         net (fo=117, routed)         0.696    10.639    u_mlkem/u_ctrl/state__0[2]
    SLICE_X34Y45         LUT4 (Prop_lut4_I2_O)        0.124    10.763 f  u_mlkem/u_ctrl/pos[3]_i_7/O
                         net (fo=88, routed)          0.626    11.389    u_mlkem/u_ctrl/FSM_sequential_state_reg[1]_0
    SLICE_X37Y45         LUT6 (Prop_lut6_I0_O)        0.124    11.513 r  u_mlkem/u_ctrl/st[1342]_i_14/O
                         net (fo=1, routed)           0.000    11.513    u_mlkem/u_ctrl/st[1342]_i_14_n_0
    SLICE_X37Y45         CARRY4 (Prop_carry4_S[2]_CO[3])
                                                      0.398    11.911 r  u_mlkem/u_ctrl/st_reg[1342]_i_9/CO[3]
                         net (fo=21, routed)          0.693    12.604    u_mlkem/u_ctrl/st_reg[1342]_i_9_n_0
    SLICE_X39Y45         CARRY4 (Prop_carry4_CYINIT_CO[2])
                                                      0.592    13.196 r  u_mlkem/u_ctrl/st_reg[1342]_i_8/CO[2]
                         net (fo=22, routed)          0.570    13.766    u_mlkem/u_ctrl/st_reg[1342]_i_8_n_1
    SLICE_X40Y45         CARRY4 (Prop_carry4_CYINIT_CO[2])
                                                      0.781    14.547 f  u_mlkem/u_ctrl/st_reg[1342]_i_10/CO[2]
                         net (fo=20, routed)          0.618    15.165    u_mlkem/u_ctrl/st_reg[1342]_i_10_n_1
    SLICE_X43Y45         LUT6 (Prop_lut6_I2_O)        0.313    15.478 r  u_mlkem/u_ctrl/st[1313]_i_5/O
                         net (fo=2, routed)           0.782    16.260    u_mlkem/u_ctrl/st[1313]_i_5_n_0
    SLICE_X43Y54         LUT3 (Prop_lut3_I2_O)        0.124    16.384 r  u_mlkem/u_ctrl/st[1305]_i_4/O
                         net (fo=21, routed)          0.865    17.249    u_mlkem/u_sponge/st_reg[1151]_0[8]
    SLICE_X37Y57         LUT6 (Prop_lut6_I4_O)        0.124    17.373 r  u_mlkem/u_sponge/st[345]_i_2/O
                         net (fo=1, routed)           0.431    17.805    u_mlkem/u_sponge/st[345]_i_2_n_0
    SLICE_X38Y57         LUT6 (Prop_lut6_I4_O)        0.124    17.929 r  u_mlkem/u_sponge/st[345]_i_1/O
                         net (fo=1, routed)           0.000    17.929    u_mlkem/u_sponge/st[345]_i_1_n_0
    SLICE_X38Y57         FDRE                                         r  u_mlkem/u_sponge/st_reg[345]/D
  -------------------------------------------------------------------    -------------------

                         (clock clk_core_mmcm rise edge)
                                                      4.848     4.848 r  
    E3                                                0.000     4.848 r  clk_100mhz (IN)
                         net (fo=0)                   0.000     4.848    clk_100mhz
    E3                   IBUF (Prop_ibuf_I_O)         1.411     6.260 r  clk_100mhz_IBUF_inst/O
                         net (fo=1, routed)           1.920     8.180    clk_100mhz_IBUF
    BUFGCTRL_X0Y16       BUFG (Prop_bufg_I_O)         0.091     8.271 r  clk_100mhz_IBUF_BUFG_inst/O
                         net (fo=2651, routed)        1.683     9.954    clk_100mhz_IBUF_BUFG
    MMCME2_ADV_X0Y0      MMCME2_ADV (Prop_mmcme2_adv_CLKIN1_CLKOUT0)
                                                      0.083    10.037 r  u_mmcm/CLKOUT0
                         net (fo=1, routed)           1.923    11.960    clk_core_mmcm
    BUFGCTRL_X0Y0        BUFG (Prop_bufg_I_O)         0.091    12.051 r  u_bufg_core/O
                         net (fo=3686, routed)        1.514    13.565    u_mlkem/u_sponge/clk_core
    SLICE_X38Y57         FDRE                                         r  u_mlkem/u_sponge/st_reg[345]/C
                         clock pessimism              0.420    13.985    
                         clock uncertainty           -0.074    13.910    
    SLICE_X38Y57         FDRE (Setup_fdre_C_D)        0.079    13.989    u_mlkem/u_sponge/st_reg[345]
  -------------------------------------------------------------------
                         required time                         13.989    
                         arrival time                         -17.929    
  -------------------------------------------------------------------
                         slack                                 -3.939    




