Copyright 1986-2022 Xilinx, Inc. All Rights Reserved. Copyright 2022-2024 Advanced Micro Devices, Inc. All Rights Reserved.
-------------------------------------------------------------------------------------------------------------------------------------------------
| Tool Version : Vivado v.2024.1 (lin64) Build 5076996 Wed May 22 18:36:09 MDT 2024
| Date         : Fri Oct  2 05:36:36 2026
| Host         : b165e12156e4 running 64-bit unknown
| Command      : report_timing_summary -max_paths 10 -file /home/vivadouser/project/ML_KEM_Test/ML-KEM-Testkit/reports/f206_0/timing_summary.rpt
| Design       : arty_a7_top
| Device       : 7a100t-csg324
| Speed File   : -1  PRODUCTION 1.23 2018-06-13
| Design State : Routed
-------------------------------------------------------------------------------------------------------------------------------------------------

Timing Summary Report

------------------------------------------------------------------------------------------------
| Timer Settings
| --------------
------------------------------------------------------------------------------------------------

  Enable Multi Corner Analysis               :  Yes
  Enable Pessimism Removal                   :  Yes
  Pessimism Removal Resolution               :  Nearest Common Node
  Enable Input Delay Default Clock           :  No
  Enable Preset / Clear Arcs                 :  No
  Disable Flight Delays                      :  No
  Ignore I/O Paths                           :  No
  Timing Early Launch at Borrowing Latches   :  No
  Borrow Time for Max Delay Exceptions       :  Yes
  Merge Timing Exceptions                    :  Yes
  Inter-SLR Compensation                     :  Conservative

  Corner  Analyze    Analyze    
  Name    Max Paths  Min Paths  
  ------  ---------  ---------  
  Slow    Yes        Yes        
  Fast    Yes        Yes        


------------------------------------------------------------------------------------------------
| Report Methodology
| ------------------
------------------------------------------------------------------------------------------------

No report available as report_methodology has not been run prior. Run report_methodology on the current design for the summary of methodology violations.



check_timing report

Table of Contents
-----------------
1. checking no_clock (0)
2. checking constant_clock (0)
3. checking pulse_width_clock (0)
4. checking unconstrained_internal_endpoints (0)
5. checking no_input_delay (2)
6. checking no_output_delay (5)
7. checking multiple_clock (0)
8. checking generated_clocks (0)
9. checking loops (0)
10. checking partial_input_delay (0)
11. checking partial_output_delay (0)
12. checking latch_loops (0)

1. checking no_clock (0)
------------------------
 There are 0 register/latch pins with no clock.


2. checking constant_clock (0)
------------------------------
 There are 0 register/latch pins with constant_clock.


3. checking pulse_width_clock (0)
---------------------------------
 There are 0 register/latch pins which need pulse_width check


4. checking unconstrained_internal_endpoints (0)
------------------------------------------------
 There are 0 pins that are not constrained for maximum delay.

 There are 0 pins that are not constrained for maximum delay due to constant clock.


5. checking no_input_delay (2)
------------------------------
 There are 0 input ports with no input delay specified.

 There are 2 input ports with no input delay but user has a false path constraint. (MEDIUM)


6. checking no_output_delay (5)
-------------------------------
 There are 0 ports with no output delay specified.

 There are 5 ports with no output delay but user has a false path constraint (MEDIUM)

 There are 0 ports with no output delay but with a timing clock defined on it or propagating through it


7. checking multiple_clock (0)
------------------------------
 There are 0 register/latch pins with multiple clocks.


8. checking generated_clocks (0)
--------------------------------
 There are 0 generated clocks that are not connected to a clock source.


9. checking loops (0)
---------------------
 There are 0 combinational loops in the design.


10. checking partial_input_delay (0)
------------------------------------
 There are 0 input ports with partial input delay specified.


11. checking partial_output_delay (0)
-------------------------------------
 There are 0 ports with partial output delay specified.


12. checking latch_loops (0)
----------------------------
 There are 0 combinational latch loops in the design through latch input



------------------------------------------------------------------------------------------------
| Design Timing Summary
| ---------------------
------------------------------------------------------------------------------------------------

    WNS(ns)      TNS(ns)  TNS Failing Endpoints  TNS Total Endpoints      WHS(ns)      THS(ns)  THS Failing Endpoints  THS Total Endpoints     WPWS(ns)     TPWS(ns)  TPWS Failing Endpoints  TPWS Total Endpoints  
    -------      -------  ---------------------  -------------------      -------      -------  ---------------------  -------------------     --------     --------  ----------------------  --------------------  
     -4.993    -8732.891                   5094                13432        0.055        0.000                      0                13432        1.444        0.000                       0                  6342  


Timing constraints are not met.


------------------------------------------------------------------------------------------------
| Clock Summary
| -------------
------------------------------------------------------------------------------------------------

Clock            Waveform(ns)         Period(ns)      Frequency(MHz)
-----            ------------         ----------      --------------
sys_clk          {0.000 5.000}        10.000          100.000         
  clk_core_mmcm  {0.000 2.424}        4.848           206.250         
  mmcm_fb        {0.000 10.000}       20.000          50.000          


------------------------------------------------------------------------------------------------
| Intra Clock Table
| -----------------
------------------------------------------------------------------------------------------------

Clock                WNS(ns)      TNS(ns)  TNS Failing Endpoints  TNS Total Endpoints      WHS(ns)      THS(ns)  THS Failing Endpoints  THS Total Endpoints     WPWS(ns)     TPWS(ns)  TPWS Failing Endpoints  TPWS Total Endpoints  
-----                -------      -------  ---------------------  -------------------      -------      -------  ---------------------  -------------------     --------     --------  ----------------------  --------------------  
sys_clk                1.254        0.000                      0                 5160        0.122        0.000                      0                 5160        3.000        0.000                       0                  2652  
  clk_core_mmcm       -4.993    -7997.185                   4604                 6765        0.055        0.000                      0                 6765        1.444        0.000                       0                  3688  
  mmcm_fb                                                                                                                                                         18.751        0.000                       0                     2  


------------------------------------------------------------------------------------------------
| Inter Clock Table
| -----------------
------------------------------------------------------------------------------------------------

From Clock    To Clock          WNS(ns)      TNS(ns)  TNS Failing Endpoints  TNS Total Endpoints      WHS(ns)      THS(ns)  THS Failing Endpoints  THS Total Endpoints  
----------    --------          -------      -------  ---------------------  -------------------      -------      -------  ---------------------  -------------------  


------------------------------------------------------------------------------------------------
| Other Path Groups Table
| -----------------------
------------------------------------------------------------------------------------------------

Path Group         From Clock         To Clock               WNS(ns)      TNS(ns)  TNS Failing Endpoints  TNS Total Endpoints      WHS(ns)      THS(ns)  THS Failing Endpoints  THS Total Endpoints  
----------         ----------         --------               -------      -------  ---------------------  -------------------      -------      -------  ---------------------  -------------------  
**async_default**  clk_core_mmcm      clk_core_mmcm           -3.323     -735.706                    490                  911        0.652        0.000                      0                  911  
**async_default**  sys_clk            sys_clk                  4.170        0.000                      0                  596        0.864        0.000                      0                  596  


------------------------------------------------------------------------------------------------
| Timing Details
| --------------
------------------------------------------------------------------------------------------------


---------------------------------------------------------------------------------------------------
From Clock:  sys_clk
  To Clock:  sys_clk

Setup :            0  Failing Endpoints,  Worst Slack        1.254ns,  Total Violation        0.000ns
Hold  :            0  Failing Endpoints,  Worst Slack        0.122ns,  Total Violation        0.000ns
PW    :            0  Failing Endpoints,  Worst Slack        3.000ns,  Total Violation        0.000ns
---------------------------------------------------------------------------------------------------


Max Delay Paths
--------------------------------------------------------------------------------------
Slack (MET) :             1.254ns  (required time - arrival time)
  Source:                 u_bridge/cnt_reg[30]/C
                            (rising edge-triggered cell FDCE clocked by sys_clk  {rise@0.000ns fall@5.000ns period=10.000ns})
  Destination:            u_bridge/payload_reg[240][4]/CE
                            (rising edge-triggered cell FDRE clocked by sys_clk  {rise@0.000ns fall@5.000ns period=10.000ns})
  Path Group:             sys_clk
  Path Type:              Setup (Max at Slow Process Corner)
  Requirement:            10.000ns  (sys_clk rise@10.000ns - sys_clk rise@0.000ns)
  Data Path Delay:        8.382ns  (logic 1.789ns (21.344%)  route 6.593ns (78.656%))
  Logic Levels:           6  (LUT3=2 LUT4=1 LUT6=3)
  Clock Path Skew:        -0.124ns (DCD - SCD + CPR)
    Destination Clock Delay (DCD):    5.092ns = ( 15.092 - 10.000 ) 
    Source Clock Delay      (SCD):    5.412ns
    Clock Pessimism Removal (CPR):    0.195ns
  Clock Uncertainty:      0.035ns  ((TSJ^2 + TIJ^2)^1/2 + DJ) / 2 + PE
    Total System Jitter     (TSJ):    0.071ns
    Total Input Jitter      (TIJ):    0.000ns
    Discrete Jitter          (DJ):    0.000ns
    Phase Error              (PE):    0.000ns

    Location             Delay type                Incr(ns)  Path(ns)    Netlist Resource(s)
  -------------------------------------------------------------------    -------------------
                         (clock sys_clk rise edge)    0.000     0.000 r  
    E3                                                0.000     0.000 r  clk_100mhz (IN)
                         net (fo=0)                   0.000     0.000    clk_100mhz
    E3                   IBUF (Prop_ibuf_I_O)         1.482     1.482 r  clk_100mhz_IBUF_inst/O
                         net (fo=1, routed)           2.025     3.506    clk_100mhz_IBUF
    BUFGCTRL_X0Y16       BUFG (Prop_bufg_I_O)         0.096     3.602 r  clk_100mhz_IBUF_BUFG_inst/O
                         net (fo=2651, routed)        1.809     5.412    u_bridge/clk_100mhz_IBUF_BUFG
    SLICE_X23Y17         FDCE                                         r  u_bridge/cnt_reg[30]/C
  -------------------------------------------------------------------    -------------------
    SLICE_X23Y17         FDCE (Prop_fdce_C_Q)         0.419     5.831 f  u_bridge/cnt_reg[30]/Q
                         net (fo=5, routed)           0.930     6.761    u_bridge/cnt[30]
    SLICE_X21Y13         LUT4 (Prop_lut4_I0_O)        0.297     7.058 f  u_bridge/payload[2][7]_i_7/O
                         net (fo=1, routed)           0.407     7.465    u_bridge/payload[2][7]_i_7_n_0
    SLICE_X21Y13         LUT6 (Prop_lut6_I5_O)        0.124     7.589 f  u_bridge/payload[2][7]_i_4/O
                         net (fo=2, routed)           0.820     8.409    u_bridge/payload[2][7]_i_4_n_0
    SLICE_X24Y15         LUT6 (Prop_lut6_I4_O)        0.124     8.533 f  u_bridge/payload[2][7]_i_2/O
                         net (fo=107, routed)         1.329     9.862    u_rx/payload_reg[12][7]
    SLICE_X30Y5          LUT3 (Prop_lut3_I2_O)        0.150    10.012 r  u_rx/payload[3][7]_i_2/O
                         net (fo=52, routed)          1.009    11.021    u_bridge/payload_reg[12][7]_0
    SLICE_X18Y7          LUT3 (Prop_lut3_I0_O)        0.343    11.364 r  u_bridge/payload[16][7]_i_2/O
                         net (fo=13, routed)          1.224    12.588    u_bridge/payload[16][7]_i_2_n_0
    SLICE_X40Y4          LUT6 (Prop_lut6_I2_O)        0.332    12.920 r  u_bridge/payload[240][7]_i_1/O
                         net (fo=8, routed)           0.873    13.793    u_bridge/payload[240][7]_i_1_n_0
    SLICE_X53Y1          FDRE                                         r  u_bridge/payload_reg[240][4]/CE
  -------------------------------------------------------------------    -------------------

                         (clock sys_clk rise edge)   10.000    10.000 r  
    E3                                                0.000    10.000 r  clk_100mhz (IN)
                         net (fo=0)                   0.000    10.000    clk_100mhz
    E3                   IBUF (Prop_ibuf_I_O)         1.411    11.411 r  clk_100mhz_IBUF_inst/O
                         net (fo=1, routed)           1.920    13.331    clk_100mhz_IBUF
    BUFGCTRL_X0Y16       BUFG (Prop_bufg_I_O)         0.091    13.422 r  clk_100mhz_IBUF_BUFG_inst/O
                         net (fo=2651, routed)        1.670    15.092    u_bridge/clk_100mhz_IBUF_BUFG
    SLICE_X53Y1          FDRE                                         r  u_bridge/payload_reg[240][4]/C
                         clock pessimism              0.195    15.288    
                         clock uncertainty           -0.035    15.252    
    SLICE_X53Y1          FDRE (Setup_fdre_C_CE)      -0.205    15.047    u_bridge/payload_reg[240][4]
  -------------------------------------------------------------------
                         required time                         15.047    
                         arrival time                         -13.793    
  -------------------------------------------------------------------
                         slack                                  1.254    

Slack (MET) :             1.254ns  (required time - arrival time)
  Source:                 u_bridge/cnt_reg[30]/C
                            (rising edge-triggered cell FDCE clocked by sys_clk  {rise@0.000ns fall@5.000ns period=10.000ns})
  Destination:            u_bridge/payload_reg[240][5]/CE
                            (rising edge-triggered cell FDRE clocked by sys_clk  {rise@0.000ns fall@5.000ns period=10.000ns})
  Path Group:             sys_clk
  Path Type:              Setup (Max at Slow Process Corner)
  Requirement:            10.000ns  (sys_clk rise@10.000ns - sys_clk rise@0.000ns)
  Data Path Delay:        8.382ns  (logic 1.789ns (21.344%)  route 6.593ns (78.656%))
  Logic Levels:           6  (LUT3=2 LUT4=1 LUT6=3)
  Clock Path Skew:        -0.124ns (DCD - SCD + CPR)
    Destination Clock Delay (DCD):    5.092ns = ( 15.092 - 10.000 ) 
    Source Clock Delay      (SCD):    5.412ns
    Clock Pessimism Removal (CPR):    0.195ns
  Clock Uncertainty:      0.035ns  ((TSJ^2 + TIJ^2)^1/2 + DJ) / 2 + PE
    Total System Jitter     (TSJ):    0.071ns
    Total Input Jitter      (TIJ):    0.000ns
    Discrete Jitter          (DJ):    0.000ns
    Phase Error              (PE):    0.000ns

    Location             Delay type                Incr(ns)  Path(ns)    Netlist Resource(s)
  -------------------------------------------------------------------    -------------------
                         (clock sys_clk rise edge)    0.000     0.000 r  
    E3                                                0.000     0.000 r  clk_100mhz (IN)
                         net (fo=0)                   0.000     0.000    clk_100mhz
    E3                   IBUF (Prop_ibuf_I_O)         1.482     1.482 r  clk_100mhz_IBUF_inst/O
                         net (fo=1, routed)           2.025     3.506    clk_100mhz_IBUF
    BUFGCTRL_X0Y16       BUFG (Prop_bufg_I_O)         0.096     3.602 r  clk_100mhz_IBUF_BUFG_inst/O
                         net (fo=2651, routed)        1.809     5.412    u_bridge/clk_100mhz_IBUF_BUFG
    SLICE_X23Y17         FDCE                                         r  u_bridge/cnt_reg[30]/C
  -------------------------------------------------------------------    -------------------
    SLICE_X23Y17         FDCE (Prop_fdce_C_Q)         0.419     5.831 f  u_bridge/cnt_reg[30]/Q
                         net (fo=5, routed)           0.930     6.761    u_bridge/cnt[30]
    SLICE_X21Y13         LUT4 (Prop_lut4_I0_O)        0.297     7.058 f  u_bridge/payload[2][7]_i_7/O
                         net (fo=1, routed)           0.407     7.465    u_bridge/payload[2][7]_i_7_n_0
    SLICE_X21Y13         LUT6 (Prop_lut6_I5_O)        0.124     7.589 f  u_bridge/payload[2][7]_i_4/O
                         net (fo=2, routed)           0.820     8.409    u_bridge/payload[2][7]_i_4_n_0
    SLICE_X24Y15         LUT6 (Prop_lut6_I4_O)        0.124     8.533 f  u_bridge/payload[2][7]_i_2/O
                         net (fo=107, routed)         1.329     9.862    u_rx/payload_reg[12][7]
    SLICE_X30Y5          LUT3 (Prop_lut3_I2_O)        0.150    10.012 r  u_rx/payload[3][7]_i_2/O
                         net (fo=52, routed)          1.009    11.021    u_bridge/payload_reg[12][7]_0
    SLICE_X18Y7          LUT3 (Prop_lut3_I0_O)        0.343    11.364 r  u_bridge/payload[16][7]_i_2/O
                         net (fo=13, routed)          1.224    12.588    u_bridge/payload[16][7]_i_2_n_0
    SLICE_X40Y4          LUT6 (Prop_lut6_I2_O)        0.332    12.920 r  u_bridge/payload[240][7]_i_1/O
                         net (fo=8, routed)           0.873    13.793    u_bridge/payload[240][7]_i_1_n_0
    SLICE_X53Y1          FDRE                                         r  u_bridge/payload_reg[240][5]/CE
  -------------------------------------------------------------------    -------------------

                         (clock sys_clk rise edge)   10.000    10.000 r  
    E3                                                0.000    10.000 r  clk_100mhz (IN)
                         net (fo=0)                   0.000    10.000    clk_100mhz
    E3                   IBUF (Prop_ibuf_I_O)         1.411    11.411 r  clk_100mhz_IBUF_inst/O
                         net (fo=1, routed)           1.920    13.331    clk_100mhz_IBUF
    BUFGCTRL_X0Y16       BUFG (Prop_bufg_I_O)         0.091    13.422 r  clk_100mhz_IBUF_BUFG_inst/O
                         net (fo=2651, routed)        1.670    15.092    u_bridge/clk_100mhz_IBUF_BUFG
    SLICE_X53Y1          FDRE                                         r  u_bridge/payload_reg[240][5]/C
                         clock pessimism              0.195    15.288    
                         clock uncertainty           -0.035    15.252    
    SLICE_X53Y1          FDRE (Setup_fdre_C_CE)      -0.205    15.047    u_bridge/payload_reg[240][5]
  -------------------------------------------------------------------
                         required time                         15.047    
                         arrival time                         -13.793    
  -------------------------------------------------------------------
                         slack                                  1.254    

Slack (MET) :             1.254ns  (required time - arrival time)
  Source:                 u_bridge/cnt_reg[30]/C
                            (rising edge-triggered cell FDCE clocked by sys_clk  {rise@0.000ns fall@5.000ns period=10.000ns})
  Destination:            u_bridge/payload_reg[240][7]/CE
                            (rising edge-triggered cell FDRE clocked by sys_clk  {rise@0.000ns fall@5.000ns period=10.000ns})
  Path Group:             sys_clk
  Path Type:              Setup (Max at Slow Process Corner)
  Requirement:            10.000ns  (sys_clk rise@10.000ns - sys_clk rise@0.000ns)
  Data Path Delay:        8.382ns  (logic 1.789ns (21.344%)  route 6.593ns (78.656%))
  Logic Levels:           6  (LUT3=2 LUT4=1 LUT6=3)
  Clock Path Skew:        -0.124ns (DCD - SCD + CPR)
    Destination Clock Delay (DCD):    5.092ns = ( 15.092 - 10.000 ) 
    Source Clock Delay      (SCD):    5.412ns
    Clock Pessimism Removal (CPR):    0.195ns
  Clock Uncertainty:      0.035ns  ((TSJ^2 + TIJ^2)^1/2 + DJ) / 2 + PE
    Total System Jitter     (TSJ):    0.071ns
    Total Input Jitter      (TIJ):    0.000ns
    Discrete Jitter          (DJ):    0.000ns
    Phase Error              (PE):    0.000ns

    Location             Delay type                Incr(ns)  Path(ns)    Netlist Resource(s)
  -------------------------------------------------------------------    -------------------
                         (clock sys_clk rise edge)    0.000     0.000 r  
    E3                                                0.000     0.000 r  clk_100mhz (IN)
                         net (fo=0)                   0.000     0.000    clk_100mhz
    E3                   IBUF (Prop_ibuf_I_O)         1.482     1.482 r  clk_100mhz_IBUF_inst/O
                         net (fo=1, routed)           2.025     3.506    clk_100mhz_IBUF
    BUFGCTRL_X0Y16       BUFG (Prop_bufg_I_O)         0.096     3.602 r  clk_100mhz_IBUF_BUFG_inst/O
                         net (fo=2651, routed)        1.809     5.412    u_bridge/clk_100mhz_IBUF_BUFG
    SLICE_X23Y17         FDCE                                         r  u_bridge/cnt_reg[30]/C
  -------------------------------------------------------------------    -------------------
    SLICE_X23Y17         FDCE (Prop_fdce_C_Q)         0.419     5.831 f  u_bridge/cnt_reg[30]/Q
                         net (fo=5, routed)           0.930     6.761    u_bridge/cnt[30]
    SLICE_X21Y13         LUT4 (Prop_lut4_I0_O)        0.297     7.058 f  u_bridge/payload[2][7]_i_7/O
                         net (fo=1, routed)           0.407     7.465    u_bridge/payload[2][7]_i_7_n_0
    SLICE_X21Y13         LUT6 (Prop_lut6_I5_O)        0.124     7.589 f  u_bridge/payload[2][7]_i_4/O
                         net (fo=2, routed)           0.820     8.409    u_bridge/payload[2][7]_i_4_n_0
    SLICE_X24Y15         LUT6 (Prop_lut6_I4_O)        0.124     8.533 f  u_bridge/payload[2][7]_i_2/O
                         net (fo=107, routed)         1.329     9.862    u_rx/payload_reg[12][7]
    SLICE_X30Y5          LUT3 (Prop_lut3_I2_O)        0.150    10.012 r  u_rx/payload[3][7]_i_2/O
                         net (fo=52, routed)          1.009    11.021    u_bridge/payload_reg[12][7]_0
    SLICE_X18Y7          LUT3 (Prop_lut3_I0_O)        0.343    11.364 r  u_bridge/payload[16][7]_i_2/O
                         net (fo=13, routed)          1.224    12.588    u_bridge/payload[16][7]_i_2_n_0
    SLICE_X40Y4          LUT6 (Prop_lut6_I2_O)        0.332    12.920 r  u_bridge/payload[240][7]_i_1/O
                         net (fo=8, routed)           0.873    13.793    u_bridge/payload[240][7]_i_1_n_0
    SLICE_X53Y1          FDRE                                         r  u_bridge/payload_reg[240][7]/CE
  -------------------------------------------------------------------    -------------------

                         (clock sys_clk rise edge)   10.000    10.000 r  
    E3                                                0.000    10.000 r  clk_100mhz (IN)
                         net (fo=0)                   0.000    10.000    clk_100mhz
    E3                   IBUF (Prop_ibuf_I_O)         1.411    11.411 r  clk_100mhz_IBUF_inst/O
                         net (fo=1, routed)           1.920    13.331    clk_100mhz_IBUF
    BUFGCTRL_X0Y16       BUFG (Prop_bufg_I_O)         0.091    13.422 r  clk_100mhz_IBUF_BUFG_inst/O
                         net (fo=2651, routed)        1.670    15.092    u_bridge/clk_100mhz_IBUF_BUFG
    SLICE_X53Y1          FDRE                                         r  u_bridge/payload_reg[240][7]/C
                         clock pessimism              0.195    15.288    
                         clock uncertainty           -0.035    15.252    
    SLICE_X53Y1          FDRE (Setup_fdre_C_CE)      -0.205    15.047    u_bridge/payload_reg[240][7]
  -------------------------------------------------------------------
                         required time                         15.047    
                         arrival time                         -13.793    
  -------------------------------------------------------------------
                         slack                                  1.254    

Slack (MET) :             1.428ns  (required time - arrival time)
  Source:                 u_bridge/cnt_reg[30]/C
                            (rising edge-triggered cell FDCE clocked by sys_clk  {rise@0.000ns fall@5.000ns period=10.000ns})
  Destination:            u_bridge/payload_reg[16][0]/CE
                            (rising edge-triggered cell FDRE clocked by sys_clk  {rise@0.000ns fall@5.000ns period=10.000ns})
  Path Group:             sys_clk
  Path Type:              Setup (Max at Slow Process Corner)
  Requirement:            10.000ns  (sys_clk rise@10.000ns - sys_clk rise@0.000ns)
  Data Path Delay:        8.280ns  (logic 1.789ns (21.607%)  route 6.491ns (78.393%))
  Logic Levels:           6  (LUT3=2 LUT4=1 LUT6=3)
  Clock Path Skew:        -0.052ns (DCD - SCD + CPR)
    Destination Clock Delay (DCD):    5.092ns = ( 15.092 - 10.000 ) 
    Source Clock Delay      (SCD):    5.412ns
    Clock Pessimism Removal (CPR):    0.267ns
  Clock Uncertainty:      0.035ns  ((TSJ^2 + TIJ^2)^1/2 + DJ) / 2 + PE
    Total System Jitter     (TSJ):    0.071ns
    Total Input Jitter      (TIJ):    0.000ns
    Discrete Jitter          (DJ):    0.000ns
    Phase Error              (PE):    0.000ns

    Location             Delay type                Incr(ns)  Path(ns)    Netlist Resource(s)
  -------------------------------------------------------------------    -------------------
                         (clock sys_clk rise edge)    0.000     0.000 r  
    E3                                                0.000     0.000 r  clk_100mhz (IN)
                         net (fo=0)                   0.000     0.000    clk_100mhz
    E3                   IBUF (Prop_ibuf_I_O)         1.482     1.482 r  clk_100mhz_IBUF_inst/O
                         net (fo=1, routed)           2.025     3.506    clk_100mhz_IBUF
    BUFGCTRL_X0Y16       BUFG (Prop_bufg_I_O)         0.096     3.602 r  clk_100mhz_IBUF_BUFG_inst/O
                         net (fo=2651, routed)        1.809     5.412    u_bridge/clk_100mhz_IBUF_BUFG
    SLICE_X23Y17         FDCE                                         r  u_bridge/cnt_reg[30]/C
  -------------------------------------------------------------------    -------------------
    SLICE_X23Y17         FDCE (Prop_fdce_C_Q)         0.419     5.831 f  u_bridge/cnt_reg[30]/Q
                         net (fo=5, routed)           0.930     6.761    u_bridge/cnt[30]
    SLICE_X21Y13         LUT4 (Prop_lut4_I0_O)        0.297     7.058 f  u_bridge/payload[2][7]_i_7/O
                         net (fo=1, routed)           0.407     7.465    u_bridge/payload[2][7]_i_7_n_0
    SLICE_X21Y13         LUT6 (Prop_lut6_I5_O)        0.124     7.589 f  u_bridge/payload[2][7]_i_4/O
                         net (fo=2, routed)           0.820     8.409    u_bridge/payload[2][7]_i_4_n_0
    SLICE_X24Y15         LUT6 (Prop_lut6_I4_O)        0.124     8.533 f  u_bridge/payload[2][7]_i_2/O
                         net (fo=107, routed)         1.329     9.862    u_rx/payload_reg[12][7]
    SLICE_X30Y5          LUT3 (Prop_lut3_I2_O)        0.150    10.012 r  u_rx/payload[3][7]_i_2/O
                         net (fo=52, routed)          1.009    11.021    u_bridge/payload_reg[12][7]_0
    SLICE_X18Y7          LUT3 (Prop_lut3_I0_O)        0.343    11.364 r  u_bridge/payload[16][7]_i_2/O
                         net (fo=13, routed)          1.142    12.506    u_bridge/payload[16][7]_i_2_n_0
    SLICE_X36Y11         LUT6 (Prop_lut6_I0_O)        0.332    12.838 r  u_bridge/payload[16][7]_i_1/O
                         net (fo=8, routed)           0.853    13.691    u_bridge/payload[16][7]_i_1_n_0
    SLICE_X43Y18         FDRE                                         r  u_bridge/payload_reg[16][0]/CE
  -------------------------------------------------------------------    -------------------

                         (clock sys_clk rise edge)   10.000    10.000 r  
    E3                                                0.000    10.000 r  clk_100mhz (IN)
                         net (fo=0)                   0.000    10.000    clk_100mhz
    E3                   IBUF (Prop_ibuf_I_O)         1.411    11.411 r  clk_100mhz_IBUF_inst/O
                         net (fo=1, routed)           1.920    13.331    clk_100mhz_IBUF
    BUFGCTRL_X0Y16       BUFG (Prop_bufg_I_O)         0.091    13.422 r  clk_100mhz_IBUF_BUFG_inst/O
                         net (fo=2651, routed)        1.670    15.092    u_bridge/clk_100mhz_IBUF_BUFG
    SLICE_X43Y18         FDRE                                         r  u_bridge/payload_reg[16][0]/C
                         clock pessimism              0.267    15.360    
                         clock uncertainty           -0.035    15.324    
    SLICE_X43Y18         FDRE (Setup_fdre_C_CE)      -0.205    15.119    u_bridge/payload_reg[16][0]
  -------------------------------------------------------------------
                         required time                         15.119    
                         arrival time                         -13.691    
  -------------------------------------------------------------------
                         slack                                  1.428    

Slack (MET) :             1.428ns  (required time - arrival time)
  Source:                 u_bridge/cnt_reg[30]/C
                            (rising edge-triggered cell FDCE clocked by sys_clk  {rise@0.000ns fall@5.000ns period=10.000ns})
  Destination:            u_bridge/payload_reg[16][4]/CE
                            (rising edge-triggered cell FDRE clocked by sys_clk  {rise@0.000ns fall@5.000ns period=10.000ns})
  Path Group:             sys_clk
  Path Type:              Setup (Max at Slow Process Corner)
  Requirement:            10.000ns  (sys_clk rise@10.000ns - sys_clk rise@0.000ns)
  Data Path Delay:        8.280ns  (logic 1.789ns (21.607%)  route 6.491ns (78.393%))
  Logic Levels:           6  (LUT3=2 LUT4=1 LUT6=3)
  Clock Path Skew:        -0.052ns (DCD - SCD + CPR)
    Destination Clock Delay (DCD):    5.092ns = ( 15.092 - 10.000 ) 
    Source Clock Delay      (SCD):    5.412ns
    Clock Pessimism Removal (CPR):    0.267ns
  Clock Uncertainty:      0.035ns  ((TSJ^2 + TIJ^2)^1/2 + DJ) / 2 + PE
    Total System Jitter     (TSJ):    0.071ns
    Total Input Jitter      (TIJ):    0.000ns
    Discrete Jitter          (DJ):    0.000ns
    Phase Error              (PE):    0.000ns

    Location             Delay type                Incr(ns)  Path(ns)    Netlist Resource(s)
  -------------------------------------------------------------------    -------------------
                         (clock sys_clk rise edge)    0.000     0.000 r  
    E3                                                0.000     0.000 r  clk_100mhz (IN)
                         net (fo=0)                   0.000     0.000    clk_100mhz
    E3                   IBUF (Prop_ibuf_I_O)         1.482     1.482 r  clk_100mhz_IBUF_inst/O
                         net (fo=1, routed)           2.025     3.506    clk_100mhz_IBUF
    BUFGCTRL_X0Y16       BUFG (Prop_bufg_I_O)         0.096     3.602 r  clk_100mhz_IBUF_BUFG_inst/O
                         net (fo=2651, routed)        1.809     5.412    u_bridge/clk_100mhz_IBUF_BUFG
    SLICE_X23Y17         FDCE                                         r  u_bridge/cnt_reg[30]/C
  -------------------------------------------------------------------    -------------------
    SLICE_X23Y17         FDCE (Prop_fdce_C_Q)         0.419     5.831 f  u_bridge/cnt_reg[30]/Q
                         net (fo=5, routed)           0.930     6.761    u_bridge/cnt[30]
    SLICE_X21Y13         LUT4 (Prop_lut4_I0_O)        0.297     7.058 f  u_bridge/payload[2][7]_i_7/O
                         net (fo=1, routed)           0.407     7.465    u_bridge/payload[2][7]_i_7_n_0
    SLICE_X21Y13         LUT6 (Prop_lut6_I5_O)        0.124     7.589 f  u_bridge/payload[2][7]_i_4/O
                         net (fo=2, routed)           0.820     8.409    u_bridge/payload[2][7]_i_4_n_0
    SLICE_X24Y15         LUT6 (Prop_lut6_I4_O)        0.124     8.533 f  u_bridge/payload[2][7]_i_2/O
                         net (fo=107, routed)         1.329     9.862    u_rx/payload_reg[12][7]
    SLICE_X30Y5          LUT3 (Prop_lut3_I2_O)        0.150    10.012 r  u_rx/payload[3][7]_i_2/O
                         net (fo=52, routed)          1.009    11.021    u_bridge/payload_reg[12][7]_0
    SLICE_X18Y7          LUT3 (Prop_lut3_I0_O)        0.343    11.364 r  u_bridge/payload[16][7]_i_2/O
                         net (fo=13, routed)          1.142    12.506    u_bridge/payload[16][7]_i_2_n_0
    SLICE_X36Y11         LUT6 (Prop_lut6_I0_O)        0.332    12.838 r  u_bridge/payload[16][7]_i_1/O
                         net (fo=8, routed)           0.853    13.691    u_bridge/payload[16][7]_i_1_n_0
    SLICE_X43Y18         FDRE                                         r  u_bridge/payload_reg[16][4]/CE
  -------------------------------------------------------------------    -------------------

                         (clock sys_clk rise edge)   10.000    10.000 r  
    E3                                                0.000    10.000 r  clk_100mhz (IN)
                         net (fo=0)                   0.000    10.000    clk_100mhz
    E3                   IBUF (Prop_ibuf_I_O)         1.411    11.411 r  clk_100mhz_IBUF_inst/O
                         net (fo=1, routed)           1.920    13.331    clk_100mhz_IBUF
    BUFGCTRL_X0Y16       BUFG (Prop_bufg_I_O)         0.091    13.422 r  clk_100mhz_IBUF_BUFG_inst/O
                         net (fo=2651, routed)        1.670    15.092    u_bridge/clk_100mhz_IBUF_BUFG
    SLICE_X43Y18         FDRE                                         r  u_bridge/payload_reg[16][4]/C
                         clock pessimism              0.267    15.360    
                         clock uncertainty           -0.035    15.324    
    SLICE_X43Y18         FDRE (Setup_fdre_C_CE)      -0.205    15.119    u_bridge/payload_reg[16][4]
  -------------------------------------------------------------------
                         required time                         15.119    
                         arrival time                         -13.691    
  -------------------------------------------------------------------
                         slack                                  1.428    

Slack (MET) :             1.510ns  (required time - arrival time)
  Source:                 u_bridge/addr_reg[0]/C
                            (rising edge-triggered cell FDCE clocked by sys_clk  {rise@0.000ns fall@5.000ns period=10.000ns})
  Destination:            u_bridge/m_axi_araddr_reg[2]/CE
                            (rising edge-triggered cell FDCE clocked by sys_clk  {rise@0.000ns fall@5.000ns period=10.000ns})
  Path Group:             sys_clk
  Path Type:              Setup (Max at Slow Process Corner)
  Requirement:            10.000ns  (sys_clk rise@10.000ns - sys_clk rise@0.000ns)
  Data Path Delay:        8.218ns  (logic 3.435ns (41.798%)  route 4.783ns (58.202%))
  Logic Levels:           14  (CARRY4=8 LUT1=1 LUT4=1 LUT6=4)
  Clock Path Skew:        -0.031ns (DCD - SCD + CPR)
    Destination Clock Delay (DCD):    5.107ns = ( 15.107 - 10.000 ) 
    Source Clock Delay      (SCD):    5.421ns
    Clock Pessimism Removal (CPR):    0.282ns
  Clock Uncertainty:      0.035ns  ((TSJ^2 + TIJ^2)^1/2 + DJ) / 2 + PE
    Total System Jitter     (TSJ):    0.071ns
    Total Input Jitter      (TIJ):    0.000ns
    Discrete Jitter          (DJ):    0.000ns
    Phase Error              (PE):    0.000ns

    Location             Delay type                Incr(ns)  Path(ns)    Netlist Resource(s)
  -------------------------------------------------------------------    -------------------
                         (clock sys_clk rise edge)    0.000     0.000 r  
    E3                                                0.000     0.000 r  clk_100mhz (IN)
                         net (fo=0)                   0.000     0.000    clk_100mhz
    E3                   IBUF (Prop_ibuf_I_O)         1.482     1.482 r  clk_100mhz_IBUF_inst/O
                         net (fo=1, routed)           2.025     3.506    clk_100mhz_IBUF
    BUFGCTRL_X0Y16       BUFG (Prop_bufg_I_O)         0.096     3.602 r  clk_100mhz_IBUF_BUFG_inst/O
                         net (fo=2651, routed)        1.818     5.421    u_bridge/clk_100mhz_IBUF_BUFG
    SLICE_X11Y10         FDCE                                         r  u_bridge/addr_reg[0]/C
  -------------------------------------------------------------------    -------------------
    SLICE_X11Y10         FDCE (Prop_fdce_C_Q)         0.456     5.877 f  u_bridge/addr_reg[0]/Q
                         net (fo=10, routed)          0.489     6.366    u_bridge/addr_reg_n_0_[0]
    SLICE_X13Y9          LUT1 (Prop_lut1_I0_O)        0.124     6.490 r  u_bridge/state[3]_i_247/O
                         net (fo=1, routed)           0.379     6.869    u_bridge/p_0_in[0]
    SLICE_X12Y9          CARRY4 (Prop_carry4_CYINIT_CO[3])
                                                      0.595     7.464 r  u_bridge/state_reg[3]_i_230/CO[3]
                         net (fo=1, routed)           0.000     7.464    u_bridge/state_reg[3]_i_230_n_0
    SLICE_X12Y10         CARRY4 (Prop_carry4_CI_CO[3])
                                                      0.117     7.581 r  u_bridge/state_reg[3]_i_212/CO[3]
                         net (fo=1, routed)           0.000     7.581    u_bridge/state_reg[3]_i_212_n_0
    SLICE_X12Y11         CARRY4 (Prop_carry4_CI_CO[3])
                                                      0.117     7.698 r  u_bridge/state_reg[3]_i_211/CO[3]
                         net (fo=1, routed)           0.000     7.698    u_bridge/state_reg[3]_i_211_n_0
    SLICE_X12Y12         CARRY4 (Prop_carry4_CI_CO[3])
                                                      0.117     7.815 r  u_bridge/state_reg[3]_i_166/CO[3]
                         net (fo=1, routed)           0.000     7.815    u_bridge/state_reg[3]_i_166_n_0
    SLICE_X12Y13         CARRY4 (Prop_carry4_CI_CO[3])
                                                      0.117     7.932 r  u_bridge/state_reg[3]_i_165/CO[3]
                         net (fo=1, routed)           0.000     7.932    u_bridge/state_reg[3]_i_165_n_0
    SLICE_X12Y14         CARRY4 (Prop_carry4_CI_CO[3])
                                                      0.117     8.049 r  u_bridge/state_reg[3]_i_122/CO[3]
                         net (fo=1, routed)           0.000     8.049    u_bridge/state_reg[3]_i_122_n_0
    SLICE_X12Y15         CARRY4 (Prop_carry4_CI_O[1])
                                                      0.323     8.372 r  u_bridge/state_reg[3]_i_121/O[1]
                         net (fo=4, routed)           0.828     9.201    u_bridge/state_reg[3]_i_121_n_6
    SLICE_X13Y14         LUT4 (Prop_lut4_I3_O)        0.306     9.507 r  u_bridge/state[3]_i_130/O
                         net (fo=1, routed)           0.000     9.507    u_bridge/state[3]_i_130_n_0
    SLICE_X13Y14         CARRY4 (Prop_carry4_S[1]_CO[3])
                                                      0.550    10.057 r  u_bridge/state_reg[3]_i_82/CO[3]
                         net (fo=1, routed)           0.801    10.857    u_bridge/frame_ok115_in
    SLICE_X17Y11         LUT6 (Prop_lut6_I3_O)        0.124    10.981 r  u_bridge/state[3]_i_47/O
                         net (fo=1, routed)           0.263    11.244    u_bridge/state[3]_i_47_n_0
    SLICE_X17Y11         LUT6 (Prop_lut6_I1_O)        0.124    11.368 f  u_bridge/state[3]_i_27/O
                         net (fo=1, routed)           0.424    11.793    u_bridge/state[3]_i_27_n_0
    SLICE_X19Y12         LUT6 (Prop_lut6_I4_O)        0.124    11.917 f  u_bridge/state[3]_i_10/O
                         net (fo=41, routed)          0.753    12.670    u_bridge/state[3]_i_10_n_0
    SLICE_X24Y16         LUT6 (Prop_lut6_I0_O)        0.124    12.794 r  u_bridge/m_axi_araddr[15]_i_1/O
                         net (fo=14, routed)          0.845    13.639    u_bridge/m_axi_araddr[15]_i_1_n_0
    SLICE_X11Y17         FDCE                                         r  u_bridge/m_axi_araddr_reg[2]/CE
  -------------------------------------------------------------------    -------------------

                         (clock sys_clk rise edge)   10.000    10.000 r  
    E3                                                0.000    10.000 r  clk_100mhz (IN)
                         net (fo=0)                   0.000    10.000    clk_100mhz
    E3                   IBUF (Prop_ibuf_I_O)         1.411    11.411 r  clk_100mhz_IBUF_inst/O
                         net (fo=1, routed)           1.920    13.331    clk_100mhz_IBUF
    BUFGCTRL_X0Y16       BUFG (Prop_bufg_I_O)         0.091    13.422 r  clk_100mhz_IBUF_BUFG_inst/O
                         net (fo=2651, routed)        1.685    15.107    u_bridge/clk_100mhz_IBUF_BUFG
    SLICE_X11Y17         FDCE                                         r  u_bridge/m_axi_araddr_reg[2]/C
                         clock pessimism              0.282    15.390    
                         clock uncertainty           -0.035    15.354    
    SLICE_X11Y17         FDCE (Setup_fdce_C_CE)      -0.205    15.149    u_bridge/m_axi_araddr_reg[2]
  -------------------------------------------------------------------
                         required time                         15.149    
                         arrival time                         -13.639    
  -------------------------------------------------------------------
                         slack                                  1.510    

Slack (MET) :             1.510ns  (required time - arrival time)
  Source:                 u_bridge/addr_reg[0]/C
                            (rising edge-triggered cell FDCE clocked by sys_clk  {rise@0.000ns fall@5.000ns period=10.000ns})
  Destination:            u_bridge/m_axi_araddr_reg[3]/CE
                            (rising edge-triggered cell FDCE clocked by sys_clk  {rise@0.000ns fall@5.000ns period=10.000ns})
  Path Group:             sys_clk
  Path Type:              Setup (Max at Slow Process Corner)
  Requirement:            10.000ns  (sys_clk rise@10.000ns - sys_clk rise@0.000ns)
  Data Path Delay:        8.218ns  (logic 3.435ns (41.798%)  route 4.783ns (58.202%))
  Logic Levels:           14  (CARRY4=8 LUT1=1 LUT4=1 LUT6=4)
  Clock Path Skew:        -0.031ns (DCD - SCD + CPR)
    Destination Clock Delay (DCD):    5.107ns = ( 15.107 - 10.000 ) 
    Source Clock Delay      (SCD):    5.421ns
    Clock Pessimism Removal (CPR):    0.282ns
  Clock Uncertainty:      0.035ns  ((TSJ^2 + TIJ^2)^1/2 + DJ) / 2 + PE
    Total System Jitter     (TSJ):    0.071ns
    Total Input Jitter      (TIJ):    0.000ns
    Discrete Jitter          (DJ):    0.000ns
    Phase Error              (PE):    0.000ns

    Location             Delay type                Incr(ns)  Path(ns)    Netlist Resource(s)
  -------------------------------------------------------------------    -------------------
                         (clock sys_clk rise edge)    0.000     0.000 r  
    E3                                                0.000     0.000 r  clk_100mhz (IN)
                         net (fo=0)                   0.000     0.000    clk_100mhz
    E3                   IBUF (Prop_ibuf_I_O)         1.482     1.482 r  clk_100mhz_IBUF_inst/O
                         net (fo=1, routed)           2.025     3.506    clk_100mhz_IBUF
    BUFGCTRL_X0Y16       BUFG (Prop_bufg_I_O)         0.096     3.602 r  clk_100mhz_IBUF_BUFG_inst/O
                         net (fo=2651, routed)        1.818     5.421    u_bridge/clk_100mhz_IBUF_BUFG
    SLICE_X11Y10         FDCE                                         r  u_bridge/addr_reg[0]/C
  -------------------------------------------------------------------    -------------------
    SLICE_X11Y10         FDCE (Prop_fdce_C_Q)         0.456     5.877 f  u_bridge/addr_reg[0]/Q
                         net (fo=10, routed)          0.489     6.366    u_bridge/addr_reg_n_0_[0]
    SLICE_X13Y9          LUT1 (Prop_lut1_I0_O)        0.124     6.490 r  u_bridge/state[3]_i_247/O
                         net (fo=1, routed)           0.379     6.869    u_bridge/p_0_in[0]
    SLICE_X12Y9          CARRY4 (Prop_carry4_CYINIT_CO[3])
                                                      0.595     7.464 r  u_bridge/state_reg[3]_i_230/CO[3]
                         net (fo=1, routed)           0.000     7.464    u_bridge/state_reg[3]_i_230_n_0
    SLICE_X12Y10         CARRY4 (Prop_carry4_CI_CO[3])
                                                      0.117     7.581 r  u_bridge/state_reg[3]_i_212/CO[3]
                         net (fo=1, routed)           0.000     7.581    u_bridge/state_reg[3]_i_212_n_0
    SLICE_X12Y11         CARRY4 (Prop_carry4_CI_CO[3])
                                                      0.117     7.698 r  u_bridge/state_reg[3]_i_211/CO[3]
                         net (fo=1, routed)           0.000     7.698    u_bridge/state_reg[3]_i_211_n_0
    SLICE_X12Y12         CARRY4 (Prop_carry4_CI_CO[3])
                                                      0.117     7.815 r  u_bridge/state_reg[3]_i_166/CO[3]
                         net (fo=1, routed)           0.000     7.815    u_bridge/state_reg[3]_i_166_n_0
    SLICE_X12Y13         CARRY4 (Prop_carry4_CI_CO[3])
                                                      0.117     7.932 r  u_bridge/state_reg[3]_i_165/CO[3]
                         net (fo=1, routed)           0.000     7.932    u_bridge/state_reg[3]_i_165_n_0
    SLICE_X12Y14         CARRY4 (Prop_carry4_CI_CO[3])
                                                      0.117     8.049 r  u_bridge/state_reg[3]_i_122/CO[3]
                         net (fo=1, routed)           0.000     8.049    u_bridge/state_reg[3]_i_122_n_0
    SLICE_X12Y15         CARRY4 (Prop_carry4_CI_O[1])
                                                      0.323     8.372 r  u_bridge/state_reg[3]_i_121/O[1]
                         net (fo=4, routed)           0.828     9.201    u_bridge/state_reg[3]_i_121_n_6
    SLICE_X13Y14         LUT4 (Prop_lut4_I3_O)        0.306     9.507 r  u_bridge/state[3]_i_130/O
                         net (fo=1, routed)           0.000     9.507    u_bridge/state[3]_i_130_n_0
    SLICE_X13Y14         CARRY4 (Prop_carry4_S[1]_CO[3])
                                                      0.550    10.057 r  u_bridge/state_reg[3]_i_82/CO[3]
                         net (fo=1, routed)           0.801    10.857    u_bridge/frame_ok115_in
    SLICE_X17Y11         LUT6 (Prop_lut6_I3_O)        0.124    10.981 r  u_bridge/state[3]_i_47/O
                         net (fo=1, routed)           0.263    11.244    u_bridge/state[3]_i_47_n_0
    SLICE_X17Y11         LUT6 (Prop_lut6_I1_O)        0.124    11.368 f  u_bridge/state[3]_i_27/O
                         net (fo=1, routed)           0.424    11.793    u_bridge/state[3]_i_27_n_0
    SLICE_X19Y12         LUT6 (Prop_lut6_I4_O)        0.124    11.917 f  u_bridge/state[3]_i_10/O
                         net (fo=41, routed)          0.753    12.670    u_bridge/state[3]_i_10_n_0
    SLICE_X24Y16         LUT6 (Prop_lut6_I0_O)        0.124    12.794 r  u_bridge/m_axi_araddr[15]_i_1/O
                         net (fo=14, routed)          0.845    13.639    u_bridge/m_axi_araddr[15]_i_1_n_0
    SLICE_X11Y17         FDCE                                         r  u_bridge/m_axi_araddr_reg[3]/CE
  -------------------------------------------------------------------    -------------------

                         (clock sys_clk rise edge)   10.000    10.000 r  
    E3                                                0.000    10.000 r  clk_100mhz (IN)
                         net (fo=0)                   0.000    10.000    clk_100mhz
    E3                   IBUF (Prop_ibuf_I_O)         1.411    11.411 r  clk_100mhz_IBUF_inst/O
                         net (fo=1, routed)           1.920    13.331    clk_100mhz_IBUF
    BUFGCTRL_X0Y16       BUFG (Prop_bufg_I_O)         0.091    13.422 r  clk_100mhz_IBUF_BUFG_inst/O
                         net (fo=2651, routed)        1.685    15.107    u_bridge/clk_100mhz_IBUF_BUFG
    SLICE_X11Y17         FDCE                                         r  u_bridge/m_axi_araddr_reg[3]/C
                         clock pessimism              0.282    15.390    
                         clock uncertainty           -0.035    15.354    
    SLICE_X11Y17         FDCE (Setup_fdce_C_CE)      -0.205    15.149    u_bridge/m_axi_araddr_reg[3]
  -------------------------------------------------------------------
                         required time                         15.149    
                         arrival time                         -13.639    
  -------------------------------------------------------------------
                         slack                                  1.510    

Slack (MET) :             1.510ns  (required time - arrival time)
  Source:                 u_bridge/addr_reg[0]/C
                            (rising edge-triggered cell FDCE clocked by sys_clk  {rise@0.000ns fall@5.000ns period=10.000ns})
  Destination:            u_bridge/m_axi_araddr_reg[4]/CE
                            (rising edge-triggered cell FDCE clocked by sys_clk  {rise@0.000ns fall@5.000ns period=10.000ns})
  Path Group:             sys_clk
  Path Type:              Setup (Max at Slow Process Corner)
  Requirement:            10.000ns  (sys_clk rise@10.000ns - sys_clk rise@0.000ns)
  Data Path Delay:        8.218ns  (logic 3.435ns (41.798%)  route 4.783ns (58.202%))
  Logic Levels:           14  (CARRY4=8 LUT1=1 LUT4=1 LUT6=4)
  Clock Path Skew:        -0.031ns (DCD - SCD + CPR)
    Destination Clock Delay (DCD):    5.107ns = ( 15.107 - 10.000 ) 
    Source Clock Delay      (SCD):    5.421ns
    Clock Pessimism Removal (CPR):    0.282ns
  Clock Uncertainty:      0.035ns  ((TSJ^2 + TIJ^2)^1/2 + DJ) / 2 + PE
    Total System Jitter     (TSJ):    0.071ns
    Total Input Jitter      (TIJ):    0.000ns
    Discrete Jitter          (DJ):    0.000ns
    Phase Error              (PE):    0.000ns

    Location             Delay type                Incr(ns)  Path(ns)    Netlist Resource(s)
  -------------------------------------------------------------------    -------------------
                         (clock sys_clk rise edge)    0.000     0.000 r  
    E3                                                0.000     0.000 r  clk_100mhz (IN)
                         net (fo=0)                   0.000     0.000    clk_100mhz
    E3                   IBUF (Prop_ibuf_I_O)         1.482     1.482 r  clk_100mhz_IBUF_inst/O
                         net (fo=1, routed)           2.025     3.506    clk_100mhz_IBUF
    BUFGCTRL_X0Y16       BUFG (Prop_bufg_I_O)         0.096     3.602 r  clk_100mhz_IBUF_BUFG_inst/O
                         net (fo=2651, routed)        1.818     5.421    u_bridge/clk_100mhz_IBUF_BUFG
    SLICE_X11Y10         FDCE                                         r  u_bridge/addr_reg[0]/C
  -------------------------------------------------------------------    -------------------
    SLICE_X11Y10         FDCE (Prop_fdce_C_Q)         0.456     5.877 f  u_bridge/addr_reg[0]/Q
                         net (fo=10, routed)          0.489     6.366    u_bridge/addr_reg_n_0_[0]
    SLICE_X13Y9          LUT1 (Prop_lut1_I0_O)        0.124     6.490 r  u_bridge/state[3]_i_247/O
                         net (fo=1, routed)           0.379     6.869    u_bridge/p_0_in[0]
    SLICE_X12Y9          CARRY4 (Prop_carry4_CYINIT_CO[3])
                                                      0.595     7.464 r  u_bridge/state_reg[3]_i_230/CO[3]
                         net (fo=1, routed)           0.000     7.464    u_bridge/state_reg[3]_i_230_n_0
    SLICE_X12Y10         CARRY4 (Prop_carry4_CI_CO[3])
                                                      0.117     7.581 r  u_bridge/state_reg[3]_i_212/CO[3]
                         net (fo=1, routed)           0.000     7.581    u_bridge/state_reg[3]_i_212_n_0
    SLICE_X12Y11         CARRY4 (Prop_carry4_CI_CO[3])
                                                      0.117     7.698 r  u_bridge/state_reg[3]_i_211/CO[3]
                         net (fo=1, routed)           0.000     7.698    u_bridge/state_reg[3]_i_211_n_0
    SLICE_X12Y12         CARRY4 (Prop_carry4_CI_CO[3])
                                                      0.117     7.815 r  u_bridge/state_reg[3]_i_166/CO[3]
                         net (fo=1, routed)           0.000     7.815    u_bridge/state_reg[3]_i_166_n_0
    SLICE_X12Y13         CARRY4 (Prop_carry4_CI_CO[3])
                                                      0.117     7.932 r  u_bridge/state_reg[3]_i_165/CO[3]
                         net (fo=1, routed)           0.000     7.932    u_bridge/state_reg[3]_i_165_n_0
    SLICE_X12Y14         CARRY4 (Prop_carry4_CI_CO[3])
                                                      0.117     8.049 r  u_bridge/state_reg[3]_i_122/CO[3]
                         net (fo=1, routed)           0.000     8.049    u_bridge/state_reg[3]_i_122_n_0
    SLICE_X12Y15         CARRY4 (Prop_carry4_CI_O[1])
                                                      0.323     8.372 r  u_bridge/state_reg[3]_i_121/O[1]
                         net (fo=4, routed)           0.828     9.201    u_bridge/state_reg[3]_i_121_n_6
    SLICE_X13Y14         LUT4 (Prop_lut4_I3_O)        0.306     9.507 r  u_bridge/state[3]_i_130/O
                         net (fo=1, routed)           0.000     9.507    u_bridge/state[3]_i_130_n_0
    SLICE_X13Y14         CARRY4 (Prop_carry4_S[1]_CO[3])
                                                      0.550    10.057 r  u_bridge/state_reg[3]_i_82/CO[3]
                         net (fo=1, routed)           0.801    10.857    u_bridge/frame_ok115_in
    SLICE_X17Y11         LUT6 (Prop_lut6_I3_O)        0.124    10.981 r  u_bridge/state[3]_i_47/O
                         net (fo=1, routed)           0.263    11.244    u_bridge/state[3]_i_47_n_0
    SLICE_X17Y11         LUT6 (Prop_lut6_I1_O)        0.124    11.368 f  u_bridge/state[3]_i_27/O
                         net (fo=1, routed)           0.424    11.793    u_bridge/state[3]_i_27_n_0
    SLICE_X19Y12         LUT6 (Prop_lut6_I4_O)        0.124    11.917 f  u_bridge/state[3]_i_10/O
                         net (fo=41, routed)          0.753    12.670    u_bridge/state[3]_i_10_n_0
    SLICE_X24Y16         LUT6 (Prop_lut6_I0_O)        0.124    12.794 r  u_bridge/m_axi_araddr[15]_i_1/O
                         net (fo=14, routed)          0.845    13.639    u_bridge/m_axi_araddr[15]_i_1_n_0
    SLICE_X11Y17         FDCE                                         r  u_bridge/m_axi_araddr_reg[4]/CE
  -------------------------------------------------------------------    -------------------

                         (clock sys_clk rise edge)   10.000    10.000 r  
    E3                                                0.000    10.000 r  clk_100mhz (IN)
                         net (fo=0)                   0.000    10.000    clk_100mhz
    E3                   IBUF (Prop_ibuf_I_O)         1.411    11.411 r  clk_100mhz_IBUF_inst/O
                         net (fo=1, routed)           1.920    13.331    clk_100mhz_IBUF
    BUFGCTRL_X0Y16       BUFG (Prop_bufg_I_O)         0.091    13.422 r  clk_100mhz_IBUF_BUFG_inst/O
                         net (fo=2651, routed)        1.685    15.107    u_bridge/clk_100mhz_IBUF_BUFG
    SLICE_X11Y17         FDCE                                         r  u_bridge/m_axi_araddr_reg[4]/C
                         clock pessimism              0.282    15.390    
                         clock uncertainty           -0.035    15.354    
    SLICE_X11Y17         FDCE (Setup_fdce_C_CE)      -0.205    15.149    u_bridge/m_axi_araddr_reg[4]
  -------------------------------------------------------------------
                         required time                         15.149    
                         arrival time                         -13.639    
  -------------------------------------------------------------------
                         slack                                  1.510    

Slack (MET) :             1.510ns  (required time - arrival time)
  Source:                 u_bridge/addr_reg[0]/C
                            (rising edge-triggered cell FDCE clocked by sys_clk  {rise@0.000ns fall@5.000ns period=10.000ns})
  Destination:            u_bridge/m_axi_araddr_reg[5]/CE
                            (rising edge-triggered cell FDCE clocked by sys_clk  {rise@0.000ns fall@5.000ns period=10.000ns})
  Path Group:             sys_clk
  Path Type:              Setup (Max at Slow Process Corner)
  Requirement:            10.000ns  (sys_clk rise@10.000ns - sys_clk rise@0.000ns)
  Data Path Delay:        8.218ns  (logic 3.435ns (41.798%)  route 4.783ns (58.202%))
  Logic Levels:           14  (CARRY4=8 LUT1=1 LUT4=1 LUT6=4)
  Clock Path Skew:        -0.031ns (DCD - SCD + CPR)
    Destination Clock Delay (DCD):    5.107ns = ( 15.107 - 10.000 ) 
    Source Clock Delay      (SCD):    5.421ns
    Clock Pessimism Removal (CPR):    0.282ns
  Clock Uncertainty:      0.035ns  ((TSJ^2 + TIJ^2)^1/2 + DJ) / 2 + PE
    Total System Jitter     (TSJ):    0.071ns
    Total Input Jitter      (TIJ):    0.000ns
    Discrete Jitter          (DJ):    0.000ns
    Phase Error              (PE):    0.000ns

    Location             Delay type                Incr(ns)  Path(ns)    Netlist Resource(s)
  -------------------------------------------------------------------    -------------------
                         (clock sys_clk rise edge)    0.000     0.000 r  
    E3                                                0.000     0.000 r  clk_100mhz (IN)
                         net (fo=0)                   0.000     0.000    clk_100mhz
    E3                   IBUF (Prop_ibuf_I_O)         1.482     1.482 r  clk_100mhz_IBUF_inst/O
                         net (fo=1, routed)           2.025     3.506    clk_100mhz_IBUF
    BUFGCTRL_X0Y16       BUFG (Prop_bufg_I_O)         0.096     3.602 r  clk_100mhz_IBUF_BUFG_inst/O
                         net (fo=2651, routed)        1.818     5.421    u_bridge/clk_100mhz_IBUF_BUFG
    SLICE_X11Y10         FDCE                                         r  u_bridge/addr_reg[0]/C
  -------------------------------------------------------------------    -------------------
    SLICE_X11Y10         FDCE (Prop_fdce_C_Q)         0.456     5.877 f  u_bridge/addr_reg[0]/Q
                         net (fo=10, routed)          0.489     6.366    u_bridge/addr_reg_n_0_[0]
    SLICE_X13Y9          LUT1 (Prop_lut1_I0_O)        0.124     6.490 r  u_bridge/state[3]_i_247/O
                         net (fo=1, routed)           0.379     6.869    u_bridge/p_0_in[0]
    SLICE_X12Y9          CARRY4 (Prop_carry4_CYINIT_CO[3])
                                                      0.595     7.464 r  u_bridge/state_reg[3]_i_230/CO[3]
                         net (fo=1, routed)           0.000     7.464    u_bridge/state_reg[3]_i_230_n_0
    SLICE_X12Y10         CARRY4 (Prop_carry4_CI_CO[3])
                                                      0.117     7.581 r  u_bridge/state_reg[3]_i_212/CO[3]
                         net (fo=1, routed)           0.000     7.581    u_bridge/state_reg[3]_i_212_n_0
    SLICE_X12Y11         CARRY4 (Prop_carry4_CI_CO[3])
                                                      0.117     7.698 r  u_bridge/state_reg[3]_i_211/CO[3]
                         net (fo=1, routed)           0.000     7.698    u_bridge/state_reg[3]_i_211_n_0
    SLICE_X12Y12         CARRY4 (Prop_carry4_CI_CO[3])
                                                      0.117     7.815 r  u_bridge/state_reg[3]_i_166/CO[3]
                         net (fo=1, routed)           0.000     7.815    u_bridge/state_reg[3]_i_166_n_0
    SLICE_X12Y13         CARRY4 (Prop_carry4_CI_CO[3])
                                                      0.117     7.932 r  u_bridge/state_reg[3]_i_165/CO[3]
                         net (fo=1, routed)           0.000     7.932    u_bridge/state_reg[3]_i_165_n_0
    SLICE_X12Y14         CARRY4 (Prop_carry4_CI_CO[3])
                                                      0.117     8.049 r  u_bridge/state_reg[3]_i_122/CO[3]
                         net (fo=1, routed)           0.000     8.049    u_bridge/state_reg[3]_i_122_n_0
    SLICE_X12Y15         CARRY4 (Prop_carry4_CI_O[1])
                                                      0.323     8.372 r  u_bridge/state_reg[3]_i_121/O[1]
                         net (fo=4, routed)           0.828     9.201    u_bridge/state_reg[3]_i_121_n_6
    SLICE_X13Y14         LUT4 (Prop_lut4_I3_O)        0.306     9.507 r  u_bridge/state[3]_i_130/O
                         net (fo=1, routed)           0.000     9.507    u_bridge/state[3]_i_130_n_0
    SLICE_X13Y14         CARRY4 (Prop_carry4_S[1]_CO[3])
                                                      0.550    10.057 r  u_bridge/state_reg[3]_i_82/CO[3]
                         net (fo=1, routed)           0.801    10.857    u_bridge/frame_ok115_in
    SLICE_X17Y11         LUT6 (Prop_lut6_I3_O)        0.124    10.981 r  u_bridge/state[3]_i_47/O
                         net (fo=1, routed)           0.263    11.244    u_bridge/state[3]_i_47_n_0
    SLICE_X17Y11         LUT6 (Prop_lut6_I1_O)        0.124    11.368 f  u_bridge/state[3]_i_27/O
                         net (fo=1, routed)           0.424    11.793    u_bridge/state[3]_i_27_n_0
    SLICE_X19Y12         LUT6 (Prop_lut6_I4_O)        0.124    11.917 f  u_bridge/state[3]_i_10/O
                         net (fo=41, routed)          0.753    12.670    u_bridge/state[3]_i_10_n_0
    SLICE_X24Y16         LUT6 (Prop_lut6_I0_O)        0.124    12.794 r  u_bridge/m_axi_araddr[15]_i_1/O
                         net (fo=14, routed)          0.845    13.639    u_bridge/m_axi_araddr[15]_i_1_n_0
    SLICE_X11Y17         FDCE                                         r  u_bridge/m_axi_araddr_reg[5]/CE
  -------------------------------------------------------------------    -------------------

                         (clock sys_clk rise edge)   10.000    10.000 r  
    E3                                                0.000    10.000 r  clk_100mhz (IN)
                         net (fo=0)                   0.000    10.000    clk_100mhz
    E3                   IBUF (Prop_ibuf_I_O)         1.411    11.411 r  clk_100mhz_IBUF_inst/O
                         net (fo=1, routed)           1.920    13.331    clk_100mhz_IBUF
    BUFGCTRL_X0Y16       BUFG (Prop_bufg_I_O)         0.091    13.422 r  clk_100mhz_IBUF_BUFG_inst/O
                         net (fo=2651, routed)        1.685    15.107    u_bridge/clk_100mhz_IBUF_BUFG
    SLICE_X11Y17         FDCE                                         r  u_bridge/m_axi_araddr_reg[5]/C
                         clock pessimism              0.282    15.390    
                         clock uncertainty           -0.035    15.354    
    SLICE_X11Y17         FDCE (Setup_fdce_C_CE)      -0.205    15.149    u_bridge/m_axi_araddr_reg[5]
  -------------------------------------------------------------------
                         required time                         15.149    
                         arrival time                         -13.639    
  -------------------------------------------------------------------
                         slack                                  1.510    

Slack (MET) :             1.510ns  (required time - arrival time)
  Source:                 u_bridge/addr_reg[0]/C
                            (rising edge-triggered cell FDCE clocked by sys_clk  {rise@0.000ns fall@5.000ns period=10.000ns})
  Destination:            u_bridge/m_axi_araddr_reg[6]/CE
                            (rising edge-triggered cell FDCE clocked by sys_clk  {rise@0.000ns fall@5.000ns period=10.000ns})
  Path Group:             sys_clk
  Path Type:              Setup (Max at Slow Process Corner)
  Requirement:            10.000ns  (sys_clk rise@10.000ns - sys_clk rise@0.000ns)
  Data Path Delay:        8.218ns  (logic 3.435ns (41.798%)  route 4.783ns (58.202%))
  Logic Levels:           14  (CARRY4=8 LUT1=1 LUT4=1 LUT6=4)
  Clock Path Skew:        -0.031ns (DCD - SCD + CPR)
    Destination Clock Delay (DCD):    5.107ns = ( 15.107 - 10.000 ) 
    Source Clock Delay      (SCD):    5.421ns
    Clock Pessimism Removal (CPR):    0.282ns
  Clock Uncertainty:      0.035ns  ((TSJ^2 + TIJ^2)^1/2 + DJ) / 2 + PE
    Total System Jitter     (TSJ):    0.071ns
    Total Input Jitter      (TIJ):    0.000ns
    Discrete Jitter          (DJ):    0.000ns
    Phase Error              (PE):    0.000ns

    Location             Delay type                Incr(ns)  Path(ns)    Netlist Resource(s)
  -------------------------------------------------------------------    -------------------
                         (clock sys_clk rise edge)    0.000     0.000 r  
    E3                                                0.000     0.000 r  clk_100mhz (IN)
                         net (fo=0)                   0.000     0.000    clk_100mhz
    E3                   IBUF (Prop_ibuf_I_O)         1.482     1.482 r  clk_100mhz_IBUF_inst/O
                         net (fo=1, routed)           2.025     3.506    clk_100mhz_IBUF
    BUFGCTRL_X0Y16       BUFG (Prop_bufg_I_O)         0.096     3.602 r  clk_100mhz_IBUF_BUFG_inst/O
                         net (fo=2651, routed)        1.818     5.421    u_bridge/clk_100mhz_IBUF_BUFG
    SLICE_X11Y10         FDCE                                         r  u_bridge/addr_reg[0]/C
  -------------------------------------------------------------------    -------------------
    SLICE_X11Y10         FDCE (Prop_fdce_C_Q)         0.456     5.877 f  u_bridge/addr_reg[0]/Q
                         net (fo=10, routed)          0.489     6.366    u_bridge/addr_reg_n_0_[0]
    SLICE_X13Y9          LUT1 (Prop_lut1_I0_O)        0.124     6.490 r  u_bridge/state[3]_i_247/O
                         net (fo=1, routed)           0.379     6.869    u_bridge/p_0_in[0]
    SLICE_X12Y9          CARRY4 (Prop_carry4_CYINIT_CO[3])
                                                      0.595     7.464 r  u_bridge/state_reg[3]_i_230/CO[3]
                         net (fo=1, routed)           0.000     7.464    u_bridge/state_reg[3]_i_230_n_0
    SLICE_X12Y10         CARRY4 (Prop_carry4_CI_CO[3])
                                                      0.117     7.581 r  u_bridge/state_reg[3]_i_212/CO[3]
                         net (fo=1, routed)           0.000     7.581    u_bridge/state_reg[3]_i_212_n_0
    SLICE_X12Y11         CARRY4 (Prop_carry4_CI_CO[3])
                                                      0.117     7.698 r  u_bridge/state_reg[3]_i_211/CO[3]
                         net (fo=1, routed)           0.000     7.698    u_bridge/state_reg[3]_i_211_n_0
    SLICE_X12Y12         CARRY4 (Prop_carry4_CI_CO[3])
                                                      0.117     7.815 r  u_bridge/state_reg[3]_i_166/CO[3]
                         net (fo=1, routed)           0.000     7.815    u_bridge/state_reg[3]_i_166_n_0
    SLICE_X12Y13         CARRY4 (Prop_carry4_CI_CO[3])
                                                      0.117     7.932 r  u_bridge/state_reg[3]_i_165/CO[3]
                         net (fo=1, routed)           0.000     7.932    u_bridge/state_reg[3]_i_165_n_0
    SLICE_X12Y14         CARRY4 (Prop_carry4_CI_CO[3])
                                                      0.117     8.049 r  u_bridge/state_reg[3]_i_122/CO[3]
                         net (fo=1, routed)           0.000     8.049    u_bridge/state_reg[3]_i_122_n_0
    SLICE_X12Y15         CARRY4 (Prop_carry4_CI_O[1])
                                                      0.323     8.372 r  u_bridge/state_reg[3]_i_121/O[1]
                         net (fo=4, routed)           0.828     9.201    u_bridge/state_reg[3]_i_121_n_6
    SLICE_X13Y14         LUT4 (Prop_lut4_I3_O)        0.306     9.507 r  u_bridge/state[3]_i_130/O
                         net (fo=1, routed)           0.000     9.507    u_bridge/state[3]_i_130_n_0
    SLICE_X13Y14         CARRY4 (Prop_carry4_S[1]_CO[3])
                                                      0.550    10.057 r  u_bridge/state_reg[3]_i_82/CO[3]
                         net (fo=1, routed)           0.801    10.857    u_bridge/frame_ok115_in
    SLICE_X17Y11         LUT6 (Prop_lut6_I3_O)        0.124    10.981 r  u_bridge/state[3]_i_47/O
                         net (fo=1, routed)           0.263    11.244    u_bridge/state[3]_i_47_n_0
    SLICE_X17Y11         LUT6 (Prop_lut6_I1_O)        0.124    11.368 f  u_bridge/state[3]_i_27/O
                         net (fo=1, routed)           0.424    11.793    u_bridge/state[3]_i_27_n_0
    SLICE_X19Y12         LUT6 (Prop_lut6_I4_O)        0.124    11.917 f  u_bridge/state[3]_i_10/O
                         net (fo=41, routed)          0.753    12.670    u_bridge/state[3]_i_10_n_0
    SLICE_X24Y16         LUT6 (Prop_lut6_I0_O)        0.124    12.794 r  u_bridge/m_axi_araddr[15]_i_1/O
                         net (fo=14, routed)          0.845    13.639    u_bridge/m_axi_araddr[15]_i_1_n_0
    SLICE_X11Y17         FDCE                                         r  u_bridge/m_axi_araddr_reg[6]/CE
  -------------------------------------------------------------------    -------------------

                         (clock sys_clk rise edge)   10.000    10.000 r  
    E3                                                0.000    10.000 r  clk_100mhz (IN)
                         net (fo=0)                   0.000    10.000    clk_100mhz
    E3                   IBUF (Prop_ibuf_I_O)         1.411    11.411 r  clk_100mhz_IBUF_inst/O
                         net (fo=1, routed)           1.920    13.331    clk_100mhz_IBUF
    BUFGCTRL_X0Y16       BUFG (Prop_bufg_I_O)         0.091    13.422 r  clk_100mhz_IBUF_BUFG_inst/O
                         net (fo=2651, routed)        1.685    15.107    u_bridge/clk_100mhz_IBUF_BUFG
    SLICE_X11Y17         FDCE                                         r  u_bridge/m_axi_araddr_reg[6]/C
                         clock pessimism              0.282    15.390    
                         clock uncertainty           -0.035    15.354    
    SLICE_X11Y17         FDCE (Setup_fdce_C_CE)      -0.205    15.149    u_bridge/m_axi_araddr_reg[6]
  -------------------------------------------------------------------
                         required time                         15.149    
                         arrival time                         -13.639    
  -------------------------------------------------------------------
                         slack                                  1.510    





Min Delay Paths
--------------------------------------------------------------------------------------
Slack (MET) :             0.122ns  (arrival time - required time)
  Source:                 u_cdc/s_wack_sync_reg[0]/C
                            (rising edge-triggered cell FDCE clocked by sys_clk  {rise@0.000ns fall@5.000ns period=10.000ns})
  Destination:            u_cdc/s_wack_sync_reg[1]/D
                            (rising edge-triggered cell FDCE clocked by sys_clk  {rise@0.000ns fall@5.000ns period=10.000ns})
  Path Group:             sys_clk
  Path Type:              Hold (Min at Fast Process Corner)
  Requirement:            0.000ns  (sys_clk rise@0.000ns - sys_clk rise@0.000ns)
  Data Path Delay:        0.197ns  (logic 0.141ns (71.611%)  route 0.056ns (28.389%))
  Logic Levels:           0  
  Clock Path Skew:        0.000ns (DCD - SCD - CPR)
    Destination Clock Delay (DCD):    2.070ns
    Source Clock Delay      (SCD):    1.551ns
    Clock Pessimism Removal (CPR):    0.519ns

    Location             Delay type                Incr(ns)  Path(ns)    Netlist Resource(s)
  -------------------------------------------------------------------    -------------------
                         (clock sys_clk rise edge)    0.000     0.000 r  
    E3                                                0.000     0.000 r  clk_100mhz (IN)
                         net (fo=0)                   0.000     0.000    clk_100mhz
    E3                   IBUF (Prop_ibuf_I_O)         0.250     0.250 r  clk_100mhz_IBUF_inst/O
                         net (fo=1, routed)           0.644     0.894    clk_100mhz_IBUF
    BUFGCTRL_X0Y16       BUFG (Prop_bufg_I_O)         0.026     0.920 r  clk_100mhz_IBUF_BUFG_inst/O
                         net (fo=2651, routed)        0.631     1.551    u_cdc/clk_100mhz_IBUF_BUFG
    SLICE_X21Y20         FDCE                                         r  u_cdc/s_wack_sync_reg[0]/C
  -------------------------------------------------------------------    -------------------
    SLICE_X21Y20         FDCE (Prop_fdce_C_Q)         0.141     1.692 r  u_cdc/s_wack_sync_reg[0]/Q
                         net (fo=1, routed)           0.056     1.748    u_cdc/s_wack_sync[0]
    SLICE_X21Y20         FDCE                                         r  u_cdc/s_wack_sync_reg[1]/D
  -------------------------------------------------------------------    -------------------

                         (clock sys_clk rise edge)    0.000     0.000 r  
    E3                                                0.000     0.000 r  clk_100mhz (IN)
                         net (fo=0)                   0.000     0.000    clk_100mhz
    E3                   IBUF (Prop_ibuf_I_O)         0.438     0.438 r  clk_100mhz_IBUF_inst/O
                         net (fo=1, routed)           0.699     1.136    clk_100mhz_IBUF
    BUFGCTRL_X0Y16       BUFG (Prop_bufg_I_O)         0.029     1.165 r  clk_100mhz_IBUF_BUFG_inst/O
                         net (fo=2651, routed)        0.905     2.070    u_cdc/clk_100mhz_IBUF_BUFG
    SLICE_X21Y20         FDCE                                         r  u_cdc/s_wack_sync_reg[1]/C
                         clock pessimism             -0.519     1.551    
    SLICE_X21Y20         FDCE (Hold_fdce_C_D)         0.075     1.626    u_cdc/s_wack_sync_reg[1]
  -------------------------------------------------------------------
                         required time                         -1.626    
                         arrival time                           1.748    
  -------------------------------------------------------------------
                         slack                                  0.122    

Slack (MET) :             0.151ns  (arrival time - required time)
  Source:                 u_rx/clk_cnt_reg[1]/C
                            (rising edge-triggered cell FDCE clocked by sys_clk  {rise@0.000ns fall@5.000ns period=10.000ns})
  Destination:            u_rx/clk_cnt_reg[4]/D
                            (rising edge-triggered cell FDCE clocked by sys_clk  {rise@0.000ns fall@5.000ns period=10.000ns})
  Path Group:             sys_clk
  Path Type:              Hold (Min at Fast Process Corner)
  Requirement:            0.000ns  (sys_clk rise@0.000ns - sys_clk rise@0.000ns)
  Data Path Delay:        0.285ns  (logic 0.186ns (65.184%)  route 0.099ns (34.816%))
  Logic Levels:           1  (LUT5=1)
  Clock Path Skew:        0.013ns (DCD - SCD - CPR)
    Destination Clock Delay (DCD):    2.081ns
    Source Clock Delay      (SCD):    1.561ns
    Clock Pessimism Removal (CPR):    0.507ns

    Location             Delay type                Incr(ns)  Path(ns)    Netlist Resource(s)
  -------------------------------------------------------------------    -------------------
                         (clock sys_clk rise edge)    0.000     0.000 r  
    E3                                                0.000     0.000 r  clk_100mhz (IN)
                         net (fo=0)                   0.000     0.000    clk_100mhz
    E3                   IBUF (Prop_ibuf_I_O)         0.250     0.250 r  clk_100mhz_IBUF_inst/O
                         net (fo=1, routed)           0.644     0.894    clk_100mhz_IBUF
    BUFGCTRL_X0Y16       BUFG (Prop_bufg_I_O)         0.026     0.920 r  clk_100mhz_IBUF_BUFG_inst/O
                         net (fo=2651, routed)        0.641     1.561    u_rx/clk_100mhz_IBUF_BUFG
    SLICE_X9Y4           FDCE                                         r  u_rx/clk_cnt_reg[1]/C
  -------------------------------------------------------------------    -------------------
    SLICE_X9Y4           FDCE (Prop_fdce_C_Q)         0.141     1.702 r  u_rx/clk_cnt_reg[1]/Q
                         net (fo=10, routed)          0.099     1.801    u_rx/clk_cnt_reg_n_0_[1]
    SLICE_X8Y4           LUT5 (Prop_lut5_I0_O)        0.045     1.846 r  u_rx/clk_cnt[4]_i_1/O
                         net (fo=1, routed)           0.000     1.846    u_rx/clk_cnt[4]
    SLICE_X8Y4           FDCE                                         r  u_rx/clk_cnt_reg[4]/D
  -------------------------------------------------------------------    -------------------

                         (clock sys_clk rise edge)    0.000     0.000 r  
    E3                                                0.000     0.000 r  clk_100mhz (IN)
                         net (fo=0)                   0.000     0.000    clk_100mhz
    E3                   IBUF (Prop_ibuf_I_O)         0.438     0.438 r  clk_100mhz_IBUF_inst/O
                         net (fo=1, routed)           0.699     1.136    clk_100mhz_IBUF
    BUFGCTRL_X0Y16       BUFG (Prop_bufg_I_O)         0.029     1.165 r  clk_100mhz_IBUF_BUFG_inst/O
                         net (fo=2651, routed)        0.916     2.081    u_rx/clk_100mhz_IBUF_BUFG
    SLICE_X8Y4           FDCE                                         r  u_rx/clk_cnt_reg[4]/C
                         clock pessimism             -0.507     1.574    
    SLICE_X8Y4           FDCE (Hold_fdce_C_D)         0.121     1.695    u_rx/clk_cnt_reg[4]
  -------------------------------------------------------------------
                         required time                         -1.695    
                         arrival time                           1.846    
  -------------------------------------------------------------------
                         slack                                  0.151    

Slack (MET) :             0.153ns  (arrival time - required time)
  Source:                 u_bridge/m_axi_awaddr_reg[7]/C
                            (rising edge-triggered cell FDCE clocked by sys_clk  {rise@0.000ns fall@5.000ns period=10.000ns})
  Destination:            u_cdc/s_awaddr_q_reg[7]/D
                            (rising edge-triggered cell FDCE clocked by sys_clk  {rise@0.000ns fall@5.000ns period=10.000ns})
  Path Group:             sys_clk
  Path Type:              Hold (Min at Fast Process Corner)
  Requirement:            0.000ns  (sys_clk rise@0.000ns - sys_clk rise@0.000ns)
  Data Path Delay:        0.242ns  (logic 0.141ns (58.263%)  route 0.101ns (41.737%))
  Logic Levels:           0  
  Clock Path Skew:        0.014ns (DCD - SCD - CPR)
    Destination Clock Delay (DCD):    2.072ns
    Source Clock Delay      (SCD):    1.554ns
    Clock Pessimism Removal (CPR):    0.504ns

    Location             Delay type                Incr(ns)  Path(ns)    Netlist Resource(s)
  -------------------------------------------------------------------    -------------------
                         (clock sys_clk rise edge)    0.000     0.000 r  
    E3                                                0.000     0.000 r  clk_100mhz (IN)
                         net (fo=0)                   0.000     0.000    clk_100mhz
    E3                   IBUF (Prop_ibuf_I_O)         0.250     0.250 r  clk_100mhz_IBUF_inst/O
                         net (fo=1, routed)           0.644     0.894    clk_100mhz_IBUF
    BUFGCTRL_X0Y16       BUFG (Prop_bufg_I_O)         0.026     0.920 r  clk_100mhz_IBUF_BUFG_inst/O
                         net (fo=2651, routed)        0.634     1.554    u_bridge/clk_100mhz_IBUF_BUFG
    SLICE_X13Y18         FDCE                                         r  u_bridge/m_axi_awaddr_reg[7]/C
  -------------------------------------------------------------------    -------------------
    SLICE_X13Y18         FDCE (Prop_fdce_C_Q)         0.141     1.695 r  u_bridge/m_axi_awaddr_reg[7]/Q
                         net (fo=1, routed)           0.101     1.796    u_cdc/D[5]
    SLICE_X15Y18         FDCE                                         r  u_cdc/s_awaddr_q_reg[7]/D
  -------------------------------------------------------------------    -------------------

                         (clock sys_clk rise edge)    0.000     0.000 r  
    E3                                                0.000     0.000 r  clk_100mhz (IN)
                         net (fo=0)                   0.000     0.000    clk_100mhz
    E3                   IBUF (Prop_ibuf_I_O)         0.438     0.438 r  clk_100mhz_IBUF_inst/O
                         net (fo=1, routed)           0.699     1.136    clk_100mhz_IBUF
    BUFGCTRL_X0Y16       BUFG (Prop_bufg_I_O)         0.029     1.165 r  clk_100mhz_IBUF_BUFG_inst/O
                         net (fo=2651, routed)        0.907     2.072    u_cdc/clk_100mhz_IBUF_BUFG
    SLICE_X15Y18         FDCE                                         r  u_cdc/s_awaddr_q_reg[7]/C
                         clock pessimism             -0.504     1.568    
    SLICE_X15Y18         FDCE (Hold_fdce_C_D)         0.075     1.643    u_cdc/s_awaddr_q_reg[7]
  -------------------------------------------------------------------
                         required time                         -1.643    
                         arrival time                           1.796    
  -------------------------------------------------------------------
                         slack                                  0.153    

Slack (MET) :             0.173ns  (arrival time - required time)
  Source:                 u_bridge/tx_byte_reg[5]/C
                            (rising edge-triggered cell FDCE clocked by sys_clk  {rise@0.000ns fall@5.000ns period=10.000ns})
  Destination:            u_tx/shift_reg_reg[5]/D
                            (rising edge-triggered cell FDCE clocked by sys_clk  {rise@0.000ns fall@5.000ns period=10.000ns})
  Path Group:             sys_clk
  Path Type:              Hold (Min at Fast Process Corner)
  Requirement:            0.000ns  (sys_clk rise@0.000ns - sys_clk rise@0.000ns)
  Data Path Delay:        0.256ns  (logic 0.141ns (55.109%)  route 0.115ns (44.891%))
  Logic Levels:           0  
  Clock Path Skew:        0.013ns (DCD - SCD - CPR)
    Destination Clock Delay (DCD):    2.101ns
    Source Clock Delay      (SCD):    1.582ns
    Clock Pessimism Removal (CPR):    0.506ns

    Location             Delay type                Incr(ns)  Path(ns)    Netlist Resource(s)
  -------------------------------------------------------------------    -------------------
                         (clock sys_clk rise edge)    0.000     0.000 r  
    E3                                                0.000     0.000 r  clk_100mhz (IN)
                         net (fo=0)                   0.000     0.000    clk_100mhz
    E3                   IBUF (Prop_ibuf_I_O)         0.250     0.250 r  clk_100mhz_IBUF_inst/O
                         net (fo=1, routed)           0.644     0.894    clk_100mhz_IBUF
    BUFGCTRL_X0Y16       BUFG (Prop_bufg_I_O)         0.026     0.920 r  clk_100mhz_IBUF_BUFG_inst/O
                         net (fo=2651, routed)        0.662     1.582    u_bridge/clk_100mhz_IBUF_BUFG
    SLICE_X4Y18          FDCE                                         r  u_bridge/tx_byte_reg[5]/C
  -------------------------------------------------------------------    -------------------
    SLICE_X4Y18          FDCE (Prop_fdce_C_Q)         0.141     1.723 r  u_bridge/tx_byte_reg[5]/Q
                         net (fo=1, routed)           0.115     1.838    u_tx/D[5]
    SLICE_X4Y19          FDCE                                         r  u_tx/shift_reg_reg[5]/D
  -------------------------------------------------------------------    -------------------

                         (clock sys_clk rise edge)    0.000     0.000 r  
    E3                                                0.000     0.000 r  clk_100mhz (IN)
                         net (fo=0)                   0.000     0.000    clk_100mhz
    E3                   IBUF (Prop_ibuf_I_O)         0.438     0.438 r  clk_100mhz_IBUF_inst/O
                         net (fo=1, routed)           0.699     1.136    clk_100mhz_IBUF
    BUFGCTRL_X0Y16       BUFG (Prop_bufg_I_O)         0.029     1.165 r  clk_100mhz_IBUF_BUFG_inst/O
                         net (fo=2651, routed)        0.936     2.101    u_tx/clk_100mhz_IBUF_BUFG
    SLICE_X4Y19          FDCE                                         r  u_tx/shift_reg_reg[5]/C
                         clock pessimism             -0.506     1.595    
    SLICE_X4Y19          FDCE (Hold_fdce_C_D)         0.070     1.665    u_tx/shift_reg_reg[5]
  -------------------------------------------------------------------
                         required time                         -1.665    
                         arrival time                           1.838    
  -------------------------------------------------------------------
                         slack                                  0.173    

Slack (MET) :             0.174ns  (arrival time - required time)
  Source:                 u_bridge/tx_byte_reg[0]/C
                            (rising edge-triggered cell FDCE clocked by sys_clk  {rise@0.000ns fall@5.000ns period=10.000ns})
  Destination:            u_tx/shift_reg_reg[0]/D
                            (rising edge-triggered cell FDCE clocked by sys_clk  {rise@0.000ns fall@5.000ns period=10.000ns})
  Path Group:             sys_clk
  Path Type:              Hold (Min at Fast Process Corner)
  Requirement:            0.000ns  (sys_clk rise@0.000ns - sys_clk rise@0.000ns)
  Data Path Delay:        0.257ns  (logic 0.141ns (54.953%)  route 0.116ns (45.047%))
  Logic Levels:           0  
  Clock Path Skew:        0.013ns (DCD - SCD - CPR)
    Destination Clock Delay (DCD):    2.101ns
    Source Clock Delay      (SCD):    1.582ns
    Clock Pessimism Removal (CPR):    0.506ns

    Location             Delay type                Incr(ns)  Path(ns)    Netlist Resource(s)
  -------------------------------------------------------------------    -------------------
                         (clock sys_clk rise edge)    0.000     0.000 r  
    E3                                                0.000     0.000 r  clk_100mhz (IN)
                         net (fo=0)                   0.000     0.000    clk_100mhz
    E3                   IBUF (Prop_ibuf_I_O)         0.250     0.250 r  clk_100mhz_IBUF_inst/O
                         net (fo=1, routed)           0.644     0.894    clk_100mhz_IBUF
    BUFGCTRL_X0Y16       BUFG (Prop_bufg_I_O)         0.026     0.920 r  clk_100mhz_IBUF_BUFG_inst/O
                         net (fo=2651, routed)        0.662     1.582    u_bridge/clk_100mhz_IBUF_BUFG
    SLICE_X4Y18          FDCE                                         r  u_bridge/tx_byte_reg[0]/C
  -------------------------------------------------------------------    -------------------
    SLICE_X4Y18          FDCE (Prop_fdce_C_Q)         0.141     1.723 r  u_bridge/tx_byte_reg[0]/Q
                         net (fo=1, routed)           0.116     1.839    u_tx/D[0]
    SLICE_X5Y19          FDCE                                         r  u_tx/shift_reg_reg[0]/D
  -------------------------------------------------------------------    -------------------

                         (clock sys_clk rise edge)    0.000     0.000 r  
    E3                                                0.000     0.000 r  clk_100mhz (IN)
                         net (fo=0)                   0.000     0.000    clk_100mhz
    E3                   IBUF (Prop_ibuf_I_O)         0.438     0.438 r  clk_100mhz_IBUF_inst/O
                         net (fo=1, routed)           0.699     1.136    clk_100mhz_IBUF
    BUFGCTRL_X0Y16       BUFG (Prop_bufg_I_O)         0.029     1.165 r  clk_100mhz_IBUF_BUFG_inst/O
                         net (fo=2651, routed)        0.936     2.101    u_tx/clk_100mhz_IBUF_BUFG
    SLICE_X5Y19          FDCE                                         r  u_tx/shift_reg_reg[0]/C
                         clock pessimism             -0.506     1.595    
    SLICE_X5Y19          FDCE (Hold_fdce_C_D)         0.070     1.665    u_tx/shift_reg_reg[0]
  -------------------------------------------------------------------
                         required time                         -1.665    
                         arrival time                           1.839    
  -------------------------------------------------------------------
                         slack                                  0.174    

Slack (MET) :             0.174ns  (arrival time - required time)
  Source:                 u_bridge/m_axi_wdata_reg[0]/C
                            (rising edge-triggered cell FDCE clocked by sys_clk  {rise@0.000ns fall@5.000ns period=10.000ns})
  Destination:            u_cdc/s_wdata_q_reg[0]/D
                            (rising edge-triggered cell FDCE clocked by sys_clk  {rise@0.000ns fall@5.000ns period=10.000ns})
  Path Group:             sys_clk
  Path Type:              Hold (Min at Fast Process Corner)
  Requirement:            0.000ns  (sys_clk rise@0.000ns - sys_clk rise@0.000ns)
  Data Path Delay:        0.257ns  (logic 0.141ns (54.953%)  route 0.116ns (45.047%))
  Logic Levels:           0  
  Clock Path Skew:        0.013ns (DCD - SCD - CPR)
    Destination Clock Delay (DCD):    2.069ns
    Source Clock Delay      (SCD):    1.551ns
    Clock Pessimism Removal (CPR):    0.505ns

    Location             Delay type                Incr(ns)  Path(ns)    Netlist Resource(s)
  -------------------------------------------------------------------    -------------------
                         (clock sys_clk rise edge)    0.000     0.000 r  
    E3                                                0.000     0.000 r  clk_100mhz (IN)
                         net (fo=0)                   0.000     0.000    clk_100mhz
    E3                   IBUF (Prop_ibuf_I_O)         0.250     0.250 r  clk_100mhz_IBUF_inst/O
                         net (fo=1, routed)           0.644     0.894    clk_100mhz_IBUF
    BUFGCTRL_X0Y16       BUFG (Prop_bufg_I_O)         0.026     0.920 r  clk_100mhz_IBUF_BUFG_inst/O
                         net (fo=2651, routed)        0.631     1.551    u_bridge/clk_100mhz_IBUF_BUFG
    SLICE_X24Y19         FDCE                                         r  u_bridge/m_axi_wdata_reg[0]/C
  -------------------------------------------------------------------    -------------------
    SLICE_X24Y19         FDCE (Prop_fdce_C_Q)         0.141     1.692 r  u_bridge/m_axi_wdata_reg[0]/Q
                         net (fo=1, routed)           0.116     1.808    u_cdc/s_wdata_q_reg[31]_0[0]
    SLICE_X25Y20         FDCE                                         r  u_cdc/s_wdata_q_reg[0]/D
  -------------------------------------------------------------------    -------------------

                         (clock sys_clk rise edge)    0.000     0.000 r  
    E3                                                0.000     0.000 r  clk_100mhz (IN)
                         net (fo=0)                   0.000     0.000    clk_100mhz
    E3                   IBUF (Prop_ibuf_I_O)         0.438     0.438 r  clk_100mhz_IBUF_inst/O
                         net (fo=1, routed)           0.699     1.136    clk_100mhz_IBUF
    BUFGCTRL_X0Y16       BUFG (Prop_bufg_I_O)         0.029     1.165 r  clk_100mhz_IBUF_BUFG_inst/O
                         net (fo=2651, routed)        0.904     2.069    u_cdc/clk_100mhz_IBUF_BUFG
    SLICE_X25Y20         FDCE                                         r  u_cdc/s_wdata_q_reg[0]/C
                         clock pessimism             -0.505     1.564    
    SLICE_X25Y20         FDCE (Hold_fdce_C_D)         0.070     1.634    u_cdc/s_wdata_q_reg[0]
  -------------------------------------------------------------------
                         required time                         -1.634    
                         arrival time                           1.808    
  -------------------------------------------------------------------
                         slack                                  0.174    

Slack (MET) :             0.174ns  (arrival time - required time)
  Source:                 u_bridge/tx_byte_reg[7]/C
                            (rising edge-triggered cell FDCE clocked by sys_clk  {rise@0.000ns fall@5.000ns period=10.000ns})
  Destination:            u_tx/shift_reg_reg[7]/D
                            (rising edge-triggered cell FDCE clocked by sys_clk  {rise@0.000ns fall@5.000ns period=10.000ns})
  Path Group:             sys_clk
  Path Type:              Hold (Min at Fast Process Corner)
  Requirement:            0.000ns  (sys_clk rise@0.000ns - sys_clk rise@0.000ns)
  Data Path Delay:        0.259ns  (logic 0.141ns (54.488%)  route 0.118ns (45.512%))
  Logic Levels:           0  
  Clock Path Skew:        0.013ns (DCD - SCD - CPR)
    Destination Clock Delay (DCD):    2.101ns
    Source Clock Delay      (SCD):    1.582ns
    Clock Pessimism Removal (CPR):    0.506ns

    Location             Delay type                Incr(ns)  Path(ns)    Netlist Resource(s)
  -------------------------------------------------------------------    -------------------
                         (clock sys_clk rise edge)    0.000     0.000 r  
    E3                                                0.000     0.000 r  clk_100mhz (IN)
                         net (fo=0)                   0.000     0.000    clk_100mhz
    E3                   IBUF (Prop_ibuf_I_O)         0.250     0.250 r  clk_100mhz_IBUF_inst/O
                         net (fo=1, routed)           0.644     0.894    clk_100mhz_IBUF
    BUFGCTRL_X0Y16       BUFG (Prop_bufg_I_O)         0.026     0.920 r  clk_100mhz_IBUF_BUFG_inst/O
                         net (fo=2651, routed)        0.662     1.582    u_bridge/clk_100mhz_IBUF_BUFG
    SLICE_X4Y18          FDCE                                         r  u_bridge/tx_byte_reg[7]/C
  -------------------------------------------------------------------    -------------------
    SLICE_X4Y18          FDCE (Prop_fdce_C_Q)         0.141     1.723 r  u_bridge/tx_byte_reg[7]/Q
                         net (fo=1, routed)           0.118     1.841    u_tx/D[7]
    SLICE_X4Y19          FDCE                                         r  u_tx/shift_reg_reg[7]/D
  -------------------------------------------------------------------    -------------------

                         (clock sys_clk rise edge)    0.000     0.000 r  
    E3                                                0.000     0.000 r  clk_100mhz (IN)
                         net (fo=0)                   0.000     0.000    clk_100mhz
    E3                   IBUF (Prop_ibuf_I_O)         0.438     0.438 r  clk_100mhz_IBUF_inst/O
                         net (fo=1, routed)           0.699     1.136    clk_100mhz_IBUF
    BUFGCTRL_X0Y16       BUFG (Prop_bufg_I_O)         0.029     1.165 r  clk_100mhz_IBUF_BUFG_inst/O
                         net (fo=2651, routed)        0.936     2.101    u_tx/clk_100mhz_IBUF_BUFG
    SLICE_X4Y19          FDCE                                         r  u_tx/shift_reg_reg[7]/C
                         clock pessimism             -0.506     1.595    
    SLICE_X4Y19          FDCE (Hold_fdce_C_D)         0.072     1.667    u_tx/shift_reg_reg[7]
  -------------------------------------------------------------------
                         required time                         -1.667    
                         arrival time                           1.841    
  -------------------------------------------------------------------
                         slack                                  0.174    

Slack (MET) :             0.174ns  (arrival time - required time)
  Source:                 u_bridge/m_axi_wdata_reg[26]/C
                            (rising edge-triggered cell FDCE clocked by sys_clk  {rise@0.000ns fall@5.000ns period=10.000ns})
  Destination:            u_cdc/s_wdata_q_reg[26]/D
                            (rising edge-triggered cell FDCE clocked by sys_clk  {rise@0.000ns fall@5.000ns period=10.000ns})
  Path Group:             sys_clk
  Path Type:              Hold (Min at Fast Process Corner)
  Requirement:            0.000ns  (sys_clk rise@0.000ns - sys_clk rise@0.000ns)
  Data Path Delay:        0.253ns  (logic 0.141ns (55.730%)  route 0.112ns (44.270%))
  Logic Levels:           0  
  Clock Path Skew:        0.013ns (DCD - SCD - CPR)
    Destination Clock Delay (DCD):    2.070ns
    Source Clock Delay      (SCD):    1.552ns
    Clock Pessimism Removal (CPR):    0.505ns

    Location             Delay type                Incr(ns)  Path(ns)    Netlist Resource(s)
  -------------------------------------------------------------------    -------------------
                         (clock sys_clk rise edge)    0.000     0.000 r  
    E3                                                0.000     0.000 r  clk_100mhz (IN)
                         net (fo=0)                   0.000     0.000    clk_100mhz
    E3                   IBUF (Prop_ibuf_I_O)         0.250     0.250 r  clk_100mhz_IBUF_inst/O
                         net (fo=1, routed)           0.644     0.894    clk_100mhz_IBUF
    BUFGCTRL_X0Y16       BUFG (Prop_bufg_I_O)         0.026     0.920 r  clk_100mhz_IBUF_BUFG_inst/O
                         net (fo=2651, routed)        0.632     1.552    u_bridge/clk_100mhz_IBUF_BUFG
    SLICE_X23Y19         FDCE                                         r  u_bridge/m_axi_wdata_reg[26]/C
  -------------------------------------------------------------------    -------------------
    SLICE_X23Y19         FDCE (Prop_fdce_C_Q)         0.141     1.693 r  u_bridge/m_axi_wdata_reg[26]/Q
                         net (fo=1, routed)           0.112     1.805    u_cdc/s_wdata_q_reg[31]_0[26]
    SLICE_X22Y20         FDCE                                         r  u_cdc/s_wdata_q_reg[26]/D
  -------------------------------------------------------------------    -------------------

                         (clock sys_clk rise edge)    0.000     0.000 r  
    E3                                                0.000     0.000 r  clk_100mhz (IN)
                         net (fo=0)                   0.000     0.000    clk_100mhz
    E3                   IBUF (Prop_ibuf_I_O)         0.438     0.438 r  clk_100mhz_IBUF_inst/O
                         net (fo=1, routed)           0.699     1.136    clk_100mhz_IBUF
    BUFGCTRL_X0Y16       BUFG (Prop_bufg_I_O)         0.029     1.165 r  clk_100mhz_IBUF_BUFG_inst/O
                         net (fo=2651, routed)        0.905     2.070    u_cdc/clk_100mhz_IBUF_BUFG
    SLICE_X22Y20         FDCE                                         r  u_cdc/s_wdata_q_reg[26]/C
                         clock pessimism             -0.505     1.565    
    SLICE_X22Y20         FDCE (Hold_fdce_C_D)         0.066     1.631    u_cdc/s_wdata_q_reg[26]
  -------------------------------------------------------------------
                         required time                         -1.631    
                         arrival time                           1.805    
  -------------------------------------------------------------------
                         slack                                  0.174    

Slack (MET) :             0.175ns  (arrival time - required time)
  Source:                 u_bridge/m_axi_wdata_reg[18]/C
                            (rising edge-triggered cell FDCE clocked by sys_clk  {rise@0.000ns fall@5.000ns period=10.000ns})
  Destination:            u_cdc/s_wdata_q_reg[18]/D
                            (rising edge-triggered cell FDCE clocked by sys_clk  {rise@0.000ns fall@5.000ns period=10.000ns})
  Path Group:             sys_clk
  Path Type:              Hold (Min at Fast Process Corner)
  Requirement:            0.000ns  (sys_clk rise@0.000ns - sys_clk rise@0.000ns)
  Data Path Delay:        0.254ns  (logic 0.141ns (55.543%)  route 0.113ns (44.457%))
  Logic Levels:           0  
  Clock Path Skew:        0.013ns (DCD - SCD - CPR)
    Destination Clock Delay (DCD):    2.069ns
    Source Clock Delay      (SCD):    1.551ns
    Clock Pessimism Removal (CPR):    0.505ns

    Location             Delay type                Incr(ns)  Path(ns)    Netlist Resource(s)
  -------------------------------------------------------------------    -------------------
                         (clock sys_clk rise edge)    0.000     0.000 r  
    E3                                                0.000     0.000 r  clk_100mhz (IN)
                         net (fo=0)                   0.000     0.000    clk_100mhz
    E3                   IBUF (Prop_ibuf_I_O)         0.250     0.250 r  clk_100mhz_IBUF_inst/O
                         net (fo=1, routed)           0.644     0.894    clk_100mhz_IBUF
    BUFGCTRL_X0Y16       BUFG (Prop_bufg_I_O)         0.026     0.920 r  clk_100mhz_IBUF_BUFG_inst/O
                         net (fo=2651, routed)        0.631     1.551    u_bridge/clk_100mhz_IBUF_BUFG
    SLICE_X24Y19         FDCE                                         r  u_bridge/m_axi_wdata_reg[18]/C
  -------------------------------------------------------------------    -------------------
    SLICE_X24Y19         FDCE (Prop_fdce_C_Q)         0.141     1.692 r  u_bridge/m_axi_wdata_reg[18]/Q
                         net (fo=1, routed)           0.113     1.805    u_cdc/s_wdata_q_reg[31]_0[18]
    SLICE_X24Y20         FDCE                                         r  u_cdc/s_wdata_q_reg[18]/D
  -------------------------------------------------------------------    -------------------

                         (clock sys_clk rise edge)    0.000     0.000 r  
    E3                                                0.000     0.000 r  clk_100mhz (IN)
                         net (fo=0)                   0.000     0.000    clk_100mhz
    E3                   IBUF (Prop_ibuf_I_O)         0.438     0.438 r  clk_100mhz_IBUF_inst/O
                         net (fo=1, routed)           0.699     1.136    clk_100mhz_IBUF
    BUFGCTRL_X0Y16       BUFG (Prop_bufg_I_O)         0.029     1.165 r  clk_100mhz_IBUF_BUFG_inst/O
                         net (fo=2651, routed)        0.904     2.069    u_cdc/clk_100mhz_IBUF_BUFG
    SLICE_X24Y20         FDCE                                         r  u_cdc/s_wdata_q_reg[18]/C
                         clock pessimism             -0.505     1.564    
    SLICE_X24Y20         FDCE (Hold_fdce_C_D)         0.066     1.630    u_cdc/s_wdata_q_reg[18]
  -------------------------------------------------------------------
                         required time                         -1.630    
                         arrival time                           1.805    
  -------------------------------------------------------------------
                         slack                                  0.175    

Slack (MET) :             0.175ns  (arrival time - required time)
  Source:                 u_bridge/m_axi_wdata_reg[31]/C
                            (rising edge-triggered cell FDCE clocked by sys_clk  {rise@0.000ns fall@5.000ns period=10.000ns})
  Destination:            u_cdc/s_wdata_q_reg[31]/D
                            (rising edge-triggered cell FDCE clocked by sys_clk  {rise@0.000ns fall@5.000ns period=10.000ns})
  Path Group:             sys_clk
  Path Type:              Hold (Min at Fast Process Corner)
  Requirement:            0.000ns  (sys_clk rise@0.000ns - sys_clk rise@0.000ns)
  Data Path Delay:        0.257ns  (logic 0.141ns (54.812%)  route 0.116ns (45.188%))
  Logic Levels:           0  
  Clock Path Skew:        0.012ns (DCD - SCD - CPR)
    Destination Clock Delay (DCD):    2.070ns
    Source Clock Delay      (SCD):    1.553ns
    Clock Pessimism Removal (CPR):    0.505ns

    Location             Delay type                Incr(ns)  Path(ns)    Netlist Resource(s)
  -------------------------------------------------------------------    -------------------
                         (clock sys_clk rise edge)    0.000     0.000 r  
    E3                                                0.000     0.000 r  clk_100mhz (IN)
                         net (fo=0)                   0.000     0.000    clk_100mhz
    E3                   IBUF (Prop_ibuf_I_O)         0.250     0.250 r  clk_100mhz_IBUF_inst/O
                         net (fo=1, routed)           0.644     0.894    clk_100mhz_IBUF
    BUFGCTRL_X0Y16       BUFG (Prop_bufg_I_O)         0.026     0.920 r  clk_100mhz_IBUF_BUFG_inst/O
                         net (fo=2651, routed)        0.633     1.553    u_bridge/clk_100mhz_IBUF_BUFG
    SLICE_X23Y18         FDCE                                         r  u_bridge/m_axi_wdata_reg[31]/C
  -------------------------------------------------------------------    -------------------
    SLICE_X23Y18         FDCE (Prop_fdce_C_Q)         0.141     1.694 r  u_bridge/m_axi_wdata_reg[31]/Q
                         net (fo=1, routed)           0.116     1.810    u_cdc/s_wdata_q_reg[31]_0[31]
    SLICE_X22Y20         FDCE                                         r  u_cdc/s_wdata_q_reg[31]/D
  -------------------------------------------------------------------    -------------------

                         (clock sys_clk rise edge)    0.000     0.000 r  
    E3                                                0.000     0.000 r  clk_100mhz (IN)
                         net (fo=0)                   0.000     0.000    clk_100mhz
    E3                   IBUF (Prop_ibuf_I_O)         0.438     0.438 r  clk_100mhz_IBUF_inst/O
                         net (fo=1, routed)           0.699     1.136    clk_100mhz_IBUF
    BUFGCTRL_X0Y16       BUFG (Prop_bufg_I_O)         0.029     1.165 r  clk_100mhz_IBUF_BUFG_inst/O
                         net (fo=2651, routed)        0.905     2.070    u_cdc/clk_100mhz_IBUF_BUFG
    SLICE_X22Y20         FDCE                                         r  u_cdc/s_wdata_q_reg[31]/C
                         clock pessimism             -0.505     1.565    
    SLICE_X22Y20         FDCE (Hold_fdce_C_D)         0.070     1.635    u_cdc/s_wdata_q_reg[31]
  -------------------------------------------------------------------
                         required time                         -1.635    
                         arrival time                           1.810    
  -------------------------------------------------------------------
                         slack                                  0.175    





Pulse Width Checks
--------------------------------------------------------------------------------------
Clock Name:         sys_clk
Waveform(ns):       { 0.000 5.000 }
Period(ns):         10.000
Sources:            { clk_100mhz }

Check Type        Corner  Lib Pin            Reference Pin  Required(ns)  Actual(ns)  Slack(ns)  Location         Pin
Min Period        n/a     BUFG/I             n/a            2.155         10.000      7.845      BUFGCTRL_X0Y16   clk_100mhz_IBUF_BUFG_inst/I
Min Period        n/a     MMCME2_ADV/CLKIN1  n/a            1.249         10.000      8.751      MMCME2_ADV_X0Y0  u_mmcm/CLKIN1
Min Period        n/a     FDCE/C             n/a            1.000         10.000      9.000      SLICE_X1Y20      heartbeat_cnt_reg[0]/C
Min Period        n/a     FDCE/C             n/a            1.000         10.000      9.000      SLICE_X1Y22      heartbeat_cnt_reg[10]/C
Min Period        n/a     FDCE/C             n/a            1.000         10.000      9.000      SLICE_X1Y22      heartbeat_cnt_reg[11]/C
Min Period        n/a     FDCE/C             n/a            1.000         10.000      9.000      SLICE_X1Y23      heartbeat_cnt_reg[12]/C
Min Period        n/a     FDCE/C             n/a            1.000         10.000      9.000      SLICE_X1Y23      heartbeat_cnt_reg[13]/C
Min Period        n/a     FDCE/C             n/a            1.000         10.000      9.000      SLICE_X1Y23      heartbeat_cnt_reg[14]/C
Min Period        n/a     FDCE/C             n/a            1.000         10.000      9.000      SLICE_X1Y23      heartbeat_cnt_reg[15]/C
Min Period        n/a     FDCE/C             n/a            1.000         10.000      9.000      SLICE_X1Y24      heartbeat_cnt_reg[16]/C
Max Period        n/a     MMCME2_ADV/CLKIN1  n/a            100.000       10.000      90.000     MMCME2_ADV_X0Y0  u_mmcm/CLKIN1
Low Pulse Width   Slow    MMCME2_ADV/CLKIN1  n/a            2.000         5.000       3.000      MMCME2_ADV_X0Y0  u_mmcm/CLKIN1
Low Pulse Width   Fast    MMCME2_ADV/CLKIN1  n/a            2.000         5.000       3.000      MMCME2_ADV_X0Y0  u_mmcm/CLKIN1
Low Pulse Width   Slow    FDCE/C             n/a            0.500         5.000       4.500      SLICE_X1Y20      heartbeat_cnt_reg[0]/C
Low Pulse Width   Fast    FDCE/C             n/a            0.500         5.000       4.500      SLICE_X1Y20      heartbeat_cnt_reg[0]/C
Low Pulse Width   Slow    FDCE/C             n/a            0.500         5.000       4.500      SLICE_X1Y22      heartbeat_cnt_reg[10]/C
Low Pulse Width   Fast    FDCE/C             n/a            0.500         5.000       4.500      SLICE_X1Y22      heartbeat_cnt_reg[10]/C
Low Pulse Width   Slow    FDCE/C             n/a            0.500         5.000       4.500      SLICE_X1Y22      heartbeat_cnt_reg[11]/C
Low Pulse Width   Fast    FDCE/C             n/a            0.500         5.000       4.500      SLICE_X1Y22      heartbeat_cnt_reg[11]/C
Low Pulse Width   Slow    FDCE/C             n/a            0.500         5.000       4.500      SLICE_X1Y23      heartbeat_cnt_reg[12]/C
Low Pulse Width   Fast    FDCE/C             n/a            0.500         5.000       4.500      SLICE_X1Y23      heartbeat_cnt_reg[12]/C
High Pulse Width  Slow    MMCME2_ADV/CLKIN1  n/a            2.000         5.000       3.000      MMCME2_ADV_X0Y0  u_mmcm/CLKIN1
High Pulse Width  Fast    MMCME2_ADV/CLKIN1  n/a            2.000         5.000       3.000      MMCME2_ADV_X0Y0  u_mmcm/CLKIN1
High Pulse Width  Slow    FDCE/C             n/a            0.500         5.000       4.500      SLICE_X1Y20      heartbeat_cnt_reg[0]/C
High Pulse Width  Fast    FDCE/C             n/a            0.500         5.000       4.500      SLICE_X1Y20      heartbeat_cnt_reg[0]/C
High Pulse Width  Slow    FDCE/C             n/a            0.500         5.000       4.500      SLICE_X1Y22      heartbeat_cnt_reg[10]/C
High Pulse Width  Fast    FDCE/C             n/a            0.500         5.000       4.500      SLICE_X1Y22      heartbeat_cnt_reg[10]/C
High Pulse Width  Slow    FDCE/C             n/a            0.500         5.000       4.500      SLICE_X1Y22      heartbeat_cnt_reg[11]/C
High Pulse Width  Fast    FDCE/C             n/a            0.500         5.000       4.500      SLICE_X1Y22      heartbeat_cnt_reg[11]/C
High Pulse Width  Slow    FDCE/C             n/a            0.500         5.000       4.500      SLICE_X1Y23      heartbeat_cnt_reg[12]/C
High Pulse Width  Fast    FDCE/C             n/a            0.500         5.000       4.500      SLICE_X1Y23      heartbeat_cnt_reg[12]/C



---------------------------------------------------------------------------------------------------
From Clock:  clk_core_mmcm
  To Clock:  clk_core_mmcm

Setup :         4604  Failing Endpoints,  Worst Slack       -4.993ns,  Total Violation    -7997.185ns
Hold  :            0  Failing Endpoints,  Worst Slack        0.055ns,  Total Violation        0.000ns
PW    :            0  Failing Endpoints,  Worst Slack        1.444ns,  Total Violation        0.000ns
---------------------------------------------------------------------------------------------------


Max Delay Paths
--------------------------------------------------------------------------------------
Slack (VIOLATED) :        -4.993ns  (required time - arrival time)
  Source:                 u_mlkem/u_ctrl/unit_src_sponge_reg/C
                            (rising edge-triggered cell FDCE clocked by clk_core_mmcm  {rise@0.000ns fall@2.424ns period=4.848ns})
  Destination:            u_mlkem/u_unpack/cr_d_reg[59]/D
                            (rising edge-triggered cell FDRE clocked by clk_core_mmcm  {rise@0.000ns fall@2.424ns period=4.848ns})
  Path Group:             clk_core_mmcm
  Path Type:              Setup (Max at Slow Process Corner)
  Requirement:            4.848ns  (clk_core_mmcm rise@4.848ns - clk_core_mmcm rise@0.000ns)
  Data Path Delay:        9.777ns  (logic 5.801ns (59.334%)  route 3.976ns (40.666%))
  Logic Levels:           9  (CARRY4=7 LUT4=1 LUT6=1)
  Clock Path Skew:        -0.022ns (DCD - SCD + CPR)
    Destination Clock Delay (DCD):    8.880ns = ( 13.729 - 4.848 ) 
    Source Clock Delay      (SCD):    9.420ns
    Clock Pessimism Removal (CPR):    0.517ns
  Clock Uncertainty:      0.074ns  ((TSJ^2 + DJ^2)^1/2) / 2 + PE
    Total System Jitter     (TSJ):    0.071ns
    Discrete Jitter          (DJ):    0.131ns
    Phase Error              (PE):    0.000ns

    Location             Delay type                Incr(ns)  Path(ns)    Netlist Resource(s)
  -------------------------------------------------------------------    -------------------
                         (clock clk_core_mmcm rise edge)
                                                      0.000     0.000 r  
    E3                                                0.000     0.000 r  clk_100mhz (IN)
                         net (fo=0)                   0.000     0.000    clk_100mhz
    E3                   IBUF (Prop_ibuf_I_O)         1.482     1.482 r  clk_100mhz_IBUF_inst/O
                         net (fo=1, routed)           2.025     3.506    clk_100mhz_IBUF
    BUFGCTRL_X0Y16       BUFG (Prop_bufg_I_O)         0.096     3.602 r  clk_100mhz_IBUF_BUFG_inst/O
                         net (fo=2651, routed)        1.809     5.412    clk_100mhz_IBUF_BUFG
    MMCME2_ADV_X0Y0      MMCME2_ADV (Prop_mmcme2_adv_CLKIN1_CLKOUT0)
                                                      0.088     5.500 r  u_mmcm/CLKOUT0
                         net (fo=1, routed)           2.018     7.518    clk_core_mmcm
    BUFGCTRL_X0Y0        BUFG (Prop_bufg_I_O)         0.096     7.614 r  u_bufg_core/O
                         net (fo=3686, routed)        1.805     9.420    u_mlkem/u_ctrl/clk_core
    SLICE_X31Y33         FDCE                                         r  u_mlkem/u_ctrl/unit_src_sponge_reg/C
  -------------------------------------------------------------------    -------------------
    SLICE_X31Y33         FDCE (Prop_fdce_C_Q)         0.456     9.876 f  u_mlkem/u_ctrl/unit_src_sponge_reg/Q
                         net (fo=117, routed)         0.716    10.591    u_mlkem/u_sponge/cr_d_reg[0]
    SLICE_X32Y33         LUT4 (Prop_lut4_I1_O)        0.124    10.715 r  u_mlkem/u_sponge/cr_d[15]_i_6/O
                         net (fo=1, routed)           0.000    10.715    u_mlkem/u_sponge/cr_d[15]_i_6_n_0
    SLICE_X32Y33         CARRY4 (Prop_carry4_S[2]_CO[3])
                                                      0.398    11.113 r  u_mlkem/u_sponge/cr_d_reg[15]_i_3/CO[3]
                         net (fo=8, routed)           0.644    11.757    u_mlkem/u_sponge/cr_d_reg[15]_i_3_n_0
    SLICE_X31Y33         CARRY4 (Prop_carry4_CYINIT_CO[2])
                                                      0.592    12.349 r  u_mlkem/u_sponge/cr_d_reg[23]_i_3/CO[2]
                         net (fo=8, routed)           0.512    12.862    u_mlkem/u_sponge/cr_d_reg[23]_i_3_n_1
    SLICE_X28Y34         CARRY4 (Prop_carry4_CYINIT_CO[2])
                                                      0.781    13.643 r  u_mlkem/u_sponge/cr_d_reg[31]_i_3/CO[2]
                         net (fo=8, routed)           0.224    13.867    u_mlkem/u_sponge/cr_d_reg[31]_i_3_n_1
    SLICE_X29Y34         CARRY4 (Prop_carry4_CYINIT_CO[2])
                                                      0.781    14.648 r  u_mlkem/u_sponge/cr_d_reg[39]_i_3/CO[2]
                         net (fo=8, routed)           0.541    15.188    u_mlkem/u_sponge/cr_d_reg[39]_i_3_n_1
    SLICE_X30Y34         CARRY4 (Prop_carry4_CYINIT_CO[2])
                                                      0.797    15.985 r  u_mlkem/u_sponge/cr_d_reg[47]_i_3/CO[2]
                         net (fo=8, routed)           0.580    16.565    u_mlkem/u_sponge/cr_d_reg[47]_i_3_n_1
    SLICE_X32Y35         CARRY4 (Prop_carry4_CYINIT_CO[2])
                                                      0.778    17.343 r  u_mlkem/u_sponge/cr_d_reg[55]_i_3/CO[2]
                         net (fo=8, routed)           0.398    17.741    u_mlkem/u_sponge/cr_d_reg[55]_i_3_n_1
    SLICE_X28Y35         CARRY4 (Prop_carry4_CYINIT_CO[2])
                                                      0.781    18.522 f  u_mlkem/u_sponge/cr_d_reg[63]_i_3/CO[2]
                         net (fo=7, routed)           0.362    18.883    u_mlkem/u_sponge/cr_d_reg[63]_i_3_n_1
    SLICE_X31Y35         LUT6 (Prop_lut6_I5_O)        0.313    19.196 r  u_mlkem/u_sponge/cr_d[59]_i_1/O
                         net (fo=1, routed)           0.000    19.196    u_mlkem/u_unpack/cr_d_reg[63]_0[59]
    SLICE_X31Y35         FDRE                                         r  u_mlkem/u_unpack/cr_d_reg[59]/D
  -------------------------------------------------------------------    -------------------

                         (clock clk_core_mmcm rise edge)
                                                      4.848     4.848 r  
    E3                                                0.000     4.848 r  clk_100mhz (IN)
                         net (fo=0)                   0.000     4.848    clk_100mhz
    E3                   IBUF (Prop_ibuf_I_O)         1.411     6.260 r  clk_100mhz_IBUF_inst/O
                         net (fo=1, routed)           1.920     8.180    clk_100mhz_IBUF
    BUFGCTRL_X0Y16       BUFG (Prop_bufg_I_O)         0.091     8.271 r  clk_100mhz_IBUF_BUFG_inst/O
                         net (fo=2651, routed)        1.683     9.954    clk_100mhz_IBUF_BUFG
    MMCME2_ADV_X0Y0      MMCME2_ADV (Prop_mmcme2_adv_CLKIN1_CLKOUT0)
                                                      0.083    10.037 r  u_mmcm/CLKOUT0
                         net (fo=1, routed)           1.923    11.960    clk_core_mmcm
    BUFGCTRL_X0Y0        BUFG (Prop_bufg_I_O)         0.091    12.051 r  u_bufg_core/O
                         net (fo=3686, routed)        1.678    13.729    u_mlkem/u_unpack/clk_core
    SLICE_X31Y35         FDRE                                         r  u_mlkem/u_unpack/cr_d_reg[59]/C
                         clock pessimism              0.517    14.246    
                         clock uncertainty           -0.074    14.171    
    SLICE_X31Y35         FDRE (Setup_fdre_C_D)        0.032    14.203    u_mlkem/u_unpack/cr_d_reg[59]
  -------------------------------------------------------------------
                         required time                         14.203    
                         arrival time                         -19.196    
  -------------------------------------------------------------------
                         slack                                 -4.993    

Slack (VIOLATED) :        -4.989ns  (required time - arrival time)
  Source:                 u_mlkem/u_ctrl/unit_src_sponge_reg/C
                            (rising edge-triggered cell FDCE clocked by clk_core_mmcm  {rise@0.000ns fall@2.424ns period=4.848ns})
  Destination:            u_mlkem/u_unpack/cr_d_reg[60]/D
                            (rising edge-triggered cell FDRE clocked by clk_core_mmcm  {rise@0.000ns fall@2.424ns period=4.848ns})
  Path Group:             clk_core_mmcm
  Path Type:              Setup (Max at Slow Process Corner)
  Requirement:            4.848ns  (clk_core_mmcm rise@4.848ns - clk_core_mmcm rise@0.000ns)
  Data Path Delay:        9.772ns  (logic 5.801ns (59.364%)  route 3.971ns (40.636%))
  Logic Levels:           9  (CARRY4=7 LUT4=1 LUT6=1)
  Clock Path Skew:        -0.022ns (DCD - SCD + CPR)
    Destination Clock Delay (DCD):    8.880ns = ( 13.729 - 4.848 ) 
    Source Clock Delay      (SCD):    9.420ns
    Clock Pessimism Removal (CPR):    0.517ns
  Clock Uncertainty:      0.074ns  ((TSJ^2 + DJ^2)^1/2) / 2 + PE
    Total System Jitter     (TSJ):    0.071ns
    Discrete Jitter          (DJ):    0.131ns
    Phase Error              (PE):    0.000ns

    Location             Delay type                Incr(ns)  Path(ns)    Netlist Resource(s)
  -------------------------------------------------------------------    -------------------
                         (clock clk_core_mmcm rise edge)
                                                      0.000     0.000 r  
    E3                                                0.000     0.000 r  clk_100mhz (IN)
                         net (fo=0)                   0.000     0.000    clk_100mhz
    E3                   IBUF (Prop_ibuf_I_O)         1.482     1.482 r  clk_100mhz_IBUF_inst/O
                         net (fo=1, routed)           2.025     3.506    clk_100mhz_IBUF
    BUFGCTRL_X0Y16       BUFG (Prop_bufg_I_O)         0.096     3.602 r  clk_100mhz_IBUF_BUFG_inst/O
                         net (fo=2651, routed)        1.809     5.412    clk_100mhz_IBUF_BUFG
    MMCME2_ADV_X0Y0      MMCME2_ADV (Prop_mmcme2_adv_CLKIN1_CLKOUT0)
                                                      0.088     5.500 r  u_mmcm/CLKOUT0
                         net (fo=1, routed)           2.018     7.518    clk_core_mmcm
    BUFGCTRL_X0Y0        BUFG (Prop_bufg_I_O)         0.096     7.614 r  u_bufg_core/O
                         net (fo=3686, routed)        1.805     9.420    u_mlkem/u_ctrl/clk_core
    SLICE_X31Y33         FDCE                                         r  u_mlkem/u_ctrl/unit_src_sponge_reg/C
  -------------------------------------------------------------------    -------------------
    SLICE_X31Y33         FDCE (Prop_fdce_C_Q)         0.456     9.876 f  u_mlkem/u_ctrl/unit_src_sponge_reg/Q
                         net (fo=117, routed)         0.716    10.591    u_mlkem/u_sponge/cr_d_reg[0]
    SLICE_X32Y33         LUT4 (Prop_lut4_I1_O)        0.124    10.715 r  u_mlkem/u_sponge/cr_d[15]_i_6/O
                         net (fo=1, routed)           0.000    10.715    u_mlkem/u_sponge/cr_d[15]_i_6_n_0
    SLICE_X32Y33         CARRY4 (Prop_carry4_S[2]_CO[3])
                                                      0.398    11.113 r  u_mlkem/u_sponge/cr_d_reg[15]_i_3/CO[3]
                         net (fo=8, routed)           0.644    11.757    u_mlkem/u_sponge/cr_d_reg[15]_i_3_n_0
    SLICE_X31Y33         CARRY4 (Prop_carry4_CYINIT_CO[2])
                                                      0.592    12.349 r  u_mlkem/u_sponge/cr_d_reg[23]_i_3/CO[2]
                         net (fo=8, routed)           0.512    12.862    u_mlkem/u_sponge/cr_d_reg[23]_i_3_n_1
    SLICE_X28Y34         CARRY4 (Prop_carry4_CYINIT_CO[2])
                                                      0.781    13.643 r  u_mlkem/u_sponge/cr_d_reg[31]_i_3/CO[2]
                         net (fo=8, routed)           0.224    13.867    u_mlkem/u_sponge/cr_d_reg[31]_i_3_n_1
    SLICE_X29Y34         CARRY4 (Prop_carry4_CYINIT_CO[2])
                                                      0.781    14.648 r  u_mlkem/u_sponge/cr_d_reg[39]_i_3/CO[2]
                         net (fo=8, routed)           0.541    15.188    u_mlkem/u_sponge/cr_d_reg[39]_i_3_n_1
    SLICE_X30Y34         CARRY4 (Prop_carry4_CYINIT_CO[2])
                                                      0.797    15.985 r  u_mlkem/u_sponge/cr_d_reg[47]_i_3/CO[2]
                         net (fo=8, routed)           0.580    16.565    u_mlkem/u_sponge/cr_d_reg[47]_i_3_n_1
    SLICE_X32Y35         CARRY4 (Prop_carry4_CYINIT_CO[2])
                                                      0.778    17.343 r  u_mlkem/u_sponge/cr_d_reg[55]_i_3/CO[2]
                         net (fo=8, routed)           0.398    17.741    u_mlkem/u_sponge/cr_d_reg[55]_i_3_n_1
    SLICE_X28Y35         CARRY4 (Prop_carry4_CYINIT_CO[2])
                                                      0.781    18.522 f  u_mlkem/u_sponge/cr_d_reg[63]_i_3/CO[2]
                         net (fo=7, routed)           0.357    18.878    u_mlkem/u_sponge/cr_d_reg[63]_i_3_n_1
    SLICE_X31Y35         LUT6 (Prop_lut6_I5_O)        0.313    19.191 r  u_mlkem/u_sponge/cr_d[60]_i_1/O
                         net (fo=1, routed)           0.000    19.191    u_mlkem/u_unpack/cr_d_reg[63]_0[60]
    SLICE_X31Y35         FDRE                                         r  u_mlkem/u_unpack/cr_d_reg[60]/D
  -------------------------------------------------------------------    -------------------

                         (clock clk_core_mmcm rise edge)
                                                      4.848     4.848 r  
    E3                                                0.000     4.848 r  clk_100mhz (IN)
                         net (fo=0)                   0.000     4.848    clk_100mhz
    E3                   IBUF (Prop_ibuf_I_O)         1.411     6.260 r  clk_100mhz_IBUF_inst/O
                         net (fo=1, routed)           1.920     8.180    clk_100mhz_IBUF
    BUFGCTRL_X0Y16       BUFG (Prop_bufg_I_O)         0.091     8.271 r  clk_100mhz_IBUF_BUFG_inst/O
                         net (fo=2651, routed)        1.683     9.954    clk_100mhz_IBUF_BUFG
    MMCME2_ADV_X0Y0      MMCME2_ADV (Prop_mmcme2_adv_CLKIN1_CLKOUT0)
                                                      0.083    10.037 r  u_mmcm/CLKOUT0
                         net (fo=1, routed)           1.923    11.960    clk_core_mmcm
    BUFGCTRL_X0Y0        BUFG (Prop_bufg_I_O)         0.091    12.051 r  u_bufg_core/O
                         net (fo=3686, routed)        1.678    13.729    u_mlkem/u_unpack/clk_core
    SLICE_X31Y35         FDRE                                         r  u_mlkem/u_unpack/cr_d_reg[60]/C
                         clock pessimism              0.517    14.246    
                         clock uncertainty           -0.074    14.171    
    SLICE_X31Y35         FDRE (Setup_fdre_C_D)        0.031    14.202    u_mlkem/u_unpack/cr_d_reg[60]
  -------------------------------------------------------------------
                         required time                         14.202    
                         arrival time                         -19.191    
  -------------------------------------------------------------------
                         slack                                 -4.989    

Slack (VIOLATED) :        -4.973ns  (required time - arrival time)
  Source:                 u_mlkem/u_ctrl/unit_src_sponge_reg/C
                            (rising edge-triggered cell FDCE clocked by clk_core_mmcm  {rise@0.000ns fall@2.424ns period=4.848ns})
  Destination:            u_mlkem/u_unpack/cr_d_reg[58]/D
                            (rising edge-triggered cell FDRE clocked by clk_core_mmcm  {rise@0.000ns fall@2.424ns period=4.848ns})
  Path Group:             clk_core_mmcm
  Path Type:              Setup (Max at Slow Process Corner)
  Requirement:            4.848ns  (clk_core_mmcm rise@4.848ns - clk_core_mmcm rise@0.000ns)
  Data Path Delay:        9.738ns  (logic 5.801ns (59.568%)  route 3.937ns (40.432%))
  Logic Levels:           9  (CARRY4=7 LUT4=1 LUT6=1)
  Clock Path Skew:        -0.038ns (DCD - SCD + CPR)
    Destination Clock Delay (DCD):    8.881ns = ( 13.730 - 4.848 ) 
    Source Clock Delay      (SCD):    9.420ns
    Clock Pessimism Removal (CPR):    0.500ns
  Clock Uncertainty:      0.074ns  ((TSJ^2 + DJ^2)^1/2) / 2 + PE
    Total System Jitter     (TSJ):    0.071ns
    Discrete Jitter          (DJ):    0.131ns
    Phase Error              (PE):    0.000ns

    Location             Delay type                Incr(ns)  Path(ns)    Netlist Resource(s)
  -------------------------------------------------------------------    -------------------
                         (clock clk_core_mmcm rise edge)
                                                      0.000     0.000 r  
    E3                                                0.000     0.000 r  clk_100mhz (IN)
                         net (fo=0)                   0.000     0.000    clk_100mhz
    E3                   IBUF (Prop_ibuf_I_O)         1.482     1.482 r  clk_100mhz_IBUF_inst/O
                         net (fo=1, routed)           2.025     3.506    clk_100mhz_IBUF
    BUFGCTRL_X0Y16       BUFG (Prop_bufg_I_O)         0.096     3.602 r  clk_100mhz_IBUF_BUFG_inst/O
                         net (fo=2651, routed)        1.809     5.412    clk_100mhz_IBUF_BUFG
    MMCME2_ADV_X0Y0      MMCME2_ADV (Prop_mmcme2_adv_CLKIN1_CLKOUT0)
                                                      0.088     5.500 r  u_mmcm/CLKOUT0
                         net (fo=1, routed)           2.018     7.518    clk_core_mmcm
    BUFGCTRL_X0Y0        BUFG (Prop_bufg_I_O)         0.096     7.614 r  u_bufg_core/O
                         net (fo=3686, routed)        1.805     9.420    u_mlkem/u_ctrl/clk_core
    SLICE_X31Y33         FDCE                                         r  u_mlkem/u_ctrl/unit_src_sponge_reg/C
  -------------------------------------------------------------------    -------------------
    SLICE_X31Y33         FDCE (Prop_fdce_C_Q)         0.456     9.876 f  u_mlkem/u_ctrl/unit_src_sponge_reg/Q
                         net (fo=117, routed)         0.716    10.591    u_mlkem/u_sponge/cr_d_reg[0]
    SLICE_X32Y33         LUT4 (Prop_lut4_I1_O)        0.124    10.715 r  u_mlkem/u_sponge/cr_d[15]_i_6/O
                         net (fo=1, routed)           0.000    10.715    u_mlkem/u_sponge/cr_d[15]_i_6_n_0
    SLICE_X32Y33         CARRY4 (Prop_carry4_S[2]_CO[3])
                                                      0.398    11.113 r  u_mlkem/u_sponge/cr_d_reg[15]_i_3/CO[3]
                         net (fo=8, routed)           0.644    11.757    u_mlkem/u_sponge/cr_d_reg[15]_i_3_n_0
    SLICE_X31Y33         CARRY4 (Prop_carry4_CYINIT_CO[2])
                                                      0.592    12.349 r  u_mlkem/u_sponge/cr_d_reg[23]_i_3/CO[2]
                         net (fo=8, routed)           0.512    12.862    u_mlkem/u_sponge/cr_d_reg[23]_i_3_n_1
    SLICE_X28Y34         CARRY4 (Prop_carry4_CYINIT_CO[2])
                                                      0.781    13.643 r  u_mlkem/u_sponge/cr_d_reg[31]_i_3/CO[2]
                         net (fo=8, routed)           0.224    13.867    u_mlkem/u_sponge/cr_d_reg[31]_i_3_n_1
    SLICE_X29Y34         CARRY4 (Prop_carry4_CYINIT_CO[2])
                                                      0.781    14.648 r  u_mlkem/u_sponge/cr_d_reg[39]_i_3/CO[2]
                         net (fo=8, routed)           0.541    15.188    u_mlkem/u_sponge/cr_d_reg[39]_i_3_n_1
    SLICE_X30Y34         CARRY4 (Prop_carry4_CYINIT_CO[2])
                                                      0.797    15.985 r  u_mlkem/u_sponge/cr_d_reg[47]_i_3/CO[2]
                         net (fo=8, routed)           0.580    16.565    u_mlkem/u_sponge/cr_d_reg[47]_i_3_n_1
    SLICE_X32Y35         CARRY4 (Prop_carry4_CYINIT_CO[2])
                                                      0.778    17.343 r  u_mlkem/u_sponge/cr_d_reg[55]_i_3/CO[2]
                         net (fo=8, routed)           0.398    17.741    u_mlkem/u_sponge/cr_d_reg[55]_i_3_n_1
    SLICE_X28Y35         CARRY4 (Prop_carry4_CYINIT_CO[2])
                                                      0.781    18.522 f  u_mlkem/u_sponge/cr_d_reg[63]_i_3/CO[2]
                         net (fo=7, routed)           0.323    18.845    u_mlkem/u_sponge/cr_d_reg[63]_i_3_n_1
    SLICE_X29Y35         LUT6 (Prop_lut6_I5_O)        0.313    19.158 r  u_mlkem/u_sponge/cr_d[58]_i_1/O
                         net (fo=1, routed)           0.000    19.158    u_mlkem/u_unpack/cr_d_reg[63]_0[58]
    SLICE_X29Y35         FDRE                                         r  u_mlkem/u_unpack/cr_d_reg[58]/D
  -------------------------------------------------------------------    -------------------

                         (clock clk_core_mmcm rise edge)
                                                      4.848     4.848 r  
    E3                                                0.000     4.848 r  clk_100mhz (IN)
                         net (fo=0)                   0.000     4.848    clk_100mhz
    E3                   IBUF (Prop_ibuf_I_O)         1.411     6.260 r  clk_100mhz_IBUF_inst/O
                         net (fo=1, routed)           1.920     8.180    clk_100mhz_IBUF
    BUFGCTRL_X0Y16       BUFG (Prop_bufg_I_O)         0.091     8.271 r  clk_100mhz_IBUF_BUFG_inst/O
                         net (fo=2651, routed)        1.683     9.954    clk_100mhz_IBUF_BUFG
    MMCME2_ADV_X0Y0      MMCME2_ADV (Prop_mmcme2_adv_CLKIN1_CLKOUT0)
                                                      0.083    10.037 r  u_mmcm/CLKOUT0
                         net (fo=1, routed)           1.923    11.960    clk_core_mmcm
    BUFGCTRL_X0Y0        BUFG (Prop_bufg_I_O)         0.091    12.051 r  u_bufg_core/O
                         net (fo=3686, routed)        1.679    13.730    u_mlkem/u_unpack/clk_core
    SLICE_X29Y35         FDRE                                         r  u_mlkem/u_unpack/cr_d_reg[58]/C
                         clock pessimism              0.500    14.230    
                         clock uncertainty           -0.074    14.155    
    SLICE_X29Y35         FDRE (Setup_fdre_C_D)        0.029    14.184    u_mlkem/u_unpack/cr_d_reg[58]
  -------------------------------------------------------------------
                         required time                         14.184    
                         arrival time                         -19.158    
  -------------------------------------------------------------------
                         slack                                 -4.973    

Slack (VIOLATED) :        -4.968ns  (required time - arrival time)
  Source:                 u_mlkem/u_ctrl/unit_src_sponge_reg/C
                            (rising edge-triggered cell FDCE clocked by clk_core_mmcm  {rise@0.000ns fall@2.424ns period=4.848ns})
  Destination:            u_mlkem/u_unpack/cr_d_reg[57]/D
                            (rising edge-triggered cell FDRE clocked by clk_core_mmcm  {rise@0.000ns fall@2.424ns period=4.848ns})
  Path Group:             clk_core_mmcm
  Path Type:              Setup (Max at Slow Process Corner)
  Requirement:            4.848ns  (clk_core_mmcm rise@4.848ns - clk_core_mmcm rise@0.000ns)
  Data Path Delay:        9.735ns  (logic 5.801ns (59.587%)  route 3.934ns (40.413%))
  Logic Levels:           9  (CARRY4=7 LUT4=1 LUT6=1)
  Clock Path Skew:        -0.038ns (DCD - SCD + CPR)
    Destination Clock Delay (DCD):    8.881ns = ( 13.730 - 4.848 ) 
    Source Clock Delay      (SCD):    9.420ns
    Clock Pessimism Removal (CPR):    0.500ns
  Clock Uncertainty:      0.074ns  ((TSJ^2 + DJ^2)^1/2) / 2 + PE
    Total System Jitter     (TSJ):    0.071ns
    Discrete Jitter          (DJ):    0.131ns
    Phase Error              (PE):    0.000ns

    Location             Delay type                Incr(ns)  Path(ns)    Netlist Resource(s)
  -------------------------------------------------------------------    -------------------
                         (clock clk_core_mmcm rise edge)
                                                      0.000     0.000 r  
    E3                                                0.000     0.000 r  clk_100mhz (IN)
                         net (fo=0)                   0.000     0.000    clk_100mhz
    E3                   IBUF (Prop_ibuf_I_O)         1.482     1.482 r  clk_100mhz_IBUF_inst/O
                         net (fo=1, routed)           2.025     3.506    clk_100mhz_IBUF
    BUFGCTRL_X0Y16       BUFG (Prop_bufg_I_O)         0.096     3.602 r  clk_100mhz_IBUF_BUFG_inst/O
                         net (fo=2651, routed)        1.809     5.412    clk_100mhz_IBUF_BUFG
    MMCME2_ADV_X0Y0      MMCME2_ADV (Prop_mmcme2_adv_CLKIN1_CLKOUT0)
                                                      0.088     5.500 r  u_mmcm/CLKOUT0
                         net (fo=1, routed)           2.018     7.518    clk_core_mmcm
    BUFGCTRL_X0Y0        BUFG (Prop_bufg_I_O)         0.096     7.614 r  u_bufg_core/O
                         net (fo=3686, routed)        1.805     9.420    u_mlkem/u_ctrl/clk_core
    SLICE_X31Y33         FDCE                                         r  u_mlkem/u_ctrl/unit_src_sponge_reg/C
  -------------------------------------------------------------------    -------------------
    SLICE_X31Y33         FDCE (Prop_fdce_C_Q)         0.456     9.876 f  u_mlkem/u_ctrl/unit_src_sponge_reg/Q
                         net (fo=117, routed)         0.716    10.591    u_mlkem/u_sponge/cr_d_reg[0]
    SLICE_X32Y33         LUT4 (Prop_lut4_I1_O)        0.124    10.715 r  u_mlkem/u_sponge/cr_d[15]_i_6/O
                         net (fo=1, routed)           0.000    10.715    u_mlkem/u_sponge/cr_d[15]_i_6_n_0
    SLICE_X32Y33         CARRY4 (Prop_carry4_S[2]_CO[3])
                                                      0.398    11.113 r  u_mlkem/u_sponge/cr_d_reg[15]_i_3/CO[3]
                         net (fo=8, routed)           0.644    11.757    u_mlkem/u_sponge/cr_d_reg[15]_i_3_n_0
    SLICE_X31Y33         CARRY4 (Prop_carry4_CYINIT_CO[2])
                                                      0.592    12.349 r  u_mlkem/u_sponge/cr_d_reg[23]_i_3/CO[2]
                         net (fo=8, routed)           0.512    12.862    u_mlkem/u_sponge/cr_d_reg[23]_i_3_n_1
    SLICE_X28Y34         CARRY4 (Prop_carry4_CYINIT_CO[2])
                                                      0.781    13.643 r  u_mlkem/u_sponge/cr_d_reg[31]_i_3/CO[2]
                         net (fo=8, routed)           0.224    13.867    u_mlkem/u_sponge/cr_d_reg[31]_i_3_n_1
    SLICE_X29Y34         CARRY4 (Prop_carry4_CYINIT_CO[2])
                                                      0.781    14.648 r  u_mlkem/u_sponge/cr_d_reg[39]_i_3/CO[2]
                         net (fo=8, routed)           0.541    15.188    u_mlkem/u_sponge/cr_d_reg[39]_i_3_n_1
    SLICE_X30Y34         CARRY4 (Prop_carry4_CYINIT_CO[2])
                                                      0.797    15.985 r  u_mlkem/u_sponge/cr_d_reg[47]_i_3/CO[2]
                         net (fo=8, routed)           0.580    16.565    u_mlkem/u_sponge/cr_d_reg[47]_i_3_n_1
    SLICE_X32Y35         CARRY4 (Prop_carry4_CYINIT_CO[2])
                                                      0.778    17.343 r  u_mlkem/u_sponge/cr_d_reg[55]_i_3/CO[2]
                         net (fo=8, routed)           0.398    17.741    u_mlkem/u_sponge/cr_d_reg[55]_i_3_n_1
    SLICE_X28Y35         CARRY4 (Prop_carry4_CYINIT_CO[2])
                                                      0.781    18.522 f  u_mlkem/u_sponge/cr_d_reg[63]_i_3/CO[2]
                         net (fo=7, routed)           0.320    18.842    u_mlkem/u_sponge/cr_d_reg[63]_i_3_n_1
    SLICE_X29Y35         LUT6 (Prop_lut6_I5_O)        0.313    19.155 r  u_mlkem/u_sponge/cr_d[57]_i_1/O
                         net (fo=1, routed)           0.000    19.155    u_mlkem/u_unpack/cr_d_reg[63]_0[57]
    SLICE_X29Y35         FDRE                                         r  u_mlkem/u_unpack/cr_d_reg[57]/D
  -------------------------------------------------------------------    -------------------

                         (clock clk_core_mmcm rise edge)
                                                      4.848     4.848 r  
    E3                                                0.000     4.848 r  clk_100mhz (IN)
                         net (fo=0)                   0.000     4.848    clk_100mhz
    E3                   IBUF (Prop_ibuf_I_O)         1.411     6.260 r  clk_100mhz_IBUF_inst/O
                         net (fo=1, routed)           1.920     8.180    clk_100mhz_IBUF
    BUFGCTRL_X0Y16       BUFG (Prop_bufg_I_O)         0.091     8.271 r  clk_100mhz_IBUF_BUFG_inst/O
                         net (fo=2651, routed)        1.683     9.954    clk_100mhz_IBUF_BUFG
    MMCME2_ADV_X0Y0      MMCME2_ADV (Prop_mmcme2_adv_CLKIN1_CLKOUT0)
                                                      0.083    10.037 r  u_mmcm/CLKOUT0
                         net (fo=1, routed)           1.923    11.960    clk_core_mmcm
    BUFGCTRL_X0Y0        BUFG (Prop_bufg_I_O)         0.091    12.051 r  u_bufg_core/O
                         net (fo=3686, routed)        1.679    13.730    u_mlkem/u_unpack/clk_core
    SLICE_X29Y35         FDRE                                         r  u_mlkem/u_unpack/cr_d_reg[57]/C
                         clock pessimism              0.500    14.230    
                         clock uncertainty           -0.074    14.155    
    SLICE_X29Y35         FDRE (Setup_fdre_C_D)        0.031    14.186    u_mlkem/u_unpack/cr_d_reg[57]
  -------------------------------------------------------------------
                         required time                         14.186    
                         arrival time                         -19.155    
  -------------------------------------------------------------------
                         slack                                 -4.968    

Slack (VIOLATED) :        -4.959ns  (required time - arrival time)
  Source:                 u_mlkem/u_ctrl/unit_src_sponge_reg/C
                            (rising edge-triggered cell FDCE clocked by clk_core_mmcm  {rise@0.000ns fall@2.424ns period=4.848ns})
  Destination:            u_mlkem/u_unpack/cr_d_reg[62]/D
                            (rising edge-triggered cell FDRE clocked by clk_core_mmcm  {rise@0.000ns fall@2.424ns period=4.848ns})
  Path Group:             clk_core_mmcm
  Path Type:              Setup (Max at Slow Process Corner)
  Requirement:            4.848ns  (clk_core_mmcm rise@4.848ns - clk_core_mmcm rise@0.000ns)
  Data Path Delay:        9.788ns  (logic 5.801ns (59.267%)  route 3.987ns (40.733%))
  Logic Levels:           9  (CARRY4=7 LUT4=1 LUT6=1)
  Clock Path Skew:        -0.022ns (DCD - SCD + CPR)
    Destination Clock Delay (DCD):    8.880ns = ( 13.729 - 4.848 ) 
    Source Clock Delay      (SCD):    9.420ns
    Clock Pessimism Removal (CPR):    0.517ns
  Clock Uncertainty:      0.074ns  ((TSJ^2 + DJ^2)^1/2) / 2 + PE
    Total System Jitter     (TSJ):    0.071ns
    Discrete Jitter          (DJ):    0.131ns
    Phase Error              (PE):    0.000ns

    Location             Delay type                Incr(ns)  Path(ns)    Netlist Resource(s)
  -------------------------------------------------------------------    -------------------
                         (clock clk_core_mmcm rise edge)
                                                      0.000     0.000 r  
    E3                                                0.000     0.000 r  clk_100mhz (IN)
                         net (fo=0)                   0.000     0.000    clk_100mhz
    E3                   IBUF (Prop_ibuf_I_O)         1.482     1.482 r  clk_100mhz_IBUF_inst/O
                         net (fo=1, routed)           2.025     3.506    clk_100mhz_IBUF
    BUFGCTRL_X0Y16       BUFG (Prop_bufg_I_O)         0.096     3.602 r  clk_100mhz_IBUF_BUFG_inst/O
                         net (fo=2651, routed)        1.809     5.412    clk_100mhz_IBUF_BUFG
    MMCME2_ADV_X0Y0      MMCME2_ADV (Prop_mmcme2_adv_CLKIN1_CLKOUT0)
                                                      0.088     5.500 r  u_mmcm/CLKOUT0
                         net (fo=1, routed)           2.018     7.518    clk_core_mmcm
    BUFGCTRL_X0Y0        BUFG (Prop_bufg_I_O)         0.096     7.614 r  u_bufg_core/O
                         net (fo=3686, routed)        1.805     9.420    u_mlkem/u_ctrl/clk_core
    SLICE_X31Y33         FDCE                                         r  u_mlkem/u_ctrl/unit_src_sponge_reg/C
  -------------------------------------------------------------------    -------------------
    SLICE_X31Y33         FDCE (Prop_fdce_C_Q)         0.456     9.876 f  u_mlkem/u_ctrl/unit_src_sponge_reg/Q
                         net (fo=117, routed)         0.716    10.591    u_mlkem/u_sponge/cr_d_reg[0]
    SLICE_X32Y33         LUT4 (Prop_lut4_I1_O)        0.124    10.715 r  u_mlkem/u_sponge/cr_d[15]_i_6/O
                         net (fo=1, routed)           0.000    10.715    u_mlkem/u_sponge/cr_d[15]_i_6_n_0
    SLICE_X32Y33         CARRY4 (Prop_carry4_S[2]_CO[3])
                                                      0.398    11.113 r  u_mlkem/u_sponge/cr_d_reg[15]_i_3/CO[3]
                         net (fo=8, routed)           0.644    11.757    u_mlkem/u_sponge/cr_d_reg[15]_i_3_n_0
    SLICE_X31Y33         CARRY4 (Prop_carry4_CYINIT_CO[2])
                                                      0.592    12.349 r  u_mlkem/u_sponge/cr_d_reg[23]_i_3/CO[2]
                         net (fo=8, routed)           0.512    12.862    u_mlkem/u_sponge/cr_d_reg[23]_i_3_n_1
    SLICE_X28Y34         CARRY4 (Prop_carry4_CYINIT_CO[2])
                                                      0.781    13.643 r  u_mlkem/u_sponge/cr_d_reg[31]_i_3/CO[2]
                         net (fo=8, routed)           0.224    13.867    u_mlkem/u_sponge/cr_d_reg[31]_i_3_n_1
    SLICE_X29Y34         CARRY4 (Prop_carry4_CYINIT_CO[2])
                                                      0.781    14.648 r  u_mlkem/u_sponge/cr_d_reg[39]_i_3/CO[2]
                         net (fo=8, routed)           0.541    15.188    u_mlkem/u_sponge/cr_d_reg[39]_i_3_n_1
    SLICE_X30Y34         CARRY4 (Prop_carry4_CYINIT_CO[2])
                                                      0.797    15.985 r  u_mlkem/u_sponge/cr_d_reg[47]_i_3/CO[2]
                         net (fo=8, routed)           0.580    16.565    u_mlkem/u_sponge/cr_d_reg[47]_i_3_n_1
    SLICE_X32Y35         CARRY4 (Prop_carry4_CYINIT_CO[2])
                                                      0.778    17.343 r  u_mlkem/u_sponge/cr_d_reg[55]_i_3/CO[2]
                         net (fo=8, routed)           0.398    17.741    u_mlkem/u_sponge/cr_d_reg[55]_i_3_n_1
    SLICE_X28Y35         CARRY4 (Prop_carry4_CYINIT_CO[2])
                                                      0.781    18.522 f  u_mlkem/u_sponge/cr_d_reg[63]_i_3/CO[2]
                         net (fo=7, routed)           0.373    18.894    u_mlkem/u_sponge/cr_d_reg[63]_i_3_n_1
    SLICE_X30Y35         LUT6 (Prop_lut6_I5_O)        0.313    19.207 r  u_mlkem/u_sponge/cr_d[62]_i_1/O
                         net (fo=1, routed)           0.000    19.207    u_mlkem/u_unpack/cr_d_reg[63]_0[62]
    SLICE_X30Y35         FDRE                                         r  u_mlkem/u_unpack/cr_d_reg[62]/D
  -------------------------------------------------------------------    -------------------

                         (clock clk_core_mmcm rise edge)
                                                      4.848     4.848 r  
    E3                                                0.000     4.848 r  clk_100mhz (IN)
                         net (fo=0)                   0.000     4.848    clk_100mhz
    E3                   IBUF (Prop_ibuf_I_O)         1.411     6.260 r  clk_100mhz_IBUF_inst/O
                         net (fo=1, routed)           1.920     8.180    clk_100mhz_IBUF
    BUFGCTRL_X0Y16       BUFG (Prop_bufg_I_O)         0.091     8.271 r  clk_100mhz_IBUF_BUFG_inst/O
                         net (fo=2651, routed)        1.683     9.954    clk_100mhz_IBUF_BUFG
    MMCME2_ADV_X0Y0      MMCME2_ADV (Prop_mmcme2_adv_CLKIN1_CLKOUT0)
                                                      0.083    10.037 r  u_mmcm/CLKOUT0
                         net (fo=1, routed)           1.923    11.960    clk_core_mmcm
    BUFGCTRL_X0Y0        BUFG (Prop_bufg_I_O)         0.091    12.051 r  u_bufg_core/O
                         net (fo=3686, routed)        1.678    13.729    u_mlkem/u_unpack/clk_core
    SLICE_X30Y35         FDRE                                         r  u_mlkem/u_unpack/cr_d_reg[62]/C
                         clock pessimism              0.517    14.246    
                         clock uncertainty           -0.074    14.171    
    SLICE_X30Y35         FDRE (Setup_fdre_C_D)        0.077    14.248    u_mlkem/u_unpack/cr_d_reg[62]
  -------------------------------------------------------------------
                         required time                         14.248    
                         arrival time                         -19.207    
  -------------------------------------------------------------------
                         slack                                 -4.959    

Slack (VIOLATED) :        -4.953ns  (required time - arrival time)
  Source:                 u_mlkem/u_ctrl/unit_src_sponge_reg/C
                            (rising edge-triggered cell FDCE clocked by clk_core_mmcm  {rise@0.000ns fall@2.424ns period=4.848ns})
  Destination:            u_mlkem/u_unpack/cr_d_reg[61]/D
                            (rising edge-triggered cell FDRE clocked by clk_core_mmcm  {rise@0.000ns fall@2.424ns period=4.848ns})
  Path Group:             clk_core_mmcm
  Path Type:              Setup (Max at Slow Process Corner)
  Requirement:            4.848ns  (clk_core_mmcm rise@4.848ns - clk_core_mmcm rise@0.000ns)
  Data Path Delay:        9.784ns  (logic 5.801ns (59.291%)  route 3.983ns (40.709%))
  Logic Levels:           9  (CARRY4=7 LUT4=1 LUT6=1)
  Clock Path Skew:        -0.022ns (DCD - SCD + CPR)
    Destination Clock Delay (DCD):    8.880ns = ( 13.729 - 4.848 ) 
    Source Clock Delay      (SCD):    9.420ns
    Clock Pessimism Removal (CPR):    0.517ns
  Clock Uncertainty:      0.074ns  ((TSJ^2 + DJ^2)^1/2) / 2 + PE
    Total System Jitter     (TSJ):    0.071ns
    Discrete Jitter          (DJ):    0.131ns
    Phase Error              (PE):    0.000ns

    Location             Delay type                Incr(ns)  Path(ns)    Netlist Resource(s)
  -------------------------------------------------------------------    -------------------
                         (clock clk_core_mmcm rise edge)
                                                      0.000     0.000 r  
    E3                                                0.000     0.000 r  clk_100mhz (IN)
                         net (fo=0)                   0.000     0.000    clk_100mhz
    E3                   IBUF (Prop_ibuf_I_O)         1.482     1.482 r  clk_100mhz_IBUF_inst/O
                         net (fo=1, routed)           2.025     3.506    clk_100mhz_IBUF
    BUFGCTRL_X0Y16       BUFG (Prop_bufg_I_O)         0.096     3.602 r  clk_100mhz_IBUF_BUFG_inst/O
                         net (fo=2651, routed)        1.809     5.412    clk_100mhz_IBUF_BUFG
    MMCME2_ADV_X0Y0      MMCME2_ADV (Prop_mmcme2_adv_CLKIN1_CLKOUT0)
                                                      0.088     5.500 r  u_mmcm/CLKOUT0
                         net (fo=1, routed)           2.018     7.518    clk_core_mmcm
    BUFGCTRL_X0Y0        BUFG (Prop_bufg_I_O)         0.096     7.614 r  u_bufg_core/O
                         net (fo=3686, routed)        1.805     9.420    u_mlkem/u_ctrl/clk_core
    SLICE_X31Y33         FDCE                                         r  u_mlkem/u_ctrl/unit_src_sponge_reg/C
  -------------------------------------------------------------------    -------------------
    SLICE_X31Y33         FDCE (Prop_fdce_C_Q)         0.456     9.876 f  u_mlkem/u_ctrl/unit_src_sponge_reg/Q
                         net (fo=117, routed)         0.716    10.591    u_mlkem/u_sponge/cr_d_reg[0]
    SLICE_X32Y33         LUT4 (Prop_lut4_I1_O)        0.124    10.715 r  u_mlkem/u_sponge/cr_d[15]_i_6/O
                         net (fo=1, routed)           0.000    10.715    u_mlkem/u_sponge/cr_d[15]_i_6_n_0
    SLICE_X32Y33         CARRY4 (Prop_carry4_S[2]_CO[3])
                                                      0.398    11.113 r  u_mlkem/u_sponge/cr_d_reg[15]_i_3/CO[3]
                         net (fo=8, routed)           0.644    11.757    u_mlkem/u_sponge/cr_d_reg[15]_i_3_n_0
    SLICE_X31Y33         CARRY4 (Prop_carry4_CYINIT_CO[2])
                                                      0.592    12.349 r  u_mlkem/u_sponge/cr_d_reg[23]_i_3/CO[2]
                         net (fo=8, routed)           0.512    12.862    u_mlkem/u_sponge/cr_d_reg[23]_i_3_n_1
    SLICE_X28Y34         CARRY4 (Prop_carry4_CYINIT_CO[2])
                                                      0.781    13.643 r  u_mlkem/u_sponge/cr_d_reg[31]_i_3/CO[2]
                         net (fo=8, routed)           0.224    13.867    u_mlkem/u_sponge/cr_d_reg[31]_i_3_n_1
    SLICE_X29Y34         CARRY4 (Prop_carry4_CYINIT_CO[2])
                                                      0.781    14.648 r  u_mlkem/u_sponge/cr_d_reg[39]_i_3/CO[2]
                         net (fo=8, routed)           0.541    15.188    u_mlkem/u_sponge/cr_d_reg[39]_i_3_n_1
    SLICE_X30Y34         CARRY4 (Prop_carry4_CYINIT_CO[2])
                                                      0.797    15.985 r  u_mlkem/u_sponge/cr_d_reg[47]_i_3/CO[2]
                         net (fo=8, routed)           0.580    16.565    u_mlkem/u_sponge/cr_d_reg[47]_i_3_n_1
    SLICE_X32Y35         CARRY4 (Prop_carry4_CYINIT_CO[2])
                                                      0.778    17.343 r  u_mlkem/u_sponge/cr_d_reg[55]_i_3/CO[2]
                         net (fo=8, routed)           0.398    17.741    u_mlkem/u_sponge/cr_d_reg[55]_i_3_n_1
    SLICE_X28Y35         CARRY4 (Prop_carry4_CYINIT_CO[2])
                                                      0.781    18.522 f  u_mlkem/u_sponge/cr_d_reg[63]_i_3/CO[2]
                         net (fo=7, routed)           0.369    18.890    u_mlkem/u_sponge/cr_d_reg[63]_i_3_n_1
    SLICE_X30Y35         LUT6 (Prop_lut6_I5_O)        0.313    19.203 r  u_mlkem/u_sponge/cr_d[61]_i_1/O
                         net (fo=1, routed)           0.000    19.203    u_mlkem/u_unpack/cr_d_reg[63]_0[61]
    SLICE_X30Y35         FDRE                                         r  u_mlkem/u_unpack/cr_d_reg[61]/D
  -------------------------------------------------------------------    -------------------

                         (clock clk_core_mmcm rise edge)
                                                      4.848     4.848 r  
    E3                                                0.000     4.848 r  clk_100mhz (IN)
                         net (fo=0)                   0.000     4.848    clk_100mhz
    E3                   IBUF (Prop_ibuf_I_O)         1.411     6.260 r  clk_100mhz_IBUF_inst/O
                         net (fo=1, routed)           1.920     8.180    clk_100mhz_IBUF
    BUFGCTRL_X0Y16       BUFG (Prop_bufg_I_O)         0.091     8.271 r  clk_100mhz_IBUF_BUFG_inst/O
                         net (fo=2651, routed)        1.683     9.954    clk_100mhz_IBUF_BUFG
    MMCME2_ADV_X0Y0      MMCME2_ADV (Prop_mmcme2_adv_CLKIN1_CLKOUT0)
                                                      0.083    10.037 r  u_mmcm/CLKOUT0
                         net (fo=1, routed)           1.923    11.960    clk_core_mmcm
    BUFGCTRL_X0Y0        BUFG (Prop_bufg_I_O)         0.091    12.051 r  u_bufg_core/O
                         net (fo=3686, routed)        1.678    13.729    u_mlkem/u_unpack/clk_core
    SLICE_X30Y35         FDRE                                         r  u_mlkem/u_unpack/cr_d_reg[61]/C
                         clock pessimism              0.517    14.246    
                         clock uncertainty           -0.074    14.171    
    SLICE_X30Y35         FDRE (Setup_fdre_C_D)        0.079    14.250    u_mlkem/u_unpack/cr_d_reg[61]
  -------------------------------------------------------------------
                         required time                         14.250    
                         arrival time                         -19.203    
  -------------------------------------------------------------------
                         slack                                 -4.953    

Slack (VIOLATED) :        -4.952ns  (required time - arrival time)
  Source:                 u_mlkem/u_ctrl/unit_src_sponge_reg/C
                            (rising edge-triggered cell FDCE clocked by clk_core_mmcm  {rise@0.000ns fall@2.424ns period=4.848ns})
  Destination:            u_mlkem/u_unpack/cr_d_reg[63]/D
                            (rising edge-triggered cell FDRE clocked by clk_core_mmcm  {rise@0.000ns fall@2.424ns period=4.848ns})
  Path Group:             clk_core_mmcm
  Path Type:              Setup (Max at Slow Process Corner)
  Requirement:            4.848ns  (clk_core_mmcm rise@4.848ns - clk_core_mmcm rise@0.000ns)
  Data Path Delay:        9.785ns  (logic 5.801ns (59.285%)  route 3.984ns (40.715%))
  Logic Levels:           9  (CARRY4=7 LUT4=1 LUT6=1)
  Clock Path Skew:        -0.022ns (DCD - SCD + CPR)
    Destination Clock Delay (DCD):    8.880ns = ( 13.729 - 4.848 ) 
    Source Clock Delay      (SCD):    9.420ns
    Clock Pessimism Removal (CPR):    0.517ns
  Clock Uncertainty:      0.074ns  ((TSJ^2 + DJ^2)^1/2) / 2 + PE
    Total System Jitter     (TSJ):    0.071ns
    Discrete Jitter          (DJ):    0.131ns
    Phase Error              (PE):    0.000ns

    Location             Delay type                Incr(ns)  Path(ns)    Netlist Resource(s)
  -------------------------------------------------------------------    -------------------
                         (clock clk_core_mmcm rise edge)
                                                      0.000     0.000 r  
    E3                                                0.000     0.000 r  clk_100mhz (IN)
                         net (fo=0)                   0.000     0.000    clk_100mhz
    E3                   IBUF (Prop_ibuf_I_O)         1.482     1.482 r  clk_100mhz_IBUF_inst/O
                         net (fo=1, routed)           2.025     3.506    clk_100mhz_IBUF
    BUFGCTRL_X0Y16       BUFG (Prop_bufg_I_O)         0.096     3.602 r  clk_100mhz_IBUF_BUFG_inst/O
                         net (fo=2651, routed)        1.809     5.412    clk_100mhz_IBUF_BUFG
    MMCME2_ADV_X0Y0      MMCME2_ADV (Prop_mmcme2_adv_CLKIN1_CLKOUT0)
                                                      0.088     5.500 r  u_mmcm/CLKOUT0
                         net (fo=1, routed)           2.018     7.518    clk_core_mmcm
    BUFGCTRL_X0Y0        BUFG (Prop_bufg_I_O)         0.096     7.614 r  u_bufg_core/O
                         net (fo=3686, routed)        1.805     9.420    u_mlkem/u_ctrl/clk_core
    SLICE_X31Y33         FDCE                                         r  u_mlkem/u_ctrl/unit_src_sponge_reg/C
  -------------------------------------------------------------------    -------------------
    SLICE_X31Y33         FDCE (Prop_fdce_C_Q)         0.456     9.876 f  u_mlkem/u_ctrl/unit_src_sponge_reg/Q
                         net (fo=117, routed)         0.716    10.591    u_mlkem/u_sponge/cr_d_reg[0]
    SLICE_X32Y33         LUT4 (Prop_lut4_I1_O)        0.124    10.715 r  u_mlkem/u_sponge/cr_d[15]_i_6/O
                         net (fo=1, routed)           0.000    10.715    u_mlkem/u_sponge/cr_d[15]_i_6_n_0
    SLICE_X32Y33         CARRY4 (Prop_carry4_S[2]_CO[3])
                                                      0.398    11.113 r  u_mlkem/u_sponge/cr_d_reg[15]_i_3/CO[3]
                         net (fo=8, routed)           0.644    11.757    u_mlkem/u_sponge/cr_d_reg[15]_i_3_n_0
    SLICE_X31Y33         CARRY4 (Prop_carry4_CYINIT_CO[2])
                                                      0.592    12.349 r  u_mlkem/u_sponge/cr_d_reg[23]_i_3/CO[2]
                         net (fo=8, routed)           0.512    12.862    u_mlkem/u_sponge/cr_d_reg[23]_i_3_n_1
    SLICE_X28Y34         CARRY4 (Prop_carry4_CYINIT_CO[2])
                                                      0.781    13.643 r  u_mlkem/u_sponge/cr_d_reg[31]_i_3/CO[2]
                         net (fo=8, routed)           0.224    13.867    u_mlkem/u_sponge/cr_d_reg[31]_i_3_n_1
    SLICE_X29Y34         CARRY4 (Prop_carry4_CYINIT_CO[2])
                                                      0.781    14.648 r  u_mlkem/u_sponge/cr_d_reg[39]_i_3/CO[2]
                         net (fo=8, routed)           0.541    15.188    u_mlkem/u_sponge/cr_d_reg[39]_i_3_n_1
    SLICE_X30Y34         CARRY4 (Prop_carry4_CYINIT_CO[2])
                                                      0.797    15.985 r  u_mlkem/u_sponge/cr_d_reg[47]_i_3/CO[2]
                         net (fo=8, routed)           0.580    16.565    u_mlkem/u_sponge/cr_d_reg[47]_i_3_n_1
    SLICE_X32Y35         CARRY4 (Prop_carry4_CYINIT_CO[2])
                                                      0.778    17.343 r  u_mlkem/u_sponge/cr_d_reg[55]_i_3/CO[2]
                         net (fo=8, routed)           0.398    17.741    u_mlkem/u_sponge/cr_d_reg[55]_i_3_n_1
    SLICE_X28Y35         CARRY4 (Prop_carry4_CYINIT_CO[2])
                                                      0.781    18.522 f  u_mlkem/u_sponge/cr_d_reg[63]_i_3/CO[2]
                         net (fo=7, routed)           0.370    18.891    u_mlkem/u_sponge/cr_d_reg[63]_i_3_n_1
    SLICE_X30Y35         LUT6 (Prop_lut6_I5_O)        0.313    19.204 r  u_mlkem/u_sponge/cr_d[63]_i_1/O
                         net (fo=1, routed)           0.000    19.204    u_mlkem/u_unpack/cr_d_reg[63]_0[63]
    SLICE_X30Y35         FDRE                                         r  u_mlkem/u_unpack/cr_d_reg[63]/D
  -------------------------------------------------------------------    -------------------

                         (clock clk_core_mmcm rise edge)
                                                      4.848     4.848 r  
    E3                                                0.000     4.848 r  clk_100mhz (IN)
                         net (fo=0)                   0.000     4.848    clk_100mhz
    E3                   IBUF (Prop_ibuf_I_O)         1.411     6.260 r  clk_100mhz_IBUF_inst/O
                         net (fo=1, routed)           1.920     8.180    clk_100mhz_IBUF
    BUFGCTRL_X0Y16       BUFG (Prop_bufg_I_O)         0.091     8.271 r  clk_100mhz_IBUF_BUFG_inst/O
                         net (fo=2651, routed)        1.683     9.954    clk_100mhz_IBUF_BUFG
    MMCME2_ADV_X0Y0      MMCME2_ADV (Prop_mmcme2_adv_CLKIN1_CLKOUT0)
                                                      0.083    10.037 r  u_mmcm/CLKOUT0
                         net (fo=1, routed)           1.923    11.960    clk_core_mmcm
    BUFGCTRL_X0Y0        BUFG (Prop_bufg_I_O)         0.091    12.051 r  u_bufg_core/O
                         net (fo=3686, routed)        1.678    13.729    u_mlkem/u_unpack/clk_core
    SLICE_X30Y35         FDRE                                         r  u_mlkem/u_unpack/cr_d_reg[63]/C
                         clock pessimism              0.517    14.246    
                         clock uncertainty           -0.074    14.171    
    SLICE_X30Y35         FDRE (Setup_fdre_C_D)        0.081    14.252    u_mlkem/u_unpack/cr_d_reg[63]
  -------------------------------------------------------------------
                         required time                         14.252    
                         arrival time                         -19.204    
  -------------------------------------------------------------------
                         slack                                 -4.952    

Slack (VIOLATED) :        -4.933ns  (required time - arrival time)
  Source:                 u_mlkem/u_ctrl/unit_src_sponge_reg/C
                            (rising edge-triggered cell FDCE clocked by clk_core_mmcm  {rise@0.000ns fall@2.424ns period=4.848ns})
  Destination:            u_mlkem/u_unpack/cr_d_reg[56]/D
                            (rising edge-triggered cell FDRE clocked by clk_core_mmcm  {rise@0.000ns fall@2.424ns period=4.848ns})
  Path Group:             clk_core_mmcm
  Path Type:              Setup (Max at Slow Process Corner)
  Requirement:            4.848ns  (clk_core_mmcm rise@4.848ns - clk_core_mmcm rise@0.000ns)
  Data Path Delay:        9.716ns  (logic 5.797ns (59.667%)  route 3.919ns (40.333%))
  Logic Levels:           9  (CARRY4=7 LUT4=1 LUT6=1)
  Clock Path Skew:        -0.022ns (DCD - SCD + CPR)
    Destination Clock Delay (DCD):    8.880ns = ( 13.729 - 4.848 ) 
    Source Clock Delay      (SCD):    9.420ns
    Clock Pessimism Removal (CPR):    0.517ns
  Clock Uncertainty:      0.074ns  ((TSJ^2 + DJ^2)^1/2) / 2 + PE
    Total System Jitter     (TSJ):    0.071ns
    Discrete Jitter          (DJ):    0.131ns
    Phase Error              (PE):    0.000ns

    Location             Delay type                Incr(ns)  Path(ns)    Netlist Resource(s)
  -------------------------------------------------------------------    -------------------
                         (clock clk_core_mmcm rise edge)
                                                      0.000     0.000 r  
    E3                                                0.000     0.000 r  clk_100mhz (IN)
                         net (fo=0)                   0.000     0.000    clk_100mhz
    E3                   IBUF (Prop_ibuf_I_O)         1.482     1.482 r  clk_100mhz_IBUF_inst/O
                         net (fo=1, routed)           2.025     3.506    clk_100mhz_IBUF
    BUFGCTRL_X0Y16       BUFG (Prop_bufg_I_O)         0.096     3.602 r  clk_100mhz_IBUF_BUFG_inst/O
                         net (fo=2651, routed)        1.809     5.412    clk_100mhz_IBUF_BUFG
    MMCME2_ADV_X0Y0      MMCME2_ADV (Prop_mmcme2_adv_CLKIN1_CLKOUT0)
                                                      0.088     5.500 r  u_mmcm/CLKOUT0
                         net (fo=1, routed)           2.018     7.518    clk_core_mmcm
    BUFGCTRL_X0Y0        BUFG (Prop_bufg_I_O)         0.096     7.614 r  u_bufg_core/O
                         net (fo=3686, routed)        1.805     9.420    u_mlkem/u_ctrl/clk_core
    SLICE_X31Y33         FDCE                                         r  u_mlkem/u_ctrl/unit_src_sponge_reg/C
  -------------------------------------------------------------------    -------------------
    SLICE_X31Y33         FDCE (Prop_fdce_C_Q)         0.456     9.876 f  u_mlkem/u_ctrl/unit_src_sponge_reg/Q
                         net (fo=117, routed)         0.716    10.591    u_mlkem/u_sponge/cr_d_reg[0]
    SLICE_X32Y33         LUT4 (Prop_lut4_I1_O)        0.124    10.715 r  u_mlkem/u_sponge/cr_d[15]_i_6/O
                         net (fo=1, routed)           0.000    10.715    u_mlkem/u_sponge/cr_d[15]_i_6_n_0
    SLICE_X32Y33         CARRY4 (Prop_carry4_S[2]_CO[3])
                                                      0.398    11.113 r  u_mlkem/u_sponge/cr_d_reg[15]_i_3/CO[3]
                         net (fo=8, routed)           0.644    11.757    u_mlkem/u_sponge/cr_d_reg[15]_i_3_n_0
    SLICE_X31Y33         CARRY4 (Prop_carry4_CYINIT_CO[2])
                                                      0.592    12.349 r  u_mlkem/u_sponge/cr_d_reg[23]_i_3/CO[2]
                         net (fo=8, routed)           0.512    12.862    u_mlkem/u_sponge/cr_d_reg[23]_i_3_n_1
    SLICE_X28Y34         CARRY4 (Prop_carry4_CYINIT_CO[2])
                                                      0.781    13.643 r  u_mlkem/u_sponge/cr_d_reg[31]_i_3/CO[2]
                         net (fo=8, routed)           0.224    13.867    u_mlkem/u_sponge/cr_d_reg[31]_i_3_n_1
    SLICE_X29Y34         CARRY4 (Prop_carry4_CYINIT_CO[2])
                                                      0.781    14.648 r  u_mlkem/u_sponge/cr_d_reg[39]_i_3/CO[2]
                         net (fo=8, routed)           0.541    15.188    u_mlkem/u_sponge/cr_d_reg[39]_i_3_n_1
    SLICE_X30Y34         CARRY4 (Prop_carry4_CYINIT_CO[2])
                                                      0.797    15.985 r  u_mlkem/u_sponge/cr_d_reg[47]_i_3/CO[2]
                         net (fo=8, routed)           0.580    16.565    u_mlkem/u_sponge/cr_d_reg[47]_i_3_n_1
    SLICE_X32Y35         CARRY4 (Prop_carry4_CYINIT_CO[2])
                                                      0.778    17.343 r  u_mlkem/u_sponge/cr_d_reg[55]_i_3/CO[2]
                         net (fo=8, routed)           0.398    17.741    u_mlkem/u_sponge/cr_d_reg[55]_i_3_n_1
    SLICE_X28Y35         CARRY4 (Prop_carry4_CYINIT_O[1])
                                                      0.787    18.528 r  u_mlkem/u_sponge/cr_d_reg[63]_i_3/O[1]
                         net (fo=1, routed)           0.304    18.832    u_mlkem/u_sponge/u_unpack/cr_d2[56]
    SLICE_X31Y35         LUT6 (Prop_lut6_I5_O)        0.303    19.135 r  u_mlkem/u_sponge/cr_d[56]_i_1/O
                         net (fo=1, routed)           0.000    19.135    u_mlkem/u_unpack/cr_d_reg[63]_0[56]
    SLICE_X31Y35         FDRE                                         r  u_mlkem/u_unpack/cr_d_reg[56]/D
  -------------------------------------------------------------------    -------------------

                         (clock clk_core_mmcm rise edge)
                                                      4.848     4.848 r  
    E3                                                0.000     4.848 r  clk_100mhz (IN)
                         net (fo=0)                   0.000     4.848    clk_100mhz
    E3                   IBUF (Prop_ibuf_I_O)         1.411     6.260 r  clk_100mhz_IBUF_inst/O
                         net (fo=1, routed)           1.920     8.180    clk_100mhz_IBUF
    BUFGCTRL_X0Y16       BUFG (Prop_bufg_I_O)         0.091     8.271 r  clk_100mhz_IBUF_BUFG_inst/O
                         net (fo=2651, routed)        1.683     9.954    clk_100mhz_IBUF_BUFG
    MMCME2_ADV_X0Y0      MMCME2_ADV (Prop_mmcme2_adv_CLKIN1_CLKOUT0)
                                                      0.083    10.037 r  u_mmcm/CLKOUT0
                         net (fo=1, routed)           1.923    11.960    clk_core_mmcm
    BUFGCTRL_X0Y0        BUFG (Prop_bufg_I_O)         0.091    12.051 r  u_bufg_core/O
                         net (fo=3686, routed)        1.678    13.729    u_mlkem/u_unpack/clk_core
    SLICE_X31Y35         FDRE                                         r  u_mlkem/u_unpack/cr_d_reg[56]/C
                         clock pessimism              0.517    14.246    
                         clock uncertainty           -0.074    14.171    
    SLICE_X31Y35         FDRE (Setup_fdre_C_D)        0.031    14.202    u_mlkem/u_unpack/cr_d_reg[56]
  -------------------------------------------------------------------
                         required time                         14.202    
                         arrival time                         -19.135    
  -------------------------------------------------------------------
                         slack                                 -4.933    

Slack (VIOLATED) :        -4.694ns  (required time - arrival time)
  Source:                 u_mlkem/u_alu/p00_reg[3][1]_srl3_srlopt/C
                            (rising edge-triggered cell FDRE clocked by clk_core_mmcm  {rise@0.000ns fall@2.424ns period=4.848ns})
  Destination:            u_mlkem/u_alu/wb_reg[11]/D
                            (rising edge-triggered cell FDRE clocked by clk_core_mmcm  {rise@0.000ns fall@2.424ns period=4.848ns})
  Path Group:             clk_core_mmcm
  Path Type:              Setup (Max at Slow Process Corner)
  Requirement:            4.848ns  (clk_core_mmcm rise@4.848ns - clk_core_mmcm rise@0.000ns)
  Data Path Delay:        9.501ns  (logic 3.936ns (41.427%)  route 5.565ns (58.573%))
  Logic Levels:           16  (CARRY4=6 LUT2=2 LUT3=1 LUT4=1 LUT5=1 LUT6=5)
  Clock Path Skew:        -0.048ns (DCD - SCD + CPR)
    Destination Clock Delay (DCD):    8.861ns = ( 13.710 - 4.848 ) 
    Source Clock Delay      (SCD):    9.410ns
    Clock Pessimism Removal (CPR):    0.500ns
  Clock Uncertainty:      0.074ns  ((TSJ^2 + DJ^2)^1/2) / 2 + PE
    Total System Jitter     (TSJ):    0.071ns
    Discrete Jitter          (DJ):    0.131ns
    Phase Error              (PE):    0.000ns

    Location             Delay type                Incr(ns)  Path(ns)    Netlist Resource(s)
  -------------------------------------------------------------------    -------------------
                         (clock clk_core_mmcm rise edge)
                                                      0.000     0.000 r  
    E3                                                0.000     0.000 r  clk_100mhz (IN)
                         net (fo=0)                   0.000     0.000    clk_100mhz
    E3                   IBUF (Prop_ibuf_I_O)         1.482     1.482 r  clk_100mhz_IBUF_inst/O
                         net (fo=1, routed)           2.025     3.506    clk_100mhz_IBUF
    BUFGCTRL_X0Y16       BUFG (Prop_bufg_I_O)         0.096     3.602 r  clk_100mhz_IBUF_BUFG_inst/O
                         net (fo=2651, routed)        1.809     5.412    clk_100mhz_IBUF_BUFG
    MMCME2_ADV_X0Y0      MMCME2_ADV (Prop_mmcme2_adv_CLKIN1_CLKOUT0)
                                                      0.088     5.500 r  u_mmcm/CLKOUT0
                         net (fo=1, routed)           2.018     7.518    clk_core_mmcm
    BUFGCTRL_X0Y0        BUFG (Prop_bufg_I_O)         0.096     7.614 r  u_bufg_core/O
                         net (fo=3686, routed)        1.795     9.410    u_mlkem/u_alu/clk_core
    SLICE_X65Y17         FDRE                                         r  u_mlkem/u_alu/p00_reg[3][1]_srl3_srlopt/C
  -------------------------------------------------------------------    -------------------
    SLICE_X65Y17         FDRE (Prop_fdre_C_Q)         0.456     9.866 r  u_mlkem/u_alu/p00_reg[3][1]_srl3_srlopt/Q
                         net (fo=2, routed)           0.595    10.460    u_mlkem/u_alu/u_mul1/p00_reg[4]_2[1]
    SLICE_X63Y17         LUT2 (Prop_lut2_I0_O)        0.124    10.584 r  u_mlkem/u_alu/u_mul1/wb[0]_i_14/O
                         net (fo=1, routed)           0.000    10.584    u_mlkem/u_alu/u_mul1/wb[0]_i_14_n_0
    SLICE_X63Y17         CARRY4 (Prop_carry4_S[1]_CO[3])
                                                      0.550    11.134 r  u_mlkem/u_alu/u_mul1/wb_reg[0]_i_9/CO[3]
                         net (fo=1, routed)           0.000    11.134    u_mlkem/u_alu/u_mul1/wb_reg[0]_i_9_n_0
    SLICE_X63Y18         CARRY4 (Prop_carry4_CI_CO[3])
                                                      0.114    11.248 r  u_mlkem/u_alu/u_mul1/wb_reg[8]_i_12/CO[3]
                         net (fo=1, routed)           0.000    11.248    u_mlkem/u_alu/u_mul1/wb_reg[8]_i_12_n_0
    SLICE_X63Y19         CARRY4 (Prop_carry4_CI_O[3])
                                                      0.313    11.561 r  u_mlkem/u_alu/u_mul1/wb_reg[11]_i_29/O[3]
                         net (fo=4, routed)           0.630    12.191    u_mlkem/u_alu/u_mul1/wb_reg[11]_i_29_n_4
    SLICE_X65Y18         LUT3 (Prop_lut3_I0_O)        0.306    12.497 r  u_mlkem/u_alu/u_mul1/wb[0]_i_17/O
                         net (fo=2, routed)           0.611    13.109    u_mlkem/u_alu/u_mul1/wb[0]_i_17_n_0
    SLICE_X62Y18         LUT6 (Prop_lut6_I3_O)        0.124    13.233 r  u_mlkem/u_alu/u_mul1/wb[0]_i_16/O
                         net (fo=1, routed)           0.165    13.398    u_mlkem/u_alu/u_mul1/wb[0]_i_16_n_0
    SLICE_X62Y18         LUT6 (Prop_lut6_I0_O)        0.124    13.522 r  u_mlkem/u_alu/u_mul1/wb[0]_i_10/O
                         net (fo=12, routed)          0.571    14.092    u_mlkem/u_alu/u_mul1/wb[0]_i_10_n_0
    SLICE_X61Y17         LUT4 (Prop_lut4_I2_O)        0.124    14.216 r  u_mlkem/u_alu/u_mul1/wb[0]_i_7/O
                         net (fo=1, routed)           0.000    14.216    u_mlkem/u_alu/u_mul1/wb[0]_i_7_n_0
    SLICE_X61Y17         CARRY4 (Prop_carry4_S[1]_CO[3])
                                                      0.550    14.766 r  u_mlkem/u_alu/u_mul1/wb_reg[0]_i_3/CO[3]
                         net (fo=1, routed)           0.000    14.766    u_mlkem/u_alu/u_mul1/wb_reg[0]_i_3_n_0
    SLICE_X61Y18         CARRY4 (Prop_carry4_CI_CO[3])
                                                      0.114    14.880 r  u_mlkem/u_alu/u_mul1/wb_reg[8]_i_4/CO[3]
                         net (fo=1, routed)           0.000    14.880    u_mlkem/u_alu/u_mul1/wb_reg[8]_i_4_n_0
    SLICE_X61Y19         CARRY4 (Prop_carry4_CI_O[2])
                                                      0.239    15.119 f  u_mlkem/u_alu/u_mul1/wb_reg[11]_i_7/O[2]
                         net (fo=5, routed)           0.626    15.745    u_mlkem/u_alu/u_mul1/wb_reg[11]_i_7_n_5
    SLICE_X60Y20         LUT2 (Prop_lut2_I0_O)        0.302    16.047 f  u_mlkem/u_alu/u_mul1/wb[11]_i_28/O
                         net (fo=1, routed)           0.306    16.353    u_mlkem/u_alu/u_mul1/wb[11]_i_28_n_0
    SLICE_X60Y21         LUT6 (Prop_lut6_I4_O)        0.124    16.477 f  u_mlkem/u_alu/u_mul1/wb[11]_i_15/O
                         net (fo=1, routed)           0.908    17.385    u_mlkem/u_alu/u_mul1/wb[11]_i_15_n_0
    SLICE_X61Y16         LUT6 (Prop_lut6_I2_O)        0.124    17.509 r  u_mlkem/u_alu/u_mul1/wb[11]_i_6/O
                         net (fo=12, routed)          0.717    18.226    u_mlkem/u_alu/u_mul1/wb[11]_i_6_n_0
    SLICE_X61Y21         LUT6 (Prop_lut6_I0_O)        0.124    18.350 r  u_mlkem/u_alu/u_mul1/wb[11]_i_2/O
                         net (fo=1, routed)           0.436    18.786    u_mlkem/u_alu/u_mul1/wb[11]_i_2_n_0
    SLICE_X60Y21         LUT5 (Prop_lut5_I0_O)        0.124    18.910 r  u_mlkem/u_alu/u_mul1/wb[11]_i_1/O
                         net (fo=1, routed)           0.000    18.910    u_mlkem/u_alu/u_mul1_n_0
    SLICE_X60Y21         FDRE                                         r  u_mlkem/u_alu/wb_reg[11]/D
  -------------------------------------------------------------------    -------------------

                         (clock clk_core_mmcm rise edge)
                                                      4.848     4.848 r  
    E3                                                0.000     4.848 r  clk_100mhz (IN)
                         net (fo=0)                   0.000     4.848    clk_100mhz
    E3                   IBUF (Prop_ibuf_I_O)         1.411     6.260 r  clk_100mhz_IBUF_inst/O
                         net (fo=1, routed)           1.920     8.180    clk_100mhz_IBUF
    BUFGCTRL_X0Y16       BUFG (Prop_bufg_I_O)         0.091     8.271 r  clk_100mhz_IBUF_BUFG_inst/O
                         net (fo=2651, routed)        1.683     9.954    clk_100mhz_IBUF_BUFG
    MMCME2_ADV_X0Y0      MMCME2_ADV (Prop_mmcme2_adv_CLKIN1_CLKOUT0)
                                                      0.083    10.037 r  u_mmcm/CLKOUT0
                         net (fo=1, routed)           1.923    11.960    clk_core_mmcm
    BUFGCTRL_X0Y0        BUFG (Prop_bufg_I_O)         0.091    12.051 r  u_bufg_core/O
                         net (fo=3686, routed)        1.659    13.710    u_mlkem/u_alu/clk_core
    SLICE_X60Y21         FDRE                                         r  u_mlkem/u_alu/wb_reg[11]/C
                         clock pessimism              0.500    14.210    
                         clock uncertainty           -0.074    14.135    
    SLICE_X60Y21         FDRE (Setup_fdre_C_D)        0.081    14.216    u_mlkem/u_alu/wb_reg[11]
  -------------------------------------------------------------------
                         required time                         14.216    
                         arrival time                         -18.910    
  -------------------------------------------------------------------
                         slack                                 -4.694    

Slack (VIOLATED) :        -4.641ns  (required time - arrival time)
  Source:                 u_mlkem/u_alu/p00_reg[3][1]_srl3_srlopt/C
                            (rising edge-triggered cell FDRE clocked by clk_core_mmcm  {rise@0.000ns fall@2.424ns period=4.848ns})
  Destination:            u_mlkem/u_alu/wb_reg[1]/D
                            (rising edge-triggered cell FDRE clocked by clk_core_mmcm  {rise@0.000ns fall@2.424ns period=4.848ns})
  Path Group:             clk_core_mmcm
  Path Type:              Setup (Max at Slow Process Corner)
  Requirement:            4.848ns  (clk_core_mmcm rise@4.848ns - clk_core_mmcm rise@0.000ns)
  Data Path Delay:        9.424ns  (logic 3.936ns (41.767%)  route 5.488ns (58.233%))
  Logic Levels:           16  (CARRY4=6 LUT2=2 LUT3=1 LUT4=1 LUT5=1 LUT6=5)
  Clock Path Skew:        -0.023ns (DCD - SCD + CPR)
    Destination Clock Delay (DCD):    8.869ns = ( 13.718 - 4.848 ) 
    Source Clock Delay      (SCD):    9.410ns
    Clock Pessimism Removal (CPR):    0.517ns
  Clock Uncertainty:      0.074ns  ((TSJ^2 + DJ^2)^1/2) / 2 + PE
    Total System Jitter     (TSJ):    0.071ns
    Discrete Jitter          (DJ):    0.131ns
    Phase Error              (PE):    0.000ns

    Location             Delay type                Incr(ns)  Path(ns)    Netlist Resource(s)
  -------------------------------------------------------------------    -------------------
                         (clock clk_core_mmcm rise edge)
                                                      0.000     0.000 r  
    E3                                                0.000     0.000 r  clk_100mhz (IN)
                         net (fo=0)                   0.000     0.000    clk_100mhz
    E3                   IBUF (Prop_ibuf_I_O)         1.482     1.482 r  clk_100mhz_IBUF_inst/O
                         net (fo=1, routed)           2.025     3.506    clk_100mhz_IBUF
    BUFGCTRL_X0Y16       BUFG (Prop_bufg_I_O)         0.096     3.602 r  clk_100mhz_IBUF_BUFG_inst/O
                         net (fo=2651, routed)        1.809     5.412    clk_100mhz_IBUF_BUFG
    MMCME2_ADV_X0Y0      MMCME2_ADV (Prop_mmcme2_adv_CLKIN1_CLKOUT0)
                                                      0.088     5.500 r  u_mmcm/CLKOUT0
                         net (fo=1, routed)           2.018     7.518    clk_core_mmcm
    BUFGCTRL_X0Y0        BUFG (Prop_bufg_I_O)         0.096     7.614 r  u_bufg_core/O
                         net (fo=3686, routed)        1.795     9.410    u_mlkem/u_alu/clk_core
    SLICE_X65Y17         FDRE                                         r  u_mlkem/u_alu/p00_reg[3][1]_srl3_srlopt/C
  -------------------------------------------------------------------    -------------------
    SLICE_X65Y17         FDRE (Prop_fdre_C_Q)         0.456     9.866 r  u_mlkem/u_alu/p00_reg[3][1]_srl3_srlopt/Q
                         net (fo=2, routed)           0.595    10.460    u_mlkem/u_alu/u_mul1/p00_reg[4]_2[1]
    SLICE_X63Y17         LUT2 (Prop_lut2_I0_O)        0.124    10.584 r  u_mlkem/u_alu/u_mul1/wb[0]_i_14/O
                         net (fo=1, routed)           0.000    10.584    u_mlkem/u_alu/u_mul1/wb[0]_i_14_n_0
    SLICE_X63Y17         CARRY4 (Prop_carry4_S[1]_CO[3])
                                                      0.550    11.134 r  u_mlkem/u_alu/u_mul1/wb_reg[0]_i_9/CO[3]
                         net (fo=1, routed)           0.000    11.134    u_mlkem/u_alu/u_mul1/wb_reg[0]_i_9_n_0
    SLICE_X63Y18         CARRY4 (Prop_carry4_CI_CO[3])
                                                      0.114    11.248 r  u_mlkem/u_alu/u_mul1/wb_reg[8]_i_12/CO[3]
                         net (fo=1, routed)           0.000    11.248    u_mlkem/u_alu/u_mul1/wb_reg[8]_i_12_n_0
    SLICE_X63Y19         CARRY4 (Prop_carry4_CI_O[3])
                                                      0.313    11.561 r  u_mlkem/u_alu/u_mul1/wb_reg[11]_i_29/O[3]
                         net (fo=4, routed)           0.630    12.191    u_mlkem/u_alu/u_mul1/wb_reg[11]_i_29_n_4
    SLICE_X65Y18         LUT3 (Prop_lut3_I0_O)        0.306    12.497 r  u_mlkem/u_alu/u_mul1/wb[0]_i_17/O
                         net (fo=2, routed)           0.611    13.109    u_mlkem/u_alu/u_mul1/wb[0]_i_17_n_0
    SLICE_X62Y18         LUT6 (Prop_lut6_I3_O)        0.124    13.233 r  u_mlkem/u_alu/u_mul1/wb[0]_i_16/O
                         net (fo=1, routed)           0.165    13.398    u_mlkem/u_alu/u_mul1/wb[0]_i_16_n_0
    SLICE_X62Y18         LUT6 (Prop_lut6_I0_O)        0.124    13.522 r  u_mlkem/u_alu/u_mul1/wb[0]_i_10/O
                         net (fo=12, routed)          0.571    14.092    u_mlkem/u_alu/u_mul1/wb[0]_i_10_n_0
    SLICE_X61Y17         LUT4 (Prop_lut4_I2_O)        0.124    14.216 r  u_mlkem/u_alu/u_mul1/wb[0]_i_7/O
                         net (fo=1, routed)           0.000    14.216    u_mlkem/u_alu/u_mul1/wb[0]_i_7_n_0
    SLICE_X61Y17         CARRY4 (Prop_carry4_S[1]_CO[3])
                                                      0.550    14.766 r  u_mlkem/u_alu/u_mul1/wb_reg[0]_i_3/CO[3]
                         net (fo=1, routed)           0.000    14.766    u_mlkem/u_alu/u_mul1/wb_reg[0]_i_3_n_0
    SLICE_X61Y18         CARRY4 (Prop_carry4_CI_CO[3])
                                                      0.114    14.880 r  u_mlkem/u_alu/u_mul1/wb_reg[8]_i_4/CO[3]
                         net (fo=1, routed)           0.000    14.880    u_mlkem/u_alu/u_mul1/wb_reg[8]_i_4_n_0
    SLICE_X61Y19         CARRY4 (Prop_carry4_CI_O[2])
                                                      0.239    15.119 f  u_mlkem/u_alu/u_mul1/wb_reg[11]_i_7/O[2]
                         net (fo=5, routed)           0.626    15.745    u_mlkem/u_alu/u_mul1/wb_reg[11]_i_7_n_5
    SLICE_X60Y20         LUT2 (Prop_lut2_I0_O)        0.302    16.047 f  u_mlkem/u_alu/u_mul1/wb[11]_i_28/O
                         net (fo=1, routed)           0.306    16.353    u_mlkem/u_alu/u_mul1/wb[11]_i_28_n_0
    SLICE_X60Y21         LUT6 (Prop_lut6_I4_O)        0.124    16.477 f  u_mlkem/u_alu/u_mul1/wb[11]_i_15/O
                         net (fo=1, routed)           0.908    17.385    u_mlkem/u_alu/u_mul1/wb[11]_i_15_n_0
    SLICE_X61Y16         LUT6 (Prop_lut6_I2_O)        0.124    17.509 r  u_mlkem/u_alu/u_mul1/wb[11]_i_6/O
                         net (fo=12, routed)          0.633    18.142    u_mlkem/u_alu/u_mul1/wb[11]_i_6_n_0
    SLICE_X62Y15         LUT6 (Prop_lut6_I0_O)        0.124    18.266 r  u_mlkem/u_alu/u_mul1/wb[1]_i_2/O
                         net (fo=1, routed)           0.443    18.709    u_mlkem/u_alu/u_mul1/wb[1]_i_2_n_0
    SLICE_X65Y16         LUT5 (Prop_lut5_I0_O)        0.124    18.833 r  u_mlkem/u_alu/u_mul1/wb[1]_i_1/O
                         net (fo=1, routed)           0.000    18.833    u_mlkem/u_alu/u_mul1_n_10
    SLICE_X65Y16         FDRE                                         r  u_mlkem/u_alu/wb_reg[1]/D
  -------------------------------------------------------------------    -------------------

                         (clock clk_core_mmcm rise edge)
                                                      4.848     4.848 r  
    E3                                                0.000     4.848 r  clk_100mhz (IN)
                         net (fo=0)                   0.000     4.848    clk_100mhz
    E3                   IBUF (Prop_ibuf_I_O)         1.411     6.260 r  clk_100mhz_IBUF_inst/O
                         net (fo=1, routed)           1.920     8.180    clk_100mhz_IBUF
    BUFGCTRL_X0Y16       BUFG (Prop_bufg_I_O)         0.091     8.271 r  clk_100mhz_IBUF_BUFG_inst/O
                         net (fo=2651, routed)        1.683     9.954    clk_100mhz_IBUF_BUFG
    MMCME2_ADV_X0Y0      MMCME2_ADV (Prop_mmcme2_adv_CLKIN1_CLKOUT0)
                                                      0.083    10.037 r  u_mmcm/CLKOUT0
                         net (fo=1, routed)           1.923    11.960    clk_core_mmcm
    BUFGCTRL_X0Y0        BUFG (Prop_bufg_I_O)         0.091    12.051 r  u_bufg_core/O
                         net (fo=3686, routed)        1.667    13.718    u_mlkem/u_alu/clk_core
    SLICE_X65Y16         FDRE                                         r  u_mlkem/u_alu/wb_reg[1]/C
                         clock pessimism              0.517    14.235    
                         clock uncertainty           -0.074    14.160    
    SLICE_X65Y16         FDRE (Setup_fdre_C_D)        0.032    14.192    u_mlkem/u_alu/wb_reg[1]
  -------------------------------------------------------------------
                         required time                         14.192    
                         arrival time                         -18.833    
  -------------------------------------------------------------------
                         slack                                 -4.641    





Min Delay Paths
--------------------------------------------------------------------------------------
Slack (MET) :             0.055ns  (arrival time - required time)
  Source:                 u_mlkem/u_alu/cin_reg[15]/C
                            (rising edge-triggered cell FDRE clocked by clk_core_mmcm  {rise@0.000ns fall@2.424ns period=4.848ns})
  Destination:            u_mlkem/u_alu/cd_reg[7][15]_srl8/D
                            (rising edge-triggered cell SRL16E clocked by clk_core_mmcm  {rise@0.000ns fall@2.424ns period=4.848ns})
  Path Group:             clk_core_mmcm
  Path Type:              Hold (Min at Fast Process Corner)
  Requirement:            0.000ns  (clk_core_mmcm rise@0.000ns - clk_core_mmcm rise@0.000ns)
  Data Path Delay:        0.251ns  (logic 0.141ns (56.174%)  route 0.110ns (43.826%))
  Logic Levels:           0  
  Clock Path Skew:        0.013ns (DCD - SCD - CPR)
    Destination Clock Delay (DCD):    3.740ns
    Source Clock Delay      (SCD):    2.891ns
    Clock Pessimism Removal (CPR):    0.836ns

    Location             Delay type                Incr(ns)  Path(ns)    Netlist Resource(s)
  -------------------------------------------------------------------    -------------------
                         (clock clk_core_mmcm rise edge)
                                                      0.000     0.000 r  
    E3                                                0.000     0.000 r  clk_100mhz (IN)
                         net (fo=0)                   0.000     0.000    clk_100mhz
    E3                   IBUF (Prop_ibuf_I_O)         0.250     0.250 r  clk_100mhz_IBUF_inst/O
                         net (fo=1, routed)           0.644     0.894    clk_100mhz_IBUF
    BUFGCTRL_X0Y16       BUFG (Prop_bufg_I_O)         0.026     0.920 r  clk_100mhz_IBUF_BUFG_inst/O
                         net (fo=2651, routed)        0.624     1.544    clk_100mhz_IBUF_BUFG
    MMCME2_ADV_X0Y0      MMCME2_ADV (Prop_mmcme2_adv_CLKIN1_CLKOUT0)
                                                      0.050     1.594 r  u_mmcm/CLKOUT0
                         net (fo=1, routed)           0.648     2.242    clk_core_mmcm
    BUFGCTRL_X0Y0        BUFG (Prop_bufg_I_O)         0.026     2.268 r  u_bufg_core/O
                         net (fo=3686, routed)        0.623     2.891    u_mlkem/u_alu/clk_core
    SLICE_X57Y17         FDRE                                         r  u_mlkem/u_alu/cin_reg[15]/C
  -------------------------------------------------------------------    -------------------
    SLICE_X57Y17         FDRE (Prop_fdre_C_Q)         0.141     3.032 r  u_mlkem/u_alu/cin_reg[15]/Q
                         net (fo=1, routed)           0.110     3.142    u_mlkem/u_alu/cin[15]
    SLICE_X56Y17         SRL16E                                       r  u_mlkem/u_alu/cd_reg[7][15]_srl8/D
  -------------------------------------------------------------------    -------------------

                         (clock clk_core_mmcm rise edge)
                                                      0.000     0.000 r  
    E3                                                0.000     0.000 r  clk_100mhz (IN)
                         net (fo=0)                   0.000     0.000    clk_100mhz
    E3                   IBUF (Prop_ibuf_I_O)         0.438     0.438 r  clk_100mhz_IBUF_inst/O
                         net (fo=1, routed)           0.699     1.136    clk_100mhz_IBUF
    BUFGCTRL_X0Y16       BUFG (Prop_bufg_I_O)         0.029     1.165 r  clk_100mhz_IBUF_BUFG_inst/O
                         net (fo=2651, routed)        0.898     2.063    clk_100mhz_IBUF_BUFG
    MMCME2_ADV_X0Y0      MMCME2_ADV (Prop_mmcme2_adv_CLKIN1_CLKOUT0)
                                                      0.053     2.116 r  u_mmcm/CLKOUT0
                         net (fo=1, routed)           0.700     2.816    clk_core_mmcm
    BUFGCTRL_X0Y0        BUFG (Prop_bufg_I_O)         0.029     2.845 r  u_bufg_core/O
                         net (fo=3686, routed)        0.895     3.740    u_mlkem/u_alu/clk_core
    SLICE_X56Y17         SRL16E                                       r  u_mlkem/u_alu/cd_reg[7][15]_srl8/CLK
                         clock pessimism             -0.836     2.904    
    SLICE_X56Y17         SRL16E (Hold_srl16e_CLK_D)
                                                      0.183     3.087    u_mlkem/u_alu/cd_reg[7][15]_srl8
  -------------------------------------------------------------------
                         required time                         -3.087    
                         arrival time                           3.142    
  -------------------------------------------------------------------
                         slack                                  0.055    

Slack (MET) :             0.057ns  (arrival time - required time)
  Source:                 u_mlkem/u_alu/cin_reg[21]/C
                            (rising edge-triggered cell FDRE clocked by clk_core_mmcm  {rise@0.000ns fall@2.424ns period=4.848ns})
  Destination:            u_mlkem/u_alu/cd_reg[7][21]_srl8/D
                            (rising edge-triggered cell SRL16E clocked by clk_core_mmcm  {rise@0.000ns fall@2.424ns period=4.848ns})
  Path Group:             clk_core_mmcm
  Path Type:              Hold (Min at Fast Process Corner)
  Requirement:            0.000ns  (clk_core_mmcm rise@0.000ns - clk_core_mmcm rise@0.000ns)
  Data Path Delay:        0.432ns  (logic 0.141ns (32.638%)  route 0.291ns (67.361%))
  Logic Levels:           0  
  Clock Path Skew:        0.260ns (DCD - SCD - CPR)
    Destination Clock Delay (DCD):    3.737ns
    Source Clock Delay      (SCD):    2.891ns
    Clock Pessimism Removal (CPR):    0.586ns

    Location             Delay type                Incr(ns)  Path(ns)    Netlist Resource(s)
  -------------------------------------------------------------------    -------------------
                         (clock clk_core_mmcm rise edge)
                                                      0.000     0.000 r  
    E3                                                0.000     0.000 r  clk_100mhz (IN)
                         net (fo=0)                   0.000     0.000    clk_100mhz
    E3                   IBUF (Prop_ibuf_I_O)         0.250     0.250 r  clk_100mhz_IBUF_inst/O
                         net (fo=1, routed)           0.644     0.894    clk_100mhz_IBUF
    BUFGCTRL_X0Y16       BUFG (Prop_bufg_I_O)         0.026     0.920 r  clk_100mhz_IBUF_BUFG_inst/O
                         net (fo=2651, routed)        0.624     1.544    clk_100mhz_IBUF_BUFG
    MMCME2_ADV_X0Y0      MMCME2_ADV (Prop_mmcme2_adv_CLKIN1_CLKOUT0)
                                                      0.050     1.594 r  u_mmcm/CLKOUT0
                         net (fo=1, routed)           0.648     2.242    clk_core_mmcm
    BUFGCTRL_X0Y0        BUFG (Prop_bufg_I_O)         0.026     2.268 r  u_bufg_core/O
                         net (fo=3686, routed)        0.623     2.891    u_mlkem/u_alu/clk_core
    SLICE_X52Y16         FDRE                                         r  u_mlkem/u_alu/cin_reg[21]/C
  -------------------------------------------------------------------    -------------------
    SLICE_X52Y16         FDRE (Prop_fdre_C_Q)         0.141     3.032 r  u_mlkem/u_alu/cin_reg[21]/Q
                         net (fo=1, routed)           0.291     3.323    u_mlkem/u_alu/cin[21]
    SLICE_X50Y20         SRL16E                                       r  u_mlkem/u_alu/cd_reg[7][21]_srl8/D
  -------------------------------------------------------------------    -------------------

                         (clock clk_core_mmcm rise edge)
                                                      0.000     0.000 r  
    E3                                                0.000     0.000 r  clk_100mhz (IN)
                         net (fo=0)                   0.000     0.000    clk_100mhz
    E3                   IBUF (Prop_ibuf_I_O)         0.438     0.438 r  clk_100mhz_IBUF_inst/O
                         net (fo=1, routed)           0.699     1.136    clk_100mhz_IBUF
    BUFGCTRL_X0Y16       BUFG (Prop_bufg_I_O)         0.029     1.165 r  clk_100mhz_IBUF_BUFG_inst/O
                         net (fo=2651, routed)        0.898     2.063    clk_100mhz_IBUF_BUFG
    MMCME2_ADV_X0Y0      MMCME2_ADV (Prop_mmcme2_adv_CLKIN1_CLKOUT0)
                                                      0.053     2.116 r  u_mmcm/CLKOUT0
                         net (fo=1, routed)           0.700     2.816    clk_core_mmcm
    BUFGCTRL_X0Y0        BUFG (Prop_bufg_I_O)         0.029     2.845 r  u_bufg_core/O
                         net (fo=3686, routed)        0.892     3.737    u_mlkem/u_alu/clk_core
    SLICE_X50Y20         SRL16E                                       r  u_mlkem/u_alu/cd_reg[7][21]_srl8/CLK
                         clock pessimism             -0.586     3.151    
    SLICE_X50Y20         SRL16E (Hold_srl16e_CLK_D)
                                                      0.115     3.266    u_mlkem/u_alu/cd_reg[7][21]_srl8
  -------------------------------------------------------------------
                         required time                         -3.266    
                         arrival time                           3.323    
  -------------------------------------------------------------------
                         slack                                  0.057    

Slack (MET) :             0.059ns  (arrival time - required time)
  Source:                 u_mlkem/u_unpack/f0_reg[5]/C
                            (rising edge-triggered cell FDRE clocked by clk_core_mmcm  {rise@0.000ns fall@2.424ns period=4.848ns})
  Destination:            u_mlkem/u_unpack/g0_reg[5]/D
                            (rising edge-triggered cell FDRE clocked by clk_core_mmcm  {rise@0.000ns fall@2.424ns period=4.848ns})
  Path Group:             clk_core_mmcm
  Path Type:              Hold (Min at Fast Process Corner)
  Requirement:            0.000ns  (clk_core_mmcm rise@0.000ns - clk_core_mmcm rise@0.000ns)
  Data Path Delay:        0.376ns  (logic 0.141ns (37.458%)  route 0.235ns (62.542%))
  Logic Levels:           0  
  Clock Path Skew:        0.258ns (DCD - SCD - CPR)
    Destination Clock Delay (DCD):    3.731ns
    Source Clock Delay      (SCD):    2.887ns
    Clock Pessimism Removal (CPR):    0.586ns

    Location             Delay type                Incr(ns)  Path(ns)    Netlist Resource(s)
  -------------------------------------------------------------------    -------------------
                         (clock clk_core_mmcm rise edge)
                                                      0.000     0.000 r  
    E3                                                0.000     0.000 r  clk_100mhz (IN)
                         net (fo=0)                   0.000     0.000    clk_100mhz
    E3                   IBUF (Prop_ibuf_I_O)         0.250     0.250 r  clk_100mhz_IBUF_inst/O
                         net (fo=1, routed)           0.644     0.894    clk_100mhz_IBUF
    BUFGCTRL_X0Y16       BUFG (Prop_bufg_I_O)         0.026     0.920 r  clk_100mhz_IBUF_BUFG_inst/O
                         net (fo=2651, routed)        0.624     1.544    clk_100mhz_IBUF_BUFG
    MMCME2_ADV_X0Y0      MMCME2_ADV (Prop_mmcme2_adv_CLKIN1_CLKOUT0)
                                                      0.050     1.594 r  u_mmcm/CLKOUT0
                         net (fo=1, routed)           0.648     2.242    clk_core_mmcm
    BUFGCTRL_X0Y0        BUFG (Prop_bufg_I_O)         0.026     2.268 r  u_bufg_core/O
                         net (fo=3686, routed)        0.619     2.887    u_mlkem/u_unpack/clk_core
    SLICE_X51Y27         FDRE                                         r  u_mlkem/u_unpack/f0_reg[5]/C
  -------------------------------------------------------------------    -------------------
    SLICE_X51Y27         FDRE (Prop_fdre_C_Q)         0.141     3.028 r  u_mlkem/u_unpack/f0_reg[5]/Q
                         net (fo=10, routed)          0.235     3.263    u_mlkem/u_unpack/q_times_return11_in[16]
    SLICE_X54Y25         FDRE                                         r  u_mlkem/u_unpack/g0_reg[5]/D
  -------------------------------------------------------------------    -------------------

                         (clock clk_core_mmcm rise edge)
                                                      0.000     0.000 r  
    E3                                                0.000     0.000 r  clk_100mhz (IN)
                         net (fo=0)                   0.000     0.000    clk_100mhz
    E3                   IBUF (Prop_ibuf_I_O)         0.438     0.438 r  clk_100mhz_IBUF_inst/O
                         net (fo=1, routed)           0.699     1.136    clk_100mhz_IBUF
    BUFGCTRL_X0Y16       BUFG (Prop_bufg_I_O)         0.029     1.165 r  clk_100mhz_IBUF_BUFG_inst/O
                         net (fo=2651, routed)        0.898     2.063    clk_100mhz_IBUF_BUFG
    MMCME2_ADV_X0Y0      MMCME2_ADV (Prop_mmcme2_adv_CLKIN1_CLKOUT0)
                                                      0.053     2.116 r  u_mmcm/CLKOUT0
                         net (fo=1, routed)           0.700     2.816    clk_core_mmcm
    BUFGCTRL_X0Y0        BUFG (Prop_bufg_I_O)         0.029     2.845 r  u_bufg_core/O
                         net (fo=3686, routed)        0.886     3.731    u_mlkem/u_unpack/clk_core
    SLICE_X54Y25         FDRE                                         r  u_mlkem/u_unpack/g0_reg[5]/C
                         clock pessimism             -0.586     3.145    
    SLICE_X54Y25         FDRE (Hold_fdre_C_D)         0.059     3.204    u_mlkem/u_unpack/g0_reg[5]
  -------------------------------------------------------------------
                         required time                         -3.204    
                         arrival time                           3.263    
  -------------------------------------------------------------------
                         slack                                  0.059    

Slack (MET) :             0.066ns  (arrival time - required time)
  Source:                 u_mlkem/u_unpack/q0_reg[3]/C
                            (rising edge-triggered cell FDRE clocked by clk_core_mmcm  {rise@0.000ns fall@2.424ns period=4.848ns})
  Destination:            u_mlkem/u_unpack/wr_data_reg[15]/D
                            (rising edge-triggered cell FDRE clocked by clk_core_mmcm  {rise@0.000ns fall@2.424ns period=4.848ns})
  Path Group:             clk_core_mmcm
  Path Type:              Hold (Min at Fast Process Corner)
  Requirement:            0.000ns  (clk_core_mmcm rise@0.000ns - clk_core_mmcm rise@0.000ns)
  Data Path Delay:        0.425ns  (logic 0.186ns (43.796%)  route 0.239ns (56.204%))
  Logic Levels:           1  (LUT6=1)
  Clock Path Skew:        0.267ns (DCD - SCD - CPR)
    Destination Clock Delay (DCD):    3.739ns
    Source Clock Delay      (SCD):    2.886ns
    Clock Pessimism Removal (CPR):    0.586ns

    Location             Delay type                Incr(ns)  Path(ns)    Netlist Resource(s)
  -------------------------------------------------------------------    -------------------
                         (clock clk_core_mmcm rise edge)
                                                      0.000     0.000 r  
    E3                                                0.000     0.000 r  clk_100mhz (IN)
                         net (fo=0)                   0.000     0.000    clk_100mhz
    E3                   IBUF (Prop_ibuf_I_O)         0.250     0.250 r  clk_100mhz_IBUF_inst/O
                         net (fo=1, routed)           0.644     0.894    clk_100mhz_IBUF
    BUFGCTRL_X0Y16       BUFG (Prop_bufg_I_O)         0.026     0.920 r  clk_100mhz_IBUF_BUFG_inst/O
                         net (fo=2651, routed)        0.624     1.544    clk_100mhz_IBUF_BUFG
    MMCME2_ADV_X0Y0      MMCME2_ADV (Prop_mmcme2_adv_CLKIN1_CLKOUT0)
                                                      0.050     1.594 r  u_mmcm/CLKOUT0
                         net (fo=1, routed)           0.648     2.242    clk_core_mmcm
    BUFGCTRL_X0Y0        BUFG (Prop_bufg_I_O)         0.026     2.268 r  u_bufg_core/O
                         net (fo=3686, routed)        0.618     2.886    u_mlkem/u_unpack/clk_core
    SLICE_X53Y22         FDRE                                         r  u_mlkem/u_unpack/q0_reg[3]/C
  -------------------------------------------------------------------    -------------------
    SLICE_X53Y22         FDRE (Prop_fdre_C_Q)         0.141     3.027 r  u_mlkem/u_unpack/q0_reg[3]/Q
                         net (fo=3, routed)           0.239     3.266    u_mlkem/u_unpack/q0_reg_n_0_[3]
    SLICE_X45Y22         LUT6 (Prop_lut6_I0_O)        0.045     3.311 r  u_mlkem/u_unpack/wr_data[15]_i_1/O
                         net (fo=1, routed)           0.000     3.311    u_mlkem/u_unpack/p_1_out[15]
    SLICE_X45Y22         FDRE                                         r  u_mlkem/u_unpack/wr_data_reg[15]/D
  -------------------------------------------------------------------    -------------------

                         (clock clk_core_mmcm rise edge)
                                                      0.000     0.000 r  
    E3                                                0.000     0.000 r  clk_100mhz (IN)
                         net (fo=0)                   0.000     0.000    clk_100mhz
    E3                   IBUF (Prop_ibuf_I_O)         0.438     0.438 r  clk_100mhz_IBUF_inst/O
                         net (fo=1, routed)           0.699     1.136    clk_100mhz_IBUF
    BUFGCTRL_X0Y16       BUFG (Prop_bufg_I_O)         0.029     1.165 r  clk_100mhz_IBUF_BUFG_inst/O
                         net (fo=2651, routed)        0.898     2.063    clk_100mhz_IBUF_BUFG
    MMCME2_ADV_X0Y0      MMCME2_ADV (Prop_mmcme2_adv_CLKIN1_CLKOUT0)
                                                      0.053     2.116 r  u_mmcm/CLKOUT0
                         net (fo=1, routed)           0.700     2.816    clk_core_mmcm
    BUFGCTRL_X0Y0        BUFG (Prop_bufg_I_O)         0.029     2.845 r  u_bufg_core/O
                         net (fo=3686, routed)        0.894     3.739    u_mlkem/u_unpack/clk_core
    SLICE_X45Y22         FDRE                                         r  u_mlkem/u_unpack/wr_data_reg[15]/C
                         clock pessimism             -0.586     3.153    
    SLICE_X45Y22         FDRE (Hold_fdre_C_D)         0.092     3.245    u_mlkem/u_unpack/wr_data_reg[15]
  -------------------------------------------------------------------
                         required time                         -3.245    
                         arrival time                           3.311    
  -------------------------------------------------------------------
                         slack                                  0.066    

Slack (MET) :             0.067ns  (arrival time - required time)
  Source:                 u_mlkem/u_alu/cin_reg[12]/C
                            (rising edge-triggered cell FDRE clocked by clk_core_mmcm  {rise@0.000ns fall@2.424ns period=4.848ns})
  Destination:            u_mlkem/u_alu/cd_reg[7][12]_srl8/D
                            (rising edge-triggered cell SRL16E clocked by clk_core_mmcm  {rise@0.000ns fall@2.424ns period=4.848ns})
  Path Group:             clk_core_mmcm
  Path Type:              Hold (Min at Fast Process Corner)
  Requirement:            0.000ns  (clk_core_mmcm rise@0.000ns - clk_core_mmcm rise@0.000ns)
  Data Path Delay:        0.197ns  (logic 0.141ns (71.611%)  route 0.056ns (28.389%))
  Logic Levels:           0  
  Clock Path Skew:        0.013ns (DCD - SCD - CPR)
    Destination Clock Delay (DCD):    3.740ns
    Source Clock Delay      (SCD):    2.891ns
    Clock Pessimism Removal (CPR):    0.836ns

    Location             Delay type                Incr(ns)  Path(ns)    Netlist Resource(s)
  -------------------------------------------------------------------    -------------------
                         (clock clk_core_mmcm rise edge)
                                                      0.000     0.000 r  
    E3                                                0.000     0.000 r  clk_100mhz (IN)
                         net (fo=0)                   0.000     0.000    clk_100mhz
    E3                   IBUF (Prop_ibuf_I_O)         0.250     0.250 r  clk_100mhz_IBUF_inst/O
                         net (fo=1, routed)           0.644     0.894    clk_100mhz_IBUF
    BUFGCTRL_X0Y16       BUFG (Prop_bufg_I_O)         0.026     0.920 r  clk_100mhz_IBUF_BUFG_inst/O
                         net (fo=2651, routed)        0.624     1.544    clk_100mhz_IBUF_BUFG
    MMCME2_ADV_X0Y0      MMCME2_ADV (Prop_mmcme2_adv_CLKIN1_CLKOUT0)
                                                      0.050     1.594 r  u_mmcm/CLKOUT0
                         net (fo=1, routed)           0.648     2.242    clk_core_mmcm
    BUFGCTRL_X0Y0        BUFG (Prop_bufg_I_O)         0.026     2.268 r  u_bufg_core/O
                         net (fo=3686, routed)        0.623     2.891    u_mlkem/u_alu/clk_core
    SLICE_X57Y17         FDRE                                         r  u_mlkem/u_alu/cin_reg[12]/C
  -------------------------------------------------------------------    -------------------
    SLICE_X57Y17         FDRE (Prop_fdre_C_Q)         0.141     3.032 r  u_mlkem/u_alu/cin_reg[12]/Q
                         net (fo=1, routed)           0.056     3.088    u_mlkem/u_alu/cin[12]
    SLICE_X56Y17         SRL16E                                       r  u_mlkem/u_alu/cd_reg[7][12]_srl8/D
  -------------------------------------------------------------------    -------------------

                         (clock clk_core_mmcm rise edge)
                                                      0.000     0.000 r  
    E3                                                0.000     0.000 r  clk_100mhz (IN)
                         net (fo=0)                   0.000     0.000    clk_100mhz
    E3                   IBUF (Prop_ibuf_I_O)         0.438     0.438 r  clk_100mhz_IBUF_inst/O
                         net (fo=1, routed)           0.699     1.136    clk_100mhz_IBUF
    BUFGCTRL_X0Y16       BUFG (Prop_bufg_I_O)         0.029     1.165 r  clk_100mhz_IBUF_BUFG_inst/O
                         net (fo=2651, routed)        0.898     2.063    clk_100mhz_IBUF_BUFG
    MMCME2_ADV_X0Y0      MMCME2_ADV (Prop_mmcme2_adv_CLKIN1_CLKOUT0)
                                                      0.053     2.116 r  u_mmcm/CLKOUT0
                         net (fo=1, routed)           0.700     2.816    clk_core_mmcm
    BUFGCTRL_X0Y0        BUFG (Prop_bufg_I_O)         0.029     2.845 r  u_bufg_core/O
                         net (fo=3686, routed)        0.895     3.740    u_mlkem/u_alu/clk_core
    SLICE_X56Y17         SRL16E                                       r  u_mlkem/u_alu/cd_reg[7][12]_srl8/CLK
                         clock pessimism             -0.836     2.904    
    SLICE_X56Y17         SRL16E (Hold_srl16e_CLK_D)
                                                      0.117     3.021    u_mlkem/u_alu/cd_reg[7][12]_srl8
  -------------------------------------------------------------------
                         required time                         -3.021    
                         arrival time                           3.088    
  -------------------------------------------------------------------
                         slack                                  0.067    

Slack (MET) :             0.074ns  (arrival time - required time)
  Source:                 u_mlkem/u_sponge/st_reg[1512]/C
                            (rising edge-triggered cell FDRE clocked by clk_core_mmcm  {rise@0.000ns fall@2.424ns period=4.848ns})
  Destination:            u_mlkem/u_sponge/st_reg[1120]/D
                            (rising edge-triggered cell FDRE clocked by clk_core_mmcm  {rise@0.000ns fall@2.424ns period=4.848ns})
  Path Group:             clk_core_mmcm
  Path Type:              Hold (Min at Fast Process Corner)
  Requirement:            0.000ns  (clk_core_mmcm rise@0.000ns - clk_core_mmcm rise@0.000ns)
  Data Path Delay:        0.513ns  (logic 0.251ns (48.969%)  route 0.262ns (51.031%))
  Logic Levels:           2  (LUT6=1 MUXF7=1)
  Clock Path Skew:        0.334ns (DCD - SCD - CPR)
    Destination Clock Delay (DCD):    3.751ns
    Source Clock Delay      (SCD):    2.834ns
    Clock Pessimism Removal (CPR):    0.582ns

    Location             Delay type                Incr(ns)  Path(ns)    Netlist Resource(s)
  -------------------------------------------------------------------    -------------------
                         (clock clk_core_mmcm rise edge)
                                                      0.000     0.000 r  
    E3                                                0.000     0.000 r  clk_100mhz (IN)
                         net (fo=0)                   0.000     0.000    clk_100mhz
    E3                   IBUF (Prop_ibuf_I_O)         0.250     0.250 r  clk_100mhz_IBUF_inst/O
                         net (fo=1, routed)           0.644     0.894    clk_100mhz_IBUF
    BUFGCTRL_X0Y16       BUFG (Prop_bufg_I_O)         0.026     0.920 r  clk_100mhz_IBUF_BUFG_inst/O
                         net (fo=2651, routed)        0.624     1.544    clk_100mhz_IBUF_BUFG
    MMCME2_ADV_X0Y0      MMCME2_ADV (Prop_mmcme2_adv_CLKIN1_CLKOUT0)
                                                      0.050     1.594 r  u_mmcm/CLKOUT0
                         net (fo=1, routed)           0.648     2.242    clk_core_mmcm
    BUFGCTRL_X0Y0        BUFG (Prop_bufg_I_O)         0.026     2.268 r  u_bufg_core/O
                         net (fo=3686, routed)        0.567     2.834    u_mlkem/u_sponge/clk_core
    SLICE_X40Y51         FDRE                                         r  u_mlkem/u_sponge/st_reg[1512]/C
  -------------------------------------------------------------------    -------------------
    SLICE_X40Y51         FDRE (Prop_fdre_C_Q)         0.141     2.975 r  u_mlkem/u_sponge/st_reg[1512]/Q
                         net (fo=4, routed)           0.262     3.237    u_mlkem/u_sponge/u_round/st_reg[1248]_0
    SLICE_X49Y48         LUT6 (Prop_lut6_I2_O)        0.045     3.282 r  u_mlkem/u_sponge/u_round/i_/st[1120]_i_3/O
                         net (fo=1, routed)           0.000     3.282    u_mlkem/u_sponge/st_round[1120]
    SLICE_X49Y48         MUXF7 (Prop_muxf7_I1_O)      0.065     3.347 r  u_mlkem/u_sponge/st_reg[1120]_i_1/O
                         net (fo=1, routed)           0.000     3.347    u_mlkem/u_sponge/st_reg[1120]_i_1_n_0
    SLICE_X49Y48         FDRE                                         r  u_mlkem/u_sponge/st_reg[1120]/D
  -------------------------------------------------------------------    -------------------

                         (clock clk_core_mmcm rise edge)
                                                      0.000     0.000 r  
    E3                                                0.000     0.000 r  clk_100mhz (IN)
                         net (fo=0)                   0.000     0.000    clk_100mhz
    E3                   IBUF (Prop_ibuf_I_O)         0.438     0.438 r  clk_100mhz_IBUF_inst/O
                         net (fo=1, routed)           0.699     1.136    clk_100mhz_IBUF
    BUFGCTRL_X0Y16       BUFG (Prop_bufg_I_O)         0.029     1.165 r  clk_100mhz_IBUF_BUFG_inst/O
                         net (fo=2651, routed)        0.898     2.063    clk_100mhz_IBUF_BUFG
    MMCME2_ADV_X0Y0      MMCME2_ADV (Prop_mmcme2_adv_CLKIN1_CLKOUT0)
                                                      0.053     2.116 r  u_mmcm/CLKOUT0
                         net (fo=1, routed)           0.700     2.816    clk_core_mmcm
    BUFGCTRL_X0Y0        BUFG (Prop_bufg_I_O)         0.029     2.845 r  u_bufg_core/O
                         net (fo=3686, routed)        0.906     3.751    u_mlkem/u_sponge/clk_core
    SLICE_X49Y48         FDRE                                         r  u_mlkem/u_sponge/st_reg[1120]/C
                         clock pessimism             -0.582     3.168    
    SLICE_X49Y48         FDRE (Hold_fdre_C_D)         0.105     3.273    u_mlkem/u_sponge/st_reg[1120]
  -------------------------------------------------------------------
                         required time                         -3.273    
                         arrival time                           3.347    
  -------------------------------------------------------------------
                         slack                                  0.074    

Slack (MET) :             0.080ns  (arrival time - required time)
  Source:                 u_mlkem/u_unpack/q0_reg[6]/C
                            (rising edge-triggered cell FDRE clocked by clk_core_mmcm  {rise@0.000ns fall@2.424ns period=4.848ns})
  Destination:            u_mlkem/u_unpack/wr_data_reg[18]/D
                            (rising edge-triggered cell FDRE clocked by clk_core_mmcm  {rise@0.000ns fall@2.424ns period=4.848ns})
  Path Group:             clk_core_mmcm
  Path Type:              Hold (Min at Fast Process Corner)
  Requirement:            0.000ns  (clk_core_mmcm rise@0.000ns - clk_core_mmcm rise@0.000ns)
  Data Path Delay:        0.439ns  (logic 0.186ns (42.386%)  route 0.253ns (57.614%))
  Logic Levels:           1  (LUT6=1)
  Clock Path Skew:        0.267ns (DCD - SCD - CPR)
    Destination Clock Delay (DCD):    3.737ns
    Source Clock Delay      (SCD):    2.884ns
    Clock Pessimism Removal (CPR):    0.586ns

    Location             Delay type                Incr(ns)  Path(ns)    Netlist Resource(s)
  -------------------------------------------------------------------    -------------------
                         (clock clk_core_mmcm rise edge)
                                                      0.000     0.000 r  
    E3                                                0.000     0.000 r  clk_100mhz (IN)
                         net (fo=0)                   0.000     0.000    clk_100mhz
    E3                   IBUF (Prop_ibuf_I_O)         0.250     0.250 r  clk_100mhz_IBUF_inst/O
                         net (fo=1, routed)           0.644     0.894    clk_100mhz_IBUF
    BUFGCTRL_X0Y16       BUFG (Prop_bufg_I_O)         0.026     0.920 r  clk_100mhz_IBUF_BUFG_inst/O
                         net (fo=2651, routed)        0.624     1.544    clk_100mhz_IBUF_BUFG
    MMCME2_ADV_X0Y0      MMCME2_ADV (Prop_mmcme2_adv_CLKIN1_CLKOUT0)
                                                      0.050     1.594 r  u_mmcm/CLKOUT0
                         net (fo=1, routed)           0.648     2.242    clk_core_mmcm
    BUFGCTRL_X0Y0        BUFG (Prop_bufg_I_O)         0.026     2.268 r  u_bufg_core/O
                         net (fo=3686, routed)        0.616     2.884    u_mlkem/u_unpack/clk_core
    SLICE_X53Y23         FDRE                                         r  u_mlkem/u_unpack/q0_reg[6]/C
  -------------------------------------------------------------------    -------------------
    SLICE_X53Y23         FDRE (Prop_fdre_C_Q)         0.141     3.025 r  u_mlkem/u_unpack/q0_reg[6]/Q
                         net (fo=3, routed)           0.253     3.278    u_mlkem/u_unpack/q0_reg_n_0_[6]
    SLICE_X44Y23         LUT6 (Prop_lut6_I0_O)        0.045     3.323 r  u_mlkem/u_unpack/wr_data[18]_i_1/O
                         net (fo=1, routed)           0.000     3.323    u_mlkem/u_unpack/p_1_out[18]
    SLICE_X44Y23         FDRE                                         r  u_mlkem/u_unpack/wr_data_reg[18]/D
  -------------------------------------------------------------------    -------------------

                         (clock clk_core_mmcm rise edge)
                                                      0.000     0.000 r  
    E3                                                0.000     0.000 r  clk_100mhz (IN)
                         net (fo=0)                   0.000     0.000    clk_100mhz
    E3                   IBUF (Prop_ibuf_I_O)         0.438     0.438 r  clk_100mhz_IBUF_inst/O
                         net (fo=1, routed)           0.699     1.136    clk_100mhz_IBUF
    BUFGCTRL_X0Y16       BUFG (Prop_bufg_I_O)         0.029     1.165 r  clk_100mhz_IBUF_BUFG_inst/O
                         net (fo=2651, routed)        0.898     2.063    clk_100mhz_IBUF_BUFG
    MMCME2_ADV_X0Y0      MMCME2_ADV (Prop_mmcme2_adv_CLKIN1_CLKOUT0)
                                                      0.053     2.116 r  u_mmcm/CLKOUT0
                         net (fo=1, routed)           0.700     2.816    clk_core_mmcm
    BUFGCTRL_X0Y0        BUFG (Prop_bufg_I_O)         0.029     2.845 r  u_bufg_core/O
                         net (fo=3686, routed)        0.892     3.737    u_mlkem/u_unpack/clk_core
    SLICE_X44Y23         FDRE                                         r  u_mlkem/u_unpack/wr_data_reg[18]/C
                         clock pessimism             -0.586     3.151    
    SLICE_X44Y23         FDRE (Hold_fdre_C_D)         0.092     3.243    u_mlkem/u_unpack/wr_data_reg[18]
  -------------------------------------------------------------------
                         required time                         -3.243    
                         arrival time                           3.323    
  -------------------------------------------------------------------
                         slack                                  0.080    

Slack (MET) :             0.086ns  (arrival time - required time)
  Source:                 u_mlkem/u_sponge/st_reg[1105]/C
                            (rising edge-triggered cell FDRE clocked by clk_core_mmcm  {rise@0.000ns fall@2.424ns period=4.848ns})
  Destination:            u_mlkem/u_sponge/st_reg[1184]/D
                            (rising edge-triggered cell FDRE clocked by clk_core_mmcm  {rise@0.000ns fall@2.424ns period=4.848ns})
  Path Group:             clk_core_mmcm
  Path Type:              Hold (Min at Fast Process Corner)
  Requirement:            0.000ns  (clk_core_mmcm rise@0.000ns - clk_core_mmcm rise@0.000ns)
  Data Path Delay:        0.527ns  (logic 0.251ns (47.655%)  route 0.276ns (52.345%))
  Logic Levels:           2  (LUT6=1 MUXF7=1)
  Clock Path Skew:        0.336ns (DCD - SCD - CPR)
    Destination Clock Delay (DCD):    3.749ns
    Source Clock Delay      (SCD):    2.830ns
    Clock Pessimism Removal (CPR):    0.582ns

    Location             Delay type                Incr(ns)  Path(ns)    Netlist Resource(s)
  -------------------------------------------------------------------    -------------------
                         (clock clk_core_mmcm rise edge)
                                                      0.000     0.000 r  
    E3                                                0.000     0.000 r  clk_100mhz (IN)
                         net (fo=0)                   0.000     0.000    clk_100mhz
    E3                   IBUF (Prop_ibuf_I_O)         0.250     0.250 r  clk_100mhz_IBUF_inst/O
                         net (fo=1, routed)           0.644     0.894    clk_100mhz_IBUF
    BUFGCTRL_X0Y16       BUFG (Prop_bufg_I_O)         0.026     0.920 r  clk_100mhz_IBUF_BUFG_inst/O
                         net (fo=2651, routed)        0.624     1.544    clk_100mhz_IBUF_BUFG
    MMCME2_ADV_X0Y0      MMCME2_ADV (Prop_mmcme2_adv_CLKIN1_CLKOUT0)
                                                      0.050     1.594 r  u_mmcm/CLKOUT0
                         net (fo=1, routed)           0.648     2.242    clk_core_mmcm
    BUFGCTRL_X0Y0        BUFG (Prop_bufg_I_O)         0.026     2.268 r  u_bufg_core/O
                         net (fo=3686, routed)        0.563     2.830    u_mlkem/u_sponge/clk_core
    SLICE_X55Y52         FDRE                                         r  u_mlkem/u_sponge/st_reg[1105]/C
  -------------------------------------------------------------------    -------------------
    SLICE_X55Y52         FDRE (Prop_fdre_C_Q)         0.141     2.971 r  u_mlkem/u_sponge/st_reg[1105]/Q
                         net (fo=7, routed)           0.276     3.247    u_mlkem/u_sponge/u_round/st_reg[1352]_4
    SLICE_X51Y47         LUT6 (Prop_lut6_I5_O)        0.045     3.292 r  u_mlkem/u_sponge/u_round/i_/st[1184]_i_3/O
                         net (fo=1, routed)           0.000     3.292    u_mlkem/u_sponge/st_round[1184]
    SLICE_X51Y47         MUXF7 (Prop_muxf7_I1_O)      0.065     3.357 r  u_mlkem/u_sponge/st_reg[1184]_i_1/O
                         net (fo=1, routed)           0.000     3.357    u_mlkem/u_sponge/st_reg[1184]_i_1_n_0
    SLICE_X51Y47         FDRE                                         r  u_mlkem/u_sponge/st_reg[1184]/D
  -------------------------------------------------------------------    -------------------

                         (clock clk_core_mmcm rise edge)
                                                      0.000     0.000 r  
    E3                                                0.000     0.000 r  clk_100mhz (IN)
                         net (fo=0)                   0.000     0.000    clk_100mhz
    E3                   IBUF (Prop_ibuf_I_O)         0.438     0.438 r  clk_100mhz_IBUF_inst/O
                         net (fo=1, routed)           0.699     1.136    clk_100mhz_IBUF
    BUFGCTRL_X0Y16       BUFG (Prop_bufg_I_O)         0.029     1.165 r  clk_100mhz_IBUF_BUFG_inst/O
                         net (fo=2651, routed)        0.898     2.063    clk_100mhz_IBUF_BUFG
    MMCME2_ADV_X0Y0      MMCME2_ADV (Prop_mmcme2_adv_CLKIN1_CLKOUT0)
                                                      0.053     2.116 r  u_mmcm/CLKOUT0
                         net (fo=1, routed)           0.700     2.816    clk_core_mmcm
    BUFGCTRL_X0Y0        BUFG (Prop_bufg_I_O)         0.029     2.845 r  u_bufg_core/O
                         net (fo=3686, routed)        0.904     3.749    u_mlkem/u_sponge/clk_core
    SLICE_X51Y47         FDRE                                         r  u_mlkem/u_sponge/st_reg[1184]/C
                         clock pessimism             -0.582     3.166    
    SLICE_X51Y47         FDRE (Hold_fdre_C_D)         0.105     3.271    u_mlkem/u_sponge/st_reg[1184]
  -------------------------------------------------------------------
                         required time                         -3.271    
                         arrival time                           3.357    
  -------------------------------------------------------------------
                         slack                                  0.086    

Slack (MET) :             0.087ns  (arrival time - required time)
  Source:                 u_mlkem/u_alu/pg_reg[0][7]__0/C
                            (rising edge-triggered cell FDRE clocked by clk_core_mmcm  {rise@0.000ns fall@2.424ns period=4.848ns})
  Destination:            u_mlkem/u_alu/pg_reg[5][7]_srl5/D
                            (rising edge-triggered cell SRL16E clocked by clk_core_mmcm  {rise@0.000ns fall@2.424ns period=4.848ns})
  Path Group:             clk_core_mmcm
  Path Type:              Hold (Min at Fast Process Corner)
  Requirement:            0.000ns  (clk_core_mmcm rise@0.000ns - clk_core_mmcm rise@0.000ns)
  Data Path Delay:        0.286ns  (logic 0.141ns (49.277%)  route 0.145ns (50.723%))
  Logic Levels:           0  
  Clock Path Skew:        0.016ns (DCD - SCD - CPR)
    Destination Clock Delay (DCD):    3.748ns
    Source Clock Delay      (SCD):    2.897ns
    Clock Pessimism Removal (CPR):    0.835ns

    Location             Delay type                Incr(ns)  Path(ns)    Netlist Resource(s)
  -------------------------------------------------------------------    -------------------
                         (clock clk_core_mmcm rise edge)
                                                      0.000     0.000 r  
    E3                                                0.000     0.000 r  clk_100mhz (IN)
                         net (fo=0)                   0.000     0.000    clk_100mhz
    E3                   IBUF (Prop_ibuf_I_O)         0.250     0.250 r  clk_100mhz_IBUF_inst/O
                         net (fo=1, routed)           0.644     0.894    clk_100mhz_IBUF
    BUFGCTRL_X0Y16       BUFG (Prop_bufg_I_O)         0.026     0.920 r  clk_100mhz_IBUF_BUFG_inst/O
                         net (fo=2651, routed)        0.624     1.544    clk_100mhz_IBUF_BUFG
    MMCME2_ADV_X0Y0      MMCME2_ADV (Prop_mmcme2_adv_CLKIN1_CLKOUT0)
                                                      0.050     1.594 r  u_mmcm/CLKOUT0
                         net (fo=1, routed)           0.648     2.242    clk_core_mmcm
    BUFGCTRL_X0Y0        BUFG (Prop_bufg_I_O)         0.026     2.268 r  u_bufg_core/O
                         net (fo=3686, routed)        0.629     2.897    u_mlkem/u_alu/clk_core
    SLICE_X57Y5          FDRE                                         r  u_mlkem/u_alu/pg_reg[0][7]__0/C
  -------------------------------------------------------------------    -------------------
    SLICE_X57Y5          FDRE (Prop_fdre_C_Q)         0.141     3.038 r  u_mlkem/u_alu/pg_reg[0][7]__0/Q
                         net (fo=1, routed)           0.145     3.183    u_mlkem/u_alu/pg_reg[0][7]__0_n_0
    SLICE_X56Y6          SRL16E                                       r  u_mlkem/u_alu/pg_reg[5][7]_srl5/D
  -------------------------------------------------------------------    -------------------

                         (clock clk_core_mmcm rise edge)
                                                      0.000     0.000 r  
    E3                                                0.000     0.000 r  clk_100mhz (IN)
                         net (fo=0)                   0.000     0.000    clk_100mhz
    E3                   IBUF (Prop_ibuf_I_O)         0.438     0.438 r  clk_100mhz_IBUF_inst/O
                         net (fo=1, routed)           0.699     1.136    clk_100mhz_IBUF
    BUFGCTRL_X0Y16       BUFG (Prop_bufg_I_O)         0.029     1.165 r  clk_100mhz_IBUF_BUFG_inst/O
                         net (fo=2651, routed)        0.898     2.063    clk_100mhz_IBUF_BUFG
    MMCME2_ADV_X0Y0      MMCME2_ADV (Prop_mmcme2_adv_CLKIN1_CLKOUT0)
                                                      0.053     2.116 r  u_mmcm/CLKOUT0
                         net (fo=1, routed)           0.700     2.816    clk_core_mmcm
    BUFGCTRL_X0Y0        BUFG (Prop_bufg_I_O)         0.029     2.845 r  u_bufg_core/O
                         net (fo=3686, routed)        0.903     3.748    u_mlkem/u_alu/clk_core
    SLICE_X56Y6          SRL16E                                       r  u_mlkem/u_alu/pg_reg[5][7]_srl5/CLK
                         clock pessimism             -0.835     2.913    
    SLICE_X56Y6          SRL16E (Hold_srl16e_CLK_D)
                                                      0.183     3.096    u_mlkem/u_alu/pg_reg[5][7]_srl5
  -------------------------------------------------------------------
                         required time                         -3.096    
                         arrival time                           3.183    
  -------------------------------------------------------------------
                         slack                                  0.087    

Slack (MET) :             0.088ns  (arrival time - required time)
  Source:                 u_mlkem/u_alu/item_reg_rep[6]/C
                            (rising edge-triggered cell FDCE clocked by clk_core_mmcm  {rise@0.000ns fall@2.424ns period=4.848ns})
  Destination:            u_mlkem/u_alu/pg_reg[0][8]__0/D
                            (rising edge-triggered cell FDRE clocked by clk_core_mmcm  {rise@0.000ns fall@2.424ns period=4.848ns})
  Path Group:             clk_core_mmcm
  Path Type:              Hold (Min at Fast Process Corner)
  Requirement:            0.000ns  (clk_core_mmcm rise@0.000ns - clk_core_mmcm rise@0.000ns)
  Data Path Delay:        0.444ns  (logic 0.227ns (51.092%)  route 0.217ns (48.908%))
  Logic Levels:           1  (LUT3=1)
  Clock Path Skew:        0.265ns (DCD - SCD - CPR)
    Destination Clock Delay (DCD):    3.746ns
    Source Clock Delay      (SCD):    2.895ns
    Clock Pessimism Removal (CPR):    0.586ns

    Location             Delay type                Incr(ns)  Path(ns)    Netlist Resource(s)
  -------------------------------------------------------------------    -------------------
                         (clock clk_core_mmcm rise edge)
                                                      0.000     0.000 r  
    E3                                                0.000     0.000 r  clk_100mhz (IN)
                         net (fo=0)                   0.000     0.000    clk_100mhz
    E3                   IBUF (Prop_ibuf_I_O)         0.250     0.250 r  clk_100mhz_IBUF_inst/O
                         net (fo=1, routed)           0.644     0.894    clk_100mhz_IBUF
    BUFGCTRL_X0Y16       BUFG (Prop_bufg_I_O)         0.026     0.920 r  clk_100mhz_IBUF_BUFG_inst/O
                         net (fo=2651, routed)        0.624     1.544    clk_100mhz_IBUF_BUFG
    MMCME2_ADV_X0Y0      MMCME2_ADV (Prop_mmcme2_adv_CLKIN1_CLKOUT0)
                                                      0.050     1.594 r  u_mmcm/CLKOUT0
                         net (fo=1, routed)           0.648     2.242    clk_core_mmcm
    BUFGCTRL_X0Y0        BUFG (Prop_bufg_I_O)         0.026     2.268 r  u_bufg_core/O
                         net (fo=3686, routed)        0.627     2.895    u_mlkem/u_alu/clk_core
    SLICE_X51Y10         FDCE                                         r  u_mlkem/u_alu/item_reg_rep[6]/C
  -------------------------------------------------------------------    -------------------
    SLICE_X51Y10         FDCE (Prop_fdce_C_Q)         0.128     3.023 r  u_mlkem/u_alu/item_reg_rep[6]/Q
                         net (fo=12, routed)          0.217     3.240    u_mlkem/u_alu/u_zetas/Q[0]
    SLICE_X53Y7          LUT3 (Prop_lut3_I2_O)        0.099     3.339 r  u_mlkem/u_alu/u_zetas/pg_reg[0][8]__0_i_1/O
                         net (fo=1, routed)           0.000     3.339    u_mlkem/u_alu/u_zetas_n_8
    SLICE_X53Y7          FDRE                                         r  u_mlkem/u_alu/pg_reg[0][8]__0/D
  -------------------------------------------------------------------    -------------------

                         (clock clk_core_mmcm rise edge)
                                                      0.000     0.000 r  
    E3                                                0.000     0.000 r  clk_100mhz (IN)
                         net (fo=0)                   0.000     0.000    clk_100mhz
    E3                   IBUF (Prop_ibuf_I_O)         0.438     0.438 r  clk_100mhz_IBUF_inst/O
                         net (fo=1, routed)           0.699     1.136    clk_100mhz_IBUF
    BUFGCTRL_X0Y16       BUFG (Prop_bufg_I_O)         0.029     1.165 r  clk_100mhz_IBUF_BUFG_inst/O
                         net (fo=2651, routed)        0.898     2.063    clk_100mhz_IBUF_BUFG
    MMCME2_ADV_X0Y0      MMCME2_ADV (Prop_mmcme2_adv_CLKIN1_CLKOUT0)
                                                      0.053     2.116 r  u_mmcm/CLKOUT0
                         net (fo=1, routed)           0.700     2.816    clk_core_mmcm
    BUFGCTRL_X0Y0        BUFG (Prop_bufg_I_O)         0.029     2.845 r  u_bufg_core/O
                         net (fo=3686, routed)        0.901     3.746    u_mlkem/u_alu/clk_core
    SLICE_X53Y7          FDRE                                         r  u_mlkem/u_alu/pg_reg[0][8]__0/C
                         clock pessimism             -0.586     3.160    
    SLICE_X53Y7          FDRE (Hold_fdre_C_D)         0.091     3.251    u_mlkem/u_alu/pg_reg[0][8]__0
  -------------------------------------------------------------------
                         required time                         -3.251    
                         arrival time                           3.339    
  -------------------------------------------------------------------
                         slack                                  0.088    





Pulse Width Checks
--------------------------------------------------------------------------------------
Clock Name:         clk_core_mmcm
Waveform(ns):       { 0.000 2.424 }
Period(ns):         4.848
Sources:            { u_mmcm/CLKOUT0 }

Check Type        Corner  Lib Pin             Reference Pin  Required(ns)  Actual(ns)  Slack(ns)  Location         Pin
Min Period        n/a     RAMB36E1/CLKARDCLK  n/a            2.944         4.848       1.904      RAMB36_X0Y5      u_mlkem/u_dbuf/mem_reg_0/CLKARDCLK
Min Period        n/a     RAMB36E1/CLKBWRCLK  n/a            2.944         4.848       1.904      RAMB36_X0Y5      u_mlkem/u_dbuf/mem_reg_0/CLKBWRCLK
Min Period        n/a     RAMB36E1/CLKARDCLK  n/a            2.944         4.848       1.904      RAMB36_X0Y6      u_mlkem/u_dbuf/mem_reg_1/CLKARDCLK
Min Period        n/a     RAMB36E1/CLKBWRCLK  n/a            2.944         4.848       1.904      RAMB36_X0Y6      u_mlkem/u_dbuf/mem_reg_1/CLKBWRCLK
Min Period        n/a     RAMB36E1/CLKARDCLK  n/a            2.944         4.848       1.904      RAMB36_X1Y2      u_mlkem/u_polyram/mem_reg/CLKARDCLK
Min Period        n/a     RAMB36E1/CLKBWRCLK  n/a            2.944         4.848       1.904      RAMB36_X1Y2      u_mlkem/u_polyram/mem_reg/CLKBWRCLK
Min Period        n/a     BUFG/I              n/a            2.155         4.848       2.693      BUFGCTRL_X0Y0    u_bufg_core/I
Min Period        n/a     DSP48E1/CLK         n/a            2.154         4.848       2.694      DSP48_X1Y4       u_mlkem/u_alu/u_mul0/p2_reg/CLK
Min Period        n/a     DSP48E1/CLK         n/a            2.154         4.848       2.694      DSP48_X1Y2       u_mlkem/u_alu/u_mul1/p2_reg/CLK
Min Period        n/a     MMCME2_ADV/CLKOUT0  n/a            1.249         4.848       3.599      MMCME2_ADV_X0Y0  u_mmcm/CLKOUT0
Max Period        n/a     MMCME2_ADV/CLKOUT0  n/a            213.360       4.848       208.512    MMCME2_ADV_X0Y0  u_mmcm/CLKOUT0
Low Pulse Width   Slow    SRL16E/CLK          n/a            0.980         2.424       1.444      SLICE_X62Y16     u_mlkem/u_alu/cd_reg[7][0]_srl8/CLK
Low Pulse Width   Fast    SRL16E/CLK          n/a            0.980         2.424       1.444      SLICE_X62Y16     u_mlkem/u_alu/cd_reg[7][0]_srl8/CLK
Low Pulse Width   Slow    SRL16E/CLK          n/a            0.980         2.424       1.444      SLICE_X56Y17     u_mlkem/u_alu/cd_reg[7][10]_srl8/CLK
Low Pulse Width   Fast    SRL16E/CLK          n/a            0.980         2.424       1.444      SLICE_X56Y17     u_mlkem/u_alu/cd_reg[7][10]_srl8/CLK
Low Pulse Width   Slow    SRL16E/CLK          n/a            0.980         2.424       1.444      SLICE_X56Y17     u_mlkem/u_alu/cd_reg[7][11]_srl8/CLK
Low Pulse Width   Fast    SRL16E/CLK          n/a            0.980         2.424       1.444      SLICE_X56Y17     u_mlkem/u_alu/cd_reg[7][11]_srl8/CLK
Low Pulse Width   Slow    SRL16E/CLK          n/a            0.980         2.424       1.444      SLICE_X56Y17     u_mlkem/u_alu/cd_reg[7][12]_srl8/CLK
Low Pulse Width   Fast    SRL16E/CLK          n/a            0.980         2.424       1.444      SLICE_X56Y17     u_mlkem/u_alu/cd_reg[7][12]_srl8/CLK
Low Pulse Width   Slow    SRL16E/CLK          n/a            0.980         2.424       1.444      SLICE_X56Y17     u_mlkem/u_alu/cd_reg[7][13]_srl8/CLK
Low Pulse Width   Fast    SRL16E/CLK          n/a            0.980         2.424       1.444      SLICE_X56Y17     u_mlkem/u_alu/cd_reg[7][13]_srl8/CLK
High Pulse Width  Slow    SRL16E/CLK          n/a            0.980         2.424       1.444      SLICE_X62Y16     u_mlkem/u_alu/cd_reg[7][0]_srl8/CLK
High Pulse Width  Fast    SRL16E/CLK          n/a            0.980         2.424       1.444      SLICE_X62Y16     u_mlkem/u_alu/cd_reg[7][0]_srl8/CLK
High Pulse Width  Slow    SRL16E/CLK          n/a            0.980         2.424       1.444      SLICE_X56Y17     u_mlkem/u_alu/cd_reg[7][10]_srl8/CLK
High Pulse Width  Fast    SRL16E/CLK          n/a            0.980         2.424       1.444      SLICE_X56Y17     u_mlkem/u_alu/cd_reg[7][10]_srl8/CLK
High Pulse Width  Slow    SRL16E/CLK          n/a            0.980         2.424       1.444      SLICE_X56Y17     u_mlkem/u_alu/cd_reg[7][11]_srl8/CLK
High Pulse Width  Fast    SRL16E/CLK          n/a            0.980         2.424       1.444      SLICE_X56Y17     u_mlkem/u_alu/cd_reg[7][11]_srl8/CLK
High Pulse Width  Slow    SRL16E/CLK          n/a            0.980         2.424       1.444      SLICE_X56Y17     u_mlkem/u_alu/cd_reg[7][12]_srl8/CLK
High Pulse Width  Fast    SRL16E/CLK          n/a            0.980         2.424       1.444      SLICE_X56Y17     u_mlkem/u_alu/cd_reg[7][12]_srl8/CLK
High Pulse Width  Slow    SRL16E/CLK          n/a            0.980         2.424       1.444      SLICE_X56Y17     u_mlkem/u_alu/cd_reg[7][13]_srl8/CLK
High Pulse Width  Fast    SRL16E/CLK          n/a            0.980         2.424       1.444      SLICE_X56Y17     u_mlkem/u_alu/cd_reg[7][13]_srl8/CLK



---------------------------------------------------------------------------------------------------
From Clock:  mmcm_fb
  To Clock:  mmcm_fb

Setup :           NA  Failing Endpoints,  Worst Slack           NA  ,  Total Violation           NA
Hold  :           NA  Failing Endpoints,  Worst Slack           NA  ,  Total Violation           NA
PW    :            0  Failing Endpoints,  Worst Slack       18.751ns,  Total Violation        0.000ns
---------------------------------------------------------------------------------------------------


Pulse Width Checks
--------------------------------------------------------------------------------------
Clock Name:         mmcm_fb
Waveform(ns):       { 0.000 10.000 }
Period(ns):         20.000
Sources:            { u_mmcm/CLKFBOUT }

Check Type  Corner  Lib Pin              Reference Pin  Required(ns)  Actual(ns)  Slack(ns)  Location         Pin
Min Period  n/a     MMCME2_ADV/CLKFBOUT  n/a            1.249         20.000      18.751     MMCME2_ADV_X0Y0  u_mmcm/CLKFBOUT
Min Period  n/a     MMCME2_ADV/CLKFBIN   n/a            1.249         20.000      18.751     MMCME2_ADV_X0Y0  u_mmcm/CLKFBIN
Max Period  n/a     MMCME2_ADV/CLKFBIN   n/a            100.000       20.000      80.000     MMCME2_ADV_X0Y0  u_mmcm/CLKFBIN
Max Period  n/a     MMCME2_ADV/CLKFBOUT  n/a            213.360       20.000      193.360    MMCME2_ADV_X0Y0  u_mmcm/CLKFBOUT



---------------------------------------------------------------------------------------------------
Path Group:  **async_default**
From Clock:  clk_core_mmcm
  To Clock:  clk_core_mmcm

Setup :          490  Failing Endpoints,  Worst Slack       -3.323ns,  Total Violation     -735.706ns
Hold  :            0  Failing Endpoints,  Worst Slack        0.652ns,  Total Violation        0.000ns
---------------------------------------------------------------------------------------------------


Max Delay Paths
--------------------------------------------------------------------------------------
Slack (VIOLATED) :        -3.323ns  (required time - arrival time)
  Source:                 core_rst_sync_reg[3]/C
                            (rising edge-triggered cell FDCE clocked by clk_core_mmcm  {rise@0.000ns fall@2.424ns period=4.848ns})
  Destination:            u_mlkem/u_ctrl/up_param_reg[3]/CLR
                            (recovery check against rising-edge clock clk_core_mmcm  {rise@0.000ns fall@2.424ns period=4.848ns})
  Path Group:             **async_default**
  Path Type:              Recovery (Max at Slow Process Corner)
  Requirement:            4.848ns  (clk_core_mmcm rise@4.848ns - clk_core_mmcm rise@0.000ns)
  Data Path Delay:        7.559ns  (logic 0.580ns (7.673%)  route 6.979ns (92.327%))
  Logic Levels:           1  (LUT1=1)
  Clock Path Skew:        -0.133ns (DCD - SCD + CPR)
    Destination Clock Delay (DCD):    8.870ns = ( 13.719 - 4.848 ) 
    Source Clock Delay      (SCD):    9.504ns
    Clock Pessimism Removal (CPR):    0.500ns
  Clock Uncertainty:      0.074ns  ((TSJ^2 + DJ^2)^1/2) / 2 + PE
    Total System Jitter     (TSJ):    0.071ns
    Discrete Jitter          (DJ):    0.131ns
    Phase Error              (PE):    0.000ns

    Location             Delay type                Incr(ns)  Path(ns)    Netlist Resource(s)
  -------------------------------------------------------------------    -------------------
                         (clock clk_core_mmcm rise edge)
                                                      0.000     0.000 r  
    E3                                                0.000     0.000 r  clk_100mhz (IN)
                         net (fo=0)                   0.000     0.000    clk_100mhz
    E3                   IBUF (Prop_ibuf_I_O)         1.482     1.482 r  clk_100mhz_IBUF_inst/O
                         net (fo=1, routed)           2.025     3.506    clk_100mhz_IBUF
    BUFGCTRL_X0Y16       BUFG (Prop_bufg_I_O)         0.096     3.602 r  clk_100mhz_IBUF_BUFG_inst/O
                         net (fo=2651, routed)        1.809     5.412    clk_100mhz_IBUF_BUFG
    MMCME2_ADV_X0Y0      MMCME2_ADV (Prop_mmcme2_adv_CLKIN1_CLKOUT0)
                                                      0.088     5.500 r  u_mmcm/CLKOUT0
                         net (fo=1, routed)           2.018     7.518    clk_core_mmcm
    BUFGCTRL_X0Y0        BUFG (Prop_bufg_I_O)         0.096     7.614 r  u_bufg_core/O
                         net (fo=3686, routed)        1.889     9.504    clk_core
    SLICE_X3Y33          FDCE                                         r  core_rst_sync_reg[3]/C
  -------------------------------------------------------------------    -------------------
    SLICE_X3Y33          FDCE (Prop_fdce_C_Q)         0.456     9.960 r  core_rst_sync_reg[3]/Q
                         net (fo=1, routed)           0.291    10.251    u_mlkem/u_ctrl/status_busy_reg_1[0]
    SLICE_X3Y33          LUT1 (Prop_lut1_I0_O)        0.124    10.375 f  u_mlkem/u_ctrl/round[4]_i_3/O
                         net (fo=911, routed)         6.688    17.062    u_mlkem/u_ctrl/core_rst_sync_reg[3]
    SLICE_X36Y27         FDCE                                         f  u_mlkem/u_ctrl/up_param_reg[3]/CLR
  -------------------------------------------------------------------    -------------------

                         (clock clk_core_mmcm rise edge)
                                                      4.848     4.848 r  
    E3                                                0.000     4.848 r  clk_100mhz (IN)
                         net (fo=0)                   0.000     4.848    clk_100mhz
    E3                   IBUF (Prop_ibuf_I_O)         1.411     6.260 r  clk_100mhz_IBUF_inst/O
                         net (fo=1, routed)           1.920     8.180    clk_100mhz_IBUF
    BUFGCTRL_X0Y16       BUFG (Prop_bufg_I_O)         0.091     8.271 r  clk_100mhz_IBUF_BUFG_inst/O
                         net (fo=2651, routed)        1.683     9.954    clk_100mhz_IBUF_BUFG
    MMCME2_ADV_X0Y0      MMCME2_ADV (Prop_mmcme2_adv_CLKIN1_CLKOUT0)
                                                      0.083    10.037 r  u_mmcm/CLKOUT0
                         net (fo=1, routed)           1.923    11.960    clk_core_mmcm
    BUFGCTRL_X0Y0        BUFG (Prop_bufg_I_O)         0.091    12.051 r  u_bufg_core/O
                         net (fo=3686, routed)        1.668    13.719    u_mlkem/u_ctrl/clk_core
    SLICE_X36Y27         FDCE                                         r  u_mlkem/u_ctrl/up_param_reg[3]/C
                         clock pessimism              0.500    14.219    
                         clock uncertainty           -0.074    14.144    
    SLICE_X36Y27         FDCE (Recov_fdce_C_CLR)     -0.405    13.739    u_mlkem/u_ctrl/up_param_reg[3]
  -------------------------------------------------------------------
                         required time                         13.739    
                         arrival time                         -17.062    
  -------------------------------------------------------------------
                         slack                                 -3.323    

Slack (VIOLATED) :        -3.319ns  (required time - arrival time)
  Source:                 core_rst_sync_reg[3]/C
                            (rising edge-triggered cell FDCE clocked by clk_core_mmcm  {rise@0.000ns fall@2.424ns period=4.848ns})
  Destination:            u_mlkem/u_unpack/extracted_reg[7]/CLR
                            (recovery check against rising-edge clock clk_core_mmcm  {rise@0.000ns fall@2.424ns period=4.848ns})
  Path Group:             **async_default**
  Path Type:              Recovery (Max at Slow Process Corner)
  Requirement:            4.848ns  (clk_core_mmcm rise@4.848ns - clk_core_mmcm rise@0.000ns)
  Data Path Delay:        7.555ns  (logic 0.580ns (7.677%)  route 6.975ns (92.323%))
  Logic Levels:           1  (LUT1=1)
  Clock Path Skew:        -0.133ns (DCD - SCD + CPR)
    Destination Clock Delay (DCD):    8.870ns = ( 13.719 - 4.848 ) 
    Source Clock Delay      (SCD):    9.504ns
    Clock Pessimism Removal (CPR):    0.500ns
  Clock Uncertainty:      0.074ns  ((TSJ^2 + DJ^2)^1/2) / 2 + PE
    Total System Jitter     (TSJ):    0.071ns
    Discrete Jitter          (DJ):    0.131ns
    Phase Error              (PE):    0.000ns

    Location             Delay type                Incr(ns)  Path(ns)    Netlist Resource(s)
  -------------------------------------------------------------------    -------------------
                         (clock clk_core_mmcm rise edge)
                                                      0.000     0.000 r  
    E3                                                0.000     0.000 r  clk_100mhz (IN)
                         net (fo=0)                   0.000     0.000    clk_100mhz
    E3                   IBUF (Prop_ibuf_I_O)         1.482     1.482 r  clk_100mhz_IBUF_inst/O
                         net (fo=1, routed)           2.025     3.506    clk_100mhz_IBUF
    BUFGCTRL_X0Y16       BUFG (Prop_bufg_I_O)         0.096     3.602 r  clk_100mhz_IBUF_BUFG_inst/O
                         net (fo=2651, routed)        1.809     5.412    clk_100mhz_IBUF_BUFG
    MMCME2_ADV_X0Y0      MMCME2_ADV (Prop_mmcme2_adv_CLKIN1_CLKOUT0)
                                                      0.088     5.500 r  u_mmcm/CLKOUT0
                         net (fo=1, routed)           2.018     7.518    clk_core_mmcm
    BUFGCTRL_X0Y0        BUFG (Prop_bufg_I_O)         0.096     7.614 r  u_bufg_core/O
                         net (fo=3686, routed)        1.889     9.504    clk_core
    SLICE_X3Y33          FDCE                                         r  core_rst_sync_reg[3]/C
  -------------------------------------------------------------------    -------------------
    SLICE_X3Y33          FDCE (Prop_fdce_C_Q)         0.456     9.960 r  core_rst_sync_reg[3]/Q
                         net (fo=1, routed)           0.291    10.251    u_mlkem/u_ctrl/status_busy_reg_1[0]
    SLICE_X3Y33          LUT1 (Prop_lut1_I0_O)        0.124    10.375 f  u_mlkem/u_ctrl/round[4]_i_3/O
                         net (fo=911, routed)         6.683    17.058    u_mlkem/u_unpack/running_reg_1
    SLICE_X37Y27         FDCE                                         f  u_mlkem/u_unpack/extracted_reg[7]/CLR
  -------------------------------------------------------------------    -------------------

                         (clock clk_core_mmcm rise edge)
                                                      4.848     4.848 r  
    E3                                                0.000     4.848 r  clk_100mhz (IN)
                         net (fo=0)                   0.000     4.848    clk_100mhz
    E3                   IBUF (Prop_ibuf_I_O)         1.411     6.260 r  clk_100mhz_IBUF_inst/O
                         net (fo=1, routed)           1.920     8.180    clk_100mhz_IBUF
    BUFGCTRL_X0Y16       BUFG (Prop_bufg_I_O)         0.091     8.271 r  clk_100mhz_IBUF_BUFG_inst/O
                         net (fo=2651, routed)        1.683     9.954    clk_100mhz_IBUF_BUFG
    MMCME2_ADV_X0Y0      MMCME2_ADV (Prop_mmcme2_adv_CLKIN1_CLKOUT0)
                                                      0.083    10.037 r  u_mmcm/CLKOUT0
                         net (fo=1, routed)           1.923    11.960    clk_core_mmcm
    BUFGCTRL_X0Y0        BUFG (Prop_bufg_I_O)         0.091    12.051 r  u_bufg_core/O
                         net (fo=3686, routed)        1.668    13.719    u_mlkem/u_unpack/clk_core
    SLICE_X37Y27         FDCE                                         r  u_mlkem/u_unpack/extracted_reg[7]/C
                         clock pessimism              0.500    14.219    
                         clock uncertainty           -0.074    14.144    
    SLICE_X37Y27         FDCE (Recov_fdce_C_CLR)     -0.405    13.739    u_mlkem/u_unpack/extracted_reg[7]
  -------------------------------------------------------------------
                         required time                         13.739    
                         arrival time                         -17.058    
  -------------------------------------------------------------------
                         slack                                 -3.319    

Slack (VIOLATED) :        -3.319ns  (required time - arrival time)
  Source:                 core_rst_sync_reg[3]/C
                            (rising edge-triggered cell FDCE clocked by clk_core_mmcm  {rise@0.000ns fall@2.424ns period=4.848ns})
  Destination:            u_mlkem/u_unpack/extracted_reg[8]/CLR
                            (recovery check against rising-edge clock clk_core_mmcm  {rise@0.000ns fall@2.424ns period=4.848ns})
  Path Group:             **async_default**
  Path Type:              Recovery (Max at Slow Process Corner)
  Requirement:            4.848ns  (clk_core_mmcm rise@4.848ns - clk_core_mmcm rise@0.000ns)
  Data Path Delay:        7.555ns  (logic 0.580ns (7.677%)  route 6.975ns (92.323%))
  Logic Levels:           1  (LUT1=1)
  Clock Path Skew:        -0.133ns (DCD - SCD + CPR)
    Destination Clock Delay (DCD):    8.870ns = ( 13.719 - 4.848 ) 
    Source Clock Delay      (SCD):    9.504ns
    Clock Pessimism Removal (CPR):    0.500ns
  Clock Uncertainty:      0.074ns  ((TSJ^2 + DJ^2)^1/2) / 2 + PE
    Total System Jitter     (TSJ):    0.071ns
    Discrete Jitter          (DJ):    0.131ns
    Phase Error              (PE):    0.000ns

    Location             Delay type                Incr(ns)  Path(ns)    Netlist Resource(s)
  -------------------------------------------------------------------    -------------------
                         (clock clk_core_mmcm rise edge)
                                                      0.000     0.000 r  
    E3                                                0.000     0.000 r  clk_100mhz (IN)
                         net (fo=0)                   0.000     0.000    clk_100mhz
    E3                   IBUF (Prop_ibuf_I_O)         1.482     1.482 r  clk_100mhz_IBUF_inst/O
                         net (fo=1, routed)           2.025     3.506    clk_100mhz_IBUF
    BUFGCTRL_X0Y16       BUFG (Prop_bufg_I_O)         0.096     3.602 r  clk_100mhz_IBUF_BUFG_inst/O
                         net (fo=2651, routed)        1.809     5.412    clk_100mhz_IBUF_BUFG
    MMCME2_ADV_X0Y0      MMCME2_ADV (Prop_mmcme2_adv_CLKIN1_CLKOUT0)
                                                      0.088     5.500 r  u_mmcm/CLKOUT0
                         net (fo=1, routed)           2.018     7.518    clk_core_mmcm
    BUFGCTRL_X0Y0        BUFG (Prop_bufg_I_O)         0.096     7.614 r  u_bufg_core/O
                         net (fo=3686, routed)        1.889     9.504    clk_core
    SLICE_X3Y33          FDCE                                         r  core_rst_sync_reg[3]/C
  -------------------------------------------------------------------    -------------------
    SLICE_X3Y33          FDCE (Prop_fdce_C_Q)         0.456     9.960 r  core_rst_sync_reg[3]/Q
                         net (fo=1, routed)           0.291    10.251    u_mlkem/u_ctrl/status_busy_reg_1[0]
    SLICE_X3Y33          LUT1 (Prop_lut1_I0_O)        0.124    10.375 f  u_mlkem/u_ctrl/round[4]_i_3/O
                         net (fo=911, routed)         6.683    17.058    u_mlkem/u_unpack/running_reg_1
    SLICE_X37Y27         FDCE                                         f  u_mlkem/u_unpack/extracted_reg[8]/CLR
  -------------------------------------------------------------------    -------------------

                         (clock clk_core_mmcm rise edge)
                                                      4.848     4.848 r  
    E3                                                0.000     4.848 r  clk_100mhz (IN)
                         net (fo=0)                   0.000     4.848    clk_100mhz
    E3                   IBUF (Prop_ibuf_I_O)         1.411     6.260 r  clk_100mhz_IBUF_inst/O
                         net (fo=1, routed)           1.920     8.180    clk_100mhz_IBUF
    BUFGCTRL_X0Y16       BUFG (Prop_bufg_I_O)         0.091     8.271 r  clk_100mhz_IBUF_BUFG_inst/O
                         net (fo=2651, routed)        1.683     9.954    clk_100mhz_IBUF_BUFG
    MMCME2_ADV_X0Y0      MMCME2_ADV (Prop_mmcme2_adv_CLKIN1_CLKOUT0)
                                                      0.083    10.037 r  u_mmcm/CLKOUT0
                         net (fo=1, routed)           1.923    11.960    clk_core_mmcm
    BUFGCTRL_X0Y0        BUFG (Prop_bufg_I_O)         0.091    12.051 r  u_bufg_core/O
                         net (fo=3686, routed)        1.668    13.719    u_mlkem/u_unpack/clk_core
    SLICE_X37Y27         FDCE                                         r  u_mlkem/u_unpack/extracted_reg[8]/C
                         clock pessimism              0.500    14.219    
                         clock uncertainty           -0.074    14.144    
    SLICE_X37Y27         FDCE (Recov_fdce_C_CLR)     -0.405    13.739    u_mlkem/u_unpack/extracted_reg[8]
  -------------------------------------------------------------------
                         required time                         13.739    
                         arrival time                         -17.058    
  -------------------------------------------------------------------
                         slack                                 -3.319    

Slack (VIOLATED) :        -3.306ns  (required time - arrival time)
  Source:                 core_rst_sync_reg[3]/C
                            (rising edge-triggered cell FDCE clocked by clk_core_mmcm  {rise@0.000ns fall@2.424ns period=4.848ns})
  Destination:            u_mlkem/u_unpack/nbits_reg[5]/CLR
                            (recovery check against rising-edge clock clk_core_mmcm  {rise@0.000ns fall@2.424ns period=4.848ns})
  Path Group:             **async_default**
  Path Type:              Recovery (Max at Slow Process Corner)
  Requirement:            4.848ns  (clk_core_mmcm rise@4.848ns - clk_core_mmcm rise@0.000ns)
  Data Path Delay:        7.543ns  (logic 0.580ns (7.689%)  route 6.963ns (92.311%))
  Logic Levels:           1  (LUT1=1)
  Clock Path Skew:        -0.132ns (DCD - SCD + CPR)
    Destination Clock Delay (DCD):    8.871ns = ( 13.720 - 4.848 ) 
    Source Clock Delay      (SCD):    9.504ns
    Clock Pessimism Removal (CPR):    0.500ns
  Clock Uncertainty:      0.074ns  ((TSJ^2 + DJ^2)^1/2) / 2 + PE
    Total System Jitter     (TSJ):    0.071ns
    Discrete Jitter          (DJ):    0.131ns
    Phase Error              (PE):    0.000ns

    Location             Delay type                Incr(ns)  Path(ns)    Netlist Resource(s)
  -------------------------------------------------------------------    -------------------
                         (clock clk_core_mmcm rise edge)
                                                      0.000     0.000 r  
    E3                                                0.000     0.000 r  clk_100mhz (IN)
                         net (fo=0)                   0.000     0.000    clk_100mhz
    E3                   IBUF (Prop_ibuf_I_O)         1.482     1.482 r  clk_100mhz_IBUF_inst/O
                         net (fo=1, routed)           2.025     3.506    clk_100mhz_IBUF
    BUFGCTRL_X0Y16       BUFG (Prop_bufg_I_O)         0.096     3.602 r  clk_100mhz_IBUF_BUFG_inst/O
                         net (fo=2651, routed)        1.809     5.412    clk_100mhz_IBUF_BUFG
    MMCME2_ADV_X0Y0      MMCME2_ADV (Prop_mmcme2_adv_CLKIN1_CLKOUT0)
                                                      0.088     5.500 r  u_mmcm/CLKOUT0
                         net (fo=1, routed)           2.018     7.518    clk_core_mmcm
    BUFGCTRL_X0Y0        BUFG (Prop_bufg_I_O)         0.096     7.614 r  u_bufg_core/O
                         net (fo=3686, routed)        1.889     9.504    clk_core
    SLICE_X3Y33          FDCE                                         r  core_rst_sync_reg[3]/C
  -------------------------------------------------------------------    -------------------
    SLICE_X3Y33          FDCE (Prop_fdce_C_Q)         0.456     9.960 r  core_rst_sync_reg[3]/Q
                         net (fo=1, routed)           0.291    10.251    u_mlkem/u_ctrl/status_busy_reg_1[0]
    SLICE_X3Y33          LUT1 (Prop_lut1_I0_O)        0.124    10.375 f  u_mlkem/u_ctrl/round[4]_i_3/O
                         net (fo=911, routed)         6.672    17.046    u_mlkem/u_unpack/running_reg_1
    SLICE_X41Y29         FDCE                                         f  u_mlkem/u_unpack/nbits_reg[5]/CLR
  -------------------------------------------------------------------    -------------------

                         (clock clk_core_mmcm rise edge)
                                                      4.848     4.848 r  
    E3                                                0.000     4.848 r  clk_100mhz (IN)
                         net (fo=0)                   0.000     4.848    clk_100mhz
    E3                   IBUF (Prop_ibuf_I_O)         1.411     6.260 r  clk_100mhz_IBUF_inst/O
                         net (fo=1, routed)           1.920     8.180    clk_100mhz_IBUF
    BUFGCTRL_X0Y16       BUFG (Prop_bufg_I_O)         0.091     8.271 r  clk_100mhz_IBUF_BUFG_inst/O
                         net (fo=2651, routed)        1.683     9.954    clk_100mhz_IBUF_BUFG
    MMCME2_ADV_X0Y0      MMCME2_ADV (Prop_mmcme2_adv_CLKIN1_CLKOUT0)
                                                      0.083    10.037 r  u_mmcm/CLKOUT0
                         net (fo=1, routed)           1.923    11.960    clk_core_mmcm
    BUFGCTRL_X0Y0        BUFG (Prop_bufg_I_O)         0.091    12.051 r  u_bufg_core/O
                         net (fo=3686, routed)        1.669    13.720    u_mlkem/u_unpack/clk_core
    SLICE_X41Y29         FDCE                                         r  u_mlkem/u_unpack/nbits_reg[5]/C
                         clock pessimism              0.500    14.220    
                         clock uncertainty           -0.074    14.145    
    SLICE_X41Y29         FDCE (Recov_fdce_C_CLR)     -0.405    13.740    u_mlkem/u_unpack/nbits_reg[5]
  -------------------------------------------------------------------
                         required time                         13.740    
                         arrival time                         -17.046    
  -------------------------------------------------------------------
                         slack                                 -3.306    

Slack (VIOLATED) :        -3.180ns  (required time - arrival time)
  Source:                 core_rst_sync_reg[3]/C
                            (rising edge-triggered cell FDCE clocked by clk_core_mmcm  {rise@0.000ns fall@2.424ns period=4.848ns})
  Destination:            u_mlkem/u_unpack/extracted_reg[5]/CLR
                            (recovery check against rising-edge clock clk_core_mmcm  {rise@0.000ns fall@2.424ns period=4.848ns})
  Path Group:             **async_default**
  Path Type:              Recovery (Max at Slow Process Corner)
  Requirement:            4.848ns  (clk_core_mmcm rise@4.848ns - clk_core_mmcm rise@0.000ns)
  Data Path Delay:        7.418ns  (logic 0.580ns (7.819%)  route 6.838ns (92.181%))
  Logic Levels:           1  (LUT1=1)
  Clock Path Skew:        -0.131ns (DCD - SCD + CPR)
    Destination Clock Delay (DCD):    8.872ns = ( 13.721 - 4.848 ) 
    Source Clock Delay      (SCD):    9.504ns
    Clock Pessimism Removal (CPR):    0.500ns
  Clock Uncertainty:      0.074ns  ((TSJ^2 + DJ^2)^1/2) / 2 + PE
    Total System Jitter     (TSJ):    0.071ns
    Discrete Jitter          (DJ):    0.131ns
    Phase Error              (PE):    0.000ns

    Location             Delay type                Incr(ns)  Path(ns)    Netlist Resource(s)
  -------------------------------------------------------------------    -------------------
                         (clock clk_core_mmcm rise edge)
                                                      0.000     0.000 r  
    E3                                                0.000     0.000 r  clk_100mhz (IN)
                         net (fo=0)                   0.000     0.000    clk_100mhz
    E3                   IBUF (Prop_ibuf_I_O)         1.482     1.482 r  clk_100mhz_IBUF_inst/O
                         net (fo=1, routed)           2.025     3.506    clk_100mhz_IBUF
    BUFGCTRL_X0Y16       BUFG (Prop_bufg_I_O)         0.096     3.602 r  clk_100mhz_IBUF_BUFG_inst/O
                         net (fo=2651, routed)        1.809     5.412    clk_100mhz_IBUF_BUFG
    MMCME2_ADV_X0Y0      MMCME2_ADV (Prop_mmcme2_adv_CLKIN1_CLKOUT0)
                                                      0.088     5.500 r  u_mmcm/CLKOUT0
                         net (fo=1, routed)           2.018     7.518    clk_core_mmcm
    BUFGCTRL_X0Y0        BUFG (Prop_bufg_I_O)         0.096     7.614 r  u_bufg_core/O
                         net (fo=3686, routed)        1.889     9.504    clk_core
    SLICE_X3Y33          FDCE                                         r  core_rst_sync_reg[3]/C
  -------------------------------------------------------------------    -------------------
    SLICE_X3Y33          FDCE (Prop_fdce_C_Q)         0.456     9.960 r  core_rst_sync_reg[3]/Q
                         net (fo=1, routed)           0.291    10.251    u_mlkem/u_ctrl/status_busy_reg_1[0]
    SLICE_X3Y33          LUT1 (Prop_lut1_I0_O)        0.124    10.375 f  u_mlkem/u_ctrl/round[4]_i_3/O
                         net (fo=911, routed)         6.547    16.922    u_mlkem/u_unpack/running_reg_1
    SLICE_X36Y28         FDCE                                         f  u_mlkem/u_unpack/extracted_reg[5]/CLR
  -------------------------------------------------------------------    -------------------

                         (clock clk_core_mmcm rise edge)
                                                      4.848     4.848 r  
    E3                                                0.000     4.848 r  clk_100mhz (IN)
                         net (fo=0)                   0.000     4.848    clk_100mhz
    E3                   IBUF (Prop_ibuf_I_O)         1.411     6.260 r  clk_100mhz_IBUF_inst/O
                         net (fo=1, routed)           1.920     8.180    clk_100mhz_IBUF
    BUFGCTRL_X0Y16       BUFG (Prop_bufg_I_O)         0.091     8.271 r  clk_100mhz_IBUF_BUFG_inst/O
                         net (fo=2651, routed)        1.683     9.954    clk_100mhz_IBUF_BUFG
    MMCME2_ADV_X0Y0      MMCME2_ADV (Prop_mmcme2_adv_CLKIN1_CLKOUT0)
                                                      0.083    10.037 r  u_mmcm/CLKOUT0
                         net (fo=1, routed)           1.923    11.960    clk_core_mmcm
    BUFGCTRL_X0Y0        BUFG (Prop_bufg_I_O)         0.091    12.051 r  u_bufg_core/O
                         net (fo=3686, routed)        1.670    13.721    u_mlkem/u_unpack/clk_core
    SLICE_X36Y28         FDCE                                         r  u_mlkem/u_unpack/extracted_reg[5]/C
                         clock pessimism              0.500    14.221    
                         clock uncertainty           -0.074    14.146    
    SLICE_X36Y28         FDCE (Recov_fdce_C_CLR)     -0.405    13.741    u_mlkem/u_unpack/extracted_reg[5]
  -------------------------------------------------------------------
                         required time                         13.741    
                         arrival time                         -16.922    
  -------------------------------------------------------------------
                         slack                                 -3.180    

Slack (VIOLATED) :        -3.180ns  (required time - arrival time)
  Source:                 core_rst_sync_reg[3]/C
                            (rising edge-triggered cell FDCE clocked by clk_core_mmcm  {rise@0.000ns fall@2.424ns period=4.848ns})
  Destination:            u_mlkem/u_unpack/extracted_reg[6]/CLR
                            (recovery check against rising-edge clock clk_core_mmcm  {rise@0.000ns fall@2.424ns period=4.848ns})
  Path Group:             **async_default**
  Path Type:              Recovery (Max at Slow Process Corner)
  Requirement:            4.848ns  (clk_core_mmcm rise@4.848ns - clk_core_mmcm rise@0.000ns)
  Data Path Delay:        7.418ns  (logic 0.580ns (7.819%)  route 6.838ns (92.181%))
  Logic Levels:           1  (LUT1=1)
  Clock Path Skew:        -0.131ns (DCD - SCD + CPR)
    Destination Clock Delay (DCD):    8.872ns = ( 13.721 - 4.848 ) 
    Source Clock Delay      (SCD):    9.504ns
    Clock Pessimism Removal (CPR):    0.500ns
  Clock Uncertainty:      0.074ns  ((TSJ^2 + DJ^2)^1/2) / 2 + PE
    Total System Jitter     (TSJ):    0.071ns
    Discrete Jitter          (DJ):    0.131ns
    Phase Error              (PE):    0.000ns

    Location             Delay type                Incr(ns)  Path(ns)    Netlist Resource(s)
  -------------------------------------------------------------------    -------------------
                         (clock clk_core_mmcm rise edge)
                                                      0.000     0.000 r  
    E3                                                0.000     0.000 r  clk_100mhz (IN)
                         net (fo=0)                   0.000     0.000    clk_100mhz
    E3                   IBUF (Prop_ibuf_I_O)         1.482     1.482 r  clk_100mhz_IBUF_inst/O
                         net (fo=1, routed)           2.025     3.506    clk_100mhz_IBUF
    BUFGCTRL_X0Y16       BUFG (Prop_bufg_I_O)         0.096     3.602 r  clk_100mhz_IBUF_BUFG_inst/O
                         net (fo=2651, routed)        1.809     5.412    clk_100mhz_IBUF_BUFG
    MMCME2_ADV_X0Y0      MMCME2_ADV (Prop_mmcme2_adv_CLKIN1_CLKOUT0)
                                                      0.088     5.500 r  u_mmcm/CLKOUT0
                         net (fo=1, routed)           2.018     7.518    clk_core_mmcm
    BUFGCTRL_X0Y0        BUFG (Prop_bufg_I_O)         0.096     7.614 r  u_bufg_core/O
                         net (fo=3686, routed)        1.889     9.504    clk_core
    SLICE_X3Y33          FDCE                                         r  core_rst_sync_reg[3]/C
  -------------------------------------------------------------------    -------------------
    SLICE_X3Y33          FDCE (Prop_fdce_C_Q)         0.456     9.960 r  core_rst_sync_reg[3]/Q
                         net (fo=1, routed)           0.291    10.251    u_mlkem/u_ctrl/status_busy_reg_1[0]
    SLICE_X3Y33          LUT1 (Prop_lut1_I0_O)        0.124    10.375 f  u_mlkem/u_ctrl/round[4]_i_3/O
                         net (fo=911, routed)         6.547    16.922    u_mlkem/u_unpack/running_reg_1
    SLICE_X36Y28         FDCE                                         f  u_mlkem/u_unpack/extracted_reg[6]/CLR
  -------------------------------------------------------------------    -------------------

                         (clock clk_core_mmcm rise edge)
                                                      4.848     4.848 r  
    E3                                                0.000     4.848 r  clk_100mhz (IN)
                         net (fo=0)                   0.000     4.848    clk_100mhz
    E3                   IBUF (Prop_ibuf_I_O)         1.411     6.260 r  clk_100mhz_IBUF_inst/O
                         net (fo=1, routed)           1.920     8.180    clk_100mhz_IBUF
    BUFGCTRL_X0Y16       BUFG (Prop_bufg_I_O)         0.091     8.271 r  clk_100mhz_IBUF_BUFG_inst/O
                         net (fo=2651, routed)        1.683     9.954    clk_100mhz_IBUF_BUFG
    MMCME2_ADV_X0Y0      MMCME2_ADV (Prop_mmcme2_adv_CLKIN1_CLKOUT0)
                                                      0.083    10.037 r  u_mmcm/CLKOUT0
                         net (fo=1, routed)           1.923    11.960    clk_core_mmcm
    BUFGCTRL_X0Y0        BUFG (Prop_bufg_I_O)         0.091    12.051 r  u_bufg_core/O
                         net (fo=3686, routed)        1.670    13.721    u_mlkem/u_unpack/clk_core
    SLICE_X36Y28         FDCE                                         r  u_mlkem/u_unpack/extracted_reg[6]/C
                         clock pessimism              0.500    14.221    
                         clock uncertainty           -0.074    14.146    
    SLICE_X36Y28         FDCE (Recov_fdce_C_CLR)     -0.405    13.741    u_mlkem/u_unpack/extracted_reg[6]
  -------------------------------------------------------------------
                         required time                         13.741    
                         arrival time                         -16.922    
  -------------------------------------------------------------------
                         slack                                 -3.180    

Slack (VIOLATED) :        -3.180ns  (required time - arrival time)
  Source:                 core_rst_sync_reg[3]/C
                            (rising edge-triggered cell FDCE clocked by clk_core_mmcm  {rise@0.000ns fall@2.424ns period=4.848ns})
  Destination:            u_mlkem/u_unpack/nbits_reg[6]/CLR
                            (recovery check against rising-edge clock clk_core_mmcm  {rise@0.000ns fall@2.424ns period=4.848ns})
  Path Group:             **async_default**
  Path Type:              Recovery (Max at Slow Process Corner)
  Requirement:            4.848ns  (clk_core_mmcm rise@4.848ns - clk_core_mmcm rise@0.000ns)
  Data Path Delay:        7.418ns  (logic 0.580ns (7.819%)  route 6.838ns (92.181%))
  Logic Levels:           1  (LUT1=1)
  Clock Path Skew:        -0.131ns (DCD - SCD + CPR)
    Destination Clock Delay (DCD):    8.872ns = ( 13.721 - 4.848 ) 
    Source Clock Delay      (SCD):    9.504ns
    Clock Pessimism Removal (CPR):    0.500ns
  Clock Uncertainty:      0.074ns  ((TSJ^2 + DJ^2)^1/2) / 2 + PE
    Total System Jitter     (TSJ):    0.071ns
    Discrete Jitter          (DJ):    0.131ns
    Phase Error              (PE):    0.000ns

    Location             Delay type                Incr(ns)  Path(ns)    Netlist Resource(s)
  -------------------------------------------------------------------    -------------------
                         (clock clk_core_mmcm rise edge)
                                                      0.000     0.000 r  
    E3                                                0.000     0.000 r  clk_100mhz (IN)
                         net (fo=0)                   0.000     0.000    clk_100mhz
    E3                   IBUF (Prop_ibuf_I_O)         1.482     1.482 r  clk_100mhz_IBUF_inst/O
                         net (fo=1, routed)           2.025     3.506    clk_100mhz_IBUF
    BUFGCTRL_X0Y16       BUFG (Prop_bufg_I_O)         0.096     3.602 r  clk_100mhz_IBUF_BUFG_inst/O
                         net (fo=2651, routed)        1.809     5.412    clk_100mhz_IBUF_BUFG
    MMCME2_ADV_X0Y0      MMCME2_ADV (Prop_mmcme2_adv_CLKIN1_CLKOUT0)
                                                      0.088     5.500 r  u_mmcm/CLKOUT0
                         net (fo=1, routed)           2.018     7.518    clk_core_mmcm
    BUFGCTRL_X0Y0        BUFG (Prop_bufg_I_O)         0.096     7.614 r  u_bufg_core/O
                         net (fo=3686, routed)        1.889     9.504    clk_core
    SLICE_X3Y33          FDCE                                         r  core_rst_sync_reg[3]/C
  -------------------------------------------------------------------    -------------------
    SLICE_X3Y33          FDCE (Prop_fdce_C_Q)         0.456     9.960 r  core_rst_sync_reg[3]/Q
                         net (fo=1, routed)           0.291    10.251    u_mlkem/u_ctrl/status_busy_reg_1[0]
    SLICE_X3Y33          LUT1 (Prop_lut1_I0_O)        0.124    10.375 f  u_mlkem/u_ctrl/round[4]_i_3/O
                         net (fo=911, routed)         6.547    16.922    u_mlkem/u_unpack/running_reg_1
    SLICE_X36Y28         FDCE                                         f  u_mlkem/u_unpack/nbits_reg[6]/CLR
  -------------------------------------------------------------------    -------------------

                         (clock clk_core_mmcm rise edge)
                                                      4.848     4.848 r  
    E3                                                0.000     4.848 r  clk_100mhz (IN)
                         net (fo=0)                   0.000     4.848    clk_100mhz
    E3                   IBUF (Prop_ibuf_I_O)         1.411     6.260 r  clk_100mhz_IBUF_inst/O
                         net (fo=1, routed)           1.920     8.180    clk_100mhz_IBUF
    BUFGCTRL_X0Y16       BUFG (Prop_bufg_I_O)         0.091     8.271 r  clk_100mhz_IBUF_BUFG_inst/O
                         net (fo=2651, routed)        1.683     9.954    clk_100mhz_IBUF_BUFG
    MMCME2_ADV_X0Y0      MMCME2_ADV (Prop_mmcme2_adv_CLKIN1_CLKOUT0)
                                                      0.083    10.037 r  u_mmcm/CLKOUT0
                         net (fo=1, routed)           1.923    11.960    clk_core_mmcm
    BUFGCTRL_X0Y0        BUFG (Prop_bufg_I_O)         0.091    12.051 r  u_bufg_core/O
                         net (fo=3686, routed)        1.670    13.721    u_mlkem/u_unpack/clk_core
    SLICE_X36Y28         FDCE                                         r  u_mlkem/u_unpack/nbits_reg[6]/C
                         clock pessimism              0.500    14.221    
                         clock uncertainty           -0.074    14.146    
    SLICE_X36Y28         FDCE (Recov_fdce_C_CLR)     -0.405    13.741    u_mlkem/u_unpack/nbits_reg[6]
  -------------------------------------------------------------------
                         required time                         13.741    
                         arrival time                         -16.922    
  -------------------------------------------------------------------
                         slack                                 -3.180    

Slack (VIOLATED) :        -3.176ns  (required time - arrival time)
  Source:                 core_rst_sync_reg[3]/C
                            (rising edge-triggered cell FDCE clocked by clk_core_mmcm  {rise@0.000ns fall@2.424ns period=4.848ns})
  Destination:            u_mlkem/u_ctrl/up_check_reg/CLR
                            (recovery check against rising-edge clock clk_core_mmcm  {rise@0.000ns fall@2.424ns period=4.848ns})
  Path Group:             **async_default**
  Path Type:              Recovery (Max at Slow Process Corner)
  Requirement:            4.848ns  (clk_core_mmcm rise@4.848ns - clk_core_mmcm rise@0.000ns)
  Data Path Delay:        7.414ns  (logic 0.580ns (7.823%)  route 6.834ns (92.177%))
  Logic Levels:           1  (LUT1=1)
  Clock Path Skew:        -0.131ns (DCD - SCD + CPR)
    Destination Clock Delay (DCD):    8.872ns = ( 13.721 - 4.848 ) 
    Source Clock Delay      (SCD):    9.504ns
    Clock Pessimism Removal (CPR):    0.500ns
  Clock Uncertainty:      0.074ns  ((TSJ^2 + DJ^2)^1/2) / 2 + PE
    Total System Jitter     (TSJ):    0.071ns
    Discrete Jitter          (DJ):    0.131ns
    Phase Error              (PE):    0.000ns

    Location             Delay type                Incr(ns)  Path(ns)    Netlist Resource(s)
  -------------------------------------------------------------------    -------------------
                         (clock clk_core_mmcm rise edge)
                                                      0.000     0.000 r  
    E3                                                0.000     0.000 r  clk_100mhz (IN)
                         net (fo=0)                   0.000     0.000    clk_100mhz
    E3                   IBUF (Prop_ibuf_I_O)         1.482     1.482 r  clk_100mhz_IBUF_inst/O
                         net (fo=1, routed)           2.025     3.506    clk_100mhz_IBUF
    BUFGCTRL_X0Y16       BUFG (Prop_bufg_I_O)         0.096     3.602 r  clk_100mhz_IBUF_BUFG_inst/O
                         net (fo=2651, routed)        1.809     5.412    clk_100mhz_IBUF_BUFG
    MMCME2_ADV_X0Y0      MMCME2_ADV (Prop_mmcme2_adv_CLKIN1_CLKOUT0)
                                                      0.088     5.500 r  u_mmcm/CLKOUT0
                         net (fo=1, routed)           2.018     7.518    clk_core_mmcm
    BUFGCTRL_X0Y0        BUFG (Prop_bufg_I_O)         0.096     7.614 r  u_bufg_core/O
                         net (fo=3686, routed)        1.889     9.504    clk_core
    SLICE_X3Y33          FDCE                                         r  core_rst_sync_reg[3]/C
  -------------------------------------------------------------------    -------------------
    SLICE_X3Y33          FDCE (Prop_fdce_C_Q)         0.456     9.960 r  core_rst_sync_reg[3]/Q
                         net (fo=1, routed)           0.291    10.251    u_mlkem/u_ctrl/status_busy_reg_1[0]
    SLICE_X3Y33          LUT1 (Prop_lut1_I0_O)        0.124    10.375 f  u_mlkem/u_ctrl/round[4]_i_3/O
                         net (fo=911, routed)         6.543    16.917    u_mlkem/u_ctrl/core_rst_sync_reg[3]
    SLICE_X37Y28         FDCE                                         f  u_mlkem/u_ctrl/up_check_reg/CLR
  -------------------------------------------------------------------    -------------------

                         (clock clk_core_mmcm rise edge)
                                                      4.848     4.848 r  
    E3                                                0.000     4.848 r  clk_100mhz (IN)
                         net (fo=0)                   0.000     4.848    clk_100mhz
    E3                   IBUF (Prop_ibuf_I_O)         1.411     6.260 r  clk_100mhz_IBUF_inst/O
                         net (fo=1, routed)           1.920     8.180    clk_100mhz_IBUF
    BUFGCTRL_X0Y16       BUFG (Prop_bufg_I_O)         0.091     8.271 r  clk_100mhz_IBUF_BUFG_inst/O
                         net (fo=2651, routed)        1.683     9.954    clk_100mhz_IBUF_BUFG
    MMCME2_ADV_X0Y0      MMCME2_ADV (Prop_mmcme2_adv_CLKIN1_CLKOUT0)
                                                      0.083    10.037 r  u_mmcm/CLKOUT0
                         net (fo=1, routed)           1.923    11.960    clk_core_mmcm
    BUFGCTRL_X0Y0        BUFG (Prop_bufg_I_O)         0.091    12.051 r  u_bufg_core/O
                         net (fo=3686, routed)        1.670    13.721    u_mlkem/u_ctrl/clk_core
    SLICE_X37Y28         FDCE                                         r  u_mlkem/u_ctrl/up_check_reg/C
                         clock pessimism              0.500    14.221    
                         clock uncertainty           -0.074    14.146    
    SLICE_X37Y28         FDCE (Recov_fdce_C_CLR)     -0.405    13.741    u_mlkem/u_ctrl/up_check_reg
  -------------------------------------------------------------------
                         required time                         13.741    
                         arrival time                         -16.917    
  -------------------------------------------------------------------
                         slack                                 -3.176    

Slack (VIOLATED) :        -3.031ns  (required time - arrival time)
  Source:                 core_rst_sync_reg[3]/C
                            (rising edge-triggered cell FDCE clocked by clk_core_mmcm  {rise@0.000ns fall@2.424ns period=4.848ns})
  Destination:            u_mlkem/u_unpack/cr_v_reg/CLR
                            (recovery check against rising-edge clock clk_core_mmcm  {rise@0.000ns fall@2.424ns period=4.848ns})
  Path Group:             **async_default**
  Path Type:              Recovery (Max at Slow Process Corner)
  Requirement:            4.848ns  (clk_core_mmcm rise@4.848ns - clk_core_mmcm rise@0.000ns)
  Data Path Delay:        7.270ns  (logic 0.580ns (7.978%)  route 6.690ns (92.022%))
  Logic Levels:           1  (LUT1=1)
  Clock Path Skew:        -0.130ns (DCD - SCD + CPR)
    Destination Clock Delay (DCD):    8.873ns = ( 13.722 - 4.848 ) 
    Source Clock Delay      (SCD):    9.504ns
    Clock Pessimism Removal (CPR):    0.500ns
  Clock Uncertainty:      0.074ns  ((TSJ^2 + DJ^2)^1/2) / 2 + PE
    Total System Jitter     (TSJ):    0.071ns
    Discrete Jitter          (DJ):    0.131ns
    Phase Error              (PE):    0.000ns

    Location             Delay type                Incr(ns)  Path(ns)    Netlist Resource(s)
  -------------------------------------------------------------------    -------------------
                         (clock clk_core_mmcm rise edge)
                                                      0.000     0.000 r  
    E3                                                0.000     0.000 r  clk_100mhz (IN)
                         net (fo=0)                   0.000     0.000    clk_100mhz
    E3                   IBUF (Prop_ibuf_I_O)         1.482     1.482 r  clk_100mhz_IBUF_inst/O
                         net (fo=1, routed)           2.025     3.506    clk_100mhz_IBUF
    BUFGCTRL_X0Y16       BUFG (Prop_bufg_I_O)         0.096     3.602 r  clk_100mhz_IBUF_BUFG_inst/O
                         net (fo=2651, routed)        1.809     5.412    clk_100mhz_IBUF_BUFG
    MMCME2_ADV_X0Y0      MMCME2_ADV (Prop_mmcme2_adv_CLKIN1_CLKOUT0)
                                                      0.088     5.500 r  u_mmcm/CLKOUT0
                         net (fo=1, routed)           2.018     7.518    clk_core_mmcm
    BUFGCTRL_X0Y0        BUFG (Prop_bufg_I_O)         0.096     7.614 r  u_bufg_core/O
                         net (fo=3686, routed)        1.889     9.504    clk_core
    SLICE_X3Y33          FDCE                                         r  core_rst_sync_reg[3]/C
  -------------------------------------------------------------------    -------------------
    SLICE_X3Y33          FDCE (Prop_fdce_C_Q)         0.456     9.960 r  core_rst_sync_reg[3]/Q
                         net (fo=1, routed)           0.291    10.251    u_mlkem/u_ctrl/status_busy_reg_1[0]
    SLICE_X3Y33          LUT1 (Prop_lut1_I0_O)        0.124    10.375 f  u_mlkem/u_ctrl/round[4]_i_3/O
                         net (fo=911, routed)         6.399    16.773    u_mlkem/u_unpack/running_reg_1
    SLICE_X36Y29         FDCE                                         f  u_mlkem/u_unpack/cr_v_reg/CLR
  -------------------------------------------------------------------    -------------------

                         (clock clk_core_mmcm rise edge)
                                                      4.848     4.848 r  
    E3                                                0.000     4.848 r  clk_100mhz (IN)
                         net (fo=0)                   0.000     4.848    clk_100mhz
    E3                   IBUF (Prop_ibuf_I_O)         1.411     6.260 r  clk_100mhz_IBUF_inst/O
                         net (fo=1, routed)           1.920     8.180    clk_100mhz_IBUF
    BUFGCTRL_X0Y16       BUFG (Prop_bufg_I_O)         0.091     8.271 r  clk_100mhz_IBUF_BUFG_inst/O
                         net (fo=2651, routed)        1.683     9.954    clk_100mhz_IBUF_BUFG
    MMCME2_ADV_X0Y0      MMCME2_ADV (Prop_mmcme2_adv_CLKIN1_CLKOUT0)
                                                      0.083    10.037 r  u_mmcm/CLKOUT0
                         net (fo=1, routed)           1.923    11.960    clk_core_mmcm
    BUFGCTRL_X0Y0        BUFG (Prop_bufg_I_O)         0.091    12.051 r  u_bufg_core/O
                         net (fo=3686, routed)        1.671    13.722    u_mlkem/u_unpack/clk_core
    SLICE_X36Y29         FDCE                                         r  u_mlkem/u_unpack/cr_v_reg/C
                         clock pessimism              0.500    14.222    
                         clock uncertainty           -0.074    14.147    
    SLICE_X36Y29         FDCE (Recov_fdce_C_CLR)     -0.405    13.742    u_mlkem/u_unpack/cr_v_reg
  -------------------------------------------------------------------
                         required time                         13.742    
                         arrival time                         -16.773    
  -------------------------------------------------------------------
                         slack                                 -3.031    

Slack (VIOLATED) :        -3.022ns  (required time - arrival time)
  Source:                 core_rst_sync_reg[3]/C
                            (rising edge-triggered cell FDCE clocked by clk_core_mmcm  {rise@0.000ns fall@2.424ns period=4.848ns})
  Destination:            u_mlkem/u_pack/acc_reg[19]/CLR
                            (recovery check against rising-edge clock clk_core_mmcm  {rise@0.000ns fall@2.424ns period=4.848ns})
  Path Group:             **async_default**
  Path Type:              Recovery (Max at Slow Process Corner)
  Requirement:            4.848ns  (clk_core_mmcm rise@4.848ns - clk_core_mmcm rise@0.000ns)
  Data Path Delay:        7.256ns  (logic 0.580ns (7.993%)  route 6.676ns (92.007%))
  Logic Levels:           1  (LUT1=1)
  Clock Path Skew:        -0.135ns (DCD - SCD + CPR)
    Destination Clock Delay (DCD):    8.868ns = ( 13.717 - 4.848 ) 
    Source Clock Delay      (SCD):    9.504ns
    Clock Pessimism Removal (CPR):    0.500ns
  Clock Uncertainty:      0.074ns  ((TSJ^2 + DJ^2)^1/2) / 2 + PE
    Total System Jitter     (TSJ):    0.071ns
    Discrete Jitter          (DJ):    0.131ns
    Phase Error              (PE):    0.000ns

    Location             Delay type                Incr(ns)  Path(ns)    Netlist Resource(s)
  -------------------------------------------------------------------    -------------------
                         (clock clk_core_mmcm rise edge)
                                                      0.000     0.000 r  
    E3                                                0.000     0.000 r  clk_100mhz (IN)
                         net (fo=0)                   0.000     0.000    clk_100mhz
    E3                   IBUF (Prop_ibuf_I_O)         1.482     1.482 r  clk_100mhz_IBUF_inst/O
                         net (fo=1, routed)           2.025     3.506    clk_100mhz_IBUF
    BUFGCTRL_X0Y16       BUFG (Prop_bufg_I_O)         0.096     3.602 r  clk_100mhz_IBUF_BUFG_inst/O
                         net (fo=2651, routed)        1.809     5.412    clk_100mhz_IBUF_BUFG
    MMCME2_ADV_X0Y0      MMCME2_ADV (Prop_mmcme2_adv_CLKIN1_CLKOUT0)
                                                      0.088     5.500 r  u_mmcm/CLKOUT0
                         net (fo=1, routed)           2.018     7.518    clk_core_mmcm
    BUFGCTRL_X0Y0        BUFG (Prop_bufg_I_O)         0.096     7.614 r  u_bufg_core/O
                         net (fo=3686, routed)        1.889     9.504    clk_core
    SLICE_X3Y33          FDCE                                         r  core_rst_sync_reg[3]/C
  -------------------------------------------------------------------    -------------------
    SLICE_X3Y33          FDCE (Prop_fdce_C_Q)         0.456     9.960 r  core_rst_sync_reg[3]/Q
                         net (fo=1, routed)           0.291    10.251    u_mlkem/u_ctrl/status_busy_reg_1[0]
    SLICE_X3Y33          LUT1 (Prop_lut1_I0_O)        0.124    10.375 f  u_mlkem/u_ctrl/round[4]_i_3/O
                         net (fo=911, routed)         6.385    16.760    u_mlkem/u_pack/ic_reg[8]_0
    SLICE_X32Y25         FDCE                                         f  u_mlkem/u_pack/acc_reg[19]/CLR
  -------------------------------------------------------------------    -------------------

                         (clock clk_core_mmcm rise edge)
                                                      4.848     4.848 r  
    E3                                                0.000     4.848 r  clk_100mhz (IN)
                         net (fo=0)                   0.000     4.848    clk_100mhz
    E3                   IBUF (Prop_ibuf_I_O)         1.411     6.260 r  clk_100mhz_IBUF_inst/O
                         net (fo=1, routed)           1.920     8.180    clk_100mhz_IBUF
    BUFGCTRL_X0Y16       BUFG (Prop_bufg_I_O)         0.091     8.271 r  clk_100mhz_IBUF_BUFG_inst/O
                         net (fo=2651, routed)        1.683     9.954    clk_100mhz_IBUF_BUFG
    MMCME2_ADV_X0Y0      MMCME2_ADV (Prop_mmcme2_adv_CLKIN1_CLKOUT0)
                                                      0.083    10.037 r  u_mmcm/CLKOUT0
                         net (fo=1, routed)           1.923    11.960    clk_core_mmcm
    BUFGCTRL_X0Y0        BUFG (Prop_bufg_I_O)         0.091    12.051 r  u_bufg_core/O
                         net (fo=3686, routed)        1.666    13.717    u_mlkem/u_pack/clk_core
    SLICE_X32Y25         FDCE                                         r  u_mlkem/u_pack/acc_reg[19]/C
                         clock pessimism              0.500    14.217    
                         clock uncertainty           -0.074    14.142    
    SLICE_X32Y25         FDCE (Recov_fdce_C_CLR)     -0.405    13.737    u_mlkem/u_pack/acc_reg[19]
  -------------------------------------------------------------------
                         required time                         13.737    
                         arrival time                         -16.760    
  -------------------------------------------------------------------
                         slack                                 -3.022    





Min Delay Paths
--------------------------------------------------------------------------------------
Slack (MET) :             0.652ns  (arrival time - required time)
  Source:                 core_rst_sync_reg[3]/C
                            (rising edge-triggered cell FDCE clocked by clk_core_mmcm  {rise@0.000ns fall@2.424ns period=4.848ns})
  Destination:            u_mlkem/u_csr/data_in_addr_reg_reg[30]/CLR
                            (removal check against rising-edge clock clk_core_mmcm  {rise@0.000ns fall@2.424ns period=4.848ns})
  Path Group:             **async_default**
  Path Type:              Removal (Min at Fast Process Corner)
  Requirement:            0.000ns  (clk_core_mmcm rise@0.000ns - clk_core_mmcm rise@0.000ns)
  Data Path Delay:        0.570ns  (logic 0.186ns (32.660%)  route 0.384ns (67.340%))
  Logic Levels:           1  (LUT1=1)
  Clock Path Skew:        0.010ns (DCD - SCD - CPR)
    Destination Clock Delay (DCD):    3.779ns
    Source Clock Delay      (SCD):    2.931ns
    Clock Pessimism Removal (CPR):    0.838ns

    Location             Delay type                Incr(ns)  Path(ns)    Netlist Resource(s)
  -------------------------------------------------------------------    -------------------
                         (clock clk_core_mmcm rise edge)
                                                      0.000     0.000 r  
    E3                                                0.000     0.000 r  clk_100mhz (IN)
                         net (fo=0)                   0.000     0.000    clk_100mhz
    E3                   IBUF (Prop_ibuf_I_O)         0.250     0.250 r  clk_100mhz_IBUF_inst/O
                         net (fo=1, routed)           0.644     0.894    clk_100mhz_IBUF
    BUFGCTRL_X0Y16       BUFG (Prop_bufg_I_O)         0.026     0.920 r  clk_100mhz_IBUF_BUFG_inst/O
                         net (fo=2651, routed)        0.624     1.544    clk_100mhz_IBUF_BUFG
    MMCME2_ADV_X0Y0      MMCME2_ADV (Prop_mmcme2_adv_CLKIN1_CLKOUT0)
                                                      0.050     1.594 r  u_mmcm/CLKOUT0
                         net (fo=1, routed)           0.648     2.242    clk_core_mmcm
    BUFGCTRL_X0Y0        BUFG (Prop_bufg_I_O)         0.026     2.268 r  u_bufg_core/O
                         net (fo=3686, routed)        0.663     2.931    clk_core
    SLICE_X3Y33          FDCE                                         r  core_rst_sync_reg[3]/C
  -------------------------------------------------------------------    -------------------
    SLICE_X3Y33          FDCE (Prop_fdce_C_Q)         0.141     3.072 r  core_rst_sync_reg[3]/Q
                         net (fo=1, routed)           0.105     3.177    u_mlkem/u_ctrl/status_busy_reg_1[0]
    SLICE_X3Y33          LUT1 (Prop_lut1_I0_O)        0.045     3.222 f  u_mlkem/u_ctrl/round[4]_i_3/O
                         net (fo=911, routed)         0.278     3.500    u_mlkem/u_csr/aw_full_reg_1
    SLICE_X3Y29          FDCE                                         f  u_mlkem/u_csr/data_in_addr_reg_reg[30]/CLR
  -------------------------------------------------------------------    -------------------

                         (clock clk_core_mmcm rise edge)
                                                      0.000     0.000 r  
    E3                                                0.000     0.000 r  clk_100mhz (IN)
                         net (fo=0)                   0.000     0.000    clk_100mhz
    E3                   IBUF (Prop_ibuf_I_O)         0.438     0.438 r  clk_100mhz_IBUF_inst/O
                         net (fo=1, routed)           0.699     1.136    clk_100mhz_IBUF
    BUFGCTRL_X0Y16       BUFG (Prop_bufg_I_O)         0.029     1.165 r  clk_100mhz_IBUF_BUFG_inst/O
                         net (fo=2651, routed)        0.898     2.063    clk_100mhz_IBUF_BUFG
    MMCME2_ADV_X0Y0      MMCME2_ADV (Prop_mmcme2_adv_CLKIN1_CLKOUT0)
                                                      0.053     2.116 r  u_mmcm/CLKOUT0
                         net (fo=1, routed)           0.700     2.816    clk_core_mmcm
    BUFGCTRL_X0Y0        BUFG (Prop_bufg_I_O)         0.029     2.845 r  u_bufg_core/O
                         net (fo=3686, routed)        0.934     3.779    u_mlkem/u_csr/clk_core
    SLICE_X3Y29          FDCE                                         r  u_mlkem/u_csr/data_in_addr_reg_reg[30]/C
                         clock pessimism             -0.838     2.941    
    SLICE_X3Y29          FDCE (Remov_fdce_C_CLR)     -0.092     2.849    u_mlkem/u_csr/data_in_addr_reg_reg[30]
  -------------------------------------------------------------------
                         required time                         -2.849    
                         arrival time                           3.500    
  -------------------------------------------------------------------
                         slack                                  0.652    

Slack (MET) :             0.655ns  (arrival time - required time)
  Source:                 core_rst_sync_reg[3]/C
                            (rising edge-triggered cell FDCE clocked by clk_core_mmcm  {rise@0.000ns fall@2.424ns period=4.848ns})
  Destination:            u_mlkem/u_csr/data_in_addr_reg_reg[21]/CLR
                            (removal check against rising-edge clock clk_core_mmcm  {rise@0.000ns fall@2.424ns period=4.848ns})
  Path Group:             **async_default**
  Path Type:              Removal (Min at Fast Process Corner)
  Requirement:            0.000ns  (clk_core_mmcm rise@0.000ns - clk_core_mmcm rise@0.000ns)
  Data Path Delay:        0.574ns  (logic 0.186ns (32.383%)  route 0.388ns (67.617%))
  Logic Levels:           1  (LUT1=1)
  Clock Path Skew:        0.011ns (DCD - SCD - CPR)
    Destination Clock Delay (DCD):    3.780ns
    Source Clock Delay      (SCD):    2.931ns
    Clock Pessimism Removal (CPR):    0.838ns

    Location             Delay type                Incr(ns)  Path(ns)    Netlist Resource(s)
  -------------------------------------------------------------------    -------------------
                         (clock clk_core_mmcm rise edge)
                                                      0.000     0.000 r  
    E3                                                0.000     0.000 r  clk_100mhz (IN)
                         net (fo=0)                   0.000     0.000    clk_100mhz
    E3                   IBUF (Prop_ibuf_I_O)         0.250     0.250 r  clk_100mhz_IBUF_inst/O
                         net (fo=1, routed)           0.644     0.894    clk_100mhz_IBUF
    BUFGCTRL_X0Y16       BUFG (Prop_bufg_I_O)         0.026     0.920 r  clk_100mhz_IBUF_BUFG_inst/O
                         net (fo=2651, routed)        0.624     1.544    clk_100mhz_IBUF_BUFG
    MMCME2_ADV_X0Y0      MMCME2_ADV (Prop_mmcme2_adv_CLKIN1_CLKOUT0)
                                                      0.050     1.594 r  u_mmcm/CLKOUT0
                         net (fo=1, routed)           0.648     2.242    clk_core_mmcm
    BUFGCTRL_X0Y0        BUFG (Prop_bufg_I_O)         0.026     2.268 r  u_bufg_core/O
                         net (fo=3686, routed)        0.663     2.931    clk_core
    SLICE_X3Y33          FDCE                                         r  core_rst_sync_reg[3]/C
  -------------------------------------------------------------------    -------------------
    SLICE_X3Y33          FDCE (Prop_fdce_C_Q)         0.141     3.072 r  core_rst_sync_reg[3]/Q
                         net (fo=1, routed)           0.105     3.177    u_mlkem/u_ctrl/status_busy_reg_1[0]
    SLICE_X3Y33          LUT1 (Prop_lut1_I0_O)        0.045     3.222 f  u_mlkem/u_ctrl/round[4]_i_3/O
                         net (fo=911, routed)         0.283     3.505    u_mlkem/u_csr/aw_full_reg_1
    SLICE_X3Y30          FDCE                                         f  u_mlkem/u_csr/data_in_addr_reg_reg[21]/CLR
  -------------------------------------------------------------------    -------------------

                         (clock clk_core_mmcm rise edge)
                                                      0.000     0.000 r  
    E3                                                0.000     0.000 r  clk_100mhz (IN)
                         net (fo=0)                   0.000     0.000    clk_100mhz
    E3                   IBUF (Prop_ibuf_I_O)         0.438     0.438 r  clk_100mhz_IBUF_inst/O
                         net (fo=1, routed)           0.699     1.136    clk_100mhz_IBUF
    BUFGCTRL_X0Y16       BUFG (Prop_bufg_I_O)         0.029     1.165 r  clk_100mhz_IBUF_BUFG_inst/O
                         net (fo=2651, routed)        0.898     2.063    clk_100mhz_IBUF_BUFG
    MMCME2_ADV_X0Y0      MMCME2_ADV (Prop_mmcme2_adv_CLKIN1_CLKOUT0)
                                                      0.053     2.116 r  u_mmcm/CLKOUT0
                         net (fo=1, routed)           0.700     2.816    clk_core_mmcm
    BUFGCTRL_X0Y0        BUFG (Prop_bufg_I_O)         0.029     2.845 r  u_bufg_core/O
                         net (fo=3686, routed)        0.935     3.780    u_mlkem/u_csr/clk_core
    SLICE_X3Y30          FDCE                                         r  u_mlkem/u_csr/data_in_addr_reg_reg[21]/C
                         clock pessimism             -0.838     2.942    
    SLICE_X3Y30          FDCE (Remov_fdce_C_CLR)     -0.092     2.850    u_mlkem/u_csr/data_in_addr_reg_reg[21]
  -------------------------------------------------------------------
                         required time                         -2.850    
                         arrival time                           3.505    
  -------------------------------------------------------------------
                         slack                                  0.655    

Slack (MET) :             0.655ns  (arrival time - required time)
  Source:                 core_rst_sync_reg[3]/C
                            (rising edge-triggered cell FDCE clocked by clk_core_mmcm  {rise@0.000ns fall@2.424ns period=4.848ns})
  Destination:            u_mlkem/u_csr/data_in_addr_reg_reg[26]/CLR
                            (removal check against rising-edge clock clk_core_mmcm  {rise@0.000ns fall@2.424ns period=4.848ns})
  Path Group:             **async_default**
  Path Type:              Removal (Min at Fast Process Corner)
  Requirement:            0.000ns  (clk_core_mmcm rise@0.000ns - clk_core_mmcm rise@0.000ns)
  Data Path Delay:        0.574ns  (logic 0.186ns (32.383%)  route 0.388ns (67.617%))
  Logic Levels:           1  (LUT1=1)
  Clock Path Skew:        0.011ns (DCD - SCD - CPR)
    Destination Clock Delay (DCD):    3.780ns
    Source Clock Delay      (SCD):    2.931ns
    Clock Pessimism Removal (CPR):    0.838ns

    Location             Delay type                Incr(ns)  Path(ns)    Netlist Resource(s)
  -------------------------------------------------------------------    -------------------
                         (clock clk_core_mmcm rise edge)
                                                      0.000     0.000 r  
    E3                                                0.000     0.000 r  clk_100mhz (IN)
                         net (fo=0)                   0.000     0.000    clk_100mhz
    E3                   IBUF (Prop_ibuf_I_O)         0.250     0.250 r  clk_100mhz_IBUF_inst/O
                         net (fo=1, routed)           0.644     0.894    clk_100mhz_IBUF
    BUFGCTRL_X0Y16       BUFG (Prop_bufg_I_O)         0.026     0.920 r  clk_100mhz_IBUF_BUFG_inst/O
                         net (fo=2651, routed)        0.624     1.544    clk_100mhz_IBUF_BUFG
    MMCME2_ADV_X0Y0      MMCME2_ADV (Prop_mmcme2_adv_CLKIN1_CLKOUT0)
                                                      0.050     1.594 r  u_mmcm/CLKOUT0
                         net (fo=1, routed)           0.648     2.242    clk_core_mmcm
    BUFGCTRL_X0Y0        BUFG (Prop_bufg_I_O)         0.026     2.268 r  u_bufg_core/O
                         net (fo=3686, routed)        0.663     2.931    clk_core
    SLICE_X3Y33          FDCE                                         r  core_rst_sync_reg[3]/C
  -------------------------------------------------------------------    -------------------
    SLICE_X3Y33          FDCE (Prop_fdce_C_Q)         0.141     3.072 r  core_rst_sync_reg[3]/Q
                         net (fo=1, routed)           0.105     3.177    u_mlkem/u_ctrl/status_busy_reg_1[0]
    SLICE_X3Y33          LUT1 (Prop_lut1_I0_O)        0.045     3.222 f  u_mlkem/u_ctrl/round[4]_i_3/O
                         net (fo=911, routed)         0.283     3.505    u_mlkem/u_csr/aw_full_reg_1
    SLICE_X3Y30          FDCE                                         f  u_mlkem/u_csr/data_in_addr_reg_reg[26]/CLR
  -------------------------------------------------------------------    -------------------

                         (clock clk_core_mmcm rise edge)
                                                      0.000     0.000 r  
    E3                                                0.000     0.000 r  clk_100mhz (IN)
                         net (fo=0)                   0.000     0.000    clk_100mhz
    E3                   IBUF (Prop_ibuf_I_O)         0.438     0.438 r  clk_100mhz_IBUF_inst/O
                         net (fo=1, routed)           0.699     1.136    clk_100mhz_IBUF
    BUFGCTRL_X0Y16       BUFG (Prop_bufg_I_O)         0.029     1.165 r  clk_100mhz_IBUF_BUFG_inst/O
                         net (fo=2651, routed)        0.898     2.063    clk_100mhz_IBUF_BUFG
    MMCME2_ADV_X0Y0      MMCME2_ADV (Prop_mmcme2_adv_CLKIN1_CLKOUT0)
                                                      0.053     2.116 r  u_mmcm/CLKOUT0
                         net (fo=1, routed)           0.700     2.816    clk_core_mmcm
    BUFGCTRL_X0Y0        BUFG (Prop_bufg_I_O)         0.029     2.845 r  u_bufg_core/O
                         net (fo=3686, routed)        0.935     3.780    u_mlkem/u_csr/clk_core
    SLICE_X3Y30          FDCE                                         r  u_mlkem/u_csr/data_in_addr_reg_reg[26]/C
                         clock pessimism             -0.838     2.942    
    SLICE_X3Y30          FDCE (Remov_fdce_C_CLR)     -0.092     2.850    u_mlkem/u_csr/data_in_addr_reg_reg[26]
  -------------------------------------------------------------------
                         required time                         -2.850    
                         arrival time                           3.505    
  -------------------------------------------------------------------
                         slack                                  0.655    

Slack (MET) :             0.700ns  (arrival time - required time)
  Source:                 core_rst_sync_reg[3]/C
                            (rising edge-triggered cell FDCE clocked by clk_core_mmcm  {rise@0.000ns fall@2.424ns period=4.848ns})
  Destination:            u_mlkem/u_ctrl/pc_reg[0]/CLR
                            (removal check against rising-edge clock clk_core_mmcm  {rise@0.000ns fall@2.424ns period=4.848ns})
  Path Group:             **async_default**
  Path Type:              Removal (Min at Fast Process Corner)
  Requirement:            0.000ns  (clk_core_mmcm rise@0.000ns - clk_core_mmcm rise@0.000ns)
  Data Path Delay:        0.640ns  (logic 0.186ns (29.076%)  route 0.454ns (70.923%))
  Logic Levels:           1  (LUT1=1)
  Clock Path Skew:        0.032ns (DCD - SCD - CPR)
    Destination Clock Delay (DCD):    3.778ns
    Source Clock Delay      (SCD):    2.931ns
    Clock Pessimism Removal (CPR):    0.815ns

    Location             Delay type                Incr(ns)  Path(ns)    Netlist Resource(s)
  -------------------------------------------------------------------    -------------------
                         (clock clk_core_mmcm rise edge)
                                                      0.000     0.000 r  
    E3                                                0.000     0.000 r  clk_100mhz (IN)
                         net (fo=0)                   0.000     0.000    clk_100mhz
    E3                   IBUF (Prop_ibuf_I_O)         0.250     0.250 r  clk_100mhz_IBUF_inst/O
                         net (fo=1, routed)           0.644     0.894    clk_100mhz_IBUF
    BUFGCTRL_X0Y16       BUFG (Prop_bufg_I_O)         0.026     0.920 r  clk_100mhz_IBUF_BUFG_inst/O
                         net (fo=2651, routed)        0.624     1.544    clk_100mhz_IBUF_BUFG
    MMCME2_ADV_X0Y0      MMCME2_ADV (Prop_mmcme2_adv_CLKIN1_CLKOUT0)
                                                      0.050     1.594 r  u_mmcm/CLKOUT0
                         net (fo=1, routed)           0.648     2.242    clk_core_mmcm
    BUFGCTRL_X0Y0        BUFG (Prop_bufg_I_O)         0.026     2.268 r  u_bufg_core/O
                         net (fo=3686, routed)        0.663     2.931    clk_core
    SLICE_X3Y33          FDCE                                         r  core_rst_sync_reg[3]/C
  -------------------------------------------------------------------    -------------------
    SLICE_X3Y33          FDCE (Prop_fdce_C_Q)         0.141     3.072 r  core_rst_sync_reg[3]/Q
                         net (fo=1, routed)           0.105     3.177    u_mlkem/u_ctrl/status_busy_reg_1[0]
    SLICE_X3Y33          LUT1 (Prop_lut1_I0_O)        0.045     3.222 f  u_mlkem/u_ctrl/round[4]_i_3/O
                         net (fo=911, routed)         0.349     3.571    u_mlkem/u_ctrl/core_rst_sync_reg[3]
    SLICE_X5Y29          FDCE                                         f  u_mlkem/u_ctrl/pc_reg[0]/CLR
  -------------------------------------------------------------------    -------------------

                         (clock clk_core_mmcm rise edge)
                                                      0.000     0.000 r  
    E3                                                0.000     0.000 r  clk_100mhz (IN)
                         net (fo=0)                   0.000     0.000    clk_100mhz
    E3                   IBUF (Prop_ibuf_I_O)         0.438     0.438 r  clk_100mhz_IBUF_inst/O
                         net (fo=1, routed)           0.699     1.136    clk_100mhz_IBUF
    BUFGCTRL_X0Y16       BUFG (Prop_bufg_I_O)         0.029     1.165 r  clk_100mhz_IBUF_BUFG_inst/O
                         net (fo=2651, routed)        0.898     2.063    clk_100mhz_IBUF_BUFG
    MMCME2_ADV_X0Y0      MMCME2_ADV (Prop_mmcme2_adv_CLKIN1_CLKOUT0)
                                                      0.053     2.116 r  u_mmcm/CLKOUT0
                         net (fo=1, routed)           0.700     2.816    clk_core_mmcm
    BUFGCTRL_X0Y0        BUFG (Prop_bufg_I_O)         0.029     2.845 r  u_bufg_core/O
                         net (fo=3686, routed)        0.933     3.778    u_mlkem/u_ctrl/clk_core
    SLICE_X5Y29          FDCE                                         r  u_mlkem/u_ctrl/pc_reg[0]/C
                         clock pessimism             -0.815     2.963    
    SLICE_X5Y29          FDCE (Remov_fdce_C_CLR)     -0.092     2.871    u_mlkem/u_ctrl/pc_reg[0]
  -------------------------------------------------------------------
                         required time                         -2.871    
                         arrival time                           3.571    
  -------------------------------------------------------------------
                         slack                                  0.700    

Slack (MET) :             0.704ns  (arrival time - required time)
  Source:                 core_rst_sync_reg[3]/C
                            (rising edge-triggered cell FDCE clocked by clk_core_mmcm  {rise@0.000ns fall@2.424ns period=4.848ns})
  Destination:            u_mlkem/u_csr/data_in_len_reg_reg[16]/CLR
                            (removal check against rising-edge clock clk_core_mmcm  {rise@0.000ns fall@2.424ns period=4.848ns})
  Path Group:             **async_default**
  Path Type:              Removal (Min at Fast Process Corner)
  Requirement:            0.000ns  (clk_core_mmcm rise@0.000ns - clk_core_mmcm rise@0.000ns)
  Data Path Delay:        0.644ns  (logic 0.186ns (28.880%)  route 0.458ns (71.120%))
  Logic Levels:           1  (LUT1=1)
  Clock Path Skew:        0.032ns (DCD - SCD - CPR)
    Destination Clock Delay (DCD):    3.778ns
    Source Clock Delay      (SCD):    2.931ns
    Clock Pessimism Removal (CPR):    0.815ns

    Location             Delay type                Incr(ns)  Path(ns)    Netlist Resource(s)
  -------------------------------------------------------------------    -------------------
                         (clock clk_core_mmcm rise edge)
                                                      0.000     0.000 r  
    E3                                                0.000     0.000 r  clk_100mhz (IN)
                         net (fo=0)                   0.000     0.000    clk_100mhz
    E3                   IBUF (Prop_ibuf_I_O)         0.250     0.250 r  clk_100mhz_IBUF_inst/O
                         net (fo=1, routed)           0.644     0.894    clk_100mhz_IBUF
    BUFGCTRL_X0Y16       BUFG (Prop_bufg_I_O)         0.026     0.920 r  clk_100mhz_IBUF_BUFG_inst/O
                         net (fo=2651, routed)        0.624     1.544    clk_100mhz_IBUF_BUFG
    MMCME2_ADV_X0Y0      MMCME2_ADV (Prop_mmcme2_adv_CLKIN1_CLKOUT0)
                                                      0.050     1.594 r  u_mmcm/CLKOUT0
                         net (fo=1, routed)           0.648     2.242    clk_core_mmcm
    BUFGCTRL_X0Y0        BUFG (Prop_bufg_I_O)         0.026     2.268 r  u_bufg_core/O
                         net (fo=3686, routed)        0.663     2.931    clk_core
    SLICE_X3Y33          FDCE                                         r  core_rst_sync_reg[3]/C
  -------------------------------------------------------------------    -------------------
    SLICE_X3Y33          FDCE (Prop_fdce_C_Q)         0.141     3.072 r  core_rst_sync_reg[3]/Q
                         net (fo=1, routed)           0.105     3.177    u_mlkem/u_ctrl/status_busy_reg_1[0]
    SLICE_X3Y33          LUT1 (Prop_lut1_I0_O)        0.045     3.222 f  u_mlkem/u_ctrl/round[4]_i_3/O
                         net (fo=911, routed)         0.353     3.575    u_mlkem/u_csr/aw_full_reg_1
    SLICE_X4Y29          FDCE                                         f  u_mlkem/u_csr/data_in_len_reg_reg[16]/CLR
  -------------------------------------------------------------------    -------------------

                         (clock clk_core_mmcm rise edge)
                                                      0.000     0.000 r  
    E3                                                0.000     0.000 r  clk_100mhz (IN)
                         net (fo=0)                   0.000     0.000    clk_100mhz
    E3                   IBUF (Prop_ibuf_I_O)         0.438     0.438 r  clk_100mhz_IBUF_inst/O
                         net (fo=1, routed)           0.699     1.136    clk_100mhz_IBUF
    BUFGCTRL_X0Y16       BUFG (Prop_bufg_I_O)         0.029     1.165 r  clk_100mhz_IBUF_BUFG_inst/O
                         net (fo=2651, routed)        0.898     2.063    clk_100mhz_IBUF_BUFG
    MMCME2_ADV_X0Y0      MMCME2_ADV (Prop_mmcme2_adv_CLKIN1_CLKOUT0)
                                                      0.053     2.116 r  u_mmcm/CLKOUT0
                         net (fo=1, routed)           0.700     2.816    clk_core_mmcm
    BUFGCTRL_X0Y0        BUFG (Prop_bufg_I_O)         0.029     2.845 r  u_bufg_core/O
                         net (fo=3686, routed)        0.933     3.778    u_mlkem/u_csr/clk_core
    SLICE_X4Y29          FDCE                                         r  u_mlkem/u_csr/data_in_len_reg_reg[16]/C
                         clock pessimism             -0.815     2.963    
    SLICE_X4Y29          FDCE (Remov_fdce_C_CLR)     -0.092     2.871    u_mlkem/u_csr/data_in_len_reg_reg[16]
  -------------------------------------------------------------------
                         required time                         -2.871    
                         arrival time                           3.575    
  -------------------------------------------------------------------
                         slack                                  0.704    

Slack (MET) :             0.704ns  (arrival time - required time)
  Source:                 core_rst_sync_reg[3]/C
                            (rising edge-triggered cell FDCE clocked by clk_core_mmcm  {rise@0.000ns fall@2.424ns period=4.848ns})
  Destination:            u_mlkem/u_csr/data_in_len_reg_reg[21]/CLR
                            (removal check against rising-edge clock clk_core_mmcm  {rise@0.000ns fall@2.424ns period=4.848ns})
  Path Group:             **async_default**
  Path Type:              Removal (Min at Fast Process Corner)
  Requirement:            0.000ns  (clk_core_mmcm rise@0.000ns - clk_core_mmcm rise@0.000ns)
  Data Path Delay:        0.644ns  (logic 0.186ns (28.880%)  route 0.458ns (71.120%))
  Logic Levels:           1  (LUT1=1)
  Clock Path Skew:        0.032ns (DCD - SCD - CPR)
    Destination Clock Delay (DCD):    3.778ns
    Source Clock Delay      (SCD):    2.931ns
    Clock Pessimism Removal (CPR):    0.815ns

    Location             Delay type                Incr(ns)  Path(ns)    Netlist Resource(s)
  -------------------------------------------------------------------    -------------------
                         (clock clk_core_mmcm rise edge)
                                                      0.000     0.000 r  
    E3                                                0.000     0.000 r  clk_100mhz (IN)
                         net (fo=0)                   0.000     0.000    clk_100mhz
    E3                   IBUF (Prop_ibuf_I_O)         0.250     0.250 r  clk_100mhz_IBUF_inst/O
                         net (fo=1, routed)           0.644     0.894    clk_100mhz_IBUF
    BUFGCTRL_X0Y16       BUFG (Prop_bufg_I_O)         0.026     0.920 r  clk_100mhz_IBUF_BUFG_inst/O
                         net (fo=2651, routed)        0.624     1.544    clk_100mhz_IBUF_BUFG
    MMCME2_ADV_X0Y0      MMCME2_ADV (Prop_mmcme2_adv_CLKIN1_CLKOUT0)
                                                      0.050     1.594 r  u_mmcm/CLKOUT0
                         net (fo=1, routed)           0.648     2.242    clk_core_mmcm
    BUFGCTRL_X0Y0        BUFG (Prop_bufg_I_O)         0.026     2.268 r  u_bufg_core/O
                         net (fo=3686, routed)        0.663     2.931    clk_core
    SLICE_X3Y33          FDCE                                         r  core_rst_sync_reg[3]/C
  -------------------------------------------------------------------    -------------------
    SLICE_X3Y33          FDCE (Prop_fdce_C_Q)         0.141     3.072 r  core_rst_sync_reg[3]/Q
                         net (fo=1, routed)           0.105     3.177    u_mlkem/u_ctrl/status_busy_reg_1[0]
    SLICE_X3Y33          LUT1 (Prop_lut1_I0_O)        0.045     3.222 f  u_mlkem/u_ctrl/round[4]_i_3/O
                         net (fo=911, routed)         0.353     3.575    u_mlkem/u_csr/aw_full_reg_1
    SLICE_X4Y29          FDCE                                         f  u_mlkem/u_csr/data_in_len_reg_reg[21]/CLR
  -------------------------------------------------------------------    -------------------

                         (clock clk_core_mmcm rise edge)
                                                      0.000     0.000 r  
    E3                                                0.000     0.000 r  clk_100mhz (IN)
                         net (fo=0)                   0.000     0.000    clk_100mhz
    E3                   IBUF (Prop_ibuf_I_O)         0.438     0.438 r  clk_100mhz_IBUF_inst/O
                         net (fo=1, routed)           0.699     1.136    clk_100mhz_IBUF
    BUFGCTRL_X0Y16       BUFG (Prop_bufg_I_O)         0.029     1.165 r  clk_100mhz_IBUF_BUFG_inst/O
                         net (fo=2651, routed)        0.898     2.063    clk_100mhz_IBUF_BUFG
    MMCME2_ADV_X0Y0      MMCME2_ADV (Prop_mmcme2_adv_CLKIN1_CLKOUT0)
                                                      0.053     2.116 r  u_mmcm/CLKOUT0
                         net (fo=1, routed)           0.700     2.816    clk_core_mmcm
    BUFGCTRL_X0Y0        BUFG (Prop_bufg_I_O)         0.029     2.845 r  u_bufg_core/O
                         net (fo=3686, routed)        0.933     3.778    u_mlkem/u_csr/clk_core
    SLICE_X4Y29          FDCE                                         r  u_mlkem/u_csr/data_in_len_reg_reg[21]/C
                         clock pessimism             -0.815     2.963    
    SLICE_X4Y29          FDCE (Remov_fdce_C_CLR)     -0.092     2.871    u_mlkem/u_csr/data_in_len_reg_reg[21]
  -------------------------------------------------------------------
                         required time                         -2.871    
                         arrival time                           3.575    
  -------------------------------------------------------------------
                         slack                                  0.704    

Slack (MET) :             0.704ns  (arrival time - required time)
  Source:                 core_rst_sync_reg[3]/C
                            (rising edge-triggered cell FDCE clocked by clk_core_mmcm  {rise@0.000ns fall@2.424ns period=4.848ns})
  Destination:            u_mlkem/u_csr/data_in_len_reg_reg[24]/CLR
                            (removal check against rising-edge clock clk_core_mmcm  {rise@0.000ns fall@2.424ns period=4.848ns})
  Path Group:             **async_default**
  Path Type:              Removal (Min at Fast Process Corner)
  Requirement:            0.000ns  (clk_core_mmcm rise@0.000ns - clk_core_mmcm rise@0.000ns)
  Data Path Delay:        0.644ns  (logic 0.186ns (28.880%)  route 0.458ns (71.120%))
  Logic Levels:           1  (LUT1=1)
  Clock Path Skew:        0.032ns (DCD - SCD - CPR)
    Destination Clock Delay (DCD):    3.778ns
    Source Clock Delay      (SCD):    2.931ns
    Clock Pessimism Removal (CPR):    0.815ns

    Location             Delay type                Incr(ns)  Path(ns)    Netlist Resource(s)
  -------------------------------------------------------------------    -------------------
                         (clock clk_core_mmcm rise edge)
                                                      0.000     0.000 r  
    E3                                                0.000     0.000 r  clk_100mhz (IN)
                         net (fo=0)                   0.000     0.000    clk_100mhz
    E3                   IBUF (Prop_ibuf_I_O)         0.250     0.250 r  clk_100mhz_IBUF_inst/O
                         net (fo=1, routed)           0.644     0.894    clk_100mhz_IBUF
    BUFGCTRL_X0Y16       BUFG (Prop_bufg_I_O)         0.026     0.920 r  clk_100mhz_IBUF_BUFG_inst/O
                         net (fo=2651, routed)        0.624     1.544    clk_100mhz_IBUF_BUFG
    MMCME2_ADV_X0Y0      MMCME2_ADV (Prop_mmcme2_adv_CLKIN1_CLKOUT0)
                                                      0.050     1.594 r  u_mmcm/CLKOUT0
                         net (fo=1, routed)           0.648     2.242    clk_core_mmcm
    BUFGCTRL_X0Y0        BUFG (Prop_bufg_I_O)         0.026     2.268 r  u_bufg_core/O
                         net (fo=3686, routed)        0.663     2.931    clk_core
    SLICE_X3Y33          FDCE                                         r  core_rst_sync_reg[3]/C
  -------------------------------------------------------------------    -------------------
    SLICE_X3Y33          FDCE (Prop_fdce_C_Q)         0.141     3.072 r  core_rst_sync_reg[3]/Q
                         net (fo=1, routed)           0.105     3.177    u_mlkem/u_ctrl/status_busy_reg_1[0]
    SLICE_X3Y33          LUT1 (Prop_lut1_I0_O)        0.045     3.222 f  u_mlkem/u_ctrl/round[4]_i_3/O
                         net (fo=911, routed)         0.353     3.575    u_mlkem/u_csr/aw_full_reg_1
    SLICE_X4Y29          FDCE                                         f  u_mlkem/u_csr/data_in_len_reg_reg[24]/CLR
  -------------------------------------------------------------------    -------------------

                         (clock clk_core_mmcm rise edge)
                                                      0.000     0.000 r  
    E3                                                0.000     0.000 r  clk_100mhz (IN)
                         net (fo=0)                   0.000     0.000    clk_100mhz
    E3                   IBUF (Prop_ibuf_I_O)         0.438     0.438 r  clk_100mhz_IBUF_inst/O
                         net (fo=1, routed)           0.699     1.136    clk_100mhz_IBUF
    BUFGCTRL_X0Y16       BUFG (Prop_bufg_I_O)         0.029     1.165 r  clk_100mhz_IBUF_BUFG_inst/O
                         net (fo=2651, routed)        0.898     2.063    clk_100mhz_IBUF_BUFG
    MMCME2_ADV_X0Y0      MMCME2_ADV (Prop_mmcme2_adv_CLKIN1_CLKOUT0)
                                                      0.053     2.116 r  u_mmcm/CLKOUT0
                         net (fo=1, routed)           0.700     2.816    clk_core_mmcm
    BUFGCTRL_X0Y0        BUFG (Prop_bufg_I_O)         0.029     2.845 r  u_bufg_core/O
                         net (fo=3686, routed)        0.933     3.778    u_mlkem/u_csr/clk_core
    SLICE_X4Y29          FDCE                                         r  u_mlkem/u_csr/data_in_len_reg_reg[24]/C
                         clock pessimism             -0.815     2.963    
    SLICE_X4Y29          FDCE (Remov_fdce_C_CLR)     -0.092     2.871    u_mlkem/u_csr/data_in_len_reg_reg[24]
  -------------------------------------------------------------------
                         required time                         -2.871    
                         arrival time                           3.575    
  -------------------------------------------------------------------
                         slack                                  0.704    

Slack (MET) :             0.704ns  (arrival time - required time)
  Source:                 core_rst_sync_reg[3]/C
                            (rising edge-triggered cell FDCE clocked by clk_core_mmcm  {rise@0.000ns fall@2.424ns period=4.848ns})
  Destination:            u_mlkem/u_csr/data_in_len_reg_reg[26]/CLR
                            (removal check against rising-edge clock clk_core_mmcm  {rise@0.000ns fall@2.424ns period=4.848ns})
  Path Group:             **async_default**
  Path Type:              Removal (Min at Fast Process Corner)
  Requirement:            0.000ns  (clk_core_mmcm rise@0.000ns - clk_core_mmcm rise@0.000ns)
  Data Path Delay:        0.644ns  (logic 0.186ns (28.880%)  route 0.458ns (71.120%))
  Logic Levels:           1  (LUT1=1)
  Clock Path Skew:        0.032ns (DCD - SCD - CPR)
    Destination Clock Delay (DCD):    3.778ns
    Source Clock Delay      (SCD):    2.931ns
    Clock Pessimism Removal (CPR):    0.815ns

    Location             Delay type                Incr(ns)  Path(ns)    Netlist Resource(s)
  -------------------------------------------------------------------    -------------------
                         (clock clk_core_mmcm rise edge)
                                                      0.000     0.000 r  
    E3                                                0.000     0.000 r  clk_100mhz (IN)
                         net (fo=0)                   0.000     0.000    clk_100mhz
    E3                   IBUF (Prop_ibuf_I_O)         0.250     0.250 r  clk_100mhz_IBUF_inst/O
                         net (fo=1, routed)           0.644     0.894    clk_100mhz_IBUF
    BUFGCTRL_X0Y16       BUFG (Prop_bufg_I_O)         0.026     0.920 r  clk_100mhz_IBUF_BUFG_inst/O
                         net (fo=2651, routed)        0.624     1.544    clk_100mhz_IBUF_BUFG
    MMCME2_ADV_X0Y0      MMCME2_ADV (Prop_mmcme2_adv_CLKIN1_CLKOUT0)
                                                      0.050     1.594 r  u_mmcm/CLKOUT0
                         net (fo=1, routed)           0.648     2.242    clk_core_mmcm
    BUFGCTRL_X0Y0        BUFG (Prop_bufg_I_O)         0.026     2.268 r  u_bufg_core/O
                         net (fo=3686, routed)        0.663     2.931    clk_core
    SLICE_X3Y33          FDCE                                         r  core_rst_sync_reg[3]/C
  -------------------------------------------------------------------    -------------------
    SLICE_X3Y33          FDCE (Prop_fdce_C_Q)         0.141     3.072 r  core_rst_sync_reg[3]/Q
                         net (fo=1, routed)           0.105     3.177    u_mlkem/u_ctrl/status_busy_reg_1[0]
    SLICE_X3Y33          LUT1 (Prop_lut1_I0_O)        0.045     3.222 f  u_mlkem/u_ctrl/round[4]_i_3/O
                         net (fo=911, routed)         0.353     3.575    u_mlkem/u_csr/aw_full_reg_1
    SLICE_X4Y29          FDCE                                         f  u_mlkem/u_csr/data_in_len_reg_reg[26]/CLR
  -------------------------------------------------------------------    -------------------

                         (clock clk_core_mmcm rise edge)
                                                      0.000     0.000 r  
    E3                                                0.000     0.000 r  clk_100mhz (IN)
                         net (fo=0)                   0.000     0.000    clk_100mhz
    E3                   IBUF (Prop_ibuf_I_O)         0.438     0.438 r  clk_100mhz_IBUF_inst/O
                         net (fo=1, routed)           0.699     1.136    clk_100mhz_IBUF
    BUFGCTRL_X0Y16       BUFG (Prop_bufg_I_O)         0.029     1.165 r  clk_100mhz_IBUF_BUFG_inst/O
                         net (fo=2651, routed)        0.898     2.063    clk_100mhz_IBUF_BUFG
    MMCME2_ADV_X0Y0      MMCME2_ADV (Prop_mmcme2_adv_CLKIN1_CLKOUT0)
                                                      0.053     2.116 r  u_mmcm/CLKOUT0
                         net (fo=1, routed)           0.700     2.816    clk_core_mmcm
    BUFGCTRL_X0Y0        BUFG (Prop_bufg_I_O)         0.029     2.845 r  u_bufg_core/O
                         net (fo=3686, routed)        0.933     3.778    u_mlkem/u_csr/clk_core
    SLICE_X4Y29          FDCE                                         r  u_mlkem/u_csr/data_in_len_reg_reg[26]/C
                         clock pessimism             -0.815     2.963    
    SLICE_X4Y29          FDCE (Remov_fdce_C_CLR)     -0.092     2.871    u_mlkem/u_csr/data_in_len_reg_reg[26]
  -------------------------------------------------------------------
                         required time                         -2.871    
                         arrival time                           3.575    
  -------------------------------------------------------------------
                         slack                                  0.704    

Slack (MET) :             0.704ns  (arrival time - required time)
  Source:                 core_rst_sync_reg[3]/C
                            (rising edge-triggered cell FDCE clocked by clk_core_mmcm  {rise@0.000ns fall@2.424ns period=4.848ns})
  Destination:            u_mlkem/u_csr/data_in_len_reg_reg[28]/CLR
                            (removal check against rising-edge clock clk_core_mmcm  {rise@0.000ns fall@2.424ns period=4.848ns})
  Path Group:             **async_default**
  Path Type:              Removal (Min at Fast Process Corner)
  Requirement:            0.000ns  (clk_core_mmcm rise@0.000ns - clk_core_mmcm rise@0.000ns)
  Data Path Delay:        0.644ns  (logic 0.186ns (28.880%)  route 0.458ns (71.120%))
  Logic Levels:           1  (LUT1=1)
  Clock Path Skew:        0.032ns (DCD - SCD - CPR)
    Destination Clock Delay (DCD):    3.778ns
    Source Clock Delay      (SCD):    2.931ns
    Clock Pessimism Removal (CPR):    0.815ns

    Location             Delay type                Incr(ns)  Path(ns)    Netlist Resource(s)
  -------------------------------------------------------------------    -------------------
                         (clock clk_core_mmcm rise edge)
                                                      0.000     0.000 r  
    E3                                                0.000     0.000 r  clk_100mhz (IN)
                         net (fo=0)                   0.000     0.000    clk_100mhz
    E3                   IBUF (Prop_ibuf_I_O)         0.250     0.250 r  clk_100mhz_IBUF_inst/O
                         net (fo=1, routed)           0.644     0.894    clk_100mhz_IBUF
    BUFGCTRL_X0Y16       BUFG (Prop_bufg_I_O)         0.026     0.920 r  clk_100mhz_IBUF_BUFG_inst/O
                         net (fo=2651, routed)        0.624     1.544    clk_100mhz_IBUF_BUFG
    MMCME2_ADV_X0Y0      MMCME2_ADV (Prop_mmcme2_adv_CLKIN1_CLKOUT0)
                                                      0.050     1.594 r  u_mmcm/CLKOUT0
                         net (fo=1, routed)           0.648     2.242    clk_core_mmcm
    BUFGCTRL_X0Y0        BUFG (Prop_bufg_I_O)         0.026     2.268 r  u_bufg_core/O
                         net (fo=3686, routed)        0.663     2.931    clk_core
    SLICE_X3Y33          FDCE                                         r  core_rst_sync_reg[3]/C
  -------------------------------------------------------------------    -------------------
    SLICE_X3Y33          FDCE (Prop_fdce_C_Q)         0.141     3.072 r  core_rst_sync_reg[3]/Q
                         net (fo=1, routed)           0.105     3.177    u_mlkem/u_ctrl/status_busy_reg_1[0]
    SLICE_X3Y33          LUT1 (Prop_lut1_I0_O)        0.045     3.222 f  u_mlkem/u_ctrl/round[4]_i_3/O
                         net (fo=911, routed)         0.353     3.575    u_mlkem/u_csr/aw_full_reg_1
    SLICE_X4Y29          FDCE                                         f  u_mlkem/u_csr/data_in_len_reg_reg[28]/CLR
  -------------------------------------------------------------------    -------------------

                         (clock clk_core_mmcm rise edge)
                                                      0.000     0.000 r  
    E3                                                0.000     0.000 r  clk_100mhz (IN)
                         net (fo=0)                   0.000     0.000    clk_100mhz
    E3                   IBUF (Prop_ibuf_I_O)         0.438     0.438 r  clk_100mhz_IBUF_inst/O
                         net (fo=1, routed)           0.699     1.136    clk_100mhz_IBUF
    BUFGCTRL_X0Y16       BUFG (Prop_bufg_I_O)         0.029     1.165 r  clk_100mhz_IBUF_BUFG_inst/O
                         net (fo=2651, routed)        0.898     2.063    clk_100mhz_IBUF_BUFG
    MMCME2_ADV_X0Y0      MMCME2_ADV (Prop_mmcme2_adv_CLKIN1_CLKOUT0)
                                                      0.053     2.116 r  u_mmcm/CLKOUT0
                         net (fo=1, routed)           0.700     2.816    clk_core_mmcm
    BUFGCTRL_X0Y0        BUFG (Prop_bufg_I_O)         0.029     2.845 r  u_bufg_core/O
                         net (fo=3686, routed)        0.933     3.778    u_mlkem/u_csr/clk_core
    SLICE_X4Y29          FDCE                                         r  u_mlkem/u_csr/data_in_len_reg_reg[28]/C
                         clock pessimism             -0.815     2.963    
    SLICE_X4Y29          FDCE (Remov_fdce_C_CLR)     -0.092     2.871    u_mlkem/u_csr/data_in_len_reg_reg[28]
  -------------------------------------------------------------------
                         required time                         -2.871    
                         arrival time                           3.575    
  -------------------------------------------------------------------
                         slack                                  0.704    

Slack (MET) :             0.704ns  (arrival time - required time)
  Source:                 core_rst_sync_reg[3]/C
                            (rising edge-triggered cell FDCE clocked by clk_core_mmcm  {rise@0.000ns fall@2.424ns period=4.848ns})
  Destination:            u_mlkem/u_csr/data_in_len_reg_reg[30]/CLR
                            (removal check against rising-edge clock clk_core_mmcm  {rise@0.000ns fall@2.424ns period=4.848ns})
  Path Group:             **async_default**
  Path Type:              Removal (Min at Fast Process Corner)
  Requirement:            0.000ns  (clk_core_mmcm rise@0.000ns - clk_core_mmcm rise@0.000ns)
  Data Path Delay:        0.644ns  (logic 0.186ns (28.880%)  route 0.458ns (71.120%))
  Logic Levels:           1  (LUT1=1)
  Clock Path Skew:        0.032ns (DCD - SCD - CPR)
    Destination Clock Delay (DCD):    3.778ns
    Source Clock Delay      (SCD):    2.931ns
    Clock Pessimism Removal (CPR):    0.815ns

    Location             Delay type                Incr(ns)  Path(ns)    Netlist Resource(s)
  -------------------------------------------------------------------    -------------------
                         (clock clk_core_mmcm rise edge)
                                                      0.000     0.000 r  
    E3                                                0.000     0.000 r  clk_100mhz (IN)
                         net (fo=0)                   0.000     0.000    clk_100mhz
    E3                   IBUF (Prop_ibuf_I_O)         0.250     0.250 r  clk_100mhz_IBUF_inst/O
                         net (fo=1, routed)           0.644     0.894    clk_100mhz_IBUF
    BUFGCTRL_X0Y16       BUFG (Prop_bufg_I_O)         0.026     0.920 r  clk_100mhz_IBUF_BUFG_inst/O
                         net (fo=2651, routed)        0.624     1.544    clk_100mhz_IBUF_BUFG
    MMCME2_ADV_X0Y0      MMCME2_ADV (Prop_mmcme2_adv_CLKIN1_CLKOUT0)
                                                      0.050     1.594 r  u_mmcm/CLKOUT0
                         net (fo=1, routed)           0.648     2.242    clk_core_mmcm
    BUFGCTRL_X0Y0        BUFG (Prop_bufg_I_O)         0.026     2.268 r  u_bufg_core/O
                         net (fo=3686, routed)        0.663     2.931    clk_core
    SLICE_X3Y33          FDCE                                         r  core_rst_sync_reg[3]/C
  -------------------------------------------------------------------    -------------------
    SLICE_X3Y33          FDCE (Prop_fdce_C_Q)         0.141     3.072 r  core_rst_sync_reg[3]/Q
                         net (fo=1, routed)           0.105     3.177    u_mlkem/u_ctrl/status_busy_reg_1[0]
    SLICE_X3Y33          LUT1 (Prop_lut1_I0_O)        0.045     3.222 f  u_mlkem/u_ctrl/round[4]_i_3/O
                         net (fo=911, routed)         0.353     3.575    u_mlkem/u_csr/aw_full_reg_1
    SLICE_X4Y29          FDCE                                         f  u_mlkem/u_csr/data_in_len_reg_reg[30]/CLR
  -------------------------------------------------------------------    -------------------

                         (clock clk_core_mmcm rise edge)
                                                      0.000     0.000 r  
    E3                                                0.000     0.000 r  clk_100mhz (IN)
                         net (fo=0)                   0.000     0.000    clk_100mhz
    E3                   IBUF (Prop_ibuf_I_O)         0.438     0.438 r  clk_100mhz_IBUF_inst/O
                         net (fo=1, routed)           0.699     1.136    clk_100mhz_IBUF
    BUFGCTRL_X0Y16       BUFG (Prop_bufg_I_O)         0.029     1.165 r  clk_100mhz_IBUF_BUFG_inst/O
                         net (fo=2651, routed)        0.898     2.063    clk_100mhz_IBUF_BUFG
    MMCME2_ADV_X0Y0      MMCME2_ADV (Prop_mmcme2_adv_CLKIN1_CLKOUT0)
                                                      0.053     2.116 r  u_mmcm/CLKOUT0
                         net (fo=1, routed)           0.700     2.816    clk_core_mmcm
    BUFGCTRL_X0Y0        BUFG (Prop_bufg_I_O)         0.029     2.845 r  u_bufg_core/O
                         net (fo=3686, routed)        0.933     3.778    u_mlkem/u_csr/clk_core
    SLICE_X4Y29          FDCE                                         r  u_mlkem/u_csr/data_in_len_reg_reg[30]/C
                         clock pessimism             -0.815     2.963    
    SLICE_X4Y29          FDCE (Remov_fdce_C_CLR)     -0.092     2.871    u_mlkem/u_csr/data_in_len_reg_reg[30]
  -------------------------------------------------------------------
                         required time                         -2.871    
                         arrival time                           3.575    
  -------------------------------------------------------------------
                         slack                                  0.704    





---------------------------------------------------------------------------------------------------
Path Group:  **async_default**
From Clock:  sys_clk
  To Clock:  sys_clk

Setup :            0  Failing Endpoints,  Worst Slack        4.170ns,  Total Violation        0.000ns
Hold  :            0  Failing Endpoints,  Worst Slack        0.864ns,  Total Violation        0.000ns
---------------------------------------------------------------------------------------------------


Max Delay Paths
--------------------------------------------------------------------------------------
Slack (MET) :             4.170ns  (required time - arrival time)
  Source:                 rst_sync_reg[3]/C
                            (rising edge-triggered cell FDCE clocked by sys_clk  {rise@0.000ns fall@5.000ns period=10.000ns})
  Destination:            u_bridge/timeout_reg[0]/CLR
                            (recovery check against rising-edge clock sys_clk  {rise@0.000ns fall@5.000ns period=10.000ns})
  Path Group:             **async_default**
  Path Type:              Recovery (Max at Slow Process Corner)
  Requirement:            10.000ns  (sys_clk rise@10.000ns - sys_clk rise@0.000ns)
  Data Path Delay:        5.224ns  (logic 0.606ns (11.600%)  route 4.618ns (88.400%))
  Logic Levels:           1  (LUT1=1)
  Clock Path Skew:        0.036ns (DCD - SCD + CPR)
    Destination Clock Delay (DCD):    5.188ns = ( 15.188 - 10.000 ) 
    Source Clock Delay      (SCD):    5.420ns
    Clock Pessimism Removal (CPR):    0.267ns
  Clock Uncertainty:      0.035ns  ((TSJ^2 + TIJ^2)^1/2 + DJ) / 2 + PE
    Total System Jitter     (TSJ):    0.071ns
    Total Input Jitter      (TIJ):    0.000ns
    Discrete Jitter          (DJ):    0.000ns
    Phase Error              (PE):    0.000ns

    Location             Delay type                Incr(ns)  Path(ns)    Netlist Resource(s)
  -------------------------------------------------------------------    -------------------
                         (clock sys_clk rise edge)    0.000     0.000 r  
    E3                                                0.000     0.000 r  clk_100mhz (IN)
                         net (fo=0)                   0.000     0.000    clk_100mhz
    E3                   IBUF (Prop_ibuf_I_O)         1.482     1.482 r  clk_100mhz_IBUF_inst/O
                         net (fo=1, routed)           2.025     3.506    clk_100mhz_IBUF
    BUFGCTRL_X0Y16       BUFG (Prop_bufg_I_O)         0.096     3.602 r  clk_100mhz_IBUF_BUFG_inst/O
                         net (fo=2651, routed)        1.817     5.420    clk_100mhz_IBUF_BUFG
    SLICE_X18Y10         FDCE                                         r  rst_sync_reg[3]/C
  -------------------------------------------------------------------    -------------------
    SLICE_X18Y10         FDCE (Prop_fdce_C_Q)         0.456     5.876 r  rst_sync_reg[3]/Q
                         net (fo=41, routed)          0.866     6.742    u_bridge/tx_valid_reg_0[0]
    SLICE_X26Y10         LUT1 (Prop_lut1_I0_O)        0.150     6.892 f  u_bridge/FSM_sequential_state[1]_i_2__0/O
                         net (fo=596, routed)         3.752    10.644    u_bridge/rst_sync_reg[3]
    SLICE_X1Y14          FDCE                                         f  u_bridge/timeout_reg[0]/CLR
  -------------------------------------------------------------------    -------------------

                         (clock sys_clk rise edge)   10.000    10.000 r  
    E3                                                0.000    10.000 r  clk_100mhz (IN)
                         net (fo=0)                   0.000    10.000    clk_100mhz
    E3                   IBUF (Prop_ibuf_I_O)         1.411    11.411 r  clk_100mhz_IBUF_inst/O
                         net (fo=1, routed)           1.920    13.331    clk_100mhz_IBUF
    BUFGCTRL_X0Y16       BUFG (Prop_bufg_I_O)         0.091    13.422 r  clk_100mhz_IBUF_BUFG_inst/O
                         net (fo=2651, routed)        1.766    15.188    u_bridge/clk_100mhz_IBUF_BUFG
    SLICE_X1Y14          FDCE                                         r  u_bridge/timeout_reg[0]/C
                         clock pessimism              0.267    15.456    
                         clock uncertainty           -0.035    15.420    
    SLICE_X1Y14          FDCE (Recov_fdce_C_CLR)     -0.607    14.813    u_bridge/timeout_reg[0]
  -------------------------------------------------------------------
                         required time                         14.813    
                         arrival time                         -10.644    
  -------------------------------------------------------------------
                         slack                                  4.170    

Slack (MET) :             4.170ns  (required time - arrival time)
  Source:                 rst_sync_reg[3]/C
                            (rising edge-triggered cell FDCE clocked by sys_clk  {rise@0.000ns fall@5.000ns period=10.000ns})
  Destination:            u_bridge/timeout_reg[1]/CLR
                            (recovery check against rising-edge clock sys_clk  {rise@0.000ns fall@5.000ns period=10.000ns})
  Path Group:             **async_default**
  Path Type:              Recovery (Max at Slow Process Corner)
  Requirement:            10.000ns  (sys_clk rise@10.000ns - sys_clk rise@0.000ns)
  Data Path Delay:        5.224ns  (logic 0.606ns (11.600%)  route 4.618ns (88.400%))
  Logic Levels:           1  (LUT1=1)
  Clock Path Skew:        0.036ns (DCD - SCD + CPR)
    Destination Clock Delay (DCD):    5.188ns = ( 15.188 - 10.000 ) 
    Source Clock Delay      (SCD):    5.420ns
    Clock Pessimism Removal (CPR):    0.267ns
  Clock Uncertainty:      0.035ns  ((TSJ^2 + TIJ^2)^1/2 + DJ) / 2 + PE
    Total System Jitter     (TSJ):    0.071ns
    Total Input Jitter      (TIJ):    0.000ns
    Discrete Jitter          (DJ):    0.000ns
    Phase Error              (PE):    0.000ns

    Location             Delay type                Incr(ns)  Path(ns)    Netlist Resource(s)
  -------------------------------------------------------------------    -------------------
                         (clock sys_clk rise edge)    0.000     0.000 r  
    E3                                                0.000     0.000 r  clk_100mhz (IN)
                         net (fo=0)                   0.000     0.000    clk_100mhz
    E3                   IBUF (Prop_ibuf_I_O)         1.482     1.482 r  clk_100mhz_IBUF_inst/O
                         net (fo=1, routed)           2.025     3.506    clk_100mhz_IBUF
    BUFGCTRL_X0Y16       BUFG (Prop_bufg_I_O)         0.096     3.602 r  clk_100mhz_IBUF_BUFG_inst/O
                         net (fo=2651, routed)        1.817     5.420    clk_100mhz_IBUF_BUFG
    SLICE_X18Y10         FDCE                                         r  rst_sync_reg[3]/C
  -------------------------------------------------------------------    -------------------
    SLICE_X18Y10         FDCE (Prop_fdce_C_Q)         0.456     5.876 r  rst_sync_reg[3]/Q
                         net (fo=41, routed)          0.866     6.742    u_bridge/tx_valid_reg_0[0]
    SLICE_X26Y10         LUT1 (Prop_lut1_I0_O)        0.150     6.892 f  u_bridge/FSM_sequential_state[1]_i_2__0/O
                         net (fo=596, routed)         3.752    10.644    u_bridge/rst_sync_reg[3]
    SLICE_X1Y14          FDCE                                         f  u_bridge/timeout_reg[1]/CLR
  -------------------------------------------------------------------    -------------------

                         (clock sys_clk rise edge)   10.000    10.000 r  
    E3                                                0.000    10.000 r  clk_100mhz (IN)
                         net (fo=0)                   0.000    10.000    clk_100mhz
    E3                   IBUF (Prop_ibuf_I_O)         1.411    11.411 r  clk_100mhz_IBUF_inst/O
                         net (fo=1, routed)           1.920    13.331    clk_100mhz_IBUF
    BUFGCTRL_X0Y16       BUFG (Prop_bufg_I_O)         0.091    13.422 r  clk_100mhz_IBUF_BUFG_inst/O
                         net (fo=2651, routed)        1.766    15.188    u_bridge/clk_100mhz_IBUF_BUFG
    SLICE_X1Y14          FDCE                                         r  u_bridge/timeout_reg[1]/C
                         clock pessimism              0.267    15.456    
                         clock uncertainty           -0.035    15.420    
    SLICE_X1Y14          FDCE (Recov_fdce_C_CLR)     -0.607    14.813    u_bridge/timeout_reg[1]
  -------------------------------------------------------------------
                         required time                         14.813    
                         arrival time                         -10.644    
  -------------------------------------------------------------------
                         slack                                  4.170    

Slack (MET) :             4.170ns  (required time - arrival time)
  Source:                 rst_sync_reg[3]/C
                            (rising edge-triggered cell FDCE clocked by sys_clk  {rise@0.000ns fall@5.000ns period=10.000ns})
  Destination:            u_bridge/timeout_reg[2]/CLR
                            (recovery check against rising-edge clock sys_clk  {rise@0.000ns fall@5.000ns period=10.000ns})
  Path Group:             **async_default**
  Path Type:              Recovery (Max at Slow Process Corner)
  Requirement:            10.000ns  (sys_clk rise@10.000ns - sys_clk rise@0.000ns)
  Data Path Delay:        5.224ns  (logic 0.606ns (11.600%)  route 4.618ns (88.400%))
  Logic Levels:           1  (LUT1=1)
  Clock Path Skew:        0.036ns (DCD - SCD + CPR)
    Destination Clock Delay (DCD):    5.188ns = ( 15.188 - 10.000 ) 
    Source Clock Delay      (SCD):    5.420ns
    Clock Pessimism Removal (CPR):    0.267ns
  Clock Uncertainty:      0.035ns  ((TSJ^2 + TIJ^2)^1/2 + DJ) / 2 + PE
    Total System Jitter     (TSJ):    0.071ns
    Total Input Jitter      (TIJ):    0.000ns
    Discrete Jitter          (DJ):    0.000ns
    Phase Error              (PE):    0.000ns

    Location             Delay type                Incr(ns)  Path(ns)    Netlist Resource(s)
  -------------------------------------------------------------------    -------------------
                         (clock sys_clk rise edge)    0.000     0.000 r  
    E3                                                0.000     0.000 r  clk_100mhz (IN)
                         net (fo=0)                   0.000     0.000    clk_100mhz
    E3                   IBUF (Prop_ibuf_I_O)         1.482     1.482 r  clk_100mhz_IBUF_inst/O
                         net (fo=1, routed)           2.025     3.506    clk_100mhz_IBUF
    BUFGCTRL_X0Y16       BUFG (Prop_bufg_I_O)         0.096     3.602 r  clk_100mhz_IBUF_BUFG_inst/O
                         net (fo=2651, routed)        1.817     5.420    clk_100mhz_IBUF_BUFG
    SLICE_X18Y10         FDCE                                         r  rst_sync_reg[3]/C
  -------------------------------------------------------------------    -------------------
    SLICE_X18Y10         FDCE (Prop_fdce_C_Q)         0.456     5.876 r  rst_sync_reg[3]/Q
                         net (fo=41, routed)          0.866     6.742    u_bridge/tx_valid_reg_0[0]
    SLICE_X26Y10         LUT1 (Prop_lut1_I0_O)        0.150     6.892 f  u_bridge/FSM_sequential_state[1]_i_2__0/O
                         net (fo=596, routed)         3.752    10.644    u_bridge/rst_sync_reg[3]
    SLICE_X1Y14          FDCE                                         f  u_bridge/timeout_reg[2]/CLR
  -------------------------------------------------------------------    -------------------

                         (clock sys_clk rise edge)   10.000    10.000 r  
    E3                                                0.000    10.000 r  clk_100mhz (IN)
                         net (fo=0)                   0.000    10.000    clk_100mhz
    E3                   IBUF (Prop_ibuf_I_O)         1.411    11.411 r  clk_100mhz_IBUF_inst/O
                         net (fo=1, routed)           1.920    13.331    clk_100mhz_IBUF
    BUFGCTRL_X0Y16       BUFG (Prop_bufg_I_O)         0.091    13.422 r  clk_100mhz_IBUF_BUFG_inst/O
                         net (fo=2651, routed)        1.766    15.188    u_bridge/clk_100mhz_IBUF_BUFG
    SLICE_X1Y14          FDCE                                         r  u_bridge/timeout_reg[2]/C
                         clock pessimism              0.267    15.456    
                         clock uncertainty           -0.035    15.420    
    SLICE_X1Y14          FDCE (Recov_fdce_C_CLR)     -0.607    14.813    u_bridge/timeout_reg[2]
  -------------------------------------------------------------------
                         required time                         14.813    
                         arrival time                         -10.644    
  -------------------------------------------------------------------
                         slack                                  4.170    

Slack (MET) :             4.170ns  (required time - arrival time)
  Source:                 rst_sync_reg[3]/C
                            (rising edge-triggered cell FDCE clocked by sys_clk  {rise@0.000ns fall@5.000ns period=10.000ns})
  Destination:            u_bridge/timeout_reg[3]/CLR
                            (recovery check against rising-edge clock sys_clk  {rise@0.000ns fall@5.000ns period=10.000ns})
  Path Group:             **async_default**
  Path Type:              Recovery (Max at Slow Process Corner)
  Requirement:            10.000ns  (sys_clk rise@10.000ns - sys_clk rise@0.000ns)
  Data Path Delay:        5.224ns  (logic 0.606ns (11.600%)  route 4.618ns (88.400%))
  Logic Levels:           1  (LUT1=1)
  Clock Path Skew:        0.036ns (DCD - SCD + CPR)
    Destination Clock Delay (DCD):    5.188ns = ( 15.188 - 10.000 ) 
    Source Clock Delay      (SCD):    5.420ns
    Clock Pessimism Removal (CPR):    0.267ns
  Clock Uncertainty:      0.035ns  ((TSJ^2 + TIJ^2)^1/2 + DJ) / 2 + PE
    Total System Jitter     (TSJ):    0.071ns
    Total Input Jitter      (TIJ):    0.000ns
    Discrete Jitter          (DJ):    0.000ns
    Phase Error              (PE):    0.000ns

    Location             Delay type                Incr(ns)  Path(ns)    Netlist Resource(s)
  -------------------------------------------------------------------    -------------------
                         (clock sys_clk rise edge)    0.000     0.000 r  
    E3                                                0.000     0.000 r  clk_100mhz (IN)
                         net (fo=0)                   0.000     0.000    clk_100mhz
    E3                   IBUF (Prop_ibuf_I_O)         1.482     1.482 r  clk_100mhz_IBUF_inst/O
                         net (fo=1, routed)           2.025     3.506    clk_100mhz_IBUF
    BUFGCTRL_X0Y16       BUFG (Prop_bufg_I_O)         0.096     3.602 r  clk_100mhz_IBUF_BUFG_inst/O
                         net (fo=2651, routed)        1.817     5.420    clk_100mhz_IBUF_BUFG
    SLICE_X18Y10         FDCE                                         r  rst_sync_reg[3]/C
  -------------------------------------------------------------------    -------------------
    SLICE_X18Y10         FDCE (Prop_fdce_C_Q)         0.456     5.876 r  rst_sync_reg[3]/Q
                         net (fo=41, routed)          0.866     6.742    u_bridge/tx_valid_reg_0[0]
    SLICE_X26Y10         LUT1 (Prop_lut1_I0_O)        0.150     6.892 f  u_bridge/FSM_sequential_state[1]_i_2__0/O
                         net (fo=596, routed)         3.752    10.644    u_bridge/rst_sync_reg[3]
    SLICE_X1Y14          FDCE                                         f  u_bridge/timeout_reg[3]/CLR
  -------------------------------------------------------------------    -------------------

                         (clock sys_clk rise edge)   10.000    10.000 r  
    E3                                                0.000    10.000 r  clk_100mhz (IN)
                         net (fo=0)                   0.000    10.000    clk_100mhz
    E3                   IBUF (Prop_ibuf_I_O)         1.411    11.411 r  clk_100mhz_IBUF_inst/O
                         net (fo=1, routed)           1.920    13.331    clk_100mhz_IBUF
    BUFGCTRL_X0Y16       BUFG (Prop_bufg_I_O)         0.091    13.422 r  clk_100mhz_IBUF_BUFG_inst/O
                         net (fo=2651, routed)        1.766    15.188    u_bridge/clk_100mhz_IBUF_BUFG
    SLICE_X1Y14          FDCE                                         r  u_bridge/timeout_reg[3]/C
                         clock pessimism              0.267    15.456    
                         clock uncertainty           -0.035    15.420    
    SLICE_X1Y14          FDCE (Recov_fdce_C_CLR)     -0.607    14.813    u_bridge/timeout_reg[3]
  -------------------------------------------------------------------
                         required time                         14.813    
                         arrival time                         -10.644    
  -------------------------------------------------------------------
                         slack                                  4.170    

Slack (MET) :             4.334ns  (required time - arrival time)
  Source:                 rst_sync_reg[3]/C
                            (rising edge-triggered cell FDCE clocked by sys_clk  {rise@0.000ns fall@5.000ns period=10.000ns})
  Destination:            u_bridge/crc_reg[24]/PRE
                            (recovery check against rising-edge clock sys_clk  {rise@0.000ns fall@5.000ns period=10.000ns})
  Path Group:             **async_default**
  Path Type:              Recovery (Max at Slow Process Corner)
  Requirement:            10.000ns  (sys_clk rise@10.000ns - sys_clk rise@0.000ns)
  Data Path Delay:        5.104ns  (logic 0.606ns (11.872%)  route 4.498ns (88.128%))
  Logic Levels:           1  (LUT1=1)
  Clock Path Skew:        0.035ns (DCD - SCD + CPR)
    Destination Clock Delay (DCD):    5.187ns = ( 15.187 - 10.000 ) 
    Source Clock Delay      (SCD):    5.420ns
    Clock Pessimism Removal (CPR):    0.267ns
  Clock Uncertainty:      0.035ns  ((TSJ^2 + TIJ^2)^1/2 + DJ) / 2 + PE
    Total System Jitter     (TSJ):    0.071ns
    Total Input Jitter      (TIJ):    0.000ns
    Discrete Jitter          (DJ):    0.000ns
    Phase Error              (PE):    0.000ns

    Location             Delay type                Incr(ns)  Path(ns)    Netlist Resource(s)
  -------------------------------------------------------------------    -------------------
                         (clock sys_clk rise edge)    0.000     0.000 r  
    E3                                                0.000     0.000 r  clk_100mhz (IN)
                         net (fo=0)                   0.000     0.000    clk_100mhz
    E3                   IBUF (Prop_ibuf_I_O)         1.482     1.482 r  clk_100mhz_IBUF_inst/O
                         net (fo=1, routed)           2.025     3.506    clk_100mhz_IBUF
    BUFGCTRL_X0Y16       BUFG (Prop_bufg_I_O)         0.096     3.602 r  clk_100mhz_IBUF_BUFG_inst/O
                         net (fo=2651, routed)        1.817     5.420    clk_100mhz_IBUF_BUFG
    SLICE_X18Y10         FDCE                                         r  rst_sync_reg[3]/C
  -------------------------------------------------------------------    -------------------
    SLICE_X18Y10         FDCE (Prop_fdce_C_Q)         0.456     5.876 r  rst_sync_reg[3]/Q
                         net (fo=41, routed)          0.866     6.742    u_bridge/tx_valid_reg_0[0]
    SLICE_X26Y10         LUT1 (Prop_lut1_I0_O)        0.150     6.892 f  u_bridge/FSM_sequential_state[1]_i_2__0/O
                         net (fo=596, routed)         3.632    10.524    u_bridge/rst_sync_reg[3]
    SLICE_X4Y13          FDPE                                         f  u_bridge/crc_reg[24]/PRE
  -------------------------------------------------------------------    -------------------

                         (clock sys_clk rise edge)   10.000    10.000 r  
    E3                                                0.000    10.000 r  clk_100mhz (IN)
                         net (fo=0)                   0.000    10.000    clk_100mhz
    E3                   IBUF (Prop_ibuf_I_O)         1.411    11.411 r  clk_100mhz_IBUF_inst/O
                         net (fo=1, routed)           1.920    13.331    clk_100mhz_IBUF
    BUFGCTRL_X0Y16       BUFG (Prop_bufg_I_O)         0.091    13.422 r  clk_100mhz_IBUF_BUFG_inst/O
                         net (fo=2651, routed)        1.765    15.187    u_bridge/clk_100mhz_IBUF_BUFG
    SLICE_X4Y13          FDPE                                         r  u_bridge/crc_reg[24]/C
                         clock pessimism              0.267    15.455    
                         clock uncertainty           -0.035    15.419    
    SLICE_X4Y13          FDPE (Recov_fdpe_C_PRE)     -0.561    14.858    u_bridge/crc_reg[24]
  -------------------------------------------------------------------
                         required time                         14.858    
                         arrival time                         -10.524    
  -------------------------------------------------------------------
                         slack                                  4.334    

Slack (MET) :             4.334ns  (required time - arrival time)
  Source:                 rst_sync_reg[3]/C
                            (rising edge-triggered cell FDCE clocked by sys_clk  {rise@0.000ns fall@5.000ns period=10.000ns})
  Destination:            u_bridge/crc_reg[27]/PRE
                            (recovery check against rising-edge clock sys_clk  {rise@0.000ns fall@5.000ns period=10.000ns})
  Path Group:             **async_default**
  Path Type:              Recovery (Max at Slow Process Corner)
  Requirement:            10.000ns  (sys_clk rise@10.000ns - sys_clk rise@0.000ns)
  Data Path Delay:        5.104ns  (logic 0.606ns (11.872%)  route 4.498ns (88.128%))
  Logic Levels:           1  (LUT1=1)
  Clock Path Skew:        0.035ns (DCD - SCD + CPR)
    Destination Clock Delay (DCD):    5.187ns = ( 15.187 - 10.000 ) 
    Source Clock Delay      (SCD):    5.420ns
    Clock Pessimism Removal (CPR):    0.267ns
  Clock Uncertainty:      0.035ns  ((TSJ^2 + TIJ^2)^1/2 + DJ) / 2 + PE
    Total System Jitter     (TSJ):    0.071ns
    Total Input Jitter      (TIJ):    0.000ns
    Discrete Jitter          (DJ):    0.000ns
    Phase Error              (PE):    0.000ns

    Location             Delay type                Incr(ns)  Path(ns)    Netlist Resource(s)
  -------------------------------------------------------------------    -------------------
                         (clock sys_clk rise edge)    0.000     0.000 r  
    E3                                                0.000     0.000 r  clk_100mhz (IN)
                         net (fo=0)                   0.000     0.000    clk_100mhz
    E3                   IBUF (Prop_ibuf_I_O)         1.482     1.482 r  clk_100mhz_IBUF_inst/O
                         net (fo=1, routed)           2.025     3.506    clk_100mhz_IBUF
    BUFGCTRL_X0Y16       BUFG (Prop_bufg_I_O)         0.096     3.602 r  clk_100mhz_IBUF_BUFG_inst/O
                         net (fo=2651, routed)        1.817     5.420    clk_100mhz_IBUF_BUFG
    SLICE_X18Y10         FDCE                                         r  rst_sync_reg[3]/C
  -------------------------------------------------------------------    -------------------
    SLICE_X18Y10         FDCE (Prop_fdce_C_Q)         0.456     5.876 r  rst_sync_reg[3]/Q
                         net (fo=41, routed)          0.866     6.742    u_bridge/tx_valid_reg_0[0]
    SLICE_X26Y10         LUT1 (Prop_lut1_I0_O)        0.150     6.892 f  u_bridge/FSM_sequential_state[1]_i_2__0/O
                         net (fo=596, routed)         3.632    10.524    u_bridge/rst_sync_reg[3]
    SLICE_X4Y13          FDPE                                         f  u_bridge/crc_reg[27]/PRE
  -------------------------------------------------------------------    -------------------

                         (clock sys_clk rise edge)   10.000    10.000 r  
    E3                                                0.000    10.000 r  clk_100mhz (IN)
                         net (fo=0)                   0.000    10.000    clk_100mhz
    E3                   IBUF (Prop_ibuf_I_O)         1.411    11.411 r  clk_100mhz_IBUF_inst/O
                         net (fo=1, routed)           1.920    13.331    clk_100mhz_IBUF
    BUFGCTRL_X0Y16       BUFG (Prop_bufg_I_O)         0.091    13.422 r  clk_100mhz_IBUF_BUFG_inst/O
                         net (fo=2651, routed)        1.765    15.187    u_bridge/clk_100mhz_IBUF_BUFG
    SLICE_X4Y13          FDPE                                         r  u_bridge/crc_reg[27]/C
                         clock pessimism              0.267    15.455    
                         clock uncertainty           -0.035    15.419    
    SLICE_X4Y13          FDPE (Recov_fdpe_C_PRE)     -0.561    14.858    u_bridge/crc_reg[27]
  -------------------------------------------------------------------
                         required time                         14.858    
                         arrival time                         -10.524    
  -------------------------------------------------------------------
                         slack                                  4.334    

Slack (MET) :             4.339ns  (required time - arrival time)
  Source:                 rst_sync_reg[3]/C
                            (rising edge-triggered cell FDCE clocked by sys_clk  {rise@0.000ns fall@5.000ns period=10.000ns})
  Destination:            u_bridge/crc_reg[1]/PRE
                            (recovery check against rising-edge clock sys_clk  {rise@0.000ns fall@5.000ns period=10.000ns})
  Path Group:             **async_default**
  Path Type:              Recovery (Max at Slow Process Corner)
  Requirement:            10.000ns  (sys_clk rise@10.000ns - sys_clk rise@0.000ns)
  Data Path Delay:        5.100ns  (logic 0.606ns (11.882%)  route 4.494ns (88.118%))
  Logic Levels:           1  (LUT1=1)
  Clock Path Skew:        0.035ns (DCD - SCD + CPR)
    Destination Clock Delay (DCD):    5.187ns = ( 15.187 - 10.000 ) 
    Source Clock Delay      (SCD):    5.420ns
    Clock Pessimism Removal (CPR):    0.267ns
  Clock Uncertainty:      0.035ns  ((TSJ^2 + TIJ^2)^1/2 + DJ) / 2 + PE
    Total System Jitter     (TSJ):    0.071ns
    Total Input Jitter      (TIJ):    0.000ns
    Discrete Jitter          (DJ):    0.000ns
    Phase Error              (PE):    0.000ns

    Location             Delay type                Incr(ns)  Path(ns)    Netlist Resource(s)
  -------------------------------------------------------------------    -------------------
                         (clock sys_clk rise edge)    0.000     0.000 r  
    E3                                                0.000     0.000 r  clk_100mhz (IN)
                         net (fo=0)                   0.000     0.000    clk_100mhz
    E3                   IBUF (Prop_ibuf_I_O)         1.482     1.482 r  clk_100mhz_IBUF_inst/O
                         net (fo=1, routed)           2.025     3.506    clk_100mhz_IBUF
    BUFGCTRL_X0Y16       BUFG (Prop_bufg_I_O)         0.096     3.602 r  clk_100mhz_IBUF_BUFG_inst/O
                         net (fo=2651, routed)        1.817     5.420    clk_100mhz_IBUF_BUFG
    SLICE_X18Y10         FDCE                                         r  rst_sync_reg[3]/C
  -------------------------------------------------------------------    -------------------
    SLICE_X18Y10         FDCE (Prop_fdce_C_Q)         0.456     5.876 r  rst_sync_reg[3]/Q
                         net (fo=41, routed)          0.866     6.742    u_bridge/tx_valid_reg_0[0]
    SLICE_X26Y10         LUT1 (Prop_lut1_I0_O)        0.150     6.892 f  u_bridge/FSM_sequential_state[1]_i_2__0/O
                         net (fo=596, routed)         3.628    10.520    u_bridge/rst_sync_reg[3]
    SLICE_X5Y13          FDPE                                         f  u_bridge/crc_reg[1]/PRE
  -------------------------------------------------------------------    -------------------

                         (clock sys_clk rise edge)   10.000    10.000 r  
    E3                                                0.000    10.000 r  clk_100mhz (IN)
                         net (fo=0)                   0.000    10.000    clk_100mhz
    E3                   IBUF (Prop_ibuf_I_O)         1.411    11.411 r  clk_100mhz_IBUF_inst/O
                         net (fo=1, routed)           1.920    13.331    clk_100mhz_IBUF
    BUFGCTRL_X0Y16       BUFG (Prop_bufg_I_O)         0.091    13.422 r  clk_100mhz_IBUF_BUFG_inst/O
                         net (fo=2651, routed)        1.765    15.187    u_bridge/clk_100mhz_IBUF_BUFG
    SLICE_X5Y13          FDPE                                         r  u_bridge/crc_reg[1]/C
                         clock pessimism              0.267    15.455    
                         clock uncertainty           -0.035    15.419    
    SLICE_X5Y13          FDPE (Recov_fdpe_C_PRE)     -0.561    14.858    u_bridge/crc_reg[1]
  -------------------------------------------------------------------
                         required time                         14.858    
                         arrival time                         -10.520    
  -------------------------------------------------------------------
                         slack                                  4.339    

Slack (MET) :             4.339ns  (required time - arrival time)
  Source:                 rst_sync_reg[3]/C
                            (rising edge-triggered cell FDCE clocked by sys_clk  {rise@0.000ns fall@5.000ns period=10.000ns})
  Destination:            u_bridge/crc_reg[31]/PRE
                            (recovery check against rising-edge clock sys_clk  {rise@0.000ns fall@5.000ns period=10.000ns})
  Path Group:             **async_default**
  Path Type:              Recovery (Max at Slow Process Corner)
  Requirement:            10.000ns  (sys_clk rise@10.000ns - sys_clk rise@0.000ns)
  Data Path Delay:        5.100ns  (logic 0.606ns (11.882%)  route 4.494ns (88.118%))
  Logic Levels:           1  (LUT1=1)
  Clock Path Skew:        0.035ns (DCD - SCD + CPR)
    Destination Clock Delay (DCD):    5.187ns = ( 15.187 - 10.000 ) 
    Source Clock Delay      (SCD):    5.420ns
    Clock Pessimism Removal (CPR):    0.267ns
  Clock Uncertainty:      0.035ns  ((TSJ^2 + TIJ^2)^1/2 + DJ) / 2 + PE
    Total System Jitter     (TSJ):    0.071ns
    Total Input Jitter      (TIJ):    0.000ns
    Discrete Jitter          (DJ):    0.000ns
    Phase Error              (PE):    0.000ns

    Location             Delay type                Incr(ns)  Path(ns)    Netlist Resource(s)
  -------------------------------------------------------------------    -------------------
                         (clock sys_clk rise edge)    0.000     0.000 r  
    E3                                                0.000     0.000 r  clk_100mhz (IN)
                         net (fo=0)                   0.000     0.000    clk_100mhz
    E3                   IBUF (Prop_ibuf_I_O)         1.482     1.482 r  clk_100mhz_IBUF_inst/O
                         net (fo=1, routed)           2.025     3.506    clk_100mhz_IBUF
    BUFGCTRL_X0Y16       BUFG (Prop_bufg_I_O)         0.096     3.602 r  clk_100mhz_IBUF_BUFG_inst/O
                         net (fo=2651, routed)        1.817     5.420    clk_100mhz_IBUF_BUFG
    SLICE_X18Y10         FDCE                                         r  rst_sync_reg[3]/C
  -------------------------------------------------------------------    -------------------
    SLICE_X18Y10         FDCE (Prop_fdce_C_Q)         0.456     5.876 r  rst_sync_reg[3]/Q
                         net (fo=41, routed)          0.866     6.742    u_bridge/tx_valid_reg_0[0]
    SLICE_X26Y10         LUT1 (Prop_lut1_I0_O)        0.150     6.892 f  u_bridge/FSM_sequential_state[1]_i_2__0/O
                         net (fo=596, routed)         3.628    10.520    u_bridge/rst_sync_reg[3]
    SLICE_X5Y13          FDPE                                         f  u_bridge/crc_reg[31]/PRE
  -------------------------------------------------------------------    -------------------

                         (clock sys_clk rise edge)   10.000    10.000 r  
    E3                                                0.000    10.000 r  clk_100mhz (IN)
                         net (fo=0)                   0.000    10.000    clk_100mhz
    E3                   IBUF (Prop_ibuf_I_O)         1.411    11.411 r  clk_100mhz_IBUF_inst/O
                         net (fo=1, routed)           1.920    13.331    clk_100mhz_IBUF
    BUFGCTRL_X0Y16       BUFG (Prop_bufg_I_O)         0.091    13.422 r  clk_100mhz_IBUF_BUFG_inst/O
                         net (fo=2651, routed)        1.765    15.187    u_bridge/clk_100mhz_IBUF_BUFG
    SLICE_X5Y13          FDPE                                         r  u_bridge/crc_reg[31]/C
                         clock pessimism              0.267    15.455    
                         clock uncertainty           -0.035    15.419    
    SLICE_X5Y13          FDPE (Recov_fdpe_C_PRE)     -0.561    14.858    u_bridge/crc_reg[31]
  -------------------------------------------------------------------
                         required time                         14.858    
                         arrival time                         -10.520    
  -------------------------------------------------------------------
                         slack                                  4.339    

Slack (MET) :             4.372ns  (required time - arrival time)
  Source:                 rst_sync_reg[3]/C
                            (rising edge-triggered cell FDCE clocked by sys_clk  {rise@0.000ns fall@5.000ns period=10.000ns})
  Destination:            u_bridge/timeout_reg[4]/CLR
                            (recovery check against rising-edge clock sys_clk  {rise@0.000ns fall@5.000ns period=10.000ns})
  Path Group:             **async_default**
  Path Type:              Recovery (Max at Slow Process Corner)
  Requirement:            10.000ns  (sys_clk rise@10.000ns - sys_clk rise@0.000ns)
  Data Path Delay:        5.021ns  (logic 0.606ns (12.070%)  route 4.415ns (87.930%))
  Logic Levels:           1  (LUT1=1)
  Clock Path Skew:        0.035ns (DCD - SCD + CPR)
    Destination Clock Delay (DCD):    5.187ns = ( 15.187 - 10.000 ) 
    Source Clock Delay      (SCD):    5.420ns
    Clock Pessimism Removal (CPR):    0.267ns
  Clock Uncertainty:      0.035ns  ((TSJ^2 + TIJ^2)^1/2 + DJ) / 2 + PE
    Total System Jitter     (TSJ):    0.071ns
    Total Input Jitter      (TIJ):    0.000ns
    Discrete Jitter          (DJ):    0.000ns
    Phase Error              (PE):    0.000ns

    Location             Delay type                Incr(ns)  Path(ns)    Netlist Resource(s)
  -------------------------------------------------------------------    -------------------
                         (clock sys_clk rise edge)    0.000     0.000 r  
    E3                                                0.000     0.000 r  clk_100mhz (IN)
                         net (fo=0)                   0.000     0.000    clk_100mhz
    E3                   IBUF (Prop_ibuf_I_O)         1.482     1.482 r  clk_100mhz_IBUF_inst/O
                         net (fo=1, routed)           2.025     3.506    clk_100mhz_IBUF
    BUFGCTRL_X0Y16       BUFG (Prop_bufg_I_O)         0.096     3.602 r  clk_100mhz_IBUF_BUFG_inst/O
                         net (fo=2651, routed)        1.817     5.420    clk_100mhz_IBUF_BUFG
    SLICE_X18Y10         FDCE                                         r  rst_sync_reg[3]/C
  -------------------------------------------------------------------    -------------------
    SLICE_X18Y10         FDCE (Prop_fdce_C_Q)         0.456     5.876 r  rst_sync_reg[3]/Q
                         net (fo=41, routed)          0.866     6.742    u_bridge/tx_valid_reg_0[0]
    SLICE_X26Y10         LUT1 (Prop_lut1_I0_O)        0.150     6.892 f  u_bridge/FSM_sequential_state[1]_i_2__0/O
                         net (fo=596, routed)         3.549    10.441    u_bridge/rst_sync_reg[3]
    SLICE_X1Y15          FDCE                                         f  u_bridge/timeout_reg[4]/CLR
  -------------------------------------------------------------------    -------------------

                         (clock sys_clk rise edge)   10.000    10.000 r  
    E3                                                0.000    10.000 r  clk_100mhz (IN)
                         net (fo=0)                   0.000    10.000    clk_100mhz
    E3                   IBUF (Prop_ibuf_I_O)         1.411    11.411 r  clk_100mhz_IBUF_inst/O
                         net (fo=1, routed)           1.920    13.331    clk_100mhz_IBUF
    BUFGCTRL_X0Y16       BUFG (Prop_bufg_I_O)         0.091    13.422 r  clk_100mhz_IBUF_BUFG_inst/O
                         net (fo=2651, routed)        1.765    15.187    u_bridge/clk_100mhz_IBUF_BUFG
    SLICE_X1Y15          FDCE                                         r  u_bridge/timeout_reg[4]/C
                         clock pessimism              0.267    15.455    
                         clock uncertainty           -0.035    15.419    
    SLICE_X1Y15          FDCE (Recov_fdce_C_CLR)     -0.607    14.812    u_bridge/timeout_reg[4]
  -------------------------------------------------------------------
                         required time                         14.812    
                         arrival time                         -10.441    
  -------------------------------------------------------------------
                         slack                                  4.372    

Slack (MET) :             4.372ns  (required time - arrival time)
  Source:                 rst_sync_reg[3]/C
                            (rising edge-triggered cell FDCE clocked by sys_clk  {rise@0.000ns fall@5.000ns period=10.000ns})
  Destination:            u_bridge/timeout_reg[5]/CLR
                            (recovery check against rising-edge clock sys_clk  {rise@0.000ns fall@5.000ns period=10.000ns})
  Path Group:             **async_default**
  Path Type:              Recovery (Max at Slow Process Corner)
  Requirement:            10.000ns  (sys_clk rise@10.000ns - sys_clk rise@0.000ns)
  Data Path Delay:        5.021ns  (logic 0.606ns (12.070%)  route 4.415ns (87.930%))
  Logic Levels:           1  (LUT1=1)
  Clock Path Skew:        0.035ns (DCD - SCD + CPR)
    Destination Clock Delay (DCD):    5.187ns = ( 15.187 - 10.000 ) 
    Source Clock Delay      (SCD):    5.420ns
    Clock Pessimism Removal (CPR):    0.267ns
  Clock Uncertainty:      0.035ns  ((TSJ^2 + TIJ^2)^1/2 + DJ) / 2 + PE
    Total System Jitter     (TSJ):    0.071ns
    Total Input Jitter      (TIJ):    0.000ns
    Discrete Jitter          (DJ):    0.000ns
    Phase Error              (PE):    0.000ns

    Location             Delay type                Incr(ns)  Path(ns)    Netlist Resource(s)
  -------------------------------------------------------------------    -------------------
                         (clock sys_clk rise edge)    0.000     0.000 r  
    E3                                                0.000     0.000 r  clk_100mhz (IN)
                         net (fo=0)                   0.000     0.000    clk_100mhz
    E3                   IBUF (Prop_ibuf_I_O)         1.482     1.482 r  clk_100mhz_IBUF_inst/O
                         net (fo=1, routed)           2.025     3.506    clk_100mhz_IBUF
    BUFGCTRL_X0Y16       BUFG (Prop_bufg_I_O)         0.096     3.602 r  clk_100mhz_IBUF_BUFG_inst/O
                         net (fo=2651, routed)        1.817     5.420    clk_100mhz_IBUF_BUFG
    SLICE_X18Y10         FDCE                                         r  rst_sync_reg[3]/C
  -------------------------------------------------------------------    -------------------
    SLICE_X18Y10         FDCE (Prop_fdce_C_Q)         0.456     5.876 r  rst_sync_reg[3]/Q
                         net (fo=41, routed)          0.866     6.742    u_bridge/tx_valid_reg_0[0]
    SLICE_X26Y10         LUT1 (Prop_lut1_I0_O)        0.150     6.892 f  u_bridge/FSM_sequential_state[1]_i_2__0/O
                         net (fo=596, routed)         3.549    10.441    u_bridge/rst_sync_reg[3]
    SLICE_X1Y15          FDCE                                         f  u_bridge/timeout_reg[5]/CLR
  -------------------------------------------------------------------    -------------------

                         (clock sys_clk rise edge)   10.000    10.000 r  
    E3                                                0.000    10.000 r  clk_100mhz (IN)
                         net (fo=0)                   0.000    10.000    clk_100mhz
    E3                   IBUF (Prop_ibuf_I_O)         1.411    11.411 r  clk_100mhz_IBUF_inst/O
                         net (fo=1, routed)           1.920    13.331    clk_100mhz_IBUF
    BUFGCTRL_X0Y16       BUFG (Prop_bufg_I_O)         0.091    13.422 r  clk_100mhz_IBUF_BUFG_inst/O
                         net (fo=2651, routed)        1.765    15.187    u_bridge/clk_100mhz_IBUF_BUFG
    SLICE_X1Y15          FDCE                                         r  u_bridge/timeout_reg[5]/C
                         clock pessimism              0.267    15.455    
                         clock uncertainty           -0.035    15.419    
    SLICE_X1Y15          FDCE (Recov_fdce_C_CLR)     -0.607    14.812    u_bridge/timeout_reg[5]
  -------------------------------------------------------------------
                         required time                         14.812    
                         arrival time                         -10.441    
  -------------------------------------------------------------------
                         slack                                  4.372    





Min Delay Paths
--------------------------------------------------------------------------------------
Slack (MET) :             0.864ns  (arrival time - required time)
  Source:                 rst_sync_reg[3]/C
                            (rising edge-triggered cell FDCE clocked by sys_clk  {rise@0.000ns fall@5.000ns period=10.000ns})
  Destination:            u_bridge/cnt_reg[1]_rep__0/CLR
                            (removal check against rising-edge clock sys_clk  {rise@0.000ns fall@5.000ns period=10.000ns})
  Path Group:             **async_default**
  Path Type:              Removal (Min at Fast Process Corner)
  Requirement:            0.000ns  (sys_clk rise@0.000ns - sys_clk rise@0.000ns)
  Data Path Delay:        0.742ns  (logic 0.183ns (24.659%)  route 0.559ns (75.341%))
  Logic Levels:           1  (LUT1=1)
  Clock Path Skew:        0.032ns (DCD - SCD - CPR)
    Destination Clock Delay (DCD):    2.073ns
    Source Clock Delay      (SCD):    1.558ns
    Clock Pessimism Removal (CPR):    0.483ns

    Location             Delay type                Incr(ns)  Path(ns)    Netlist Resource(s)
  -------------------------------------------------------------------    -------------------
                         (clock sys_clk rise edge)    0.000     0.000 r  
    E3                                                0.000     0.000 r  clk_100mhz (IN)
                         net (fo=0)                   0.000     0.000    clk_100mhz
    E3                   IBUF (Prop_ibuf_I_O)         0.250     0.250 r  clk_100mhz_IBUF_inst/O
                         net (fo=1, routed)           0.644     0.894    clk_100mhz_IBUF
    BUFGCTRL_X0Y16       BUFG (Prop_bufg_I_O)         0.026     0.920 r  clk_100mhz_IBUF_BUFG_inst/O
                         net (fo=2651, routed)        0.638     1.558    clk_100mhz_IBUF_BUFG
    SLICE_X18Y10         FDCE                                         r  rst_sync_reg[3]/C
  -------------------------------------------------------------------    -------------------
    SLICE_X18Y10         FDCE (Prop_fdce_C_Q)         0.141     1.699 r  rst_sync_reg[3]/Q
                         net (fo=41, routed)          0.351     2.050    u_bridge/tx_valid_reg_0[0]
    SLICE_X26Y10         LUT1 (Prop_lut1_I0_O)        0.042     2.092 f  u_bridge/FSM_sequential_state[1]_i_2__0/O
                         net (fo=596, routed)         0.208     2.300    u_bridge/rst_sync_reg[3]
    SLICE_X27Y16         FDCE                                         f  u_bridge/cnt_reg[1]_rep__0/CLR
  -------------------------------------------------------------------    -------------------

                         (clock sys_clk rise edge)    0.000     0.000 r  
    E3                                                0.000     0.000 r  clk_100mhz (IN)
                         net (fo=0)                   0.000     0.000    clk_100mhz
    E3                   IBUF (Prop_ibuf_I_O)         0.438     0.438 r  clk_100mhz_IBUF_inst/O
                         net (fo=1, routed)           0.699     1.136    clk_100mhz_IBUF
    BUFGCTRL_X0Y16       BUFG (Prop_bufg_I_O)         0.029     1.165 r  clk_100mhz_IBUF_BUFG_inst/O
                         net (fo=2651, routed)        0.908     2.073    u_bridge/clk_100mhz_IBUF_BUFG
    SLICE_X27Y16         FDCE                                         r  u_bridge/cnt_reg[1]_rep__0/C
                         clock pessimism             -0.483     1.590    
    SLICE_X27Y16         FDCE (Remov_fdce_C_CLR)     -0.154     1.436    u_bridge/cnt_reg[1]_rep__0
  -------------------------------------------------------------------
                         required time                         -1.436    
                         arrival time                           2.300    
  -------------------------------------------------------------------
                         slack                                  0.864    

Slack (MET) :             0.864ns  (arrival time - required time)
  Source:                 rst_sync_reg[3]/C
                            (rising edge-triggered cell FDCE clocked by sys_clk  {rise@0.000ns fall@5.000ns period=10.000ns})
  Destination:            u_bridge/cnt_reg[1]_rep__1/CLR
                            (removal check against rising-edge clock sys_clk  {rise@0.000ns fall@5.000ns period=10.000ns})
  Path Group:             **async_default**
  Path Type:              Removal (Min at Fast Process Corner)
  Requirement:            0.000ns  (sys_clk rise@0.000ns - sys_clk rise@0.000ns)
  Data Path Delay:        0.742ns  (logic 0.183ns (24.659%)  route 0.559ns (75.341%))
  Logic Levels:           1  (LUT1=1)
  Clock Path Skew:        0.032ns (DCD - SCD - CPR)
    Destination Clock Delay (DCD):    2.073ns
    Source Clock Delay      (SCD):    1.558ns
    Clock Pessimism Removal (CPR):    0.483ns

    Location             Delay type                Incr(ns)  Path(ns)    Netlist Resource(s)
  -------------------------------------------------------------------    -------------------
                         (clock sys_clk rise edge)    0.000     0.000 r  
    E3                                                0.000     0.000 r  clk_100mhz (IN)
                         net (fo=0)                   0.000     0.000    clk_100mhz
    E3                   IBUF (Prop_ibuf_I_O)         0.250     0.250 r  clk_100mhz_IBUF_inst/O
                         net (fo=1, routed)           0.644     0.894    clk_100mhz_IBUF
    BUFGCTRL_X0Y16       BUFG (Prop_bufg_I_O)         0.026     0.920 r  clk_100mhz_IBUF_BUFG_inst/O
                         net (fo=2651, routed)        0.638     1.558    clk_100mhz_IBUF_BUFG
    SLICE_X18Y10         FDCE                                         r  rst_sync_reg[3]/C
  -------------------------------------------------------------------    -------------------
    SLICE_X18Y10         FDCE (Prop_fdce_C_Q)         0.141     1.699 r  rst_sync_reg[3]/Q
                         net (fo=41, routed)          0.351     2.050    u_bridge/tx_valid_reg_0[0]
    SLICE_X26Y10         LUT1 (Prop_lut1_I0_O)        0.042     2.092 f  u_bridge/FSM_sequential_state[1]_i_2__0/O
                         net (fo=596, routed)         0.208     2.300    u_bridge/rst_sync_reg[3]
    SLICE_X27Y16         FDCE                                         f  u_bridge/cnt_reg[1]_rep__1/CLR
  -------------------------------------------------------------------    -------------------

                         (clock sys_clk rise edge)    0.000     0.000 r  
    E3                                                0.000     0.000 r  clk_100mhz (IN)
                         net (fo=0)                   0.000     0.000    clk_100mhz
    E3                   IBUF (Prop_ibuf_I_O)         0.438     0.438 r  clk_100mhz_IBUF_inst/O
                         net (fo=1, routed)           0.699     1.136    clk_100mhz_IBUF
    BUFGCTRL_X0Y16       BUFG (Prop_bufg_I_O)         0.029     1.165 r  clk_100mhz_IBUF_BUFG_inst/O
                         net (fo=2651, routed)        0.908     2.073    u_bridge/clk_100mhz_IBUF_BUFG
    SLICE_X27Y16         FDCE                                         r  u_bridge/cnt_reg[1]_rep__1/C
                         clock pessimism             -0.483     1.590    
    SLICE_X27Y16         FDCE (Remov_fdce_C_CLR)     -0.154     1.436    u_bridge/cnt_reg[1]_rep__1
  -------------------------------------------------------------------
                         required time                         -1.436    
                         arrival time                           2.300    
  -------------------------------------------------------------------
                         slack                                  0.864    

Slack (MET) :             0.929ns  (arrival time - required time)
  Source:                 rst_sync_reg[3]/C
                            (rising edge-triggered cell FDCE clocked by sys_clk  {rise@0.000ns fall@5.000ns period=10.000ns})
  Destination:            u_bridge/cnt_reg[1]/CLR
                            (removal check against rising-edge clock sys_clk  {rise@0.000ns fall@5.000ns period=10.000ns})
  Path Group:             **async_default**
  Path Type:              Removal (Min at Fast Process Corner)
  Requirement:            0.000ns  (sys_clk rise@0.000ns - sys_clk rise@0.000ns)
  Data Path Delay:        0.811ns  (logic 0.183ns (22.552%)  route 0.628ns (77.448%))
  Logic Levels:           1  (LUT1=1)
  Clock Path Skew:        0.036ns (DCD - SCD - CPR)
    Destination Clock Delay (DCD):    2.077ns
    Source Clock Delay      (SCD):    1.558ns
    Clock Pessimism Removal (CPR):    0.483ns

    Location             Delay type                Incr(ns)  Path(ns)    Netlist Resource(s)
  -------------------------------------------------------------------    -------------------
                         (clock sys_clk rise edge)    0.000     0.000 r  
    E3                                                0.000     0.000 r  clk_100mhz (IN)
                         net (fo=0)                   0.000     0.000    clk_100mhz
    E3                   IBUF (Prop_ibuf_I_O)         0.250     0.250 r  clk_100mhz_IBUF_inst/O
                         net (fo=1, routed)           0.644     0.894    clk_100mhz_IBUF
    BUFGCTRL_X0Y16       BUFG (Prop_bufg_I_O)         0.026     0.920 r  clk_100mhz_IBUF_BUFG_inst/O
                         net (fo=2651, routed)        0.638     1.558    clk_100mhz_IBUF_BUFG
    SLICE_X18Y10         FDCE                                         r  rst_sync_reg[3]/C
  -------------------------------------------------------------------    -------------------
    SLICE_X18Y10         FDCE (Prop_fdce_C_Q)         0.141     1.699 r  rst_sync_reg[3]/Q
                         net (fo=41, routed)          0.351     2.050    u_bridge/tx_valid_reg_0[0]
    SLICE_X26Y10         LUT1 (Prop_lut1_I0_O)        0.042     2.092 f  u_bridge/FSM_sequential_state[1]_i_2__0/O
                         net (fo=596, routed)         0.278     2.369    u_bridge/rst_sync_reg[3]
    SLICE_X23Y12         FDCE                                         f  u_bridge/cnt_reg[1]/CLR
  -------------------------------------------------------------------    -------------------

                         (clock sys_clk rise edge)    0.000     0.000 r  
    E3                                                0.000     0.000 r  clk_100mhz (IN)
                         net (fo=0)                   0.000     0.000    clk_100mhz
    E3                   IBUF (Prop_ibuf_I_O)         0.438     0.438 r  clk_100mhz_IBUF_inst/O
                         net (fo=1, routed)           0.699     1.136    clk_100mhz_IBUF
    BUFGCTRL_X0Y16       BUFG (Prop_bufg_I_O)         0.029     1.165 r  clk_100mhz_IBUF_BUFG_inst/O
                         net (fo=2651, routed)        0.912     2.077    u_bridge/clk_100mhz_IBUF_BUFG
    SLICE_X23Y12         FDCE                                         r  u_bridge/cnt_reg[1]/C
                         clock pessimism             -0.483     1.594    
    SLICE_X23Y12         FDCE (Remov_fdce_C_CLR)     -0.154     1.440    u_bridge/cnt_reg[1]
  -------------------------------------------------------------------
                         required time                         -1.440    
                         arrival time                           2.369    
  -------------------------------------------------------------------
                         slack                                  0.929    

Slack (MET) :             0.929ns  (arrival time - required time)
  Source:                 rst_sync_reg[3]/C
                            (rising edge-triggered cell FDCE clocked by sys_clk  {rise@0.000ns fall@5.000ns period=10.000ns})
  Destination:            u_bridge/cnt_reg[2]/CLR
                            (removal check against rising-edge clock sys_clk  {rise@0.000ns fall@5.000ns period=10.000ns})
  Path Group:             **async_default**
  Path Type:              Removal (Min at Fast Process Corner)
  Requirement:            0.000ns  (sys_clk rise@0.000ns - sys_clk rise@0.000ns)
  Data Path Delay:        0.811ns  (logic 0.183ns (22.552%)  route 0.628ns (77.448%))
  Logic Levels:           1  (LUT1=1)
  Clock Path Skew:        0.036ns (DCD - SCD - CPR)
    Destination Clock Delay (DCD):    2.077ns
    Source Clock Delay      (SCD):    1.558ns
    Clock Pessimism Removal (CPR):    0.483ns

    Location             Delay type                Incr(ns)  Path(ns)    Netlist Resource(s)
  -------------------------------------------------------------------    -------------------
                         (clock sys_clk rise edge)    0.000     0.000 r  
    E3                                                0.000     0.000 r  clk_100mhz (IN)
                         net (fo=0)                   0.000     0.000    clk_100mhz
    E3                   IBUF (Prop_ibuf_I_O)         0.250     0.250 r  clk_100mhz_IBUF_inst/O
                         net (fo=1, routed)           0.644     0.894    clk_100mhz_IBUF
    BUFGCTRL_X0Y16       BUFG (Prop_bufg_I_O)         0.026     0.920 r  clk_100mhz_IBUF_BUFG_inst/O
                         net (fo=2651, routed)        0.638     1.558    clk_100mhz_IBUF_BUFG
    SLICE_X18Y10         FDCE                                         r  rst_sync_reg[3]/C
  -------------------------------------------------------------------    -------------------
    SLICE_X18Y10         FDCE (Prop_fdce_C_Q)         0.141     1.699 r  rst_sync_reg[3]/Q
                         net (fo=41, routed)          0.351     2.050    u_bridge/tx_valid_reg_0[0]
    SLICE_X26Y10         LUT1 (Prop_lut1_I0_O)        0.042     2.092 f  u_bridge/FSM_sequential_state[1]_i_2__0/O
                         net (fo=596, routed)         0.278     2.369    u_bridge/rst_sync_reg[3]
    SLICE_X23Y12         FDCE                                         f  u_bridge/cnt_reg[2]/CLR
  -------------------------------------------------------------------    -------------------

                         (clock sys_clk rise edge)    0.000     0.000 r  
    E3                                                0.000     0.000 r  clk_100mhz (IN)
                         net (fo=0)                   0.000     0.000    clk_100mhz
    E3                   IBUF (Prop_ibuf_I_O)         0.438     0.438 r  clk_100mhz_IBUF_inst/O
                         net (fo=1, routed)           0.699     1.136    clk_100mhz_IBUF
    BUFGCTRL_X0Y16       BUFG (Prop_bufg_I_O)         0.029     1.165 r  clk_100mhz_IBUF_BUFG_inst/O
                         net (fo=2651, routed)        0.912     2.077    u_bridge/clk_100mhz_IBUF_BUFG
    SLICE_X23Y12         FDCE                                         r  u_bridge/cnt_reg[2]/C
                         clock pessimism             -0.483     1.594    
    SLICE_X23Y12         FDCE (Remov_fdce_C_CLR)     -0.154     1.440    u_bridge/cnt_reg[2]
  -------------------------------------------------------------------
                         required time                         -1.440    
                         arrival time                           2.369    
  -------------------------------------------------------------------
                         slack                                  0.929    

Slack (MET) :             0.929ns  (arrival time - required time)
  Source:                 rst_sync_reg[3]/C
                            (rising edge-triggered cell FDCE clocked by sys_clk  {rise@0.000ns fall@5.000ns period=10.000ns})
  Destination:            u_bridge/cnt_reg[5]/CLR
                            (removal check against rising-edge clock sys_clk  {rise@0.000ns fall@5.000ns period=10.000ns})
  Path Group:             **async_default**
  Path Type:              Removal (Min at Fast Process Corner)
  Requirement:            0.000ns  (sys_clk rise@0.000ns - sys_clk rise@0.000ns)
  Data Path Delay:        0.811ns  (logic 0.183ns (22.552%)  route 0.628ns (77.448%))
  Logic Levels:           1  (LUT1=1)
  Clock Path Skew:        0.036ns (DCD - SCD - CPR)
    Destination Clock Delay (DCD):    2.077ns
    Source Clock Delay      (SCD):    1.558ns
    Clock Pessimism Removal (CPR):    0.483ns

    Location             Delay type                Incr(ns)  Path(ns)    Netlist Resource(s)
  -------------------------------------------------------------------    -------------------
                         (clock sys_clk rise edge)    0.000     0.000 r  
    E3                                                0.000     0.000 r  clk_100mhz (IN)
                         net (fo=0)                   0.000     0.000    clk_100mhz
    E3                   IBUF (Prop_ibuf_I_O)         0.250     0.250 r  clk_100mhz_IBUF_inst/O
                         net (fo=1, routed)           0.644     0.894    clk_100mhz_IBUF
    BUFGCTRL_X0Y16       BUFG (Prop_bufg_I_O)         0.026     0.920 r  clk_100mhz_IBUF_BUFG_inst/O
                         net (fo=2651, routed)        0.638     1.558    clk_100mhz_IBUF_BUFG
    SLICE_X18Y10         FDCE                                         r  rst_sync_reg[3]/C
  -------------------------------------------------------------------    -------------------
    SLICE_X18Y10         FDCE (Prop_fdce_C_Q)         0.141     1.699 r  rst_sync_reg[3]/Q
                         net (fo=41, routed)          0.351     2.050    u_bridge/tx_valid_reg_0[0]
    SLICE_X26Y10         LUT1 (Prop_lut1_I0_O)        0.042     2.092 f  u_bridge/FSM_sequential_state[1]_i_2__0/O
                         net (fo=596, routed)         0.278     2.369    u_bridge/rst_sync_reg[3]
    SLICE_X23Y12         FDCE                                         f  u_bridge/cnt_reg[5]/CLR
  -------------------------------------------------------------------    -------------------

                         (clock sys_clk rise edge)    0.000     0.000 r  
    E3                                                0.000     0.000 r  clk_100mhz (IN)
                         net (fo=0)                   0.000     0.000    clk_100mhz
    E3                   IBUF (Prop_ibuf_I_O)         0.438     0.438 r  clk_100mhz_IBUF_inst/O
                         net (fo=1, routed)           0.699     1.136    clk_100mhz_IBUF
    BUFGCTRL_X0Y16       BUFG (Prop_bufg_I_O)         0.029     1.165 r  clk_100mhz_IBUF_BUFG_inst/O
                         net (fo=2651, routed)        0.912     2.077    u_bridge/clk_100mhz_IBUF_BUFG
    SLICE_X23Y12         FDCE                                         r  u_bridge/cnt_reg[5]/C
                         clock pessimism             -0.483     1.594    
    SLICE_X23Y12         FDCE (Remov_fdce_C_CLR)     -0.154     1.440    u_bridge/cnt_reg[5]
  -------------------------------------------------------------------
                         required time                         -1.440    
                         arrival time                           2.369    
  -------------------------------------------------------------------
                         slack                                  0.929    

Slack (MET) :             0.929ns  (arrival time - required time)
  Source:                 rst_sync_reg[3]/C
                            (rising edge-triggered cell FDCE clocked by sys_clk  {rise@0.000ns fall@5.000ns period=10.000ns})
  Destination:            u_bridge/cnt_reg[5]_rep/CLR
                            (removal check against rising-edge clock sys_clk  {rise@0.000ns fall@5.000ns period=10.000ns})
  Path Group:             **async_default**
  Path Type:              Removal (Min at Fast Process Corner)
  Requirement:            0.000ns  (sys_clk rise@0.000ns - sys_clk rise@0.000ns)
  Data Path Delay:        0.811ns  (logic 0.183ns (22.552%)  route 0.628ns (77.448%))
  Logic Levels:           1  (LUT1=1)
  Clock Path Skew:        0.036ns (DCD - SCD - CPR)
    Destination Clock Delay (DCD):    2.077ns
    Source Clock Delay      (SCD):    1.558ns
    Clock Pessimism Removal (CPR):    0.483ns

    Location             Delay type                Incr(ns)  Path(ns)    Netlist Resource(s)
  -------------------------------------------------------------------    -------------------
                         (clock sys_clk rise edge)    0.000     0.000 r  
    E3                                                0.000     0.000 r  clk_100mhz (IN)
                         net (fo=0)                   0.000     0.000    clk_100mhz
    E3                   IBUF (Prop_ibuf_I_O)         0.250     0.250 r  clk_100mhz_IBUF_inst/O
                         net (fo=1, routed)           0.644     0.894    clk_100mhz_IBUF
    BUFGCTRL_X0Y16       BUFG (Prop_bufg_I_O)         0.026     0.920 r  clk_100mhz_IBUF_BUFG_inst/O
                         net (fo=2651, routed)        0.638     1.558    clk_100mhz_IBUF_BUFG
    SLICE_X18Y10         FDCE                                         r  rst_sync_reg[3]/C
  -------------------------------------------------------------------    -------------------
    SLICE_X18Y10         FDCE (Prop_fdce_C_Q)         0.141     1.699 r  rst_sync_reg[3]/Q
                         net (fo=41, routed)          0.351     2.050    u_bridge/tx_valid_reg_0[0]
    SLICE_X26Y10         LUT1 (Prop_lut1_I0_O)        0.042     2.092 f  u_bridge/FSM_sequential_state[1]_i_2__0/O
                         net (fo=596, routed)         0.278     2.369    u_bridge/rst_sync_reg[3]
    SLICE_X23Y12         FDCE                                         f  u_bridge/cnt_reg[5]_rep/CLR
  -------------------------------------------------------------------    -------------------

                         (clock sys_clk rise edge)    0.000     0.000 r  
    E3                                                0.000     0.000 r  clk_100mhz (IN)
                         net (fo=0)                   0.000     0.000    clk_100mhz
    E3                   IBUF (Prop_ibuf_I_O)         0.438     0.438 r  clk_100mhz_IBUF_inst/O
                         net (fo=1, routed)           0.699     1.136    clk_100mhz_IBUF
    BUFGCTRL_X0Y16       BUFG (Prop_bufg_I_O)         0.029     1.165 r  clk_100mhz_IBUF_BUFG_inst/O
                         net (fo=2651, routed)        0.912     2.077    u_bridge/clk_100mhz_IBUF_BUFG
    SLICE_X23Y12         FDCE                                         r  u_bridge/cnt_reg[5]_rep/C
                         clock pessimism             -0.483     1.594    
    SLICE_X23Y12         FDCE (Remov_fdce_C_CLR)     -0.154     1.440    u_bridge/cnt_reg[5]_rep
  -------------------------------------------------------------------
                         required time                         -1.440    
                         arrival time                           2.369    
  -------------------------------------------------------------------
                         slack                                  0.929    

Slack (MET) :             0.929ns  (arrival time - required time)
  Source:                 rst_sync_reg[3]/C
                            (rising edge-triggered cell FDCE clocked by sys_clk  {rise@0.000ns fall@5.000ns period=10.000ns})
  Destination:            u_bridge/cnt_reg[8]/CLR
                            (removal check against rising-edge clock sys_clk  {rise@0.000ns fall@5.000ns period=10.000ns})
  Path Group:             **async_default**
  Path Type:              Removal (Min at Fast Process Corner)
  Requirement:            0.000ns  (sys_clk rise@0.000ns - sys_clk rise@0.000ns)
  Data Path Delay:        0.811ns  (logic 0.183ns (22.552%)  route 0.628ns (77.448%))
  Logic Levels:           1  (LUT1=1)
  Clock Path Skew:        0.036ns (DCD - SCD - CPR)
    Destination Clock Delay (DCD):    2.077ns
    Source Clock Delay      (SCD):    1.558ns
    Clock Pessimism Removal (CPR):    0.483ns

    Location             Delay type                Incr(ns)  Path(ns)    Netlist Resource(s)
  -------------------------------------------------------------------    -------------------
                         (clock sys_clk rise edge)    0.000     0.000 r  
    E3                                                0.000     0.000 r  clk_100mhz (IN)
                         net (fo=0)                   0.000     0.000    clk_100mhz
    E3                   IBUF (Prop_ibuf_I_O)         0.250     0.250 r  clk_100mhz_IBUF_inst/O
                         net (fo=1, routed)           0.644     0.894    clk_100mhz_IBUF
    BUFGCTRL_X0Y16       BUFG (Prop_bufg_I_O)         0.026     0.920 r  clk_100mhz_IBUF_BUFG_inst/O
                         net (fo=2651, routed)        0.638     1.558    clk_100mhz_IBUF_BUFG
    SLICE_X18Y10         FDCE                                         r  rst_sync_reg[3]/C
  -------------------------------------------------------------------    -------------------
    SLICE_X18Y10         FDCE (Prop_fdce_C_Q)         0.141     1.699 r  rst_sync_reg[3]/Q
                         net (fo=41, routed)          0.351     2.050    u_bridge/tx_valid_reg_0[0]
    SLICE_X26Y10         LUT1 (Prop_lut1_I0_O)        0.042     2.092 f  u_bridge/FSM_sequential_state[1]_i_2__0/O
                         net (fo=596, routed)         0.278     2.369    u_bridge/rst_sync_reg[3]
    SLICE_X23Y12         FDCE                                         f  u_bridge/cnt_reg[8]/CLR
  -------------------------------------------------------------------    -------------------

                         (clock sys_clk rise edge)    0.000     0.000 r  
    E3                                                0.000     0.000 r  clk_100mhz (IN)
                         net (fo=0)                   0.000     0.000    clk_100mhz
    E3                   IBUF (Prop_ibuf_I_O)         0.438     0.438 r  clk_100mhz_IBUF_inst/O
                         net (fo=1, routed)           0.699     1.136    clk_100mhz_IBUF
    BUFGCTRL_X0Y16       BUFG (Prop_bufg_I_O)         0.029     1.165 r  clk_100mhz_IBUF_BUFG_inst/O
                         net (fo=2651, routed)        0.912     2.077    u_bridge/clk_100mhz_IBUF_BUFG
    SLICE_X23Y12         FDCE                                         r  u_bridge/cnt_reg[8]/C
                         clock pessimism             -0.483     1.594    
    SLICE_X23Y12         FDCE (Remov_fdce_C_CLR)     -0.154     1.440    u_bridge/cnt_reg[8]
  -------------------------------------------------------------------
                         required time                         -1.440    
                         arrival time                           2.369    
  -------------------------------------------------------------------
                         slack                                  0.929    

Slack (MET) :             0.934ns  (arrival time - required time)
  Source:                 rst_sync_reg[3]/C
                            (rising edge-triggered cell FDCE clocked by sys_clk  {rise@0.000ns fall@5.000ns period=10.000ns})
  Destination:            u_bridge/cnt_reg[6]/CLR
                            (removal check against rising-edge clock sys_clk  {rise@0.000ns fall@5.000ns period=10.000ns})
  Path Group:             **async_default**
  Path Type:              Removal (Min at Fast Process Corner)
  Requirement:            0.000ns  (sys_clk rise@0.000ns - sys_clk rise@0.000ns)
  Data Path Delay:        0.816ns  (logic 0.183ns (22.431%)  route 0.633ns (77.569%))
  Logic Levels:           1  (LUT1=1)
  Clock Path Skew:        0.036ns (DCD - SCD - CPR)
    Destination Clock Delay (DCD):    2.077ns
    Source Clock Delay      (SCD):    1.558ns
    Clock Pessimism Removal (CPR):    0.483ns

    Location             Delay type                Incr(ns)  Path(ns)    Netlist Resource(s)
  -------------------------------------------------------------------    -------------------
                         (clock sys_clk rise edge)    0.000     0.000 r  
    E3                                                0.000     0.000 r  clk_100mhz (IN)
                         net (fo=0)                   0.000     0.000    clk_100mhz
    E3                   IBUF (Prop_ibuf_I_O)         0.250     0.250 r  clk_100mhz_IBUF_inst/O
                         net (fo=1, routed)           0.644     0.894    clk_100mhz_IBUF
    BUFGCTRL_X0Y16       BUFG (Prop_bufg_I_O)         0.026     0.920 r  clk_100mhz_IBUF_BUFG_inst/O
                         net (fo=2651, routed)        0.638     1.558    clk_100mhz_IBUF_BUFG
    SLICE_X18Y10         FDCE                                         r  rst_sync_reg[3]/C
  -------------------------------------------------------------------    -------------------
    SLICE_X18Y10         FDCE (Prop_fdce_C_Q)         0.141     1.699 r  rst_sync_reg[3]/Q
                         net (fo=41, routed)          0.351     2.050    u_bridge/tx_valid_reg_0[0]
    SLICE_X26Y10         LUT1 (Prop_lut1_I0_O)        0.042     2.092 f  u_bridge/FSM_sequential_state[1]_i_2__0/O
                         net (fo=596, routed)         0.282     2.374    u_bridge/rst_sync_reg[3]
    SLICE_X22Y12         FDCE                                         f  u_bridge/cnt_reg[6]/CLR
  -------------------------------------------------------------------    -------------------

                         (clock sys_clk rise edge)    0.000     0.000 r  
    E3                                                0.000     0.000 r  clk_100mhz (IN)
                         net (fo=0)                   0.000     0.000    clk_100mhz
    E3                   IBUF (Prop_ibuf_I_O)         0.438     0.438 r  clk_100mhz_IBUF_inst/O
                         net (fo=1, routed)           0.699     1.136    clk_100mhz_IBUF
    BUFGCTRL_X0Y16       BUFG (Prop_bufg_I_O)         0.029     1.165 r  clk_100mhz_IBUF_BUFG_inst/O
                         net (fo=2651, routed)        0.912     2.077    u_bridge/clk_100mhz_IBUF_BUFG
    SLICE_X22Y12         FDCE                                         r  u_bridge/cnt_reg[6]/C
                         clock pessimism             -0.483     1.594    
    SLICE_X22Y12         FDCE (Remov_fdce_C_CLR)     -0.154     1.440    u_bridge/cnt_reg[6]
  -------------------------------------------------------------------
                         required time                         -1.440    
                         arrival time                           2.374    
  -------------------------------------------------------------------
                         slack                                  0.934    

Slack (MET) :             0.934ns  (arrival time - required time)
  Source:                 rst_sync_reg[3]/C
                            (rising edge-triggered cell FDCE clocked by sys_clk  {rise@0.000ns fall@5.000ns period=10.000ns})
  Destination:            u_bridge/cnt_reg[7]/CLR
                            (removal check against rising-edge clock sys_clk  {rise@0.000ns fall@5.000ns period=10.000ns})
  Path Group:             **async_default**
  Path Type:              Removal (Min at Fast Process Corner)
  Requirement:            0.000ns  (sys_clk rise@0.000ns - sys_clk rise@0.000ns)
  Data Path Delay:        0.816ns  (logic 0.183ns (22.431%)  route 0.633ns (77.569%))
  Logic Levels:           1  (LUT1=1)
  Clock Path Skew:        0.036ns (DCD - SCD - CPR)
    Destination Clock Delay (DCD):    2.077ns
    Source Clock Delay      (SCD):    1.558ns
    Clock Pessimism Removal (CPR):    0.483ns

    Location             Delay type                Incr(ns)  Path(ns)    Netlist Resource(s)
  -------------------------------------------------------------------    -------------------
                         (clock sys_clk rise edge)    0.000     0.000 r  
    E3                                                0.000     0.000 r  clk_100mhz (IN)
                         net (fo=0)                   0.000     0.000    clk_100mhz
    E3                   IBUF (Prop_ibuf_I_O)         0.250     0.250 r  clk_100mhz_IBUF_inst/O
                         net (fo=1, routed)           0.644     0.894    clk_100mhz_IBUF
    BUFGCTRL_X0Y16       BUFG (Prop_bufg_I_O)         0.026     0.920 r  clk_100mhz_IBUF_BUFG_inst/O
                         net (fo=2651, routed)        0.638     1.558    clk_100mhz_IBUF_BUFG
    SLICE_X18Y10         FDCE                                         r  rst_sync_reg[3]/C
  -------------------------------------------------------------------    -------------------
    SLICE_X18Y10         FDCE (Prop_fdce_C_Q)         0.141     1.699 r  rst_sync_reg[3]/Q
                         net (fo=41, routed)          0.351     2.050    u_bridge/tx_valid_reg_0[0]
    SLICE_X26Y10         LUT1 (Prop_lut1_I0_O)        0.042     2.092 f  u_bridge/FSM_sequential_state[1]_i_2__0/O
                         net (fo=596, routed)         0.282     2.374    u_bridge/rst_sync_reg[3]
    SLICE_X22Y12         FDCE                                         f  u_bridge/cnt_reg[7]/CLR
  -------------------------------------------------------------------    -------------------

                         (clock sys_clk rise edge)    0.000     0.000 r  
    E3                                                0.000     0.000 r  clk_100mhz (IN)
                         net (fo=0)                   0.000     0.000    clk_100mhz
    E3                   IBUF (Prop_ibuf_I_O)         0.438     0.438 r  clk_100mhz_IBUF_inst/O
                         net (fo=1, routed)           0.699     1.136    clk_100mhz_IBUF
    BUFGCTRL_X0Y16       BUFG (Prop_bufg_I_O)         0.029     1.165 r  clk_100mhz_IBUF_BUFG_inst/O
                         net (fo=2651, routed)        0.912     2.077    u_bridge/clk_100mhz_IBUF_BUFG
    SLICE_X22Y12         FDCE                                         r  u_bridge/cnt_reg[7]/C
                         clock pessimism             -0.483     1.594    
    SLICE_X22Y12         FDCE (Remov_fdce_C_CLR)     -0.154     1.440    u_bridge/cnt_reg[7]
  -------------------------------------------------------------------
                         required time                         -1.440    
                         arrival time                           2.374    
  -------------------------------------------------------------------
                         slack                                  0.934    

Slack (MET) :             1.019ns  (arrival time - required time)
  Source:                 rst_sync_reg[3]/C
                            (rising edge-triggered cell FDCE clocked by sys_clk  {rise@0.000ns fall@5.000ns period=10.000ns})
  Destination:            u_bridge/cnt_reg[19]/CLR
                            (removal check against rising-edge clock sys_clk  {rise@0.000ns fall@5.000ns period=10.000ns})
  Path Group:             **async_default**
  Path Type:              Removal (Min at Fast Process Corner)
  Requirement:            0.000ns  (sys_clk rise@0.000ns - sys_clk rise@0.000ns)
  Data Path Delay:        0.899ns  (logic 0.183ns (20.359%)  route 0.716ns (79.641%))
  Logic Levels:           1  (LUT1=1)
  Clock Path Skew:        0.034ns (DCD - SCD - CPR)
    Destination Clock Delay (DCD):    2.075ns
    Source Clock Delay      (SCD):    1.558ns
    Clock Pessimism Removal (CPR):    0.483ns

    Location             Delay type                Incr(ns)  Path(ns)    Netlist Resource(s)
  -------------------------------------------------------------------    -------------------
                         (clock sys_clk rise edge)    0.000     0.000 r  
    E3                                                0.000     0.000 r  clk_100mhz (IN)
                         net (fo=0)                   0.000     0.000    clk_100mhz
    E3                   IBUF (Prop_ibuf_I_O)         0.250     0.250 r  clk_100mhz_IBUF_inst/O
                         net (fo=1, routed)           0.644     0.894    clk_100mhz_IBUF
    BUFGCTRL_X0Y16       BUFG (Prop_bufg_I_O)         0.026     0.920 r  clk_100mhz_IBUF_BUFG_inst/O
                         net (fo=2651, routed)        0.638     1.558    clk_100mhz_IBUF_BUFG
    SLICE_X18Y10         FDCE                                         r  rst_sync_reg[3]/C
  -------------------------------------------------------------------    -------------------
    SLICE_X18Y10         FDCE (Prop_fdce_C_Q)         0.141     1.699 r  rst_sync_reg[3]/Q
                         net (fo=41, routed)          0.351     2.050    u_bridge/tx_valid_reg_0[0]
    SLICE_X26Y10         LUT1 (Prop_lut1_I0_O)        0.042     2.092 f  u_bridge/FSM_sequential_state[1]_i_2__0/O
                         net (fo=596, routed)         0.365     2.457    u_bridge/rst_sync_reg[3]
    SLICE_X23Y15         FDCE                                         f  u_bridge/cnt_reg[19]/CLR
  -------------------------------------------------------------------    -------------------

                         (clock sys_clk rise edge)    0.000     0.000 r  
    E3                                                0.000     0.000 r  clk_100mhz (IN)
                         net (fo=0)                   0.000     0.000    clk_100mhz
    E3                   IBUF (Prop_ibuf_I_O)         0.438     0.438 r  clk_100mhz_IBUF_inst/O
                         net (fo=1, routed)           0.699     1.136    clk_100mhz_IBUF
    BUFGCTRL_X0Y16       BUFG (Prop_bufg_I_O)         0.029     1.165 r  clk_100mhz_IBUF_BUFG_inst/O
                         net (fo=2651, routed)        0.910     2.075    u_bridge/clk_100mhz_IBUF_BUFG
    SLICE_X23Y15         FDCE                                         r  u_bridge/cnt_reg[19]/C
                         clock pessimism             -0.483     1.592    
    SLICE_X23Y15         FDCE (Remov_fdce_C_CLR)     -0.154     1.438    u_bridge/cnt_reg[19]
  -------------------------------------------------------------------
                         required time                         -1.438    
                         arrival time                           2.457    
  -------------------------------------------------------------------
                         slack                                  1.019    





