Copyright 1986-2022 Xilinx, Inc. All Rights Reserved. Copyright 2022-2024 Advanced Micro Devices, Inc. All Rights Reserved.
---------------------------------------------------------------------------------------------------------------------------------------------------------
| Tool Version : Vivado v.2024.1 (lin64) Build 5076996 Wed May 22 18:36:09 MDT 2024
| Date         : Sat Oct  3 06:36:56 2026
| Host         : orbstack running 64-bit unknown
| Command      : report_timing_summary -max_paths 10 -file /home/vivadouser/project/ML_KEM_Test/ML-KEM-Testkit/reports/core206_debug2/timing_summary.rpt
| Design       : arty_a7_top
| Device       : 7a100t-csg324
| Speed File   : -1  PRODUCTION 1.23 2018-06-13
| Design State : Physopt postRoute
---------------------------------------------------------------------------------------------------------------------------------------------------------

Timing Summary Report

------------------------------------------------------------------------------------------------
| Timer Settings
| --------------
------------------------------------------------------------------------------------------------

  Enable Multi Corner Analysis               :  Yes
  Enable Pessimism Removal                   :  Yes
  Pessimism Removal Resolution               :  Nearest Common Node
  Enable Input Delay Default Clock           :  No
  Enable Preset / Clear Arcs                 :  No
  Disable Flight Delays                      :  No
  Ignore I/O Paths                           :  No
  Timing Early Launch at Borrowing Latches   :  No
  Borrow Time for Max Delay Exceptions       :  Yes
  Merge Timing Exceptions                    :  Yes
  Inter-SLR Compensation                     :  Conservative

  Corner  Analyze    Analyze    
  Name    Max Paths  Min Paths  
  ------  ---------  ---------  
  Slow    Yes        Yes        
  Fast    Yes        Yes        


------------------------------------------------------------------------------------------------
| Report Methodology
| ------------------
------------------------------------------------------------------------------------------------

No report available as report_methodology has not been run prior. Run report_methodology on the current design for the summary of methodology violations.



check_timing report

Table of Contents
-----------------
1. checking no_clock (0)
2. checking constant_clock (0)
3. checking pulse_width_clock (0)
4. checking unconstrained_internal_endpoints (0)
5. checking no_input_delay (2)
6. checking no_output_delay (5)
7. checking multiple_clock (0)
8. checking generated_clocks (0)
9. checking loops (0)
10. checking partial_input_delay (0)
11. checking partial_output_delay (0)
12. checking latch_loops (0)

1. checking no_clock (0)
------------------------
 There are 0 register/latch pins with no clock.


2. checking constant_clock (0)
------------------------------
 There are 0 register/latch pins with constant_clock.


3. checking pulse_width_clock (0)
---------------------------------
 There are 0 register/latch pins which need pulse_width check


4. checking unconstrained_internal_endpoints (0)
------------------------------------------------
 There are 0 pins that are not constrained for maximum delay.

 There are 0 pins that are not constrained for maximum delay due to constant clock.


5. checking no_input_delay (2)
------------------------------
 There are 0 input ports with no input delay specified.

 There are 2 input ports with no input delay but user has a false path constraint. (MEDIUM)


6. checking no_output_delay (5)
-------------------------------
 There are 0 ports with no output delay specified.

 There are 5 ports with no output delay but user has a false path constraint (MEDIUM)

 There are 0 ports with no output delay but with a timing clock defined on it or propagating through it


7. checking multiple_clock (0)
------------------------------
 There are 0 register/latch pins with multiple clocks.


8. checking generated_clocks (0)
--------------------------------
 There are 0 generated clocks that are not connected to a clock source.


9. checking loops (0)
---------------------
 There are 0 combinational loops in the design.


10. checking partial_input_delay (0)
------------------------------------
 There are 0 input ports with partial input delay specified.


11. checking partial_output_delay (0)
-------------------------------------
 There are 0 ports with partial output delay specified.


12. checking latch_loops (0)
----------------------------
 There are 0 combinational latch loops in the design through latch input



------------------------------------------------------------------------------------------------
| Design Timing Summary
| ---------------------
------------------------------------------------------------------------------------------------

    WNS(ns)      TNS(ns)  TNS Failing Endpoints  TNS Total Endpoints      WHS(ns)      THS(ns)  THS Failing Endpoints  THS Total Endpoints     WPWS(ns)     TPWS(ns)  TPWS Failing Endpoints  TPWS Total Endpoints  
    -------      -------  ---------------------  -------------------      -------      -------  ---------------------  -------------------     --------     --------  ----------------------  --------------------  
      0.093        0.000                      0                16827        0.036        0.000                      0                16827        1.177        0.000                       0                  7651  


All user specified timing constraints are met.


------------------------------------------------------------------------------------------------
| Clock Summary
| -------------
------------------------------------------------------------------------------------------------

Clock            Waveform(ns)         Period(ns)      Frequency(MHz)
-----            ------------         ----------      --------------
sys_clk          {0.000 5.000}        10.000          100.000         
  clk_core_mmcm  {0.000 2.427}        4.854           206.000         
  mmcm_fb        {0.000 25.000}       50.000          20.000          


------------------------------------------------------------------------------------------------
| Intra Clock Table
| -----------------
------------------------------------------------------------------------------------------------

Clock                WNS(ns)      TNS(ns)  TNS Failing Endpoints  TNS Total Endpoints      WHS(ns)      THS(ns)  THS Failing Endpoints  THS Total Endpoints     WPWS(ns)     TPWS(ns)  TPWS Failing Endpoints  TPWS Total Endpoints  
-----                -------      -------  ---------------------  -------------------      -------      -------  ---------------------  -------------------     --------     --------  ----------------------  --------------------  
sys_clk                1.478        0.000                      0                 5160        0.152        0.000                      0                 5160        3.000        0.000                       0                  2652  
  clk_core_mmcm        0.093        0.000                      0                11071        0.036        0.000                      0                11071        1.177        0.000                       0                  4997  
  mmcm_fb                                                                                                                                                         48.751        0.000                       0                     2  


------------------------------------------------------------------------------------------------
| Inter Clock Table
| -----------------
------------------------------------------------------------------------------------------------

From Clock    To Clock          WNS(ns)      TNS(ns)  TNS Failing Endpoints  TNS Total Endpoints      WHS(ns)      THS(ns)  THS Failing Endpoints  THS Total Endpoints  
----------    --------          -------      -------  ---------------------  -------------------      -------      -------  ---------------------  -------------------  


------------------------------------------------------------------------------------------------
| Other Path Groups Table
| -----------------------
------------------------------------------------------------------------------------------------

Path Group         From Clock         To Clock               WNS(ns)      TNS(ns)  TNS Failing Endpoints  TNS Total Endpoints      WHS(ns)      THS(ns)  THS Failing Endpoints  THS Total Endpoints  
----------         ----------         --------               -------      -------  ---------------------  -------------------      -------      -------  ---------------------  -------------------  
**async_default**  sys_clk            sys_clk                  2.508        0.000                      0                  596        0.939        0.000                      0                  596  


------------------------------------------------------------------------------------------------
| Timing Details
| --------------
------------------------------------------------------------------------------------------------


---------------------------------------------------------------------------------------------------
From Clock:  sys_clk
  To Clock:  sys_clk

Setup :            0  Failing Endpoints,  Worst Slack        1.478ns,  Total Violation        0.000ns
Hold  :            0  Failing Endpoints,  Worst Slack        0.152ns,  Total Violation        0.000ns
PW    :            0  Failing Endpoints,  Worst Slack        3.000ns,  Total Violation        0.000ns
---------------------------------------------------------------------------------------------------


Max Delay Paths
--------------------------------------------------------------------------------------
Slack (MET) :             1.478ns  (required time - arrival time)
  Source:                 u_bridge/addr_reg[0]/C
                            (rising edge-triggered cell FDCE clocked by sys_clk  {rise@0.000ns fall@5.000ns period=10.000ns})
  Destination:            u_bridge/m_axi_wdata_reg[12]/CE
                            (rising edge-triggered cell FDCE clocked by sys_clk  {rise@0.000ns fall@5.000ns period=10.000ns})
  Path Group:             sys_clk
  Path Type:              Setup (Max at Slow Process Corner)
  Requirement:            10.000ns  (sys_clk rise@10.000ns - sys_clk rise@0.000ns)
  Data Path Delay:        8.245ns  (logic 3.435ns (41.663%)  route 4.810ns (58.337%))
  Logic Levels:           14  (CARRY4=8 LUT1=1 LUT4=1 LUT6=4)
  Clock Path Skew:        -0.037ns (DCD - SCD + CPR)
    Destination Clock Delay (DCD):    4.928ns = ( 14.928 - 10.000 ) 
    Source Clock Delay      (SCD):    5.224ns
    Clock Pessimism Removal (CPR):    0.259ns
  Clock Uncertainty:      0.035ns  ((TSJ^2 + TIJ^2)^1/2 + DJ) / 2 + PE
    Total System Jitter     (TSJ):    0.071ns
    Total Input Jitter      (TIJ):    0.000ns
    Discrete Jitter          (DJ):    0.000ns
    Phase Error              (PE):    0.000ns

    Location             Delay type                Incr(ns)  Path(ns)    Netlist Resource(s)
  -------------------------------------------------------------------    -------------------
                         (clock sys_clk rise edge)    0.000     0.000 r  
    E3                                                0.000     0.000 r  clk_100mhz (IN)
                         net (fo=0)                   0.000     0.000    clk_100mhz
    E3                   IBUF (Prop_ibuf_I_O)         1.482     1.482 r  clk_100mhz_IBUF_inst/O
                         net (fo=1, routed)           2.025     3.506    clk_100mhz_IBUF
    BUFGCTRL_X0Y16       BUFG (Prop_bufg_I_O)         0.096     3.602 r  clk_100mhz_IBUF_BUFG_inst/O
                         net (fo=2651, routed)        1.621     5.224    u_bridge/clk_100mhz_IBUF_BUFG
    SLICE_X39Y76         FDCE                                         r  u_bridge/addr_reg[0]/C
  -------------------------------------------------------------------    -------------------
    SLICE_X39Y76         FDCE (Prop_fdce_C_Q)         0.456     5.680 f  u_bridge/addr_reg[0]/Q
                         net (fo=10, routed)          0.324     6.004    u_bridge/addr_reg_n_0_[0]
    SLICE_X37Y76         LUT1 (Prop_lut1_I0_O)        0.124     6.128 r  u_bridge/state[3]_i_247/O
                         net (fo=1, routed)           0.544     6.671    u_bridge/p_0_in[0]
    SLICE_X38Y75         CARRY4 (Prop_carry4_CYINIT_CO[3])
                                                      0.595     7.266 r  u_bridge/state_reg[3]_i_230/CO[3]
                         net (fo=1, routed)           0.000     7.266    u_bridge/state_reg[3]_i_230_n_0
    SLICE_X38Y76         CARRY4 (Prop_carry4_CI_CO[3])
                                                      0.117     7.383 r  u_bridge/state_reg[3]_i_212/CO[3]
                         net (fo=1, routed)           0.000     7.383    u_bridge/state_reg[3]_i_212_n_0
    SLICE_X38Y77         CARRY4 (Prop_carry4_CI_CO[3])
                                                      0.117     7.500 r  u_bridge/state_reg[3]_i_211/CO[3]
                         net (fo=1, routed)           0.000     7.500    u_bridge/state_reg[3]_i_211_n_0
    SLICE_X38Y78         CARRY4 (Prop_carry4_CI_CO[3])
                                                      0.117     7.617 r  u_bridge/state_reg[3]_i_166/CO[3]
                         net (fo=1, routed)           0.000     7.617    u_bridge/state_reg[3]_i_166_n_0
    SLICE_X38Y79         CARRY4 (Prop_carry4_CI_CO[3])
                                                      0.117     7.734 r  u_bridge/state_reg[3]_i_165/CO[3]
                         net (fo=1, routed)           0.000     7.734    u_bridge/state_reg[3]_i_165_n_0
    SLICE_X38Y80         CARRY4 (Prop_carry4_CI_CO[3])
                                                      0.117     7.851 r  u_bridge/state_reg[3]_i_122/CO[3]
                         net (fo=1, routed)           0.000     7.851    u_bridge/state_reg[3]_i_122_n_0
    SLICE_X38Y81         CARRY4 (Prop_carry4_CI_O[1])
                                                      0.323     8.174 r  u_bridge/state_reg[3]_i_121/O[1]
                         net (fo=4, routed)           0.782     8.956    u_bridge/state_reg[3]_i_121_n_6
    SLICE_X39Y80         LUT4 (Prop_lut4_I3_O)        0.306     9.262 r  u_bridge/state[3]_i_130/O
                         net (fo=1, routed)           0.000     9.262    u_bridge/state[3]_i_130_n_0
    SLICE_X39Y80         CARRY4 (Prop_carry4_S[1]_CO[3])
                                                      0.550     9.812 r  u_bridge/state_reg[3]_i_82/CO[3]
                         net (fo=1, routed)           0.763    10.575    u_bridge/frame_ok115_in
    SLICE_X42Y78         LUT6 (Prop_lut6_I3_O)        0.124    10.699 r  u_bridge/state[3]_i_47/O
                         net (fo=1, routed)           0.162    10.861    u_bridge/state[3]_i_47_n_0
    SLICE_X42Y78         LUT6 (Prop_lut6_I1_O)        0.124    10.985 f  u_bridge/state[3]_i_27/O
                         net (fo=1, routed)           0.452    11.437    u_bridge/state[3]_i_27_n_0
    SLICE_X42Y78         LUT6 (Prop_lut6_I4_O)        0.124    11.561 f  u_bridge/state[3]_i_10/O
                         net (fo=41, routed)          0.721    12.281    u_bridge/state[3]_i_10_n_0
    SLICE_X33Y78         LUT6 (Prop_lut6_I4_O)        0.124    12.405 r  u_bridge/m_axi_awaddr[15]_i_1/O
                         net (fo=50, routed)          1.063    13.468    u_bridge/m_axi_awaddr[15]_i_1_n_0
    SLICE_X47Y82         FDCE                                         r  u_bridge/m_axi_wdata_reg[12]/CE
  -------------------------------------------------------------------    -------------------

                         (clock sys_clk rise edge)   10.000    10.000 r  
    E3                                                0.000    10.000 r  clk_100mhz (IN)
                         net (fo=0)                   0.000    10.000    clk_100mhz
    E3                   IBUF (Prop_ibuf_I_O)         1.411    11.411 r  clk_100mhz_IBUF_inst/O
                         net (fo=1, routed)           1.920    13.331    clk_100mhz_IBUF
    BUFGCTRL_X0Y16       BUFG (Prop_bufg_I_O)         0.091    13.422 r  clk_100mhz_IBUF_BUFG_inst/O
                         net (fo=2651, routed)        1.505    14.928    u_bridge/clk_100mhz_IBUF_BUFG
    SLICE_X47Y82         FDCE                                         r  u_bridge/m_axi_wdata_reg[12]/C
                         clock pessimism              0.259    15.187    
                         clock uncertainty           -0.035    15.151    
    SLICE_X47Y82         FDCE (Setup_fdce_C_CE)      -0.205    14.946    u_bridge/m_axi_wdata_reg[12]
  -------------------------------------------------------------------
                         required time                         14.946    
                         arrival time                         -13.468    
  -------------------------------------------------------------------
                         slack                                  1.478    

Slack (MET) :             1.478ns  (required time - arrival time)
  Source:                 u_bridge/addr_reg[0]/C
                            (rising edge-triggered cell FDCE clocked by sys_clk  {rise@0.000ns fall@5.000ns period=10.000ns})
  Destination:            u_bridge/m_axi_wdata_reg[4]/CE
                            (rising edge-triggered cell FDCE clocked by sys_clk  {rise@0.000ns fall@5.000ns period=10.000ns})
  Path Group:             sys_clk
  Path Type:              Setup (Max at Slow Process Corner)
  Requirement:            10.000ns  (sys_clk rise@10.000ns - sys_clk rise@0.000ns)
  Data Path Delay:        8.245ns  (logic 3.435ns (41.663%)  route 4.810ns (58.337%))
  Logic Levels:           14  (CARRY4=8 LUT1=1 LUT4=1 LUT6=4)
  Clock Path Skew:        -0.037ns (DCD - SCD + CPR)
    Destination Clock Delay (DCD):    4.928ns = ( 14.928 - 10.000 ) 
    Source Clock Delay      (SCD):    5.224ns
    Clock Pessimism Removal (CPR):    0.259ns
  Clock Uncertainty:      0.035ns  ((TSJ^2 + TIJ^2)^1/2 + DJ) / 2 + PE
    Total System Jitter     (TSJ):    0.071ns
    Total Input Jitter      (TIJ):    0.000ns
    Discrete Jitter          (DJ):    0.000ns
    Phase Error              (PE):    0.000ns

    Location             Delay type                Incr(ns)  Path(ns)    Netlist Resource(s)
  -------------------------------------------------------------------    -------------------
                         (clock sys_clk rise edge)    0.000     0.000 r  
    E3                                                0.000     0.000 r  clk_100mhz (IN)
                         net (fo=0)                   0.000     0.000    clk_100mhz
    E3                   IBUF (Prop_ibuf_I_O)         1.482     1.482 r  clk_100mhz_IBUF_inst/O
                         net (fo=1, routed)           2.025     3.506    clk_100mhz_IBUF
    BUFGCTRL_X0Y16       BUFG (Prop_bufg_I_O)         0.096     3.602 r  clk_100mhz_IBUF_BUFG_inst/O
                         net (fo=2651, routed)        1.621     5.224    u_bridge/clk_100mhz_IBUF_BUFG
    SLICE_X39Y76         FDCE                                         r  u_bridge/addr_reg[0]/C
  -------------------------------------------------------------------    -------------------
    SLICE_X39Y76         FDCE (Prop_fdce_C_Q)         0.456     5.680 f  u_bridge/addr_reg[0]/Q
                         net (fo=10, routed)          0.324     6.004    u_bridge/addr_reg_n_0_[0]
    SLICE_X37Y76         LUT1 (Prop_lut1_I0_O)        0.124     6.128 r  u_bridge/state[3]_i_247/O
                         net (fo=1, routed)           0.544     6.671    u_bridge/p_0_in[0]
    SLICE_X38Y75         CARRY4 (Prop_carry4_CYINIT_CO[3])
                                                      0.595     7.266 r  u_bridge/state_reg[3]_i_230/CO[3]
                         net (fo=1, routed)           0.000     7.266    u_bridge/state_reg[3]_i_230_n_0
    SLICE_X38Y76         CARRY4 (Prop_carry4_CI_CO[3])
                                                      0.117     7.383 r  u_bridge/state_reg[3]_i_212/CO[3]
                         net (fo=1, routed)           0.000     7.383    u_bridge/state_reg[3]_i_212_n_0
    SLICE_X38Y77         CARRY4 (Prop_carry4_CI_CO[3])
                                                      0.117     7.500 r  u_bridge/state_reg[3]_i_211/CO[3]
                         net (fo=1, routed)           0.000     7.500    u_bridge/state_reg[3]_i_211_n_0
    SLICE_X38Y78         CARRY4 (Prop_carry4_CI_CO[3])
                                                      0.117     7.617 r  u_bridge/state_reg[3]_i_166/CO[3]
                         net (fo=1, routed)           0.000     7.617    u_bridge/state_reg[3]_i_166_n_0
    SLICE_X38Y79         CARRY4 (Prop_carry4_CI_CO[3])
                                                      0.117     7.734 r  u_bridge/state_reg[3]_i_165/CO[3]
                         net (fo=1, routed)           0.000     7.734    u_bridge/state_reg[3]_i_165_n_0
    SLICE_X38Y80         CARRY4 (Prop_carry4_CI_CO[3])
                                                      0.117     7.851 r  u_bridge/state_reg[3]_i_122/CO[3]
                         net (fo=1, routed)           0.000     7.851    u_bridge/state_reg[3]_i_122_n_0
    SLICE_X38Y81         CARRY4 (Prop_carry4_CI_O[1])
                                                      0.323     8.174 r  u_bridge/state_reg[3]_i_121/O[1]
                         net (fo=4, routed)           0.782     8.956    u_bridge/state_reg[3]_i_121_n_6
    SLICE_X39Y80         LUT4 (Prop_lut4_I3_O)        0.306     9.262 r  u_bridge/state[3]_i_130/O
                         net (fo=1, routed)           0.000     9.262    u_bridge/state[3]_i_130_n_0
    SLICE_X39Y80         CARRY4 (Prop_carry4_S[1]_CO[3])
                                                      0.550     9.812 r  u_bridge/state_reg[3]_i_82/CO[3]
                         net (fo=1, routed)           0.763    10.575    u_bridge/frame_ok115_in
    SLICE_X42Y78         LUT6 (Prop_lut6_I3_O)        0.124    10.699 r  u_bridge/state[3]_i_47/O
                         net (fo=1, routed)           0.162    10.861    u_bridge/state[3]_i_47_n_0
    SLICE_X42Y78         LUT6 (Prop_lut6_I1_O)        0.124    10.985 f  u_bridge/state[3]_i_27/O
                         net (fo=1, routed)           0.452    11.437    u_bridge/state[3]_i_27_n_0
    SLICE_X42Y78         LUT6 (Prop_lut6_I4_O)        0.124    11.561 f  u_bridge/state[3]_i_10/O
                         net (fo=41, routed)          0.721    12.281    u_bridge/state[3]_i_10_n_0
    SLICE_X33Y78         LUT6 (Prop_lut6_I4_O)        0.124    12.405 r  u_bridge/m_axi_awaddr[15]_i_1/O
                         net (fo=50, routed)          1.063    13.468    u_bridge/m_axi_awaddr[15]_i_1_n_0
    SLICE_X47Y82         FDCE                                         r  u_bridge/m_axi_wdata_reg[4]/CE
  -------------------------------------------------------------------    -------------------

                         (clock sys_clk rise edge)   10.000    10.000 r  
    E3                                                0.000    10.000 r  clk_100mhz (IN)
                         net (fo=0)                   0.000    10.000    clk_100mhz
    E3                   IBUF (Prop_ibuf_I_O)         1.411    11.411 r  clk_100mhz_IBUF_inst/O
                         net (fo=1, routed)           1.920    13.331    clk_100mhz_IBUF
    BUFGCTRL_X0Y16       BUFG (Prop_bufg_I_O)         0.091    13.422 r  clk_100mhz_IBUF_BUFG_inst/O
                         net (fo=2651, routed)        1.505    14.928    u_bridge/clk_100mhz_IBUF_BUFG
    SLICE_X47Y82         FDCE                                         r  u_bridge/m_axi_wdata_reg[4]/C
                         clock pessimism              0.259    15.187    
                         clock uncertainty           -0.035    15.151    
    SLICE_X47Y82         FDCE (Setup_fdce_C_CE)      -0.205    14.946    u_bridge/m_axi_wdata_reg[4]
  -------------------------------------------------------------------
                         required time                         14.946    
                         arrival time                         -13.468    
  -------------------------------------------------------------------
                         slack                                  1.478    

Slack (MET) :             1.508ns  (required time - arrival time)
  Source:                 u_bridge/addr_reg[0]/C
                            (rising edge-triggered cell FDCE clocked by sys_clk  {rise@0.000ns fall@5.000ns period=10.000ns})
  Destination:            u_bridge/m_axi_wdata_reg[14]/CE
                            (rising edge-triggered cell FDCE clocked by sys_clk  {rise@0.000ns fall@5.000ns period=10.000ns})
  Path Group:             sys_clk
  Path Type:              Setup (Max at Slow Process Corner)
  Requirement:            10.000ns  (sys_clk rise@10.000ns - sys_clk rise@0.000ns)
  Data Path Delay:        8.215ns  (logic 3.435ns (41.814%)  route 4.780ns (58.186%))
  Logic Levels:           14  (CARRY4=8 LUT1=1 LUT4=1 LUT6=4)
  Clock Path Skew:        -0.037ns (DCD - SCD + CPR)
    Destination Clock Delay (DCD):    4.928ns = ( 14.928 - 10.000 ) 
    Source Clock Delay      (SCD):    5.224ns
    Clock Pessimism Removal (CPR):    0.259ns
  Clock Uncertainty:      0.035ns  ((TSJ^2 + TIJ^2)^1/2 + DJ) / 2 + PE
    Total System Jitter     (TSJ):    0.071ns
    Total Input Jitter      (TIJ):    0.000ns
    Discrete Jitter          (DJ):    0.000ns
    Phase Error              (PE):    0.000ns

    Location             Delay type                Incr(ns)  Path(ns)    Netlist Resource(s)
  -------------------------------------------------------------------    -------------------
                         (clock sys_clk rise edge)    0.000     0.000 r  
    E3                                                0.000     0.000 r  clk_100mhz (IN)
                         net (fo=0)                   0.000     0.000    clk_100mhz
    E3                   IBUF (Prop_ibuf_I_O)         1.482     1.482 r  clk_100mhz_IBUF_inst/O
                         net (fo=1, routed)           2.025     3.506    clk_100mhz_IBUF
    BUFGCTRL_X0Y16       BUFG (Prop_bufg_I_O)         0.096     3.602 r  clk_100mhz_IBUF_BUFG_inst/O
                         net (fo=2651, routed)        1.621     5.224    u_bridge/clk_100mhz_IBUF_BUFG
    SLICE_X39Y76         FDCE                                         r  u_bridge/addr_reg[0]/C
  -------------------------------------------------------------------    -------------------
    SLICE_X39Y76         FDCE (Prop_fdce_C_Q)         0.456     5.680 f  u_bridge/addr_reg[0]/Q
                         net (fo=10, routed)          0.324     6.004    u_bridge/addr_reg_n_0_[0]
    SLICE_X37Y76         LUT1 (Prop_lut1_I0_O)        0.124     6.128 r  u_bridge/state[3]_i_247/O
                         net (fo=1, routed)           0.544     6.671    u_bridge/p_0_in[0]
    SLICE_X38Y75         CARRY4 (Prop_carry4_CYINIT_CO[3])
                                                      0.595     7.266 r  u_bridge/state_reg[3]_i_230/CO[3]
                         net (fo=1, routed)           0.000     7.266    u_bridge/state_reg[3]_i_230_n_0
    SLICE_X38Y76         CARRY4 (Prop_carry4_CI_CO[3])
                                                      0.117     7.383 r  u_bridge/state_reg[3]_i_212/CO[3]
                         net (fo=1, routed)           0.000     7.383    u_bridge/state_reg[3]_i_212_n_0
    SLICE_X38Y77         CARRY4 (Prop_carry4_CI_CO[3])
                                                      0.117     7.500 r  u_bridge/state_reg[3]_i_211/CO[3]
                         net (fo=1, routed)           0.000     7.500    u_bridge/state_reg[3]_i_211_n_0
    SLICE_X38Y78         CARRY4 (Prop_carry4_CI_CO[3])
                                                      0.117     7.617 r  u_bridge/state_reg[3]_i_166/CO[3]
                         net (fo=1, routed)           0.000     7.617    u_bridge/state_reg[3]_i_166_n_0
    SLICE_X38Y79         CARRY4 (Prop_carry4_CI_CO[3])
                                                      0.117     7.734 r  u_bridge/state_reg[3]_i_165/CO[3]
                         net (fo=1, routed)           0.000     7.734    u_bridge/state_reg[3]_i_165_n_0
    SLICE_X38Y80         CARRY4 (Prop_carry4_CI_CO[3])
                                                      0.117     7.851 r  u_bridge/state_reg[3]_i_122/CO[3]
                         net (fo=1, routed)           0.000     7.851    u_bridge/state_reg[3]_i_122_n_0
    SLICE_X38Y81         CARRY4 (Prop_carry4_CI_O[1])
                                                      0.323     8.174 r  u_bridge/state_reg[3]_i_121/O[1]
                         net (fo=4, routed)           0.782     8.956    u_bridge/state_reg[3]_i_121_n_6
    SLICE_X39Y80         LUT4 (Prop_lut4_I3_O)        0.306     9.262 r  u_bridge/state[3]_i_130/O
                         net (fo=1, routed)           0.000     9.262    u_bridge/state[3]_i_130_n_0
    SLICE_X39Y80         CARRY4 (Prop_carry4_S[1]_CO[3])
                                                      0.550     9.812 r  u_bridge/state_reg[3]_i_82/CO[3]
                         net (fo=1, routed)           0.763    10.575    u_bridge/frame_ok115_in
    SLICE_X42Y78         LUT6 (Prop_lut6_I3_O)        0.124    10.699 r  u_bridge/state[3]_i_47/O
                         net (fo=1, routed)           0.162    10.861    u_bridge/state[3]_i_47_n_0
    SLICE_X42Y78         LUT6 (Prop_lut6_I1_O)        0.124    10.985 f  u_bridge/state[3]_i_27/O
                         net (fo=1, routed)           0.452    11.437    u_bridge/state[3]_i_27_n_0
    SLICE_X42Y78         LUT6 (Prop_lut6_I4_O)        0.124    11.561 f  u_bridge/state[3]_i_10/O
                         net (fo=41, routed)          0.721    12.281    u_bridge/state[3]_i_10_n_0
    SLICE_X33Y78         LUT6 (Prop_lut6_I4_O)        0.124    12.405 r  u_bridge/m_axi_awaddr[15]_i_1/O
                         net (fo=50, routed)          1.033    13.439    u_bridge/m_axi_awaddr[15]_i_1_n_0
    SLICE_X44Y81         FDCE                                         r  u_bridge/m_axi_wdata_reg[14]/CE
  -------------------------------------------------------------------    -------------------

                         (clock sys_clk rise edge)   10.000    10.000 r  
    E3                                                0.000    10.000 r  clk_100mhz (IN)
                         net (fo=0)                   0.000    10.000    clk_100mhz
    E3                   IBUF (Prop_ibuf_I_O)         1.411    11.411 r  clk_100mhz_IBUF_inst/O
                         net (fo=1, routed)           1.920    13.331    clk_100mhz_IBUF
    BUFGCTRL_X0Y16       BUFG (Prop_bufg_I_O)         0.091    13.422 r  clk_100mhz_IBUF_BUFG_inst/O
                         net (fo=2651, routed)        1.505    14.928    u_bridge/clk_100mhz_IBUF_BUFG
    SLICE_X44Y81         FDCE                                         r  u_bridge/m_axi_wdata_reg[14]/C
                         clock pessimism              0.259    15.187    
                         clock uncertainty           -0.035    15.151    
    SLICE_X44Y81         FDCE (Setup_fdce_C_CE)      -0.205    14.946    u_bridge/m_axi_wdata_reg[14]
  -------------------------------------------------------------------
                         required time                         14.946    
                         arrival time                         -13.439    
  -------------------------------------------------------------------
                         slack                                  1.508    

Slack (MET) :             1.508ns  (required time - arrival time)
  Source:                 u_bridge/addr_reg[0]/C
                            (rising edge-triggered cell FDCE clocked by sys_clk  {rise@0.000ns fall@5.000ns period=10.000ns})
  Destination:            u_bridge/m_axi_wdata_reg[22]/CE
                            (rising edge-triggered cell FDCE clocked by sys_clk  {rise@0.000ns fall@5.000ns period=10.000ns})
  Path Group:             sys_clk
  Path Type:              Setup (Max at Slow Process Corner)
  Requirement:            10.000ns  (sys_clk rise@10.000ns - sys_clk rise@0.000ns)
  Data Path Delay:        8.215ns  (logic 3.435ns (41.814%)  route 4.780ns (58.186%))
  Logic Levels:           14  (CARRY4=8 LUT1=1 LUT4=1 LUT6=4)
  Clock Path Skew:        -0.037ns (DCD - SCD + CPR)
    Destination Clock Delay (DCD):    4.928ns = ( 14.928 - 10.000 ) 
    Source Clock Delay      (SCD):    5.224ns
    Clock Pessimism Removal (CPR):    0.259ns
  Clock Uncertainty:      0.035ns  ((TSJ^2 + TIJ^2)^1/2 + DJ) / 2 + PE
    Total System Jitter     (TSJ):    0.071ns
    Total Input Jitter      (TIJ):    0.000ns
    Discrete Jitter          (DJ):    0.000ns
    Phase Error              (PE):    0.000ns

    Location             Delay type                Incr(ns)  Path(ns)    Netlist Resource(s)
  -------------------------------------------------------------------    -------------------
                         (clock sys_clk rise edge)    0.000     0.000 r  
    E3                                                0.000     0.000 r  clk_100mhz (IN)
                         net (fo=0)                   0.000     0.000    clk_100mhz
    E3                   IBUF (Prop_ibuf_I_O)         1.482     1.482 r  clk_100mhz_IBUF_inst/O
                         net (fo=1, routed)           2.025     3.506    clk_100mhz_IBUF
    BUFGCTRL_X0Y16       BUFG (Prop_bufg_I_O)         0.096     3.602 r  clk_100mhz_IBUF_BUFG_inst/O
                         net (fo=2651, routed)        1.621     5.224    u_bridge/clk_100mhz_IBUF_BUFG
    SLICE_X39Y76         FDCE                                         r  u_bridge/addr_reg[0]/C
  -------------------------------------------------------------------    -------------------
    SLICE_X39Y76         FDCE (Prop_fdce_C_Q)         0.456     5.680 f  u_bridge/addr_reg[0]/Q
                         net (fo=10, routed)          0.324     6.004    u_bridge/addr_reg_n_0_[0]
    SLICE_X37Y76         LUT1 (Prop_lut1_I0_O)        0.124     6.128 r  u_bridge/state[3]_i_247/O
                         net (fo=1, routed)           0.544     6.671    u_bridge/p_0_in[0]
    SLICE_X38Y75         CARRY4 (Prop_carry4_CYINIT_CO[3])
                                                      0.595     7.266 r  u_bridge/state_reg[3]_i_230/CO[3]
                         net (fo=1, routed)           0.000     7.266    u_bridge/state_reg[3]_i_230_n_0
    SLICE_X38Y76         CARRY4 (Prop_carry4_CI_CO[3])
                                                      0.117     7.383 r  u_bridge/state_reg[3]_i_212/CO[3]
                         net (fo=1, routed)           0.000     7.383    u_bridge/state_reg[3]_i_212_n_0
    SLICE_X38Y77         CARRY4 (Prop_carry4_CI_CO[3])
                                                      0.117     7.500 r  u_bridge/state_reg[3]_i_211/CO[3]
                         net (fo=1, routed)           0.000     7.500    u_bridge/state_reg[3]_i_211_n_0
    SLICE_X38Y78         CARRY4 (Prop_carry4_CI_CO[3])
                                                      0.117     7.617 r  u_bridge/state_reg[3]_i_166/CO[3]
                         net (fo=1, routed)           0.000     7.617    u_bridge/state_reg[3]_i_166_n_0
    SLICE_X38Y79         CARRY4 (Prop_carry4_CI_CO[3])
                                                      0.117     7.734 r  u_bridge/state_reg[3]_i_165/CO[3]
                         net (fo=1, routed)           0.000     7.734    u_bridge/state_reg[3]_i_165_n_0
    SLICE_X38Y80         CARRY4 (Prop_carry4_CI_CO[3])
                                                      0.117     7.851 r  u_bridge/state_reg[3]_i_122/CO[3]
                         net (fo=1, routed)           0.000     7.851    u_bridge/state_reg[3]_i_122_n_0
    SLICE_X38Y81         CARRY4 (Prop_carry4_CI_O[1])
                                                      0.323     8.174 r  u_bridge/state_reg[3]_i_121/O[1]
                         net (fo=4, routed)           0.782     8.956    u_bridge/state_reg[3]_i_121_n_6
    SLICE_X39Y80         LUT4 (Prop_lut4_I3_O)        0.306     9.262 r  u_bridge/state[3]_i_130/O
                         net (fo=1, routed)           0.000     9.262    u_bridge/state[3]_i_130_n_0
    SLICE_X39Y80         CARRY4 (Prop_carry4_S[1]_CO[3])
                                                      0.550     9.812 r  u_bridge/state_reg[3]_i_82/CO[3]
                         net (fo=1, routed)           0.763    10.575    u_bridge/frame_ok115_in
    SLICE_X42Y78         LUT6 (Prop_lut6_I3_O)        0.124    10.699 r  u_bridge/state[3]_i_47/O
                         net (fo=1, routed)           0.162    10.861    u_bridge/state[3]_i_47_n_0
    SLICE_X42Y78         LUT6 (Prop_lut6_I1_O)        0.124    10.985 f  u_bridge/state[3]_i_27/O
                         net (fo=1, routed)           0.452    11.437    u_bridge/state[3]_i_27_n_0
    SLICE_X42Y78         LUT6 (Prop_lut6_I4_O)        0.124    11.561 f  u_bridge/state[3]_i_10/O
                         net (fo=41, routed)          0.721    12.281    u_bridge/state[3]_i_10_n_0
    SLICE_X33Y78         LUT6 (Prop_lut6_I4_O)        0.124    12.405 r  u_bridge/m_axi_awaddr[15]_i_1/O
                         net (fo=50, routed)          1.033    13.439    u_bridge/m_axi_awaddr[15]_i_1_n_0
    SLICE_X44Y81         FDCE                                         r  u_bridge/m_axi_wdata_reg[22]/CE
  -------------------------------------------------------------------    -------------------

                         (clock sys_clk rise edge)   10.000    10.000 r  
    E3                                                0.000    10.000 r  clk_100mhz (IN)
                         net (fo=0)                   0.000    10.000    clk_100mhz
    E3                   IBUF (Prop_ibuf_I_O)         1.411    11.411 r  clk_100mhz_IBUF_inst/O
                         net (fo=1, routed)           1.920    13.331    clk_100mhz_IBUF
    BUFGCTRL_X0Y16       BUFG (Prop_bufg_I_O)         0.091    13.422 r  clk_100mhz_IBUF_BUFG_inst/O
                         net (fo=2651, routed)        1.505    14.928    u_bridge/clk_100mhz_IBUF_BUFG
    SLICE_X44Y81         FDCE                                         r  u_bridge/m_axi_wdata_reg[22]/C
                         clock pessimism              0.259    15.187    
                         clock uncertainty           -0.035    15.151    
    SLICE_X44Y81         FDCE (Setup_fdce_C_CE)      -0.205    14.946    u_bridge/m_axi_wdata_reg[22]
  -------------------------------------------------------------------
                         required time                         14.946    
                         arrival time                         -13.439    
  -------------------------------------------------------------------
                         slack                                  1.508    

Slack (MET) :             1.508ns  (required time - arrival time)
  Source:                 u_bridge/addr_reg[0]/C
                            (rising edge-triggered cell FDCE clocked by sys_clk  {rise@0.000ns fall@5.000ns period=10.000ns})
  Destination:            u_bridge/m_axi_wdata_reg[30]/CE
                            (rising edge-triggered cell FDCE clocked by sys_clk  {rise@0.000ns fall@5.000ns period=10.000ns})
  Path Group:             sys_clk
  Path Type:              Setup (Max at Slow Process Corner)
  Requirement:            10.000ns  (sys_clk rise@10.000ns - sys_clk rise@0.000ns)
  Data Path Delay:        8.215ns  (logic 3.435ns (41.814%)  route 4.780ns (58.186%))
  Logic Levels:           14  (CARRY4=8 LUT1=1 LUT4=1 LUT6=4)
  Clock Path Skew:        -0.037ns (DCD - SCD + CPR)
    Destination Clock Delay (DCD):    4.928ns = ( 14.928 - 10.000 ) 
    Source Clock Delay      (SCD):    5.224ns
    Clock Pessimism Removal (CPR):    0.259ns
  Clock Uncertainty:      0.035ns  ((TSJ^2 + TIJ^2)^1/2 + DJ) / 2 + PE
    Total System Jitter     (TSJ):    0.071ns
    Total Input Jitter      (TIJ):    0.000ns
    Discrete Jitter          (DJ):    0.000ns
    Phase Error              (PE):    0.000ns

    Location             Delay type                Incr(ns)  Path(ns)    Netlist Resource(s)
  -------------------------------------------------------------------    -------------------
                         (clock sys_clk rise edge)    0.000     0.000 r  
    E3                                                0.000     0.000 r  clk_100mhz (IN)
                         net (fo=0)                   0.000     0.000    clk_100mhz
    E3                   IBUF (Prop_ibuf_I_O)         1.482     1.482 r  clk_100mhz_IBUF_inst/O
                         net (fo=1, routed)           2.025     3.506    clk_100mhz_IBUF
    BUFGCTRL_X0Y16       BUFG (Prop_bufg_I_O)         0.096     3.602 r  clk_100mhz_IBUF_BUFG_inst/O
                         net (fo=2651, routed)        1.621     5.224    u_bridge/clk_100mhz_IBUF_BUFG
    SLICE_X39Y76         FDCE                                         r  u_bridge/addr_reg[0]/C
  -------------------------------------------------------------------    -------------------
    SLICE_X39Y76         FDCE (Prop_fdce_C_Q)         0.456     5.680 f  u_bridge/addr_reg[0]/Q
                         net (fo=10, routed)          0.324     6.004    u_bridge/addr_reg_n_0_[0]
    SLICE_X37Y76         LUT1 (Prop_lut1_I0_O)        0.124     6.128 r  u_bridge/state[3]_i_247/O
                         net (fo=1, routed)           0.544     6.671    u_bridge/p_0_in[0]
    SLICE_X38Y75         CARRY4 (Prop_carry4_CYINIT_CO[3])
                                                      0.595     7.266 r  u_bridge/state_reg[3]_i_230/CO[3]
                         net (fo=1, routed)           0.000     7.266    u_bridge/state_reg[3]_i_230_n_0
    SLICE_X38Y76         CARRY4 (Prop_carry4_CI_CO[3])
                                                      0.117     7.383 r  u_bridge/state_reg[3]_i_212/CO[3]
                         net (fo=1, routed)           0.000     7.383    u_bridge/state_reg[3]_i_212_n_0
    SLICE_X38Y77         CARRY4 (Prop_carry4_CI_CO[3])
                                                      0.117     7.500 r  u_bridge/state_reg[3]_i_211/CO[3]
                         net (fo=1, routed)           0.000     7.500    u_bridge/state_reg[3]_i_211_n_0
    SLICE_X38Y78         CARRY4 (Prop_carry4_CI_CO[3])
                                                      0.117     7.617 r  u_bridge/state_reg[3]_i_166/CO[3]
                         net (fo=1, routed)           0.000     7.617    u_bridge/state_reg[3]_i_166_n_0
    SLICE_X38Y79         CARRY4 (Prop_carry4_CI_CO[3])
                                                      0.117     7.734 r  u_bridge/state_reg[3]_i_165/CO[3]
                         net (fo=1, routed)           0.000     7.734    u_bridge/state_reg[3]_i_165_n_0
    SLICE_X38Y80         CARRY4 (Prop_carry4_CI_CO[3])
                                                      0.117     7.851 r  u_bridge/state_reg[3]_i_122/CO[3]
                         net (fo=1, routed)           0.000     7.851    u_bridge/state_reg[3]_i_122_n_0
    SLICE_X38Y81         CARRY4 (Prop_carry4_CI_O[1])
                                                      0.323     8.174 r  u_bridge/state_reg[3]_i_121/O[1]
                         net (fo=4, routed)           0.782     8.956    u_bridge/state_reg[3]_i_121_n_6
    SLICE_X39Y80         LUT4 (Prop_lut4_I3_O)        0.306     9.262 r  u_bridge/state[3]_i_130/O
                         net (fo=1, routed)           0.000     9.262    u_bridge/state[3]_i_130_n_0
    SLICE_X39Y80         CARRY4 (Prop_carry4_S[1]_CO[3])
                                                      0.550     9.812 r  u_bridge/state_reg[3]_i_82/CO[3]
                         net (fo=1, routed)           0.763    10.575    u_bridge/frame_ok115_in
    SLICE_X42Y78         LUT6 (Prop_lut6_I3_O)        0.124    10.699 r  u_bridge/state[3]_i_47/O
                         net (fo=1, routed)           0.162    10.861    u_bridge/state[3]_i_47_n_0
    SLICE_X42Y78         LUT6 (Prop_lut6_I1_O)        0.124    10.985 f  u_bridge/state[3]_i_27/O
                         net (fo=1, routed)           0.452    11.437    u_bridge/state[3]_i_27_n_0
    SLICE_X42Y78         LUT6 (Prop_lut6_I4_O)        0.124    11.561 f  u_bridge/state[3]_i_10/O
                         net (fo=41, routed)          0.721    12.281    u_bridge/state[3]_i_10_n_0
    SLICE_X33Y78         LUT6 (Prop_lut6_I4_O)        0.124    12.405 r  u_bridge/m_axi_awaddr[15]_i_1/O
                         net (fo=50, routed)          1.033    13.439    u_bridge/m_axi_awaddr[15]_i_1_n_0
    SLICE_X44Y81         FDCE                                         r  u_bridge/m_axi_wdata_reg[30]/CE
  -------------------------------------------------------------------    -------------------

                         (clock sys_clk rise edge)   10.000    10.000 r  
    E3                                                0.000    10.000 r  clk_100mhz (IN)
                         net (fo=0)                   0.000    10.000    clk_100mhz
    E3                   IBUF (Prop_ibuf_I_O)         1.411    11.411 r  clk_100mhz_IBUF_inst/O
                         net (fo=1, routed)           1.920    13.331    clk_100mhz_IBUF
    BUFGCTRL_X0Y16       BUFG (Prop_bufg_I_O)         0.091    13.422 r  clk_100mhz_IBUF_BUFG_inst/O
                         net (fo=2651, routed)        1.505    14.928    u_bridge/clk_100mhz_IBUF_BUFG
    SLICE_X44Y81         FDCE                                         r  u_bridge/m_axi_wdata_reg[30]/C
                         clock pessimism              0.259    15.187    
                         clock uncertainty           -0.035    15.151    
    SLICE_X44Y81         FDCE (Setup_fdce_C_CE)      -0.205    14.946    u_bridge/m_axi_wdata_reg[30]
  -------------------------------------------------------------------
                         required time                         14.946    
                         arrival time                         -13.439    
  -------------------------------------------------------------------
                         slack                                  1.508    

Slack (MET) :             1.508ns  (required time - arrival time)
  Source:                 u_bridge/addr_reg[0]/C
                            (rising edge-triggered cell FDCE clocked by sys_clk  {rise@0.000ns fall@5.000ns period=10.000ns})
  Destination:            u_bridge/m_axi_wdata_reg[6]/CE
                            (rising edge-triggered cell FDCE clocked by sys_clk  {rise@0.000ns fall@5.000ns period=10.000ns})
  Path Group:             sys_clk
  Path Type:              Setup (Max at Slow Process Corner)
  Requirement:            10.000ns  (sys_clk rise@10.000ns - sys_clk rise@0.000ns)
  Data Path Delay:        8.215ns  (logic 3.435ns (41.814%)  route 4.780ns (58.186%))
  Logic Levels:           14  (CARRY4=8 LUT1=1 LUT4=1 LUT6=4)
  Clock Path Skew:        -0.037ns (DCD - SCD + CPR)
    Destination Clock Delay (DCD):    4.928ns = ( 14.928 - 10.000 ) 
    Source Clock Delay      (SCD):    5.224ns
    Clock Pessimism Removal (CPR):    0.259ns
  Clock Uncertainty:      0.035ns  ((TSJ^2 + TIJ^2)^1/2 + DJ) / 2 + PE
    Total System Jitter     (TSJ):    0.071ns
    Total Input Jitter      (TIJ):    0.000ns
    Discrete Jitter          (DJ):    0.000ns
    Phase Error              (PE):    0.000ns

    Location             Delay type                Incr(ns)  Path(ns)    Netlist Resource(s)
  -------------------------------------------------------------------    -------------------
                         (clock sys_clk rise edge)    0.000     0.000 r  
    E3                                                0.000     0.000 r  clk_100mhz (IN)
                         net (fo=0)                   0.000     0.000    clk_100mhz
    E3                   IBUF (Prop_ibuf_I_O)         1.482     1.482 r  clk_100mhz_IBUF_inst/O
                         net (fo=1, routed)           2.025     3.506    clk_100mhz_IBUF
    BUFGCTRL_X0Y16       BUFG (Prop_bufg_I_O)         0.096     3.602 r  clk_100mhz_IBUF_BUFG_inst/O
                         net (fo=2651, routed)        1.621     5.224    u_bridge/clk_100mhz_IBUF_BUFG
    SLICE_X39Y76         FDCE                                         r  u_bridge/addr_reg[0]/C
  -------------------------------------------------------------------    -------------------
    SLICE_X39Y76         FDCE (Prop_fdce_C_Q)         0.456     5.680 f  u_bridge/addr_reg[0]/Q
                         net (fo=10, routed)          0.324     6.004    u_bridge/addr_reg_n_0_[0]
    SLICE_X37Y76         LUT1 (Prop_lut1_I0_O)        0.124     6.128 r  u_bridge/state[3]_i_247/O
                         net (fo=1, routed)           0.544     6.671    u_bridge/p_0_in[0]
    SLICE_X38Y75         CARRY4 (Prop_carry4_CYINIT_CO[3])
                                                      0.595     7.266 r  u_bridge/state_reg[3]_i_230/CO[3]
                         net (fo=1, routed)           0.000     7.266    u_bridge/state_reg[3]_i_230_n_0
    SLICE_X38Y76         CARRY4 (Prop_carry4_CI_CO[3])
                                                      0.117     7.383 r  u_bridge/state_reg[3]_i_212/CO[3]
                         net (fo=1, routed)           0.000     7.383    u_bridge/state_reg[3]_i_212_n_0
    SLICE_X38Y77         CARRY4 (Prop_carry4_CI_CO[3])
                                                      0.117     7.500 r  u_bridge/state_reg[3]_i_211/CO[3]
                         net (fo=1, routed)           0.000     7.500    u_bridge/state_reg[3]_i_211_n_0
    SLICE_X38Y78         CARRY4 (Prop_carry4_CI_CO[3])
                                                      0.117     7.617 r  u_bridge/state_reg[3]_i_166/CO[3]
                         net (fo=1, routed)           0.000     7.617    u_bridge/state_reg[3]_i_166_n_0
    SLICE_X38Y79         CARRY4 (Prop_carry4_CI_CO[3])
                                                      0.117     7.734 r  u_bridge/state_reg[3]_i_165/CO[3]
                         net (fo=1, routed)           0.000     7.734    u_bridge/state_reg[3]_i_165_n_0
    SLICE_X38Y80         CARRY4 (Prop_carry4_CI_CO[3])
                                                      0.117     7.851 r  u_bridge/state_reg[3]_i_122/CO[3]
                         net (fo=1, routed)           0.000     7.851    u_bridge/state_reg[3]_i_122_n_0
    SLICE_X38Y81         CARRY4 (Prop_carry4_CI_O[1])
                                                      0.323     8.174 r  u_bridge/state_reg[3]_i_121/O[1]
                         net (fo=4, routed)           0.782     8.956    u_bridge/state_reg[3]_i_121_n_6
    SLICE_X39Y80         LUT4 (Prop_lut4_I3_O)        0.306     9.262 r  u_bridge/state[3]_i_130/O
                         net (fo=1, routed)           0.000     9.262    u_bridge/state[3]_i_130_n_0
    SLICE_X39Y80         CARRY4 (Prop_carry4_S[1]_CO[3])
                                                      0.550     9.812 r  u_bridge/state_reg[3]_i_82/CO[3]
                         net (fo=1, routed)           0.763    10.575    u_bridge/frame_ok115_in
    SLICE_X42Y78         LUT6 (Prop_lut6_I3_O)        0.124    10.699 r  u_bridge/state[3]_i_47/O
                         net (fo=1, routed)           0.162    10.861    u_bridge/state[3]_i_47_n_0
    SLICE_X42Y78         LUT6 (Prop_lut6_I1_O)        0.124    10.985 f  u_bridge/state[3]_i_27/O
                         net (fo=1, routed)           0.452    11.437    u_bridge/state[3]_i_27_n_0
    SLICE_X42Y78         LUT6 (Prop_lut6_I4_O)        0.124    11.561 f  u_bridge/state[3]_i_10/O
                         net (fo=41, routed)          0.721    12.281    u_bridge/state[3]_i_10_n_0
    SLICE_X33Y78         LUT6 (Prop_lut6_I4_O)        0.124    12.405 r  u_bridge/m_axi_awaddr[15]_i_1/O
                         net (fo=50, routed)          1.033    13.439    u_bridge/m_axi_awaddr[15]_i_1_n_0
    SLICE_X44Y81         FDCE                                         r  u_bridge/m_axi_wdata_reg[6]/CE
  -------------------------------------------------------------------    -------------------

                         (clock sys_clk rise edge)   10.000    10.000 r  
    E3                                                0.000    10.000 r  clk_100mhz (IN)
                         net (fo=0)                   0.000    10.000    clk_100mhz
    E3                   IBUF (Prop_ibuf_I_O)         1.411    11.411 r  clk_100mhz_IBUF_inst/O
                         net (fo=1, routed)           1.920    13.331    clk_100mhz_IBUF
    BUFGCTRL_X0Y16       BUFG (Prop_bufg_I_O)         0.091    13.422 r  clk_100mhz_IBUF_BUFG_inst/O
                         net (fo=2651, routed)        1.505    14.928    u_bridge/clk_100mhz_IBUF_BUFG
    SLICE_X44Y81         FDCE                                         r  u_bridge/m_axi_wdata_reg[6]/C
                         clock pessimism              0.259    15.187    
                         clock uncertainty           -0.035    15.151    
    SLICE_X44Y81         FDCE (Setup_fdce_C_CE)      -0.205    14.946    u_bridge/m_axi_wdata_reg[6]
  -------------------------------------------------------------------
                         required time                         14.946    
                         arrival time                         -13.439    
  -------------------------------------------------------------------
                         slack                                  1.508    

Slack (MET) :             1.617ns  (required time - arrival time)
  Source:                 u_bridge/addr_reg[0]/C
                            (rising edge-triggered cell FDCE clocked by sys_clk  {rise@0.000ns fall@5.000ns period=10.000ns})
  Destination:            u_bridge/m_axi_wdata_reg[17]/CE
                            (rising edge-triggered cell FDCE clocked by sys_clk  {rise@0.000ns fall@5.000ns period=10.000ns})
  Path Group:             sys_clk
  Path Type:              Setup (Max at Slow Process Corner)
  Requirement:            10.000ns  (sys_clk rise@10.000ns - sys_clk rise@0.000ns)
  Data Path Delay:        8.104ns  (logic 3.435ns (42.387%)  route 4.669ns (57.613%))
  Logic Levels:           14  (CARRY4=8 LUT1=1 LUT4=1 LUT6=4)
  Clock Path Skew:        -0.039ns (DCD - SCD + CPR)
    Destination Clock Delay (DCD):    4.926ns = ( 14.926 - 10.000 ) 
    Source Clock Delay      (SCD):    5.224ns
    Clock Pessimism Removal (CPR):    0.259ns
  Clock Uncertainty:      0.035ns  ((TSJ^2 + TIJ^2)^1/2 + DJ) / 2 + PE
    Total System Jitter     (TSJ):    0.071ns
    Total Input Jitter      (TIJ):    0.000ns
    Discrete Jitter          (DJ):    0.000ns
    Phase Error              (PE):    0.000ns

    Location             Delay type                Incr(ns)  Path(ns)    Netlist Resource(s)
  -------------------------------------------------------------------    -------------------
                         (clock sys_clk rise edge)    0.000     0.000 r  
    E3                                                0.000     0.000 r  clk_100mhz (IN)
                         net (fo=0)                   0.000     0.000    clk_100mhz
    E3                   IBUF (Prop_ibuf_I_O)         1.482     1.482 r  clk_100mhz_IBUF_inst/O
                         net (fo=1, routed)           2.025     3.506    clk_100mhz_IBUF
    BUFGCTRL_X0Y16       BUFG (Prop_bufg_I_O)         0.096     3.602 r  clk_100mhz_IBUF_BUFG_inst/O
                         net (fo=2651, routed)        1.621     5.224    u_bridge/clk_100mhz_IBUF_BUFG
    SLICE_X39Y76         FDCE                                         r  u_bridge/addr_reg[0]/C
  -------------------------------------------------------------------    -------------------
    SLICE_X39Y76         FDCE (Prop_fdce_C_Q)         0.456     5.680 f  u_bridge/addr_reg[0]/Q
                         net (fo=10, routed)          0.324     6.004    u_bridge/addr_reg_n_0_[0]
    SLICE_X37Y76         LUT1 (Prop_lut1_I0_O)        0.124     6.128 r  u_bridge/state[3]_i_247/O
                         net (fo=1, routed)           0.544     6.671    u_bridge/p_0_in[0]
    SLICE_X38Y75         CARRY4 (Prop_carry4_CYINIT_CO[3])
                                                      0.595     7.266 r  u_bridge/state_reg[3]_i_230/CO[3]
                         net (fo=1, routed)           0.000     7.266    u_bridge/state_reg[3]_i_230_n_0
    SLICE_X38Y76         CARRY4 (Prop_carry4_CI_CO[3])
                                                      0.117     7.383 r  u_bridge/state_reg[3]_i_212/CO[3]
                         net (fo=1, routed)           0.000     7.383    u_bridge/state_reg[3]_i_212_n_0
    SLICE_X38Y77         CARRY4 (Prop_carry4_CI_CO[3])
                                                      0.117     7.500 r  u_bridge/state_reg[3]_i_211/CO[3]
                         net (fo=1, routed)           0.000     7.500    u_bridge/state_reg[3]_i_211_n_0
    SLICE_X38Y78         CARRY4 (Prop_carry4_CI_CO[3])
                                                      0.117     7.617 r  u_bridge/state_reg[3]_i_166/CO[3]
                         net (fo=1, routed)           0.000     7.617    u_bridge/state_reg[3]_i_166_n_0
    SLICE_X38Y79         CARRY4 (Prop_carry4_CI_CO[3])
                                                      0.117     7.734 r  u_bridge/state_reg[3]_i_165/CO[3]
                         net (fo=1, routed)           0.000     7.734    u_bridge/state_reg[3]_i_165_n_0
    SLICE_X38Y80         CARRY4 (Prop_carry4_CI_CO[3])
                                                      0.117     7.851 r  u_bridge/state_reg[3]_i_122/CO[3]
                         net (fo=1, routed)           0.000     7.851    u_bridge/state_reg[3]_i_122_n_0
    SLICE_X38Y81         CARRY4 (Prop_carry4_CI_O[1])
                                                      0.323     8.174 r  u_bridge/state_reg[3]_i_121/O[1]
                         net (fo=4, routed)           0.782     8.956    u_bridge/state_reg[3]_i_121_n_6
    SLICE_X39Y80         LUT4 (Prop_lut4_I3_O)        0.306     9.262 r  u_bridge/state[3]_i_130/O
                         net (fo=1, routed)           0.000     9.262    u_bridge/state[3]_i_130_n_0
    SLICE_X39Y80         CARRY4 (Prop_carry4_S[1]_CO[3])
                                                      0.550     9.812 r  u_bridge/state_reg[3]_i_82/CO[3]
                         net (fo=1, routed)           0.763    10.575    u_bridge/frame_ok115_in
    SLICE_X42Y78         LUT6 (Prop_lut6_I3_O)        0.124    10.699 r  u_bridge/state[3]_i_47/O
                         net (fo=1, routed)           0.162    10.861    u_bridge/state[3]_i_47_n_0
    SLICE_X42Y78         LUT6 (Prop_lut6_I1_O)        0.124    10.985 f  u_bridge/state[3]_i_27/O
                         net (fo=1, routed)           0.452    11.437    u_bridge/state[3]_i_27_n_0
    SLICE_X42Y78         LUT6 (Prop_lut6_I4_O)        0.124    11.561 f  u_bridge/state[3]_i_10/O
                         net (fo=41, routed)          0.721    12.281    u_bridge/state[3]_i_10_n_0
    SLICE_X33Y78         LUT6 (Prop_lut6_I4_O)        0.124    12.405 r  u_bridge/m_axi_awaddr[15]_i_1/O
                         net (fo=50, routed)          0.922    13.328    u_bridge/m_axi_awaddr[15]_i_1_n_0
    SLICE_X47Y81         FDCE                                         r  u_bridge/m_axi_wdata_reg[17]/CE
  -------------------------------------------------------------------    -------------------

                         (clock sys_clk rise edge)   10.000    10.000 r  
    E3                                                0.000    10.000 r  clk_100mhz (IN)
                         net (fo=0)                   0.000    10.000    clk_100mhz
    E3                   IBUF (Prop_ibuf_I_O)         1.411    11.411 r  clk_100mhz_IBUF_inst/O
                         net (fo=1, routed)           1.920    13.331    clk_100mhz_IBUF
    BUFGCTRL_X0Y16       BUFG (Prop_bufg_I_O)         0.091    13.422 r  clk_100mhz_IBUF_BUFG_inst/O
                         net (fo=2651, routed)        1.503    14.926    u_bridge/clk_100mhz_IBUF_BUFG
    SLICE_X47Y81         FDCE                                         r  u_bridge/m_axi_wdata_reg[17]/C
                         clock pessimism              0.259    15.185    
                         clock uncertainty           -0.035    15.149    
    SLICE_X47Y81         FDCE (Setup_fdce_C_CE)      -0.205    14.944    u_bridge/m_axi_wdata_reg[17]
  -------------------------------------------------------------------
                         required time                         14.944    
                         arrival time                         -13.328    
  -------------------------------------------------------------------
                         slack                                  1.617    

Slack (MET) :             1.617ns  (required time - arrival time)
  Source:                 u_bridge/addr_reg[0]/C
                            (rising edge-triggered cell FDCE clocked by sys_clk  {rise@0.000ns fall@5.000ns period=10.000ns})
  Destination:            u_bridge/m_axi_wdata_reg[20]/CE
                            (rising edge-triggered cell FDCE clocked by sys_clk  {rise@0.000ns fall@5.000ns period=10.000ns})
  Path Group:             sys_clk
  Path Type:              Setup (Max at Slow Process Corner)
  Requirement:            10.000ns  (sys_clk rise@10.000ns - sys_clk rise@0.000ns)
  Data Path Delay:        8.104ns  (logic 3.435ns (42.387%)  route 4.669ns (57.613%))
  Logic Levels:           14  (CARRY4=8 LUT1=1 LUT4=1 LUT6=4)
  Clock Path Skew:        -0.039ns (DCD - SCD + CPR)
    Destination Clock Delay (DCD):    4.926ns = ( 14.926 - 10.000 ) 
    Source Clock Delay      (SCD):    5.224ns
    Clock Pessimism Removal (CPR):    0.259ns
  Clock Uncertainty:      0.035ns  ((TSJ^2 + TIJ^2)^1/2 + DJ) / 2 + PE
    Total System Jitter     (TSJ):    0.071ns
    Total Input Jitter      (TIJ):    0.000ns
    Discrete Jitter          (DJ):    0.000ns
    Phase Error              (PE):    0.000ns

    Location             Delay type                Incr(ns)  Path(ns)    Netlist Resource(s)
  -------------------------------------------------------------------    -------------------
                         (clock sys_clk rise edge)    0.000     0.000 r  
    E3                                                0.000     0.000 r  clk_100mhz (IN)
                         net (fo=0)                   0.000     0.000    clk_100mhz
    E3                   IBUF (Prop_ibuf_I_O)         1.482     1.482 r  clk_100mhz_IBUF_inst/O
                         net (fo=1, routed)           2.025     3.506    clk_100mhz_IBUF
    BUFGCTRL_X0Y16       BUFG (Prop_bufg_I_O)         0.096     3.602 r  clk_100mhz_IBUF_BUFG_inst/O
                         net (fo=2651, routed)        1.621     5.224    u_bridge/clk_100mhz_IBUF_BUFG
    SLICE_X39Y76         FDCE                                         r  u_bridge/addr_reg[0]/C
  -------------------------------------------------------------------    -------------------
    SLICE_X39Y76         FDCE (Prop_fdce_C_Q)         0.456     5.680 f  u_bridge/addr_reg[0]/Q
                         net (fo=10, routed)          0.324     6.004    u_bridge/addr_reg_n_0_[0]
    SLICE_X37Y76         LUT1 (Prop_lut1_I0_O)        0.124     6.128 r  u_bridge/state[3]_i_247/O
                         net (fo=1, routed)           0.544     6.671    u_bridge/p_0_in[0]
    SLICE_X38Y75         CARRY4 (Prop_carry4_CYINIT_CO[3])
                                                      0.595     7.266 r  u_bridge/state_reg[3]_i_230/CO[3]
                         net (fo=1, routed)           0.000     7.266    u_bridge/state_reg[3]_i_230_n_0
    SLICE_X38Y76         CARRY4 (Prop_carry4_CI_CO[3])
                                                      0.117     7.383 r  u_bridge/state_reg[3]_i_212/CO[3]
                         net (fo=1, routed)           0.000     7.383    u_bridge/state_reg[3]_i_212_n_0
    SLICE_X38Y77         CARRY4 (Prop_carry4_CI_CO[3])
                                                      0.117     7.500 r  u_bridge/state_reg[3]_i_211/CO[3]
                         net (fo=1, routed)           0.000     7.500    u_bridge/state_reg[3]_i_211_n_0
    SLICE_X38Y78         CARRY4 (Prop_carry4_CI_CO[3])
                                                      0.117     7.617 r  u_bridge/state_reg[3]_i_166/CO[3]
                         net (fo=1, routed)           0.000     7.617    u_bridge/state_reg[3]_i_166_n_0
    SLICE_X38Y79         CARRY4 (Prop_carry4_CI_CO[3])
                                                      0.117     7.734 r  u_bridge/state_reg[3]_i_165/CO[3]
                         net (fo=1, routed)           0.000     7.734    u_bridge/state_reg[3]_i_165_n_0
    SLICE_X38Y80         CARRY4 (Prop_carry4_CI_CO[3])
                                                      0.117     7.851 r  u_bridge/state_reg[3]_i_122/CO[3]
                         net (fo=1, routed)           0.000     7.851    u_bridge/state_reg[3]_i_122_n_0
    SLICE_X38Y81         CARRY4 (Prop_carry4_CI_O[1])
                                                      0.323     8.174 r  u_bridge/state_reg[3]_i_121/O[1]
                         net (fo=4, routed)           0.782     8.956    u_bridge/state_reg[3]_i_121_n_6
    SLICE_X39Y80         LUT4 (Prop_lut4_I3_O)        0.306     9.262 r  u_bridge/state[3]_i_130/O
                         net (fo=1, routed)           0.000     9.262    u_bridge/state[3]_i_130_n_0
    SLICE_X39Y80         CARRY4 (Prop_carry4_S[1]_CO[3])
                                                      0.550     9.812 r  u_bridge/state_reg[3]_i_82/CO[3]
                         net (fo=1, routed)           0.763    10.575    u_bridge/frame_ok115_in
    SLICE_X42Y78         LUT6 (Prop_lut6_I3_O)        0.124    10.699 r  u_bridge/state[3]_i_47/O
                         net (fo=1, routed)           0.162    10.861    u_bridge/state[3]_i_47_n_0
    SLICE_X42Y78         LUT6 (Prop_lut6_I1_O)        0.124    10.985 f  u_bridge/state[3]_i_27/O
                         net (fo=1, routed)           0.452    11.437    u_bridge/state[3]_i_27_n_0
    SLICE_X42Y78         LUT6 (Prop_lut6_I4_O)        0.124    11.561 f  u_bridge/state[3]_i_10/O
                         net (fo=41, routed)          0.721    12.281    u_bridge/state[3]_i_10_n_0
    SLICE_X33Y78         LUT6 (Prop_lut6_I4_O)        0.124    12.405 r  u_bridge/m_axi_awaddr[15]_i_1/O
                         net (fo=50, routed)          0.922    13.328    u_bridge/m_axi_awaddr[15]_i_1_n_0
    SLICE_X47Y81         FDCE                                         r  u_bridge/m_axi_wdata_reg[20]/CE
  -------------------------------------------------------------------    -------------------

                         (clock sys_clk rise edge)   10.000    10.000 r  
    E3                                                0.000    10.000 r  clk_100mhz (IN)
                         net (fo=0)                   0.000    10.000    clk_100mhz
    E3                   IBUF (Prop_ibuf_I_O)         1.411    11.411 r  clk_100mhz_IBUF_inst/O
                         net (fo=1, routed)           1.920    13.331    clk_100mhz_IBUF
    BUFGCTRL_X0Y16       BUFG (Prop_bufg_I_O)         0.091    13.422 r  clk_100mhz_IBUF_BUFG_inst/O
                         net (fo=2651, routed)        1.503    14.926    u_bridge/clk_100mhz_IBUF_BUFG
    SLICE_X47Y81         FDCE                                         r  u_bridge/m_axi_wdata_reg[20]/C
                         clock pessimism              0.259    15.185    
                         clock uncertainty           -0.035    15.149    
    SLICE_X47Y81         FDCE (Setup_fdce_C_CE)      -0.205    14.944    u_bridge/m_axi_wdata_reg[20]
  -------------------------------------------------------------------
                         required time                         14.944    
                         arrival time                         -13.328    
  -------------------------------------------------------------------
                         slack                                  1.617    

Slack (MET) :             1.625ns  (required time - arrival time)
  Source:                 u_bridge/addr_reg[0]/C
                            (rising edge-triggered cell FDCE clocked by sys_clk  {rise@0.000ns fall@5.000ns period=10.000ns})
  Destination:            u_bridge/m_axi_wdata_reg[13]/CE
                            (rising edge-triggered cell FDCE clocked by sys_clk  {rise@0.000ns fall@5.000ns period=10.000ns})
  Path Group:             sys_clk
  Path Type:              Setup (Max at Slow Process Corner)
  Requirement:            10.000ns  (sys_clk rise@10.000ns - sys_clk rise@0.000ns)
  Data Path Delay:        8.101ns  (logic 3.435ns (42.404%)  route 4.666ns (57.596%))
  Logic Levels:           14  (CARRY4=8 LUT1=1 LUT4=1 LUT6=4)
  Clock Path Skew:        -0.034ns (DCD - SCD + CPR)
    Destination Clock Delay (DCD):    4.931ns = ( 14.931 - 10.000 ) 
    Source Clock Delay      (SCD):    5.224ns
    Clock Pessimism Removal (CPR):    0.259ns
  Clock Uncertainty:      0.035ns  ((TSJ^2 + TIJ^2)^1/2 + DJ) / 2 + PE
    Total System Jitter     (TSJ):    0.071ns
    Total Input Jitter      (TIJ):    0.000ns
    Discrete Jitter          (DJ):    0.000ns
    Phase Error              (PE):    0.000ns

    Location             Delay type                Incr(ns)  Path(ns)    Netlist Resource(s)
  -------------------------------------------------------------------    -------------------
                         (clock sys_clk rise edge)    0.000     0.000 r  
    E3                                                0.000     0.000 r  clk_100mhz (IN)
                         net (fo=0)                   0.000     0.000    clk_100mhz
    E3                   IBUF (Prop_ibuf_I_O)         1.482     1.482 r  clk_100mhz_IBUF_inst/O
                         net (fo=1, routed)           2.025     3.506    clk_100mhz_IBUF
    BUFGCTRL_X0Y16       BUFG (Prop_bufg_I_O)         0.096     3.602 r  clk_100mhz_IBUF_BUFG_inst/O
                         net (fo=2651, routed)        1.621     5.224    u_bridge/clk_100mhz_IBUF_BUFG
    SLICE_X39Y76         FDCE                                         r  u_bridge/addr_reg[0]/C
  -------------------------------------------------------------------    -------------------
    SLICE_X39Y76         FDCE (Prop_fdce_C_Q)         0.456     5.680 f  u_bridge/addr_reg[0]/Q
                         net (fo=10, routed)          0.324     6.004    u_bridge/addr_reg_n_0_[0]
    SLICE_X37Y76         LUT1 (Prop_lut1_I0_O)        0.124     6.128 r  u_bridge/state[3]_i_247/O
                         net (fo=1, routed)           0.544     6.671    u_bridge/p_0_in[0]
    SLICE_X38Y75         CARRY4 (Prop_carry4_CYINIT_CO[3])
                                                      0.595     7.266 r  u_bridge/state_reg[3]_i_230/CO[3]
                         net (fo=1, routed)           0.000     7.266    u_bridge/state_reg[3]_i_230_n_0
    SLICE_X38Y76         CARRY4 (Prop_carry4_CI_CO[3])
                                                      0.117     7.383 r  u_bridge/state_reg[3]_i_212/CO[3]
                         net (fo=1, routed)           0.000     7.383    u_bridge/state_reg[3]_i_212_n_0
    SLICE_X38Y77         CARRY4 (Prop_carry4_CI_CO[3])
                                                      0.117     7.500 r  u_bridge/state_reg[3]_i_211/CO[3]
                         net (fo=1, routed)           0.000     7.500    u_bridge/state_reg[3]_i_211_n_0
    SLICE_X38Y78         CARRY4 (Prop_carry4_CI_CO[3])
                                                      0.117     7.617 r  u_bridge/state_reg[3]_i_166/CO[3]
                         net (fo=1, routed)           0.000     7.617    u_bridge/state_reg[3]_i_166_n_0
    SLICE_X38Y79         CARRY4 (Prop_carry4_CI_CO[3])
                                                      0.117     7.734 r  u_bridge/state_reg[3]_i_165/CO[3]
                         net (fo=1, routed)           0.000     7.734    u_bridge/state_reg[3]_i_165_n_0
    SLICE_X38Y80         CARRY4 (Prop_carry4_CI_CO[3])
                                                      0.117     7.851 r  u_bridge/state_reg[3]_i_122/CO[3]
                         net (fo=1, routed)           0.000     7.851    u_bridge/state_reg[3]_i_122_n_0
    SLICE_X38Y81         CARRY4 (Prop_carry4_CI_O[1])
                                                      0.323     8.174 r  u_bridge/state_reg[3]_i_121/O[1]
                         net (fo=4, routed)           0.782     8.956    u_bridge/state_reg[3]_i_121_n_6
    SLICE_X39Y80         LUT4 (Prop_lut4_I3_O)        0.306     9.262 r  u_bridge/state[3]_i_130/O
                         net (fo=1, routed)           0.000     9.262    u_bridge/state[3]_i_130_n_0
    SLICE_X39Y80         CARRY4 (Prop_carry4_S[1]_CO[3])
                                                      0.550     9.812 r  u_bridge/state_reg[3]_i_82/CO[3]
                         net (fo=1, routed)           0.763    10.575    u_bridge/frame_ok115_in
    SLICE_X42Y78         LUT6 (Prop_lut6_I3_O)        0.124    10.699 r  u_bridge/state[3]_i_47/O
                         net (fo=1, routed)           0.162    10.861    u_bridge/state[3]_i_47_n_0
    SLICE_X42Y78         LUT6 (Prop_lut6_I1_O)        0.124    10.985 f  u_bridge/state[3]_i_27/O
                         net (fo=1, routed)           0.452    11.437    u_bridge/state[3]_i_27_n_0
    SLICE_X42Y78         LUT6 (Prop_lut6_I4_O)        0.124    11.561 f  u_bridge/state[3]_i_10/O
                         net (fo=41, routed)          0.721    12.281    u_bridge/state[3]_i_10_n_0
    SLICE_X33Y78         LUT6 (Prop_lut6_I4_O)        0.124    12.405 r  u_bridge/m_axi_awaddr[15]_i_1/O
                         net (fo=50, routed)          0.919    13.324    u_bridge/m_axi_awaddr[15]_i_1_n_0
    SLICE_X44Y83         FDCE                                         r  u_bridge/m_axi_wdata_reg[13]/CE
  -------------------------------------------------------------------    -------------------

                         (clock sys_clk rise edge)   10.000    10.000 r  
    E3                                                0.000    10.000 r  clk_100mhz (IN)
                         net (fo=0)                   0.000    10.000    clk_100mhz
    E3                   IBUF (Prop_ibuf_I_O)         1.411    11.411 r  clk_100mhz_IBUF_inst/O
                         net (fo=1, routed)           1.920    13.331    clk_100mhz_IBUF
    BUFGCTRL_X0Y16       BUFG (Prop_bufg_I_O)         0.091    13.422 r  clk_100mhz_IBUF_BUFG_inst/O
                         net (fo=2651, routed)        1.508    14.931    u_bridge/clk_100mhz_IBUF_BUFG
    SLICE_X44Y83         FDCE                                         r  u_bridge/m_axi_wdata_reg[13]/C
                         clock pessimism              0.259    15.190    
                         clock uncertainty           -0.035    15.154    
    SLICE_X44Y83         FDCE (Setup_fdce_C_CE)      -0.205    14.949    u_bridge/m_axi_wdata_reg[13]
  -------------------------------------------------------------------
                         required time                         14.949    
                         arrival time                         -13.324    
  -------------------------------------------------------------------
                         slack                                  1.625    

Slack (MET) :             1.625ns  (required time - arrival time)
  Source:                 u_bridge/addr_reg[0]/C
                            (rising edge-triggered cell FDCE clocked by sys_clk  {rise@0.000ns fall@5.000ns period=10.000ns})
  Destination:            u_bridge/m_axi_wdata_reg[24]/CE
                            (rising edge-triggered cell FDCE clocked by sys_clk  {rise@0.000ns fall@5.000ns period=10.000ns})
  Path Group:             sys_clk
  Path Type:              Setup (Max at Slow Process Corner)
  Requirement:            10.000ns  (sys_clk rise@10.000ns - sys_clk rise@0.000ns)
  Data Path Delay:        8.101ns  (logic 3.435ns (42.404%)  route 4.666ns (57.596%))
  Logic Levels:           14  (CARRY4=8 LUT1=1 LUT4=1 LUT6=4)
  Clock Path Skew:        -0.034ns (DCD - SCD + CPR)
    Destination Clock Delay (DCD):    4.931ns = ( 14.931 - 10.000 ) 
    Source Clock Delay      (SCD):    5.224ns
    Clock Pessimism Removal (CPR):    0.259ns
  Clock Uncertainty:      0.035ns  ((TSJ^2 + TIJ^2)^1/2 + DJ) / 2 + PE
    Total System Jitter     (TSJ):    0.071ns
    Total Input Jitter      (TIJ):    0.000ns
    Discrete Jitter          (DJ):    0.000ns
    Phase Error              (PE):    0.000ns

    Location             Delay type                Incr(ns)  Path(ns)    Netlist Resource(s)
  -------------------------------------------------------------------    -------------------
                         (clock sys_clk rise edge)    0.000     0.000 r  
    E3                                                0.000     0.000 r  clk_100mhz (IN)
                         net (fo=0)                   0.000     0.000    clk_100mhz
    E3                   IBUF (Prop_ibuf_I_O)         1.482     1.482 r  clk_100mhz_IBUF_inst/O
                         net (fo=1, routed)           2.025     3.506    clk_100mhz_IBUF
    BUFGCTRL_X0Y16       BUFG (Prop_bufg_I_O)         0.096     3.602 r  clk_100mhz_IBUF_BUFG_inst/O
                         net (fo=2651, routed)        1.621     5.224    u_bridge/clk_100mhz_IBUF_BUFG
    SLICE_X39Y76         FDCE                                         r  u_bridge/addr_reg[0]/C
  -------------------------------------------------------------------    -------------------
    SLICE_X39Y76         FDCE (Prop_fdce_C_Q)         0.456     5.680 f  u_bridge/addr_reg[0]/Q
                         net (fo=10, routed)          0.324     6.004    u_bridge/addr_reg_n_0_[0]
    SLICE_X37Y76         LUT1 (Prop_lut1_I0_O)        0.124     6.128 r  u_bridge/state[3]_i_247/O
                         net (fo=1, routed)           0.544     6.671    u_bridge/p_0_in[0]
    SLICE_X38Y75         CARRY4 (Prop_carry4_CYINIT_CO[3])
                                                      0.595     7.266 r  u_bridge/state_reg[3]_i_230/CO[3]
                         net (fo=1, routed)           0.000     7.266    u_bridge/state_reg[3]_i_230_n_0
    SLICE_X38Y76         CARRY4 (Prop_carry4_CI_CO[3])
                                                      0.117     7.383 r  u_bridge/state_reg[3]_i_212/CO[3]
                         net (fo=1, routed)           0.000     7.383    u_bridge/state_reg[3]_i_212_n_0
    SLICE_X38Y77         CARRY4 (Prop_carry4_CI_CO[3])
                                                      0.117     7.500 r  u_bridge/state_reg[3]_i_211/CO[3]
                         net (fo=1, routed)           0.000     7.500    u_bridge/state_reg[3]_i_211_n_0
    SLICE_X38Y78         CARRY4 (Prop_carry4_CI_CO[3])
                                                      0.117     7.617 r  u_bridge/state_reg[3]_i_166/CO[3]
                         net (fo=1, routed)           0.000     7.617    u_bridge/state_reg[3]_i_166_n_0
    SLICE_X38Y79         CARRY4 (Prop_carry4_CI_CO[3])
                                                      0.117     7.734 r  u_bridge/state_reg[3]_i_165/CO[3]
                         net (fo=1, routed)           0.000     7.734    u_bridge/state_reg[3]_i_165_n_0
    SLICE_X38Y80         CARRY4 (Prop_carry4_CI_CO[3])
                                                      0.117     7.851 r  u_bridge/state_reg[3]_i_122/CO[3]
                         net (fo=1, routed)           0.000     7.851    u_bridge/state_reg[3]_i_122_n_0
    SLICE_X38Y81         CARRY4 (Prop_carry4_CI_O[1])
                                                      0.323     8.174 r  u_bridge/state_reg[3]_i_121/O[1]
                         net (fo=4, routed)           0.782     8.956    u_bridge/state_reg[3]_i_121_n_6
    SLICE_X39Y80         LUT4 (Prop_lut4_I3_O)        0.306     9.262 r  u_bridge/state[3]_i_130/O
                         net (fo=1, routed)           0.000     9.262    u_bridge/state[3]_i_130_n_0
    SLICE_X39Y80         CARRY4 (Prop_carry4_S[1]_CO[3])
                                                      0.550     9.812 r  u_bridge/state_reg[3]_i_82/CO[3]
                         net (fo=1, routed)           0.763    10.575    u_bridge/frame_ok115_in
    SLICE_X42Y78         LUT6 (Prop_lut6_I3_O)        0.124    10.699 r  u_bridge/state[3]_i_47/O
                         net (fo=1, routed)           0.162    10.861    u_bridge/state[3]_i_47_n_0
    SLICE_X42Y78         LUT6 (Prop_lut6_I1_O)        0.124    10.985 f  u_bridge/state[3]_i_27/O
                         net (fo=1, routed)           0.452    11.437    u_bridge/state[3]_i_27_n_0
    SLICE_X42Y78         LUT6 (Prop_lut6_I4_O)        0.124    11.561 f  u_bridge/state[3]_i_10/O
                         net (fo=41, routed)          0.721    12.281    u_bridge/state[3]_i_10_n_0
    SLICE_X33Y78         LUT6 (Prop_lut6_I4_O)        0.124    12.405 r  u_bridge/m_axi_awaddr[15]_i_1/O
                         net (fo=50, routed)          0.919    13.324    u_bridge/m_axi_awaddr[15]_i_1_n_0
    SLICE_X44Y83         FDCE                                         r  u_bridge/m_axi_wdata_reg[24]/CE
  -------------------------------------------------------------------    -------------------

                         (clock sys_clk rise edge)   10.000    10.000 r  
    E3                                                0.000    10.000 r  clk_100mhz (IN)
                         net (fo=0)                   0.000    10.000    clk_100mhz
    E3                   IBUF (Prop_ibuf_I_O)         1.411    11.411 r  clk_100mhz_IBUF_inst/O
                         net (fo=1, routed)           1.920    13.331    clk_100mhz_IBUF
    BUFGCTRL_X0Y16       BUFG (Prop_bufg_I_O)         0.091    13.422 r  clk_100mhz_IBUF_BUFG_inst/O
                         net (fo=2651, routed)        1.508    14.931    u_bridge/clk_100mhz_IBUF_BUFG
    SLICE_X44Y83         FDCE                                         r  u_bridge/m_axi_wdata_reg[24]/C
                         clock pessimism              0.259    15.190    
                         clock uncertainty           -0.035    15.154    
    SLICE_X44Y83         FDCE (Setup_fdce_C_CE)      -0.205    14.949    u_bridge/m_axi_wdata_reg[24]
  -------------------------------------------------------------------
                         required time                         14.949    
                         arrival time                         -13.324    
  -------------------------------------------------------------------
                         slack                                  1.625    





Min Delay Paths
--------------------------------------------------------------------------------------
Slack (MET) :             0.152ns  (arrival time - required time)
  Source:                 u_rx/data_reg[2]_rep/C
                            (rising edge-triggered cell FDCE clocked by sys_clk  {rise@0.000ns fall@5.000ns period=10.000ns})
  Destination:            u_bridge/payload_reg[72][2]/D
                            (rising edge-triggered cell FDRE clocked by sys_clk  {rise@0.000ns fall@5.000ns period=10.000ns})
  Path Group:             sys_clk
  Path Type:              Hold (Min at Fast Process Corner)
  Requirement:            0.000ns  (sys_clk rise@0.000ns - sys_clk rise@0.000ns)
  Data Path Delay:        0.553ns  (logic 0.141ns (25.514%)  route 0.412ns (74.486%))
  Logic Levels:           0  
  Clock Path Skew:        0.335ns (DCD - SCD - CPR)
    Destination Clock Delay (DCD):    2.077ns
    Source Clock Delay      (SCD):    1.491ns
    Clock Pessimism Removal (CPR):    0.250ns

    Location             Delay type                Incr(ns)  Path(ns)    Netlist Resource(s)
  -------------------------------------------------------------------    -------------------
                         (clock sys_clk rise edge)    0.000     0.000 r  
    E3                                                0.000     0.000 r  clk_100mhz (IN)
                         net (fo=0)                   0.000     0.000    clk_100mhz
    E3                   IBUF (Prop_ibuf_I_O)         0.250     0.250 r  clk_100mhz_IBUF_inst/O
                         net (fo=1, routed)           0.644     0.894    clk_100mhz_IBUF
    BUFGCTRL_X0Y16       BUFG (Prop_bufg_I_O)         0.026     0.920 r  clk_100mhz_IBUF_BUFG_inst/O
                         net (fo=2651, routed)        0.572     1.491    u_rx/clk_100mhz_IBUF_BUFG
    SLICE_X28Y54         FDCE                                         r  u_rx/data_reg[2]_rep/C
  -------------------------------------------------------------------    -------------------
    SLICE_X28Y54         FDCE (Prop_fdce_C_Q)         0.141     1.632 r  u_rx/data_reg[2]_rep/Q
                         net (fo=64, routed)          0.412     2.044    u_bridge/D[2]
    SLICE_X31Y44         FDRE                                         r  u_bridge/payload_reg[72][2]/D
  -------------------------------------------------------------------    -------------------

                         (clock sys_clk rise edge)    0.000     0.000 r  
    E3                                                0.000     0.000 r  clk_100mhz (IN)
                         net (fo=0)                   0.000     0.000    clk_100mhz
    E3                   IBUF (Prop_ibuf_I_O)         0.438     0.438 r  clk_100mhz_IBUF_inst/O
                         net (fo=1, routed)           0.699     1.136    clk_100mhz_IBUF
    BUFGCTRL_X0Y16       BUFG (Prop_bufg_I_O)         0.029     1.165 r  clk_100mhz_IBUF_BUFG_inst/O
                         net (fo=2651, routed)        0.912     2.077    u_bridge/clk_100mhz_IBUF_BUFG
    SLICE_X31Y44         FDRE                                         r  u_bridge/payload_reg[72][2]/C
                         clock pessimism             -0.250     1.826    
    SLICE_X31Y44         FDRE (Hold_fdre_C_D)         0.066     1.892    u_bridge/payload_reg[72][2]
  -------------------------------------------------------------------
                         required time                         -1.892    
                         arrival time                           2.044    
  -------------------------------------------------------------------
                         slack                                  0.152    

Slack (MET) :             0.154ns  (arrival time - required time)
  Source:                 u_cdc/s_rack_seen_reg/C
                            (rising edge-triggered cell FDCE clocked by sys_clk  {rise@0.000ns fall@5.000ns period=10.000ns})
  Destination:            u_cdc/s_axi_rvalid_reg/D
                            (rising edge-triggered cell FDCE clocked by sys_clk  {rise@0.000ns fall@5.000ns period=10.000ns})
  Path Group:             sys_clk
  Path Type:              Hold (Min at Fast Process Corner)
  Requirement:            0.000ns  (sys_clk rise@0.000ns - sys_clk rise@0.000ns)
  Data Path Delay:        0.288ns  (logic 0.186ns (64.537%)  route 0.102ns (35.463%))
  Logic Levels:           1  (LUT4=1)
  Clock Path Skew:        0.013ns (DCD - SCD - CPR)
    Destination Clock Delay (DCD):    2.004ns
    Source Clock Delay      (SCD):    1.489ns
    Clock Pessimism Removal (CPR):    0.501ns

    Location             Delay type                Incr(ns)  Path(ns)    Netlist Resource(s)
  -------------------------------------------------------------------    -------------------
                         (clock sys_clk rise edge)    0.000     0.000 r  
    E3                                                0.000     0.000 r  clk_100mhz (IN)
                         net (fo=0)                   0.000     0.000    clk_100mhz
    E3                   IBUF (Prop_ibuf_I_O)         0.250     0.250 r  clk_100mhz_IBUF_inst/O
                         net (fo=1, routed)           0.644     0.894    clk_100mhz_IBUF
    BUFGCTRL_X0Y16       BUFG (Prop_bufg_I_O)         0.026     0.920 r  clk_100mhz_IBUF_BUFG_inst/O
                         net (fo=2651, routed)        0.570     1.489    u_cdc/clk_100mhz_IBUF_BUFG
    SLICE_X15Y83         FDCE                                         r  u_cdc/s_rack_seen_reg/C
  -------------------------------------------------------------------    -------------------
    SLICE_X15Y83         FDCE (Prop_fdce_C_Q)         0.141     1.630 r  u_cdc/s_rack_seen_reg/Q
                         net (fo=2, routed)           0.102     1.733    u_cdc/s_rack_seen
    SLICE_X14Y83         LUT4 (Prop_lut4_I1_O)        0.045     1.778 r  u_cdc/s_axi_rvalid_i_1/O
                         net (fo=1, routed)           0.000     1.778    u_cdc/s_axi_rvalid_i_1_n_0
    SLICE_X14Y83         FDCE                                         r  u_cdc/s_axi_rvalid_reg/D
  -------------------------------------------------------------------    -------------------

                         (clock sys_clk rise edge)    0.000     0.000 r  
    E3                                                0.000     0.000 r  clk_100mhz (IN)
                         net (fo=0)                   0.000     0.000    clk_100mhz
    E3                   IBUF (Prop_ibuf_I_O)         0.438     0.438 r  clk_100mhz_IBUF_inst/O
                         net (fo=1, routed)           0.699     1.136    clk_100mhz_IBUF
    BUFGCTRL_X0Y16       BUFG (Prop_bufg_I_O)         0.029     1.165 r  clk_100mhz_IBUF_BUFG_inst/O
                         net (fo=2651, routed)        0.839     2.004    u_cdc/clk_100mhz_IBUF_BUFG
    SLICE_X14Y83         FDCE                                         r  u_cdc/s_axi_rvalid_reg/C
                         clock pessimism             -0.501     1.502    
    SLICE_X14Y83         FDCE (Hold_fdce_C_D)         0.121     1.623    u_cdc/s_axi_rvalid_reg
  -------------------------------------------------------------------
                         required time                         -1.623    
                         arrival time                           1.778    
  -------------------------------------------------------------------
                         slack                                  0.154    

Slack (MET) :             0.155ns  (arrival time - required time)
  Source:                 heartbeat_cnt_reg[10]/C
                            (rising edge-triggered cell FDCE clocked by sys_clk  {rise@0.000ns fall@5.000ns period=10.000ns})
  Destination:            heartbeat_cnt_reg[12]/D
                            (rising edge-triggered cell FDCE clocked by sys_clk  {rise@0.000ns fall@5.000ns period=10.000ns})
  Path Group:             sys_clk
  Path Type:              Hold (Min at Fast Process Corner)
  Requirement:            0.000ns  (sys_clk rise@0.000ns - sys_clk rise@0.000ns)
  Data Path Delay:        0.488ns  (logic 0.373ns (76.423%)  route 0.115ns (23.577%))
  Logic Levels:           2  (CARRY4=2)
  Clock Path Skew:        0.199ns (DCD - SCD - CPR)
    Destination Clock Delay (DCD):    2.040ns
    Source Clock Delay      (SCD):    1.590ns
    Clock Pessimism Removal (CPR):    0.250ns

    Location             Delay type                Incr(ns)  Path(ns)    Netlist Resource(s)
  -------------------------------------------------------------------    -------------------
                         (clock sys_clk rise edge)    0.000     0.000 r  
    E3                                                0.000     0.000 r  clk_100mhz (IN)
                         net (fo=0)                   0.000     0.000    clk_100mhz
    E3                   IBUF (Prop_ibuf_I_O)         0.250     0.250 r  clk_100mhz_IBUF_inst/O
                         net (fo=1, routed)           0.644     0.894    clk_100mhz_IBUF
    BUFGCTRL_X0Y16       BUFG (Prop_bufg_I_O)         0.026     0.920 r  clk_100mhz_IBUF_BUFG_inst/O
                         net (fo=2651, routed)        0.670     1.590    clk_100mhz_IBUF_BUFG
    SLICE_X6Y49          FDCE                                         r  heartbeat_cnt_reg[10]/C
  -------------------------------------------------------------------    -------------------
    SLICE_X6Y49          FDCE (Prop_fdce_C_Q)         0.164     1.754 r  heartbeat_cnt_reg[10]/Q
                         net (fo=1, routed)           0.114     1.868    heartbeat_cnt_reg_n_0_[10]
    SLICE_X6Y49          CARRY4 (Prop_carry4_S[2]_CO[3])
                                                      0.156     2.024 r  heartbeat_cnt_reg[8]_i_1/CO[3]
                         net (fo=1, routed)           0.001     2.025    heartbeat_cnt_reg[8]_i_1_n_0
    SLICE_X6Y50          CARRY4 (Prop_carry4_CI_O[0])
                                                      0.053     2.078 r  heartbeat_cnt_reg[12]_i_1/O[0]
                         net (fo=1, routed)           0.000     2.078    heartbeat_cnt_reg[12]_i_1_n_7
    SLICE_X6Y50          FDCE                                         r  heartbeat_cnt_reg[12]/D
  -------------------------------------------------------------------    -------------------

                         (clock sys_clk rise edge)    0.000     0.000 r  
    E3                                                0.000     0.000 r  clk_100mhz (IN)
                         net (fo=0)                   0.000     0.000    clk_100mhz
    E3                   IBUF (Prop_ibuf_I_O)         0.438     0.438 r  clk_100mhz_IBUF_inst/O
                         net (fo=1, routed)           0.699     1.136    clk_100mhz_IBUF
    BUFGCTRL_X0Y16       BUFG (Prop_bufg_I_O)         0.029     1.165 r  clk_100mhz_IBUF_BUFG_inst/O
                         net (fo=2651, routed)        0.875     2.040    clk_100mhz_IBUF_BUFG
    SLICE_X6Y50          FDCE                                         r  heartbeat_cnt_reg[12]/C
                         clock pessimism             -0.250     1.789    
    SLICE_X6Y50          FDCE (Hold_fdce_C_D)         0.134     1.923    heartbeat_cnt_reg[12]
  -------------------------------------------------------------------
                         required time                         -1.923    
                         arrival time                           2.078    
  -------------------------------------------------------------------
                         slack                                  0.155    

Slack (MET) :             0.160ns  (arrival time - required time)
  Source:                 u_cdc/s_rack_sync_reg[0]/C
                            (rising edge-triggered cell FDCE clocked by sys_clk  {rise@0.000ns fall@5.000ns period=10.000ns})
  Destination:            u_cdc/s_rack_sync_reg[1]/D
                            (rising edge-triggered cell FDCE clocked by sys_clk  {rise@0.000ns fall@5.000ns period=10.000ns})
  Path Group:             sys_clk
  Path Type:              Hold (Min at Fast Process Corner)
  Requirement:            0.000ns  (sys_clk rise@0.000ns - sys_clk rise@0.000ns)
  Data Path Delay:        0.220ns  (logic 0.164ns (74.580%)  route 0.056ns (25.420%))
  Logic Levels:           0  
  Clock Path Skew:        0.000ns (DCD - SCD - CPR)
    Destination Clock Delay (DCD):    2.006ns
    Source Clock Delay      (SCD):    1.490ns
    Clock Pessimism Removal (CPR):    0.515ns

    Location             Delay type                Incr(ns)  Path(ns)    Netlist Resource(s)
  -------------------------------------------------------------------    -------------------
                         (clock sys_clk rise edge)    0.000     0.000 r  
    E3                                                0.000     0.000 r  clk_100mhz (IN)
                         net (fo=0)                   0.000     0.000    clk_100mhz
    E3                   IBUF (Prop_ibuf_I_O)         0.250     0.250 r  clk_100mhz_IBUF_inst/O
                         net (fo=1, routed)           0.644     0.894    clk_100mhz_IBUF
    BUFGCTRL_X0Y16       BUFG (Prop_bufg_I_O)         0.026     0.920 r  clk_100mhz_IBUF_BUFG_inst/O
                         net (fo=2651, routed)        0.571     1.490    u_cdc/clk_100mhz_IBUF_BUFG
    SLICE_X14Y85         FDCE                                         r  u_cdc/s_rack_sync_reg[0]/C
  -------------------------------------------------------------------    -------------------
    SLICE_X14Y85         FDCE (Prop_fdce_C_Q)         0.164     1.654 r  u_cdc/s_rack_sync_reg[0]/Q
                         net (fo=1, routed)           0.056     1.710    u_cdc/s_rack_sync[0]
    SLICE_X14Y85         FDCE                                         r  u_cdc/s_rack_sync_reg[1]/D
  -------------------------------------------------------------------    -------------------

                         (clock sys_clk rise edge)    0.000     0.000 r  
    E3                                                0.000     0.000 r  clk_100mhz (IN)
                         net (fo=0)                   0.000     0.000    clk_100mhz
    E3                   IBUF (Prop_ibuf_I_O)         0.438     0.438 r  clk_100mhz_IBUF_inst/O
                         net (fo=1, routed)           0.699     1.136    clk_100mhz_IBUF
    BUFGCTRL_X0Y16       BUFG (Prop_bufg_I_O)         0.029     1.165 r  clk_100mhz_IBUF_BUFG_inst/O
                         net (fo=2651, routed)        0.841     2.006    u_cdc/clk_100mhz_IBUF_BUFG
    SLICE_X14Y85         FDCE                                         r  u_cdc/s_rack_sync_reg[1]/C
                         clock pessimism             -0.515     1.490    
    SLICE_X14Y85         FDCE (Hold_fdce_C_D)         0.060     1.550    u_cdc/s_rack_sync_reg[1]
  -------------------------------------------------------------------
                         required time                         -1.550    
                         arrival time                           1.710    
  -------------------------------------------------------------------
                         slack                                  0.160    

Slack (MET) :             0.160ns  (arrival time - required time)
  Source:                 u_cdc/s_wack_sync_reg[0]/C
                            (rising edge-triggered cell FDCE clocked by sys_clk  {rise@0.000ns fall@5.000ns period=10.000ns})
  Destination:            u_cdc/s_wack_sync_reg[1]/D
                            (rising edge-triggered cell FDCE clocked by sys_clk  {rise@0.000ns fall@5.000ns period=10.000ns})
  Path Group:             sys_clk
  Path Type:              Hold (Min at Fast Process Corner)
  Requirement:            0.000ns  (sys_clk rise@0.000ns - sys_clk rise@0.000ns)
  Data Path Delay:        0.220ns  (logic 0.164ns (74.580%)  route 0.056ns (25.420%))
  Logic Levels:           0  
  Clock Path Skew:        0.000ns (DCD - SCD - CPR)
    Destination Clock Delay (DCD):    2.001ns
    Source Clock Delay      (SCD):    1.485ns
    Clock Pessimism Removal (CPR):    0.515ns

    Location             Delay type                Incr(ns)  Path(ns)    Netlist Resource(s)
  -------------------------------------------------------------------    -------------------
                         (clock sys_clk rise edge)    0.000     0.000 r  
    E3                                                0.000     0.000 r  clk_100mhz (IN)
                         net (fo=0)                   0.000     0.000    clk_100mhz
    E3                   IBUF (Prop_ibuf_I_O)         0.250     0.250 r  clk_100mhz_IBUF_inst/O
                         net (fo=1, routed)           0.644     0.894    clk_100mhz_IBUF
    BUFGCTRL_X0Y16       BUFG (Prop_bufg_I_O)         0.026     0.920 r  clk_100mhz_IBUF_BUFG_inst/O
                         net (fo=2651, routed)        0.566     1.485    u_cdc/clk_100mhz_IBUF_BUFG
    SLICE_X34Y86         FDCE                                         r  u_cdc/s_wack_sync_reg[0]/C
  -------------------------------------------------------------------    -------------------
    SLICE_X34Y86         FDCE (Prop_fdce_C_Q)         0.164     1.649 r  u_cdc/s_wack_sync_reg[0]/Q
                         net (fo=1, routed)           0.056     1.705    u_cdc/s_wack_sync[0]
    SLICE_X34Y86         FDCE                                         r  u_cdc/s_wack_sync_reg[1]/D
  -------------------------------------------------------------------    -------------------

                         (clock sys_clk rise edge)    0.000     0.000 r  
    E3                                                0.000     0.000 r  clk_100mhz (IN)
                         net (fo=0)                   0.000     0.000    clk_100mhz
    E3                   IBUF (Prop_ibuf_I_O)         0.438     0.438 r  clk_100mhz_IBUF_inst/O
                         net (fo=1, routed)           0.699     1.136    clk_100mhz_IBUF
    BUFGCTRL_X0Y16       BUFG (Prop_bufg_I_O)         0.029     1.165 r  clk_100mhz_IBUF_BUFG_inst/O
                         net (fo=2651, routed)        0.836     2.001    u_cdc/clk_100mhz_IBUF_BUFG
    SLICE_X34Y86         FDCE                                         r  u_cdc/s_wack_sync_reg[1]/C
                         clock pessimism             -0.515     1.485    
    SLICE_X34Y86         FDCE (Hold_fdce_C_D)         0.060     1.545    u_cdc/s_wack_sync_reg[1]
  -------------------------------------------------------------------
                         required time                         -1.545    
                         arrival time                           1.705    
  -------------------------------------------------------------------
                         slack                                  0.160    

Slack (MET) :             0.166ns  (arrival time - required time)
  Source:                 u_rx/data_reg[2]_rep/C
                            (rising edge-triggered cell FDCE clocked by sys_clk  {rise@0.000ns fall@5.000ns period=10.000ns})
  Destination:            u_bridge/payload_reg[69][2]/D
                            (rising edge-triggered cell FDRE clocked by sys_clk  {rise@0.000ns fall@5.000ns period=10.000ns})
  Path Group:             sys_clk
  Path Type:              Hold (Min at Fast Process Corner)
  Requirement:            0.000ns  (sys_clk rise@0.000ns - sys_clk rise@0.000ns)
  Data Path Delay:        0.553ns  (logic 0.141ns (25.514%)  route 0.412ns (74.486%))
  Logic Levels:           0  
  Clock Path Skew:        0.335ns (DCD - SCD - CPR)
    Destination Clock Delay (DCD):    2.077ns
    Source Clock Delay      (SCD):    1.491ns
    Clock Pessimism Removal (CPR):    0.250ns

    Location             Delay type                Incr(ns)  Path(ns)    Netlist Resource(s)
  -------------------------------------------------------------------    -------------------
                         (clock sys_clk rise edge)    0.000     0.000 r  
    E3                                                0.000     0.000 r  clk_100mhz (IN)
                         net (fo=0)                   0.000     0.000    clk_100mhz
    E3                   IBUF (Prop_ibuf_I_O)         0.250     0.250 r  clk_100mhz_IBUF_inst/O
                         net (fo=1, routed)           0.644     0.894    clk_100mhz_IBUF
    BUFGCTRL_X0Y16       BUFG (Prop_bufg_I_O)         0.026     0.920 r  clk_100mhz_IBUF_BUFG_inst/O
                         net (fo=2651, routed)        0.572     1.491    u_rx/clk_100mhz_IBUF_BUFG
    SLICE_X28Y54         FDCE                                         r  u_rx/data_reg[2]_rep/C
  -------------------------------------------------------------------    -------------------
    SLICE_X28Y54         FDCE (Prop_fdce_C_Q)         0.141     1.632 r  u_rx/data_reg[2]_rep/Q
                         net (fo=64, routed)          0.412     2.044    u_bridge/D[2]
    SLICE_X30Y44         FDRE                                         r  u_bridge/payload_reg[69][2]/D
  -------------------------------------------------------------------    -------------------

                         (clock sys_clk rise edge)    0.000     0.000 r  
    E3                                                0.000     0.000 r  clk_100mhz (IN)
                         net (fo=0)                   0.000     0.000    clk_100mhz
    E3                   IBUF (Prop_ibuf_I_O)         0.438     0.438 r  clk_100mhz_IBUF_inst/O
                         net (fo=1, routed)           0.699     1.136    clk_100mhz_IBUF
    BUFGCTRL_X0Y16       BUFG (Prop_bufg_I_O)         0.029     1.165 r  clk_100mhz_IBUF_BUFG_inst/O
                         net (fo=2651, routed)        0.912     2.077    u_bridge/clk_100mhz_IBUF_BUFG
    SLICE_X30Y44         FDRE                                         r  u_bridge/payload_reg[69][2]/C
                         clock pessimism             -0.250     1.826    
    SLICE_X30Y44         FDRE (Hold_fdre_C_D)         0.052     1.878    u_bridge/payload_reg[69][2]
  -------------------------------------------------------------------
                         required time                         -1.878    
                         arrival time                           2.044    
  -------------------------------------------------------------------
                         slack                                  0.166    

Slack (MET) :             0.166ns  (arrival time - required time)
  Source:                 u_tx/FSM_sequential_state_reg[0]/C
                            (rising edge-triggered cell FDCE clocked by sys_clk  {rise@0.000ns fall@5.000ns period=10.000ns})
  Destination:            u_tx/clk_cnt_reg[0]/D
                            (rising edge-triggered cell FDCE clocked by sys_clk  {rise@0.000ns fall@5.000ns period=10.000ns})
  Path Group:             sys_clk
  Path Type:              Hold (Min at Fast Process Corner)
  Requirement:            0.000ns  (sys_clk rise@0.000ns - sys_clk rise@0.000ns)
  Data Path Delay:        0.300ns  (logic 0.186ns (61.972%)  route 0.114ns (38.028%))
  Logic Levels:           1  (LUT3=1)
  Clock Path Skew:        0.013ns (DCD - SCD - CPR)
    Destination Clock Delay (DCD):    2.005ns
    Source Clock Delay      (SCD):    1.490ns
    Clock Pessimism Removal (CPR):    0.501ns

    Location             Delay type                Incr(ns)  Path(ns)    Netlist Resource(s)
  -------------------------------------------------------------------    -------------------
                         (clock sys_clk rise edge)    0.000     0.000 r  
    E3                                                0.000     0.000 r  clk_100mhz (IN)
                         net (fo=0)                   0.000     0.000    clk_100mhz
    E3                   IBUF (Prop_ibuf_I_O)         0.250     0.250 r  clk_100mhz_IBUF_inst/O
                         net (fo=1, routed)           0.644     0.894    clk_100mhz_IBUF
    BUFGCTRL_X0Y16       BUFG (Prop_bufg_I_O)         0.026     0.920 r  clk_100mhz_IBUF_BUFG_inst/O
                         net (fo=2651, routed)        0.571     1.490    u_tx/clk_100mhz_IBUF_BUFG
    SLICE_X9Y84          FDCE                                         r  u_tx/FSM_sequential_state_reg[0]/C
  -------------------------------------------------------------------    -------------------
    SLICE_X9Y84          FDCE (Prop_fdce_C_Q)         0.141     1.631 r  u_tx/FSM_sequential_state_reg[0]/Q
                         net (fo=11, routed)          0.114     1.745    u_tx/state__0[0]
    SLICE_X8Y84          LUT3 (Prop_lut3_I1_O)        0.045     1.790 r  u_tx/clk_cnt[0]_i_1/O
                         net (fo=1, routed)           0.000     1.790    u_tx/clk_cnt[0]
    SLICE_X8Y84          FDCE                                         r  u_tx/clk_cnt_reg[0]/D
  -------------------------------------------------------------------    -------------------

                         (clock sys_clk rise edge)    0.000     0.000 r  
    E3                                                0.000     0.000 r  clk_100mhz (IN)
                         net (fo=0)                   0.000     0.000    clk_100mhz
    E3                   IBUF (Prop_ibuf_I_O)         0.438     0.438 r  clk_100mhz_IBUF_inst/O
                         net (fo=1, routed)           0.699     1.136    clk_100mhz_IBUF
    BUFGCTRL_X0Y16       BUFG (Prop_bufg_I_O)         0.029     1.165 r  clk_100mhz_IBUF_BUFG_inst/O
                         net (fo=2651, routed)        0.840     2.005    u_tx/clk_100mhz_IBUF_BUFG
    SLICE_X8Y84          FDCE                                         r  u_tx/clk_cnt_reg[0]/C
                         clock pessimism             -0.501     1.503    
    SLICE_X8Y84          FDCE (Hold_fdce_C_D)         0.121     1.624    u_tx/clk_cnt_reg[0]
  -------------------------------------------------------------------
                         required time                         -1.624    
                         arrival time                           1.790    
  -------------------------------------------------------------------
                         slack                                  0.166    

Slack (MET) :             0.168ns  (arrival time - required time)
  Source:                 heartbeat_cnt_reg[10]/C
                            (rising edge-triggered cell FDCE clocked by sys_clk  {rise@0.000ns fall@5.000ns period=10.000ns})
  Destination:            heartbeat_cnt_reg[14]/D
                            (rising edge-triggered cell FDCE clocked by sys_clk  {rise@0.000ns fall@5.000ns period=10.000ns})
  Path Group:             sys_clk
  Path Type:              Hold (Min at Fast Process Corner)
  Requirement:            0.000ns  (sys_clk rise@0.000ns - sys_clk rise@0.000ns)
  Data Path Delay:        0.501ns  (logic 0.386ns (77.035%)  route 0.115ns (22.965%))
  Logic Levels:           2  (CARRY4=2)
  Clock Path Skew:        0.199ns (DCD - SCD - CPR)
    Destination Clock Delay (DCD):    2.040ns
    Source Clock Delay      (SCD):    1.590ns
    Clock Pessimism Removal (CPR):    0.250ns

    Location             Delay type                Incr(ns)  Path(ns)    Netlist Resource(s)
  -------------------------------------------------------------------    -------------------
                         (clock sys_clk rise edge)    0.000     0.000 r  
    E3                                                0.000     0.000 r  clk_100mhz (IN)
                         net (fo=0)                   0.000     0.000    clk_100mhz
    E3                   IBUF (Prop_ibuf_I_O)         0.250     0.250 r  clk_100mhz_IBUF_inst/O
                         net (fo=1, routed)           0.644     0.894    clk_100mhz_IBUF
    BUFGCTRL_X0Y16       BUFG (Prop_bufg_I_O)         0.026     0.920 r  clk_100mhz_IBUF_BUFG_inst/O
                         net (fo=2651, routed)        0.670     1.590    clk_100mhz_IBUF_BUFG
    SLICE_X6Y49          FDCE                                         r  heartbeat_cnt_reg[10]/C
  -------------------------------------------------------------------    -------------------
    SLICE_X6Y49          FDCE (Prop_fdce_C_Q)         0.164     1.754 r  heartbeat_cnt_reg[10]/Q
                         net (fo=1, routed)           0.114     1.868    heartbeat_cnt_reg_n_0_[10]
    SLICE_X6Y49          CARRY4 (Prop_carry4_S[2]_CO[3])
                                                      0.156     2.024 r  heartbeat_cnt_reg[8]_i_1/CO[3]
                         net (fo=1, routed)           0.001     2.025    heartbeat_cnt_reg[8]_i_1_n_0
    SLICE_X6Y50          CARRY4 (Prop_carry4_CI_O[2])
                                                      0.066     2.091 r  heartbeat_cnt_reg[12]_i_1/O[2]
                         net (fo=1, routed)           0.000     2.091    heartbeat_cnt_reg[12]_i_1_n_5
    SLICE_X6Y50          FDCE                                         r  heartbeat_cnt_reg[14]/D
  -------------------------------------------------------------------    -------------------

                         (clock sys_clk rise edge)    0.000     0.000 r  
    E3                                                0.000     0.000 r  clk_100mhz (IN)
                         net (fo=0)                   0.000     0.000    clk_100mhz
    E3                   IBUF (Prop_ibuf_I_O)         0.438     0.438 r  clk_100mhz_IBUF_inst/O
                         net (fo=1, routed)           0.699     1.136    clk_100mhz_IBUF
    BUFGCTRL_X0Y16       BUFG (Prop_bufg_I_O)         0.029     1.165 r  clk_100mhz_IBUF_BUFG_inst/O
                         net (fo=2651, routed)        0.875     2.040    clk_100mhz_IBUF_BUFG
    SLICE_X6Y50          FDCE                                         r  heartbeat_cnt_reg[14]/C
                         clock pessimism             -0.250     1.789    
    SLICE_X6Y50          FDCE (Hold_fdce_C_D)         0.134     1.923    heartbeat_cnt_reg[14]
  -------------------------------------------------------------------
                         required time                         -1.923    
                         arrival time                           2.091    
  -------------------------------------------------------------------
                         slack                                  0.168    

Slack (MET) :             0.170ns  (arrival time - required time)
  Source:                 u_bridge/tx_byte_reg[5]/C
                            (rising edge-triggered cell FDCE clocked by sys_clk  {rise@0.000ns fall@5.000ns period=10.000ns})
  Destination:            u_tx/shift_reg_reg[5]/D
                            (rising edge-triggered cell FDCE clocked by sys_clk  {rise@0.000ns fall@5.000ns period=10.000ns})
  Path Group:             sys_clk
  Path Type:              Hold (Min at Fast Process Corner)
  Requirement:            0.000ns  (sys_clk rise@0.000ns - sys_clk rise@0.000ns)
  Data Path Delay:        0.257ns  (logic 0.141ns (54.812%)  route 0.116ns (45.188%))
  Logic Levels:           0  
  Clock Path Skew:        0.016ns (DCD - SCD - CPR)
    Destination Clock Delay (DCD):    2.004ns
    Source Clock Delay      (SCD):    1.487ns
    Clock Pessimism Removal (CPR):    0.500ns

    Location             Delay type                Incr(ns)  Path(ns)    Netlist Resource(s)
  -------------------------------------------------------------------    -------------------
                         (clock sys_clk rise edge)    0.000     0.000 r  
    E3                                                0.000     0.000 r  clk_100mhz (IN)
                         net (fo=0)                   0.000     0.000    clk_100mhz
    E3                   IBUF (Prop_ibuf_I_O)         0.250     0.250 r  clk_100mhz_IBUF_inst/O
                         net (fo=1, routed)           0.644     0.894    clk_100mhz_IBUF
    BUFGCTRL_X0Y16       BUFG (Prop_bufg_I_O)         0.026     0.920 r  clk_100mhz_IBUF_BUFG_inst/O
                         net (fo=2651, routed)        0.568     1.487    u_bridge/clk_100mhz_IBUF_BUFG
    SLICE_X9Y81          FDCE                                         r  u_bridge/tx_byte_reg[5]/C
  -------------------------------------------------------------------    -------------------
    SLICE_X9Y81          FDCE (Prop_fdce_C_Q)         0.141     1.628 r  u_bridge/tx_byte_reg[5]/Q
                         net (fo=1, routed)           0.116     1.745    u_tx/D[5]
    SLICE_X9Y83          FDCE                                         r  u_tx/shift_reg_reg[5]/D
  -------------------------------------------------------------------    -------------------

                         (clock sys_clk rise edge)    0.000     0.000 r  
    E3                                                0.000     0.000 r  clk_100mhz (IN)
                         net (fo=0)                   0.000     0.000    clk_100mhz
    E3                   IBUF (Prop_ibuf_I_O)         0.438     0.438 r  clk_100mhz_IBUF_inst/O
                         net (fo=1, routed)           0.699     1.136    clk_100mhz_IBUF
    BUFGCTRL_X0Y16       BUFG (Prop_bufg_I_O)         0.029     1.165 r  clk_100mhz_IBUF_BUFG_inst/O
                         net (fo=2651, routed)        0.839     2.004    u_tx/clk_100mhz_IBUF_BUFG
    SLICE_X9Y83          FDCE                                         r  u_tx/shift_reg_reg[5]/C
                         clock pessimism             -0.500     1.503    
    SLICE_X9Y83          FDCE (Hold_fdce_C_D)         0.071     1.574    u_tx/shift_reg_reg[5]
  -------------------------------------------------------------------
                         required time                         -1.574    
                         arrival time                           1.745    
  -------------------------------------------------------------------
                         slack                                  0.170    

Slack (MET) :             0.170ns  (arrival time - required time)
  Source:                 u_tx/clk_cnt_reg[1]/C
                            (rising edge-triggered cell FDCE clocked by sys_clk  {rise@0.000ns fall@5.000ns period=10.000ns})
  Destination:            u_tx/clk_cnt_reg[3]/D
                            (rising edge-triggered cell FDCE clocked by sys_clk  {rise@0.000ns fall@5.000ns period=10.000ns})
  Path Group:             sys_clk
  Path Type:              Hold (Min at Fast Process Corner)
  Requirement:            0.000ns  (sys_clk rise@0.000ns - sys_clk rise@0.000ns)
  Data Path Delay:        0.314ns  (logic 0.189ns (60.106%)  route 0.125ns (39.894%))
  Logic Levels:           1  (LUT5=1)
  Clock Path Skew:        0.013ns (DCD - SCD - CPR)
    Destination Clock Delay (DCD):    2.006ns
    Source Clock Delay      (SCD):    1.490ns
    Clock Pessimism Removal (CPR):    0.502ns

    Location             Delay type                Incr(ns)  Path(ns)    Netlist Resource(s)
  -------------------------------------------------------------------    -------------------
                         (clock sys_clk rise edge)    0.000     0.000 r  
    E3                                                0.000     0.000 r  clk_100mhz (IN)
                         net (fo=0)                   0.000     0.000    clk_100mhz
    E3                   IBUF (Prop_ibuf_I_O)         0.250     0.250 r  clk_100mhz_IBUF_inst/O
                         net (fo=1, routed)           0.644     0.894    clk_100mhz_IBUF
    BUFGCTRL_X0Y16       BUFG (Prop_bufg_I_O)         0.026     0.920 r  clk_100mhz_IBUF_BUFG_inst/O
                         net (fo=2651, routed)        0.571     1.490    u_tx/clk_100mhz_IBUF_BUFG
    SLICE_X9Y85          FDCE                                         r  u_tx/clk_cnt_reg[1]/C
  -------------------------------------------------------------------    -------------------
    SLICE_X9Y85          FDCE (Prop_fdce_C_Q)         0.141     1.631 r  u_tx/clk_cnt_reg[1]/Q
                         net (fo=8, routed)           0.125     1.757    u_tx/clk_cnt_reg_n_0_[1]
    SLICE_X8Y85          LUT5 (Prop_lut5_I3_O)        0.048     1.805 r  u_tx/clk_cnt[3]_i_1/O
                         net (fo=1, routed)           0.000     1.805    u_tx/clk_cnt[3]
    SLICE_X8Y85          FDCE                                         r  u_tx/clk_cnt_reg[3]/D
  -------------------------------------------------------------------    -------------------

                         (clock sys_clk rise edge)    0.000     0.000 r  
    E3                                                0.000     0.000 r  clk_100mhz (IN)
                         net (fo=0)                   0.000     0.000    clk_100mhz
    E3                   IBUF (Prop_ibuf_I_O)         0.438     0.438 r  clk_100mhz_IBUF_inst/O
                         net (fo=1, routed)           0.699     1.136    clk_100mhz_IBUF
    BUFGCTRL_X0Y16       BUFG (Prop_bufg_I_O)         0.029     1.165 r  clk_100mhz_IBUF_BUFG_inst/O
                         net (fo=2651, routed)        0.841     2.006    u_tx/clk_100mhz_IBUF_BUFG
    SLICE_X8Y85          FDCE                                         r  u_tx/clk_cnt_reg[3]/C
                         clock pessimism             -0.502     1.503    
    SLICE_X8Y85          FDCE (Hold_fdce_C_D)         0.131     1.634    u_tx/clk_cnt_reg[3]
  -------------------------------------------------------------------
                         required time                         -1.634    
                         arrival time                           1.805    
  -------------------------------------------------------------------
                         slack                                  0.170    





Pulse Width Checks
--------------------------------------------------------------------------------------
Clock Name:         sys_clk
Waveform(ns):       { 0.000 5.000 }
Period(ns):         10.000
Sources:            { clk_100mhz }

Check Type        Corner  Lib Pin            Reference Pin  Required(ns)  Actual(ns)  Slack(ns)  Location         Pin
Min Period        n/a     BUFG/I             n/a            2.155         10.000      7.845      BUFGCTRL_X0Y16   clk_100mhz_IBUF_BUFG_inst/I
Min Period        n/a     MMCME2_ADV/CLKIN1  n/a            1.249         10.000      8.751      MMCME2_ADV_X0Y0  u_mmcm/CLKIN1
Min Period        n/a     FDCE/C             n/a            1.000         10.000      9.000      SLICE_X6Y47      heartbeat_cnt_reg[0]/C
Min Period        n/a     FDCE/C             n/a            1.000         10.000      9.000      SLICE_X6Y49      heartbeat_cnt_reg[10]/C
Min Period        n/a     FDCE/C             n/a            1.000         10.000      9.000      SLICE_X6Y49      heartbeat_cnt_reg[11]/C
Min Period        n/a     FDCE/C             n/a            1.000         10.000      9.000      SLICE_X6Y50      heartbeat_cnt_reg[12]/C
Min Period        n/a     FDCE/C             n/a            1.000         10.000      9.000      SLICE_X6Y50      heartbeat_cnt_reg[13]/C
Min Period        n/a     FDCE/C             n/a            1.000         10.000      9.000      SLICE_X6Y50      heartbeat_cnt_reg[14]/C
Min Period        n/a     FDCE/C             n/a            1.000         10.000      9.000      SLICE_X6Y50      heartbeat_cnt_reg[15]/C
Min Period        n/a     FDCE/C             n/a            1.000         10.000      9.000      SLICE_X6Y51      heartbeat_cnt_reg[16]/C
Max Period        n/a     MMCME2_ADV/CLKIN1  n/a            100.000       10.000      90.000     MMCME2_ADV_X0Y0  u_mmcm/CLKIN1
Low Pulse Width   Slow    MMCME2_ADV/CLKIN1  n/a            2.000         5.000       3.000      MMCME2_ADV_X0Y0  u_mmcm/CLKIN1
Low Pulse Width   Fast    MMCME2_ADV/CLKIN1  n/a            2.000         5.000       3.000      MMCME2_ADV_X0Y0  u_mmcm/CLKIN1
Low Pulse Width   Slow    FDCE/C             n/a            0.500         5.000       4.500      SLICE_X6Y47      heartbeat_cnt_reg[0]/C
Low Pulse Width   Fast    FDCE/C             n/a            0.500         5.000       4.500      SLICE_X6Y47      heartbeat_cnt_reg[0]/C
Low Pulse Width   Slow    FDCE/C             n/a            0.500         5.000       4.500      SLICE_X6Y49      heartbeat_cnt_reg[10]/C
Low Pulse Width   Fast    FDCE/C             n/a            0.500         5.000       4.500      SLICE_X6Y49      heartbeat_cnt_reg[10]/C
Low Pulse Width   Slow    FDCE/C             n/a            0.500         5.000       4.500      SLICE_X6Y49      heartbeat_cnt_reg[11]/C
Low Pulse Width   Fast    FDCE/C             n/a            0.500         5.000       4.500      SLICE_X6Y49      heartbeat_cnt_reg[11]/C
Low Pulse Width   Slow    FDCE/C             n/a            0.500         5.000       4.500      SLICE_X6Y50      heartbeat_cnt_reg[12]/C
Low Pulse Width   Fast    FDCE/C             n/a            0.500         5.000       4.500      SLICE_X6Y50      heartbeat_cnt_reg[12]/C
High Pulse Width  Slow    MMCME2_ADV/CLKIN1  n/a            2.000         5.000       3.000      MMCME2_ADV_X0Y0  u_mmcm/CLKIN1
High Pulse Width  Fast    MMCME2_ADV/CLKIN1  n/a            2.000         5.000       3.000      MMCME2_ADV_X0Y0  u_mmcm/CLKIN1
High Pulse Width  Slow    FDCE/C             n/a            0.500         5.000       4.500      SLICE_X6Y47      heartbeat_cnt_reg[0]/C
High Pulse Width  Fast    FDCE/C             n/a            0.500         5.000       4.500      SLICE_X6Y47      heartbeat_cnt_reg[0]/C
High Pulse Width  Slow    FDCE/C             n/a            0.500         5.000       4.500      SLICE_X6Y49      heartbeat_cnt_reg[10]/C
High Pulse Width  Fast    FDCE/C             n/a            0.500         5.000       4.500      SLICE_X6Y49      heartbeat_cnt_reg[10]/C
High Pulse Width  Slow    FDCE/C             n/a            0.500         5.000       4.500      SLICE_X6Y49      heartbeat_cnt_reg[11]/C
High Pulse Width  Fast    FDCE/C             n/a            0.500         5.000       4.500      SLICE_X6Y49      heartbeat_cnt_reg[11]/C
High Pulse Width  Slow    FDCE/C             n/a            0.500         5.000       4.500      SLICE_X6Y50      heartbeat_cnt_reg[12]/C
High Pulse Width  Fast    FDCE/C             n/a            0.500         5.000       4.500      SLICE_X6Y50      heartbeat_cnt_reg[12]/C



---------------------------------------------------------------------------------------------------
From Clock:  clk_core_mmcm
  To Clock:  clk_core_mmcm

Setup :            0  Failing Endpoints,  Worst Slack        0.093ns,  Total Violation        0.000ns
Hold  :            0  Failing Endpoints,  Worst Slack        0.036ns,  Total Violation        0.000ns
PW    :            0  Failing Endpoints,  Worst Slack        1.177ns,  Total Violation        0.000ns
---------------------------------------------------------------------------------------------------


Max Delay Paths
--------------------------------------------------------------------------------------
Slack (MET) :             0.093ns  (required time - arrival time)
  Source:                 u_mlkem/u_ctrl/u_read_fifo/rd_ptr_reg[2]/C
                            (rising edge-triggered cell FDRE clocked by clk_core_mmcm  {rise@0.000ns fall@2.427ns period=4.854ns})
  Destination:            u_mlkem/u_sponge/x_data_reg[40]/D
                            (rising edge-triggered cell FDRE clocked by clk_core_mmcm  {rise@0.000ns fall@2.427ns period=4.854ns})
  Path Group:             clk_core_mmcm
  Path Type:              Setup (Max at Slow Process Corner)
  Requirement:            4.854ns  (clk_core_mmcm rise@4.854ns - clk_core_mmcm rise@0.000ns)
  Data Path Delay:        4.643ns  (logic 1.188ns (25.585%)  route 3.455ns (74.415%))
  Logic Levels:           4  (LUT3=1 LUT5=2 RAMD32=1)
  Clock Path Skew:        -0.041ns (DCD - SCD + CPR)
    Destination Clock Delay (DCD):    8.701ns = ( 13.555 - 4.854 ) 
    Source Clock Delay      (SCD):    9.232ns
    Clock Pessimism Removal (CPR):    0.490ns
  Clock Uncertainty:      0.109ns  ((TSJ^2 + DJ^2)^1/2) / 2 + PE
    Total System Jitter     (TSJ):    0.071ns
    Discrete Jitter          (DJ):    0.206ns
    Phase Error              (PE):    0.000ns

    Location             Delay type                Incr(ns)  Path(ns)    Netlist Resource(s)
  -------------------------------------------------------------------    -------------------
                         (clock clk_core_mmcm rise edge)
                                                      0.000     0.000 r  
    E3                                                0.000     0.000 r  clk_100mhz (IN)
                         net (fo=0)                   0.000     0.000    clk_100mhz
    E3                   IBUF (Prop_ibuf_I_O)         1.482     1.482 r  clk_100mhz_IBUF_inst/O
                         net (fo=1, routed)           2.025     3.506    clk_100mhz_IBUF
    BUFGCTRL_X0Y16       BUFG (Prop_bufg_I_O)         0.096     3.602 r  clk_100mhz_IBUF_BUFG_inst/O
                         net (fo=2651, routed)        1.809     5.412    clk_100mhz_IBUF_BUFG
    MMCME2_ADV_X0Y0      MMCME2_ADV (Prop_mmcme2_adv_CLKIN1_CLKOUT0)
                                                      0.088     5.500 r  u_mmcm/CLKOUT0
                         net (fo=1, routed)           2.018     7.518    clk_core_mmcm
    BUFGCTRL_X0Y0        BUFG (Prop_bufg_I_O)         0.096     7.614 r  u_bufg_core/O
                         net (fo=4995, routed)        1.618     9.232    u_mlkem/u_ctrl/u_read_fifo/clk_core
    SLICE_X45Y111        FDRE                                         r  u_mlkem/u_ctrl/u_read_fifo/rd_ptr_reg[2]/C
  -------------------------------------------------------------------    -------------------
    SLICE_X45Y111        FDRE (Prop_fdre_C_Q)         0.456     9.688 r  u_mlkem/u_ctrl/u_read_fifo/rd_ptr_reg[2]/Q
                         net (fo=34, routed)          1.375    11.063    u_mlkem/u_read_fifo/odd_mem_reg_0_3_12_17/ADDRC1
    SLICE_X46Y108        RAMD32 (Prop_ramd32_RADR1_O)
                                                      0.153    11.216 r  u_mlkem/u_read_fifo/odd_mem_reg_0_3_12_17/RAMC/O
                         net (fo=4, routed)           0.751    11.967    u_mlkem/u_sponge/odd_head[2]
    SLICE_X48Y112        LUT3 (Prop_lut3_I0_O)        0.331    12.298 r  u_mlkem/u_sponge/buf_din[16]_i_2/O
                         net (fo=6, routed)           0.594    12.892    u_mlkem/u_ctrl/u_read_fifo/x_data_reg[40]
    SLICE_X49Y110        LUT5 (Prop_lut5_I1_O)        0.124    13.016 r  u_mlkem/u_ctrl/u_read_fifo/x_data[40]_i_2/O
                         net (fo=2, routed)           0.736    13.751    u_mlkem/u_sponge/x_data_reg[40]_0
    SLICE_X49Y108        LUT5 (Prop_lut5_I3_O)        0.124    13.875 r  u_mlkem/u_sponge/x_data[40]_i_1/O
                         net (fo=1, routed)           0.000    13.875    u_mlkem/u_sponge/x_data[40]_i_1_n_0
    SLICE_X49Y108        FDRE                                         r  u_mlkem/u_sponge/x_data_reg[40]/D
  -------------------------------------------------------------------    -------------------

                         (clock clk_core_mmcm rise edge)
                                                      4.854     4.854 r  
    E3                                                0.000     4.854 r  clk_100mhz (IN)
                         net (fo=0)                   0.000     4.854    clk_100mhz
    E3                   IBUF (Prop_ibuf_I_O)         1.411     6.266 r  clk_100mhz_IBUF_inst/O
                         net (fo=1, routed)           1.920     8.186    clk_100mhz_IBUF
    BUFGCTRL_X0Y16       BUFG (Prop_bufg_I_O)         0.091     8.277 r  clk_100mhz_IBUF_BUFG_inst/O
                         net (fo=2651, routed)        1.683     9.960    clk_100mhz_IBUF_BUFG
    MMCME2_ADV_X0Y0      MMCME2_ADV (Prop_mmcme2_adv_CLKIN1_CLKOUT0)
                                                      0.083    10.043 r  u_mmcm/CLKOUT0
                         net (fo=1, routed)           1.923    11.966    clk_core_mmcm
    BUFGCTRL_X0Y0        BUFG (Prop_bufg_I_O)         0.091    12.057 r  u_bufg_core/O
                         net (fo=4995, routed)        1.499    13.555    u_mlkem/u_sponge/clk_core
    SLICE_X49Y108        FDRE                                         r  u_mlkem/u_sponge/x_data_reg[40]/C
                         clock pessimism              0.490    14.045    
                         clock uncertainty           -0.109    13.936    
    SLICE_X49Y108        FDRE (Setup_fdre_C_D)        0.032    13.968    u_mlkem/u_sponge/x_data_reg[40]
  -------------------------------------------------------------------
                         required time                         13.968    
                         arrival time                         -13.875    
  -------------------------------------------------------------------
                         slack                                  0.093    

Slack (MET) :             0.104ns  (required time - arrival time)
  Source:                 u_mlkem/u_ctrl/u_read_fifo/rd_ptr_reg[2]/C
                            (rising edge-triggered cell FDRE clocked by clk_core_mmcm  {rise@0.000ns fall@2.427ns period=4.854ns})
  Destination:            u_mlkem/u_sponge/x_data_reg[32]/D
                            (rising edge-triggered cell FDRE clocked by clk_core_mmcm  {rise@0.000ns fall@2.427ns period=4.854ns})
  Path Group:             clk_core_mmcm
  Path Type:              Setup (Max at Slow Process Corner)
  Requirement:            4.854ns  (clk_core_mmcm rise@4.854ns - clk_core_mmcm rise@0.000ns)
  Data Path Delay:        4.629ns  (logic 1.188ns (25.662%)  route 3.441ns (74.338%))
  Logic Levels:           4  (LUT3=1 LUT5=2 RAMD32=1)
  Clock Path Skew:        -0.041ns (DCD - SCD + CPR)
    Destination Clock Delay (DCD):    8.701ns = ( 13.555 - 4.854 ) 
    Source Clock Delay      (SCD):    9.232ns
    Clock Pessimism Removal (CPR):    0.490ns
  Clock Uncertainty:      0.109ns  ((TSJ^2 + DJ^2)^1/2) / 2 + PE
    Total System Jitter     (TSJ):    0.071ns
    Discrete Jitter          (DJ):    0.206ns
    Phase Error              (PE):    0.000ns

    Location             Delay type                Incr(ns)  Path(ns)    Netlist Resource(s)
  -------------------------------------------------------------------    -------------------
                         (clock clk_core_mmcm rise edge)
                                                      0.000     0.000 r  
    E3                                                0.000     0.000 r  clk_100mhz (IN)
                         net (fo=0)                   0.000     0.000    clk_100mhz
    E3                   IBUF (Prop_ibuf_I_O)         1.482     1.482 r  clk_100mhz_IBUF_inst/O
                         net (fo=1, routed)           2.025     3.506    clk_100mhz_IBUF
    BUFGCTRL_X0Y16       BUFG (Prop_bufg_I_O)         0.096     3.602 r  clk_100mhz_IBUF_BUFG_inst/O
                         net (fo=2651, routed)        1.809     5.412    clk_100mhz_IBUF_BUFG
    MMCME2_ADV_X0Y0      MMCME2_ADV (Prop_mmcme2_adv_CLKIN1_CLKOUT0)
                                                      0.088     5.500 r  u_mmcm/CLKOUT0
                         net (fo=1, routed)           2.018     7.518    clk_core_mmcm
    BUFGCTRL_X0Y0        BUFG (Prop_bufg_I_O)         0.096     7.614 r  u_bufg_core/O
                         net (fo=4995, routed)        1.618     9.232    u_mlkem/u_ctrl/u_read_fifo/clk_core
    SLICE_X45Y111        FDRE                                         r  u_mlkem/u_ctrl/u_read_fifo/rd_ptr_reg[2]/C
  -------------------------------------------------------------------    -------------------
    SLICE_X45Y111        FDRE (Prop_fdre_C_Q)         0.456     9.688 r  u_mlkem/u_ctrl/u_read_fifo/rd_ptr_reg[2]/Q
                         net (fo=34, routed)          1.375    11.063    u_mlkem/u_read_fifo/odd_mem_reg_0_3_12_17/ADDRC1
    SLICE_X46Y108        RAMD32 (Prop_ramd32_RADR1_O)
                                                      0.153    11.216 r  u_mlkem/u_read_fifo/odd_mem_reg_0_3_12_17/RAMC/O
                         net (fo=4, routed)           0.751    11.967    u_mlkem/u_sponge/odd_head[2]
    SLICE_X48Y112        LUT3 (Prop_lut3_I0_O)        0.331    12.298 r  u_mlkem/u_sponge/buf_din[16]_i_2/O
                         net (fo=6, routed)           0.594    12.892    u_mlkem/u_ctrl/u_read_fifo/x_data_reg[40]
    SLICE_X49Y110        LUT5 (Prop_lut5_I1_O)        0.124    13.016 r  u_mlkem/u_ctrl/u_read_fifo/x_data[40]_i_2/O
                         net (fo=2, routed)           0.722    13.738    u_mlkem/u_sponge/x_data_reg[40]_0
    SLICE_X47Y108        LUT5 (Prop_lut5_I3_O)        0.124    13.862 r  u_mlkem/u_sponge/x_data[32]_i_1/O
                         net (fo=1, routed)           0.000    13.862    u_mlkem/u_sponge/x_data[32]_i_1_n_0
    SLICE_X47Y108        FDRE                                         r  u_mlkem/u_sponge/x_data_reg[32]/D
  -------------------------------------------------------------------    -------------------

                         (clock clk_core_mmcm rise edge)
                                                      4.854     4.854 r  
    E3                                                0.000     4.854 r  clk_100mhz (IN)
                         net (fo=0)                   0.000     4.854    clk_100mhz
    E3                   IBUF (Prop_ibuf_I_O)         1.411     6.266 r  clk_100mhz_IBUF_inst/O
                         net (fo=1, routed)           1.920     8.186    clk_100mhz_IBUF
    BUFGCTRL_X0Y16       BUFG (Prop_bufg_I_O)         0.091     8.277 r  clk_100mhz_IBUF_BUFG_inst/O
                         net (fo=2651, routed)        1.683     9.960    clk_100mhz_IBUF_BUFG
    MMCME2_ADV_X0Y0      MMCME2_ADV (Prop_mmcme2_adv_CLKIN1_CLKOUT0)
                                                      0.083    10.043 r  u_mmcm/CLKOUT0
                         net (fo=1, routed)           1.923    11.966    clk_core_mmcm
    BUFGCTRL_X0Y0        BUFG (Prop_bufg_I_O)         0.091    12.057 r  u_bufg_core/O
                         net (fo=4995, routed)        1.499    13.555    u_mlkem/u_sponge/clk_core
    SLICE_X47Y108        FDRE                                         r  u_mlkem/u_sponge/x_data_reg[32]/C
                         clock pessimism              0.490    14.045    
                         clock uncertainty           -0.109    13.936    
    SLICE_X47Y108        FDRE (Setup_fdre_C_D)        0.029    13.965    u_mlkem/u_sponge/x_data_reg[32]
  -------------------------------------------------------------------
                         required time                         13.965    
                         arrival time                         -13.862    
  -------------------------------------------------------------------
                         slack                                  0.104    

Slack (MET) :             0.108ns  (required time - arrival time)
  Source:                 u_mlkem/u_ctrl/u_read_fifo/rd_ptr_reg[2]/C
                            (rising edge-triggered cell FDRE clocked by clk_core_mmcm  {rise@0.000ns fall@2.427ns period=4.854ns})
  Destination:            u_mlkem/u_sponge/x_data_reg[56]/D
                            (rising edge-triggered cell FDRE clocked by clk_core_mmcm  {rise@0.000ns fall@2.427ns period=4.854ns})
  Path Group:             clk_core_mmcm
  Path Type:              Setup (Max at Slow Process Corner)
  Requirement:            4.854ns  (clk_core_mmcm rise@4.854ns - clk_core_mmcm rise@0.000ns)
  Data Path Delay:        4.627ns  (logic 1.312ns (28.353%)  route 3.315ns (71.647%))
  Logic Levels:           5  (LUT3=1 LUT5=1 LUT6=2 RAMD32=1)
  Clock Path Skew:        -0.041ns (DCD - SCD + CPR)
    Destination Clock Delay (DCD):    8.701ns = ( 13.555 - 4.854 ) 
    Source Clock Delay      (SCD):    9.232ns
    Clock Pessimism Removal (CPR):    0.490ns
  Clock Uncertainty:      0.109ns  ((TSJ^2 + DJ^2)^1/2) / 2 + PE
    Total System Jitter     (TSJ):    0.071ns
    Discrete Jitter          (DJ):    0.206ns
    Phase Error              (PE):    0.000ns

    Location             Delay type                Incr(ns)  Path(ns)    Netlist Resource(s)
  -------------------------------------------------------------------    -------------------
                         (clock clk_core_mmcm rise edge)
                                                      0.000     0.000 r  
    E3                                                0.000     0.000 r  clk_100mhz (IN)
                         net (fo=0)                   0.000     0.000    clk_100mhz
    E3                   IBUF (Prop_ibuf_I_O)         1.482     1.482 r  clk_100mhz_IBUF_inst/O
                         net (fo=1, routed)           2.025     3.506    clk_100mhz_IBUF
    BUFGCTRL_X0Y16       BUFG (Prop_bufg_I_O)         0.096     3.602 r  clk_100mhz_IBUF_BUFG_inst/O
                         net (fo=2651, routed)        1.809     5.412    clk_100mhz_IBUF_BUFG
    MMCME2_ADV_X0Y0      MMCME2_ADV (Prop_mmcme2_adv_CLKIN1_CLKOUT0)
                                                      0.088     5.500 r  u_mmcm/CLKOUT0
                         net (fo=1, routed)           2.018     7.518    clk_core_mmcm
    BUFGCTRL_X0Y0        BUFG (Prop_bufg_I_O)         0.096     7.614 r  u_bufg_core/O
                         net (fo=4995, routed)        1.618     9.232    u_mlkem/u_ctrl/u_read_fifo/clk_core
    SLICE_X45Y111        FDRE                                         r  u_mlkem/u_ctrl/u_read_fifo/rd_ptr_reg[2]/C
  -------------------------------------------------------------------    -------------------
    SLICE_X45Y111        FDRE (Prop_fdre_C_Q)         0.456     9.688 r  u_mlkem/u_ctrl/u_read_fifo/rd_ptr_reg[2]/Q
                         net (fo=34, routed)          1.375    11.063    u_mlkem/u_read_fifo/odd_mem_reg_0_3_12_17/ADDRC1
    SLICE_X46Y108        RAMD32 (Prop_ramd32_RADR1_O)
                                                      0.153    11.216 r  u_mlkem/u_read_fifo/odd_mem_reg_0_3_12_17/RAMC/O
                         net (fo=4, routed)           0.751    11.967    u_mlkem/u_sponge/odd_head[2]
    SLICE_X48Y112        LUT3 (Prop_lut3_I0_O)        0.331    12.298 r  u_mlkem/u_sponge/buf_din[16]_i_2/O
                         net (fo=6, routed)           0.481    12.779    u_mlkem/u_ctrl/u_read_fifo/x_data_reg[40]
    SLICE_X48Y109        LUT5 (Prop_lut5_I4_O)        0.124    12.903 r  u_mlkem/u_ctrl/u_read_fifo/x_data[48]_i_3/O
                         net (fo=2, routed)           0.560    13.463    u_mlkem/u_ctrl/u_read_fifo/FSM_onehot_state_reg[2]_10
    SLICE_X49Y108        LUT6 (Prop_lut6_I1_O)        0.124    13.587 r  u_mlkem/u_ctrl/u_read_fifo/x_data[56]_i_2/O
                         net (fo=1, routed)           0.149    13.736    u_mlkem/u_sponge/x_data_reg[56]_0
    SLICE_X49Y108        LUT6 (Prop_lut6_I2_O)        0.124    13.860 r  u_mlkem/u_sponge/x_data[56]_i_1/O
                         net (fo=1, routed)           0.000    13.860    u_mlkem/u_sponge/x_data[56]_i_1_n_0
    SLICE_X49Y108        FDRE                                         r  u_mlkem/u_sponge/x_data_reg[56]/D
  -------------------------------------------------------------------    -------------------

                         (clock clk_core_mmcm rise edge)
                                                      4.854     4.854 r  
    E3                                                0.000     4.854 r  clk_100mhz (IN)
                         net (fo=0)                   0.000     4.854    clk_100mhz
    E3                   IBUF (Prop_ibuf_I_O)         1.411     6.266 r  clk_100mhz_IBUF_inst/O
                         net (fo=1, routed)           1.920     8.186    clk_100mhz_IBUF
    BUFGCTRL_X0Y16       BUFG (Prop_bufg_I_O)         0.091     8.277 r  clk_100mhz_IBUF_BUFG_inst/O
                         net (fo=2651, routed)        1.683     9.960    clk_100mhz_IBUF_BUFG
    MMCME2_ADV_X0Y0      MMCME2_ADV (Prop_mmcme2_adv_CLKIN1_CLKOUT0)
                                                      0.083    10.043 r  u_mmcm/CLKOUT0
                         net (fo=1, routed)           1.923    11.966    clk_core_mmcm
    BUFGCTRL_X0Y0        BUFG (Prop_bufg_I_O)         0.091    12.057 r  u_bufg_core/O
                         net (fo=4995, routed)        1.499    13.555    u_mlkem/u_sponge/clk_core
    SLICE_X49Y108        FDRE                                         r  u_mlkem/u_sponge/x_data_reg[56]/C
                         clock pessimism              0.490    14.045    
                         clock uncertainty           -0.109    13.936    
    SLICE_X49Y108        FDRE (Setup_fdre_C_D)        0.031    13.967    u_mlkem/u_sponge/x_data_reg[56]
  -------------------------------------------------------------------
                         required time                         13.967    
                         arrival time                         -13.860    
  -------------------------------------------------------------------
                         slack                                  0.108    

Slack (MET) :             0.113ns  (required time - arrival time)
  Source:                 u_mlkem/u_ctrl/u_read_fifo/count_reg[2]/C
                            (rising edge-triggered cell FDRE clocked by clk_core_mmcm  {rise@0.000ns fall@2.427ns period=4.854ns})
  Destination:            u_mlkem/u_sponge/nx1_reg[58]/CE
                            (rising edge-triggered cell FDRE clocked by clk_core_mmcm  {rise@0.000ns fall@2.427ns period=4.854ns})
  Path Group:             clk_core_mmcm
  Path Type:              Setup (Max at Slow Process Corner)
  Requirement:            4.854ns  (clk_core_mmcm rise@4.854ns - clk_core_mmcm rise@0.000ns)
  Data Path Delay:        4.417ns  (logic 1.076ns (24.361%)  route 3.341ns (75.639%))
  Logic Levels:           5  (LUT2=1 LUT5=3 LUT6=1)
  Clock Path Skew:        -0.046ns (DCD - SCD + CPR)
    Destination Clock Delay (DCD):    8.684ns = ( 13.538 - 4.854 ) 
    Source Clock Delay      (SCD):    9.220ns
    Clock Pessimism Removal (CPR):    0.490ns
  Clock Uncertainty:      0.109ns  ((TSJ^2 + DJ^2)^1/2) / 2 + PE
    Total System Jitter     (TSJ):    0.071ns
    Discrete Jitter          (DJ):    0.206ns
    Phase Error              (PE):    0.000ns

    Location             Delay type                Incr(ns)  Path(ns)    Netlist Resource(s)
  -------------------------------------------------------------------    -------------------
                         (clock clk_core_mmcm rise edge)
                                                      0.000     0.000 r  
    E3                                                0.000     0.000 r  clk_100mhz (IN)
                         net (fo=0)                   0.000     0.000    clk_100mhz
    E3                   IBUF (Prop_ibuf_I_O)         1.482     1.482 r  clk_100mhz_IBUF_inst/O
                         net (fo=1, routed)           2.025     3.506    clk_100mhz_IBUF
    BUFGCTRL_X0Y16       BUFG (Prop_bufg_I_O)         0.096     3.602 r  clk_100mhz_IBUF_BUFG_inst/O
                         net (fo=2651, routed)        1.809     5.412    clk_100mhz_IBUF_BUFG
    MMCME2_ADV_X0Y0      MMCME2_ADV (Prop_mmcme2_adv_CLKIN1_CLKOUT0)
                                                      0.088     5.500 r  u_mmcm/CLKOUT0
                         net (fo=1, routed)           2.018     7.518    clk_core_mmcm
    BUFGCTRL_X0Y0        BUFG (Prop_bufg_I_O)         0.096     7.614 r  u_bufg_core/O
                         net (fo=4995, routed)        1.606     9.220    u_mlkem/u_ctrl/u_read_fifo/clk_core
    SLICE_X53Y113        FDRE                                         r  u_mlkem/u_ctrl/u_read_fifo/count_reg[2]/C
  -------------------------------------------------------------------    -------------------
    SLICE_X53Y113        FDRE (Prop_fdre_C_Q)         0.456     9.676 r  u_mlkem/u_ctrl/u_read_fifo/count_reg[2]/Q
                         net (fo=9, routed)           0.489    10.165    u_mlkem/u_ctrl/u_read_fifo/fcnt[2]
    SLICE_X54Y114        LUT2 (Prop_lut2_I1_O)        0.124    10.289 r  u_mlkem/u_ctrl/u_read_fifo/q2[63]_i_5/O
                         net (fo=1, routed)           0.310    10.599    u_mlkem/u_unpack/q2_reg[0]_1
    SLICE_X56Y114        LUT6 (Prop_lut6_I5_O)        0.124    10.723 r  u_mlkem/u_unpack/q2[63]_i_4/O
                         net (fo=21, routed)          0.405    11.129    u_mlkem/u_ctrl/up_src_take
    SLICE_X57Y116        LUT5 (Prop_lut5_I2_O)        0.124    11.253 f  u_mlkem/u_ctrl/round[4]_i_8/O
                         net (fo=54, routed)          0.573    11.826    u_mlkem/u_sponge/fetch_sel_reg[19]_rep__0_0
    SLICE_X57Y118        LUT5 (Prop_lut5_I0_O)        0.124    11.950 r  u_mlkem/u_sponge/fetch_sel[20]_i_2/O
                         net (fo=260, routed)         0.579    12.529    u_mlkem/u_sponge/li_p1
    SLICE_X55Y118        LUT5 (Prop_lut5_I1_O)        0.124    12.653 r  u_mlkem/u_sponge/nx2[63]_i_1/O
                         net (fo=128, routed)         0.984    13.637    u_mlkem/u_sponge/nx2[63]_i_1_n_0
    SLICE_X58Y127        FDRE                                         r  u_mlkem/u_sponge/nx1_reg[58]/CE
  -------------------------------------------------------------------    -------------------

                         (clock clk_core_mmcm rise edge)
                                                      4.854     4.854 r  
    E3                                                0.000     4.854 r  clk_100mhz (IN)
                         net (fo=0)                   0.000     4.854    clk_100mhz
    E3                   IBUF (Prop_ibuf_I_O)         1.411     6.266 r  clk_100mhz_IBUF_inst/O
                         net (fo=1, routed)           1.920     8.186    clk_100mhz_IBUF
    BUFGCTRL_X0Y16       BUFG (Prop_bufg_I_O)         0.091     8.277 r  clk_100mhz_IBUF_BUFG_inst/O
                         net (fo=2651, routed)        1.683     9.960    clk_100mhz_IBUF_BUFG
    MMCME2_ADV_X0Y0      MMCME2_ADV (Prop_mmcme2_adv_CLKIN1_CLKOUT0)
                                                      0.083    10.043 r  u_mmcm/CLKOUT0
                         net (fo=1, routed)           1.923    11.966    clk_core_mmcm
    BUFGCTRL_X0Y0        BUFG (Prop_bufg_I_O)         0.091    12.057 r  u_bufg_core/O
                         net (fo=4995, routed)        1.482    13.538    u_mlkem/u_sponge/clk_core
    SLICE_X58Y127        FDRE                                         r  u_mlkem/u_sponge/nx1_reg[58]/C
                         clock pessimism              0.490    14.028    
                         clock uncertainty           -0.109    13.919    
    SLICE_X58Y127        FDRE (Setup_fdre_C_CE)      -0.169    13.750    u_mlkem/u_sponge/nx1_reg[58]
  -------------------------------------------------------------------
                         required time                         13.750    
                         arrival time                         -13.637    
  -------------------------------------------------------------------
                         slack                                  0.113    

Slack (MET) :             0.113ns  (required time - arrival time)
  Source:                 u_mlkem/u_ctrl/u_read_fifo/count_reg[2]/C
                            (rising edge-triggered cell FDRE clocked by clk_core_mmcm  {rise@0.000ns fall@2.427ns period=4.854ns})
  Destination:            u_mlkem/u_sponge/nx2_reg[11]/CE
                            (rising edge-triggered cell FDRE clocked by clk_core_mmcm  {rise@0.000ns fall@2.427ns period=4.854ns})
  Path Group:             clk_core_mmcm
  Path Type:              Setup (Max at Slow Process Corner)
  Requirement:            4.854ns  (clk_core_mmcm rise@4.854ns - clk_core_mmcm rise@0.000ns)
  Data Path Delay:        4.417ns  (logic 1.076ns (24.361%)  route 3.341ns (75.639%))
  Logic Levels:           5  (LUT2=1 LUT5=3 LUT6=1)
  Clock Path Skew:        -0.046ns (DCD - SCD + CPR)
    Destination Clock Delay (DCD):    8.684ns = ( 13.538 - 4.854 ) 
    Source Clock Delay      (SCD):    9.220ns
    Clock Pessimism Removal (CPR):    0.490ns
  Clock Uncertainty:      0.109ns  ((TSJ^2 + DJ^2)^1/2) / 2 + PE
    Total System Jitter     (TSJ):    0.071ns
    Discrete Jitter          (DJ):    0.206ns
    Phase Error              (PE):    0.000ns

    Location             Delay type                Incr(ns)  Path(ns)    Netlist Resource(s)
  -------------------------------------------------------------------    -------------------
                         (clock clk_core_mmcm rise edge)
                                                      0.000     0.000 r  
    E3                                                0.000     0.000 r  clk_100mhz (IN)
                         net (fo=0)                   0.000     0.000    clk_100mhz
    E3                   IBUF (Prop_ibuf_I_O)         1.482     1.482 r  clk_100mhz_IBUF_inst/O
                         net (fo=1, routed)           2.025     3.506    clk_100mhz_IBUF
    BUFGCTRL_X0Y16       BUFG (Prop_bufg_I_O)         0.096     3.602 r  clk_100mhz_IBUF_BUFG_inst/O
                         net (fo=2651, routed)        1.809     5.412    clk_100mhz_IBUF_BUFG
    MMCME2_ADV_X0Y0      MMCME2_ADV (Prop_mmcme2_adv_CLKIN1_CLKOUT0)
                                                      0.088     5.500 r  u_mmcm/CLKOUT0
                         net (fo=1, routed)           2.018     7.518    clk_core_mmcm
    BUFGCTRL_X0Y0        BUFG (Prop_bufg_I_O)         0.096     7.614 r  u_bufg_core/O
                         net (fo=4995, routed)        1.606     9.220    u_mlkem/u_ctrl/u_read_fifo/clk_core
    SLICE_X53Y113        FDRE                                         r  u_mlkem/u_ctrl/u_read_fifo/count_reg[2]/C
  -------------------------------------------------------------------    -------------------
    SLICE_X53Y113        FDRE (Prop_fdre_C_Q)         0.456     9.676 r  u_mlkem/u_ctrl/u_read_fifo/count_reg[2]/Q
                         net (fo=9, routed)           0.489    10.165    u_mlkem/u_ctrl/u_read_fifo/fcnt[2]
    SLICE_X54Y114        LUT2 (Prop_lut2_I1_O)        0.124    10.289 r  u_mlkem/u_ctrl/u_read_fifo/q2[63]_i_5/O
                         net (fo=1, routed)           0.310    10.599    u_mlkem/u_unpack/q2_reg[0]_1
    SLICE_X56Y114        LUT6 (Prop_lut6_I5_O)        0.124    10.723 r  u_mlkem/u_unpack/q2[63]_i_4/O
                         net (fo=21, routed)          0.405    11.129    u_mlkem/u_ctrl/up_src_take
    SLICE_X57Y116        LUT5 (Prop_lut5_I2_O)        0.124    11.253 f  u_mlkem/u_ctrl/round[4]_i_8/O
                         net (fo=54, routed)          0.573    11.826    u_mlkem/u_sponge/fetch_sel_reg[19]_rep__0_0
    SLICE_X57Y118        LUT5 (Prop_lut5_I0_O)        0.124    11.950 r  u_mlkem/u_sponge/fetch_sel[20]_i_2/O
                         net (fo=260, routed)         0.579    12.529    u_mlkem/u_sponge/li_p1
    SLICE_X55Y118        LUT5 (Prop_lut5_I1_O)        0.124    12.653 r  u_mlkem/u_sponge/nx2[63]_i_1/O
                         net (fo=128, routed)         0.984    13.637    u_mlkem/u_sponge/nx2[63]_i_1_n_0
    SLICE_X58Y127        FDRE                                         r  u_mlkem/u_sponge/nx2_reg[11]/CE
  -------------------------------------------------------------------    -------------------

                         (clock clk_core_mmcm rise edge)
                                                      4.854     4.854 r  
    E3                                                0.000     4.854 r  clk_100mhz (IN)
                         net (fo=0)                   0.000     4.854    clk_100mhz
    E3                   IBUF (Prop_ibuf_I_O)         1.411     6.266 r  clk_100mhz_IBUF_inst/O
                         net (fo=1, routed)           1.920     8.186    clk_100mhz_IBUF
    BUFGCTRL_X0Y16       BUFG (Prop_bufg_I_O)         0.091     8.277 r  clk_100mhz_IBUF_BUFG_inst/O
                         net (fo=2651, routed)        1.683     9.960    clk_100mhz_IBUF_BUFG
    MMCME2_ADV_X0Y0      MMCME2_ADV (Prop_mmcme2_adv_CLKIN1_CLKOUT0)
                                                      0.083    10.043 r  u_mmcm/CLKOUT0
                         net (fo=1, routed)           1.923    11.966    clk_core_mmcm
    BUFGCTRL_X0Y0        BUFG (Prop_bufg_I_O)         0.091    12.057 r  u_bufg_core/O
                         net (fo=4995, routed)        1.482    13.538    u_mlkem/u_sponge/clk_core
    SLICE_X58Y127        FDRE                                         r  u_mlkem/u_sponge/nx2_reg[11]/C
                         clock pessimism              0.490    14.028    
                         clock uncertainty           -0.109    13.919    
    SLICE_X58Y127        FDRE (Setup_fdre_C_CE)      -0.169    13.750    u_mlkem/u_sponge/nx2_reg[11]
  -------------------------------------------------------------------
                         required time                         13.750    
                         arrival time                         -13.637    
  -------------------------------------------------------------------
                         slack                                  0.113    

Slack (MET) :             0.120ns  (required time - arrival time)
  Source:                 u_mlkem/u_ctrl/u_read_fifo/count_reg[0]/C
                            (rising edge-triggered cell FDRE clocked by clk_core_mmcm  {rise@0.000ns fall@2.427ns period=4.854ns})
  Destination:            u_mlkem/u_sponge/x_data_reg[43]/D
                            (rising edge-triggered cell FDRE clocked by clk_core_mmcm  {rise@0.000ns fall@2.427ns period=4.854ns})
  Path Group:             clk_core_mmcm
  Path Type:              Setup (Max at Slow Process Corner)
  Requirement:            4.854ns  (clk_core_mmcm rise@4.854ns - clk_core_mmcm rise@0.000ns)
  Data Path Delay:        4.624ns  (logic 1.076ns (23.268%)  route 3.548ns (76.732%))
  Logic Levels:           5  (LUT3=1 LUT5=2 LUT6=2)
  Clock Path Skew:        -0.030ns (DCD - SCD + CPR)
    Destination Clock Delay (DCD):    8.696ns = ( 13.550 - 4.854 ) 
    Source Clock Delay      (SCD):    9.233ns
    Clock Pessimism Removal (CPR):    0.507ns
  Clock Uncertainty:      0.109ns  ((TSJ^2 + DJ^2)^1/2) / 2 + PE
    Total System Jitter     (TSJ):    0.071ns
    Discrete Jitter          (DJ):    0.206ns
    Phase Error              (PE):    0.000ns

    Location             Delay type                Incr(ns)  Path(ns)    Netlist Resource(s)
  -------------------------------------------------------------------    -------------------
                         (clock clk_core_mmcm rise edge)
                                                      0.000     0.000 r  
    E3                                                0.000     0.000 r  clk_100mhz (IN)
                         net (fo=0)                   0.000     0.000    clk_100mhz
    E3                   IBUF (Prop_ibuf_I_O)         1.482     1.482 r  clk_100mhz_IBUF_inst/O
                         net (fo=1, routed)           2.025     3.506    clk_100mhz_IBUF
    BUFGCTRL_X0Y16       BUFG (Prop_bufg_I_O)         0.096     3.602 r  clk_100mhz_IBUF_BUFG_inst/O
                         net (fo=2651, routed)        1.809     5.412    clk_100mhz_IBUF_BUFG
    MMCME2_ADV_X0Y0      MMCME2_ADV (Prop_mmcme2_adv_CLKIN1_CLKOUT0)
                                                      0.088     5.500 r  u_mmcm/CLKOUT0
                         net (fo=1, routed)           2.018     7.518    clk_core_mmcm
    BUFGCTRL_X0Y0        BUFG (Prop_bufg_I_O)         0.096     7.614 r  u_bufg_core/O
                         net (fo=4995, routed)        1.619     9.233    u_mlkem/u_ctrl/u_read_fifo/clk_core
    SLICE_X49Y107        FDRE                                         r  u_mlkem/u_ctrl/u_read_fifo/count_reg[0]/C
  -------------------------------------------------------------------    -------------------
    SLICE_X49Y107        FDRE (Prop_fdre_C_Q)         0.456     9.689 f  u_mlkem/u_ctrl/u_read_fifo/count_reg[0]/Q
                         net (fo=9, routed)           1.053    10.742    u_mlkem/u_ctrl/u_read_fifo/fcnt[0]
    SLICE_X47Y113        LUT6 (Prop_lut6_I1_O)        0.124    10.866 f  u_mlkem/u_ctrl/u_read_fifo/x_data[58]_i_6/O
                         net (fo=4, routed)           0.319    11.185    u_mlkem/u_ctrl/u_read_fifo/x_data[58]_i_6_n_0
    SLICE_X45Y112        LUT3 (Prop_lut3_I2_O)        0.124    11.309 f  u_mlkem/u_ctrl/u_read_fifo/rem[7]_i_3/O
                         net (fo=9, routed)           0.541    11.850    u_mlkem/u_sponge/x_data_reg[12]_0
    SLICE_X46Y115        LUT6 (Prop_lut6_I0_O)        0.124    11.974 f  u_mlkem/u_sponge/x_data[63]_i_3/O
                         net (fo=52, routed)          0.917    12.891    u_mlkem/u_sponge/x_data[63]_i_3_n_0
    SLICE_X46Y118        LUT5 (Prop_lut5_I2_O)        0.124    13.015 r  u_mlkem/u_sponge/x_data[43]_i_3/O
                         net (fo=1, routed)           0.719    13.734    u_mlkem/u_sponge/x_data[43]_i_3_n_0
    SLICE_X47Y115        LUT5 (Prop_lut5_I4_O)        0.124    13.858 r  u_mlkem/u_sponge/x_data[43]_i_1/O
                         net (fo=1, routed)           0.000    13.858    u_mlkem/u_sponge/x_data[43]_i_1_n_0
    SLICE_X47Y115        FDRE                                         r  u_mlkem/u_sponge/x_data_reg[43]/D
  -------------------------------------------------------------------    -------------------

                         (clock clk_core_mmcm rise edge)
                                                      4.854     4.854 r  
    E3                                                0.000     4.854 r  clk_100mhz (IN)
                         net (fo=0)                   0.000     4.854    clk_100mhz
    E3                   IBUF (Prop_ibuf_I_O)         1.411     6.266 r  clk_100mhz_IBUF_inst/O
                         net (fo=1, routed)           1.920     8.186    clk_100mhz_IBUF
    BUFGCTRL_X0Y16       BUFG (Prop_bufg_I_O)         0.091     8.277 r  clk_100mhz_IBUF_BUFG_inst/O
                         net (fo=2651, routed)        1.683     9.960    clk_100mhz_IBUF_BUFG
    MMCME2_ADV_X0Y0      MMCME2_ADV (Prop_mmcme2_adv_CLKIN1_CLKOUT0)
                                                      0.083    10.043 r  u_mmcm/CLKOUT0
                         net (fo=1, routed)           1.923    11.966    clk_core_mmcm
    BUFGCTRL_X0Y0        BUFG (Prop_bufg_I_O)         0.091    12.057 r  u_bufg_core/O
                         net (fo=4995, routed)        1.494    13.550    u_mlkem/u_sponge/clk_core
    SLICE_X47Y115        FDRE                                         r  u_mlkem/u_sponge/x_data_reg[43]/C
                         clock pessimism              0.507    14.057    
                         clock uncertainty           -0.109    13.948    
    SLICE_X47Y115        FDRE (Setup_fdre_C_D)        0.029    13.977    u_mlkem/u_sponge/x_data_reg[43]
  -------------------------------------------------------------------
                         required time                         13.977    
                         arrival time                         -13.858    
  -------------------------------------------------------------------
                         slack                                  0.120    

Slack (MET) :             0.125ns  (required time - arrival time)
  Source:                 u_mlkem/u_ctrl/u_read_fifo/count_reg[2]/C
                            (rising edge-triggered cell FDRE clocked by clk_core_mmcm  {rise@0.000ns fall@2.427ns period=4.854ns})
  Destination:            u_mlkem/u_sponge/nx1_reg[3]/CE
                            (rising edge-triggered cell FDRE clocked by clk_core_mmcm  {rise@0.000ns fall@2.427ns period=4.854ns})
  Path Group:             clk_core_mmcm
  Path Type:              Setup (Max at Slow Process Corner)
  Requirement:            4.854ns  (clk_core_mmcm rise@4.854ns - clk_core_mmcm rise@0.000ns)
  Data Path Delay:        4.367ns  (logic 1.076ns (24.641%)  route 3.291ns (75.359%))
  Logic Levels:           5  (LUT2=1 LUT5=3 LUT6=1)
  Clock Path Skew:        -0.049ns (DCD - SCD + CPR)
    Destination Clock Delay (DCD):    8.681ns = ( 13.535 - 4.854 ) 
    Source Clock Delay      (SCD):    9.220ns
    Clock Pessimism Removal (CPR):    0.490ns
  Clock Uncertainty:      0.109ns  ((TSJ^2 + DJ^2)^1/2) / 2 + PE
    Total System Jitter     (TSJ):    0.071ns
    Discrete Jitter          (DJ):    0.206ns
    Phase Error              (PE):    0.000ns

    Location             Delay type                Incr(ns)  Path(ns)    Netlist Resource(s)
  -------------------------------------------------------------------    -------------------
                         (clock clk_core_mmcm rise edge)
                                                      0.000     0.000 r  
    E3                                                0.000     0.000 r  clk_100mhz (IN)
                         net (fo=0)                   0.000     0.000    clk_100mhz
    E3                   IBUF (Prop_ibuf_I_O)         1.482     1.482 r  clk_100mhz_IBUF_inst/O
                         net (fo=1, routed)           2.025     3.506    clk_100mhz_IBUF
    BUFGCTRL_X0Y16       BUFG (Prop_bufg_I_O)         0.096     3.602 r  clk_100mhz_IBUF_BUFG_inst/O
                         net (fo=2651, routed)        1.809     5.412    clk_100mhz_IBUF_BUFG
    MMCME2_ADV_X0Y0      MMCME2_ADV (Prop_mmcme2_adv_CLKIN1_CLKOUT0)
                                                      0.088     5.500 r  u_mmcm/CLKOUT0
                         net (fo=1, routed)           2.018     7.518    clk_core_mmcm
    BUFGCTRL_X0Y0        BUFG (Prop_bufg_I_O)         0.096     7.614 r  u_bufg_core/O
                         net (fo=4995, routed)        1.606     9.220    u_mlkem/u_ctrl/u_read_fifo/clk_core
    SLICE_X53Y113        FDRE                                         r  u_mlkem/u_ctrl/u_read_fifo/count_reg[2]/C
  -------------------------------------------------------------------    -------------------
    SLICE_X53Y113        FDRE (Prop_fdre_C_Q)         0.456     9.676 r  u_mlkem/u_ctrl/u_read_fifo/count_reg[2]/Q
                         net (fo=9, routed)           0.489    10.165    u_mlkem/u_ctrl/u_read_fifo/fcnt[2]
    SLICE_X54Y114        LUT2 (Prop_lut2_I1_O)        0.124    10.289 r  u_mlkem/u_ctrl/u_read_fifo/q2[63]_i_5/O
                         net (fo=1, routed)           0.310    10.599    u_mlkem/u_unpack/q2_reg[0]_1
    SLICE_X56Y114        LUT6 (Prop_lut6_I5_O)        0.124    10.723 r  u_mlkem/u_unpack/q2[63]_i_4/O
                         net (fo=21, routed)          0.405    11.129    u_mlkem/u_ctrl/up_src_take
    SLICE_X57Y116        LUT5 (Prop_lut5_I2_O)        0.124    11.253 f  u_mlkem/u_ctrl/round[4]_i_8/O
                         net (fo=54, routed)          0.573    11.826    u_mlkem/u_sponge/fetch_sel_reg[19]_rep__0_0
    SLICE_X57Y118        LUT5 (Prop_lut5_I0_O)        0.124    11.950 r  u_mlkem/u_sponge/fetch_sel[20]_i_2/O
                         net (fo=260, routed)         0.579    12.529    u_mlkem/u_sponge/li_p1
    SLICE_X55Y118        LUT5 (Prop_lut5_I1_O)        0.124    12.653 r  u_mlkem/u_sponge/nx2[63]_i_1/O
                         net (fo=128, routed)         0.934    13.587    u_mlkem/u_sponge/nx2[63]_i_1_n_0
    SLICE_X59Y125        FDRE                                         r  u_mlkem/u_sponge/nx1_reg[3]/CE
  -------------------------------------------------------------------    -------------------

                         (clock clk_core_mmcm rise edge)
                                                      4.854     4.854 r  
    E3                                                0.000     4.854 r  clk_100mhz (IN)
                         net (fo=0)                   0.000     4.854    clk_100mhz
    E3                   IBUF (Prop_ibuf_I_O)         1.411     6.266 r  clk_100mhz_IBUF_inst/O
                         net (fo=1, routed)           1.920     8.186    clk_100mhz_IBUF
    BUFGCTRL_X0Y16       BUFG (Prop_bufg_I_O)         0.091     8.277 r  clk_100mhz_IBUF_BUFG_inst/O
                         net (fo=2651, routed)        1.683     9.960    clk_100mhz_IBUF_BUFG
    MMCME2_ADV_X0Y0      MMCME2_ADV (Prop_mmcme2_adv_CLKIN1_CLKOUT0)
                                                      0.083    10.043 r  u_mmcm/CLKOUT0
                         net (fo=1, routed)           1.923    11.966    clk_core_mmcm
    BUFGCTRL_X0Y0        BUFG (Prop_bufg_I_O)         0.091    12.057 r  u_bufg_core/O
                         net (fo=4995, routed)        1.479    13.535    u_mlkem/u_sponge/clk_core
    SLICE_X59Y125        FDRE                                         r  u_mlkem/u_sponge/nx1_reg[3]/C
                         clock pessimism              0.490    14.025    
                         clock uncertainty           -0.109    13.916    
    SLICE_X59Y125        FDRE (Setup_fdre_C_CE)      -0.205    13.711    u_mlkem/u_sponge/nx1_reg[3]
  -------------------------------------------------------------------
                         required time                         13.711    
                         arrival time                         -13.587    
  -------------------------------------------------------------------
                         slack                                  0.125    

Slack (MET) :             0.125ns  (required time - arrival time)
  Source:                 u_mlkem/u_ctrl/u_read_fifo/count_reg[2]/C
                            (rising edge-triggered cell FDRE clocked by clk_core_mmcm  {rise@0.000ns fall@2.427ns period=4.854ns})
  Destination:            u_mlkem/u_sponge/nx2_reg[10]/CE
                            (rising edge-triggered cell FDRE clocked by clk_core_mmcm  {rise@0.000ns fall@2.427ns period=4.854ns})
  Path Group:             clk_core_mmcm
  Path Type:              Setup (Max at Slow Process Corner)
  Requirement:            4.854ns  (clk_core_mmcm rise@4.854ns - clk_core_mmcm rise@0.000ns)
  Data Path Delay:        4.367ns  (logic 1.076ns (24.641%)  route 3.291ns (75.359%))
  Logic Levels:           5  (LUT2=1 LUT5=3 LUT6=1)
  Clock Path Skew:        -0.049ns (DCD - SCD + CPR)
    Destination Clock Delay (DCD):    8.681ns = ( 13.535 - 4.854 ) 
    Source Clock Delay      (SCD):    9.220ns
    Clock Pessimism Removal (CPR):    0.490ns
  Clock Uncertainty:      0.109ns  ((TSJ^2 + DJ^2)^1/2) / 2 + PE
    Total System Jitter     (TSJ):    0.071ns
    Discrete Jitter          (DJ):    0.206ns
    Phase Error              (PE):    0.000ns

    Location             Delay type                Incr(ns)  Path(ns)    Netlist Resource(s)
  -------------------------------------------------------------------    -------------------
                         (clock clk_core_mmcm rise edge)
                                                      0.000     0.000 r  
    E3                                                0.000     0.000 r  clk_100mhz (IN)
                         net (fo=0)                   0.000     0.000    clk_100mhz
    E3                   IBUF (Prop_ibuf_I_O)         1.482     1.482 r  clk_100mhz_IBUF_inst/O
                         net (fo=1, routed)           2.025     3.506    clk_100mhz_IBUF
    BUFGCTRL_X0Y16       BUFG (Prop_bufg_I_O)         0.096     3.602 r  clk_100mhz_IBUF_BUFG_inst/O
                         net (fo=2651, routed)        1.809     5.412    clk_100mhz_IBUF_BUFG
    MMCME2_ADV_X0Y0      MMCME2_ADV (Prop_mmcme2_adv_CLKIN1_CLKOUT0)
                                                      0.088     5.500 r  u_mmcm/CLKOUT0
                         net (fo=1, routed)           2.018     7.518    clk_core_mmcm
    BUFGCTRL_X0Y0        BUFG (Prop_bufg_I_O)         0.096     7.614 r  u_bufg_core/O
                         net (fo=4995, routed)        1.606     9.220    u_mlkem/u_ctrl/u_read_fifo/clk_core
    SLICE_X53Y113        FDRE                                         r  u_mlkem/u_ctrl/u_read_fifo/count_reg[2]/C
  -------------------------------------------------------------------    -------------------
    SLICE_X53Y113        FDRE (Prop_fdre_C_Q)         0.456     9.676 r  u_mlkem/u_ctrl/u_read_fifo/count_reg[2]/Q
                         net (fo=9, routed)           0.489    10.165    u_mlkem/u_ctrl/u_read_fifo/fcnt[2]
    SLICE_X54Y114        LUT2 (Prop_lut2_I1_O)        0.124    10.289 r  u_mlkem/u_ctrl/u_read_fifo/q2[63]_i_5/O
                         net (fo=1, routed)           0.310    10.599    u_mlkem/u_unpack/q2_reg[0]_1
    SLICE_X56Y114        LUT6 (Prop_lut6_I5_O)        0.124    10.723 r  u_mlkem/u_unpack/q2[63]_i_4/O
                         net (fo=21, routed)          0.405    11.129    u_mlkem/u_ctrl/up_src_take
    SLICE_X57Y116        LUT5 (Prop_lut5_I2_O)        0.124    11.253 f  u_mlkem/u_ctrl/round[4]_i_8/O
                         net (fo=54, routed)          0.573    11.826    u_mlkem/u_sponge/fetch_sel_reg[19]_rep__0_0
    SLICE_X57Y118        LUT5 (Prop_lut5_I0_O)        0.124    11.950 r  u_mlkem/u_sponge/fetch_sel[20]_i_2/O
                         net (fo=260, routed)         0.579    12.529    u_mlkem/u_sponge/li_p1
    SLICE_X55Y118        LUT5 (Prop_lut5_I1_O)        0.124    12.653 r  u_mlkem/u_sponge/nx2[63]_i_1/O
                         net (fo=128, routed)         0.934    13.587    u_mlkem/u_sponge/nx2[63]_i_1_n_0
    SLICE_X59Y125        FDRE                                         r  u_mlkem/u_sponge/nx2_reg[10]/CE
  -------------------------------------------------------------------    -------------------

                         (clock clk_core_mmcm rise edge)
                                                      4.854     4.854 r  
    E3                                                0.000     4.854 r  clk_100mhz (IN)
                         net (fo=0)                   0.000     4.854    clk_100mhz
    E3                   IBUF (Prop_ibuf_I_O)         1.411     6.266 r  clk_100mhz_IBUF_inst/O
                         net (fo=1, routed)           1.920     8.186    clk_100mhz_IBUF
    BUFGCTRL_X0Y16       BUFG (Prop_bufg_I_O)         0.091     8.277 r  clk_100mhz_IBUF_BUFG_inst/O
                         net (fo=2651, routed)        1.683     9.960    clk_100mhz_IBUF_BUFG
    MMCME2_ADV_X0Y0      MMCME2_ADV (Prop_mmcme2_adv_CLKIN1_CLKOUT0)
                                                      0.083    10.043 r  u_mmcm/CLKOUT0
                         net (fo=1, routed)           1.923    11.966    clk_core_mmcm
    BUFGCTRL_X0Y0        BUFG (Prop_bufg_I_O)         0.091    12.057 r  u_bufg_core/O
                         net (fo=4995, routed)        1.479    13.535    u_mlkem/u_sponge/clk_core
    SLICE_X59Y125        FDRE                                         r  u_mlkem/u_sponge/nx2_reg[10]/C
                         clock pessimism              0.490    14.025    
                         clock uncertainty           -0.109    13.916    
    SLICE_X59Y125        FDRE (Setup_fdre_C_CE)      -0.205    13.711    u_mlkem/u_sponge/nx2_reg[10]
  -------------------------------------------------------------------
                         required time                         13.711    
                         arrival time                         -13.587    
  -------------------------------------------------------------------
                         slack                                  0.125    

Slack (MET) :             0.125ns  (required time - arrival time)
  Source:                 u_mlkem/u_ctrl/u_read_fifo/count_reg[2]/C
                            (rising edge-triggered cell FDRE clocked by clk_core_mmcm  {rise@0.000ns fall@2.427ns period=4.854ns})
  Destination:            u_mlkem/u_sponge/nx2_reg[12]/CE
                            (rising edge-triggered cell FDRE clocked by clk_core_mmcm  {rise@0.000ns fall@2.427ns period=4.854ns})
  Path Group:             clk_core_mmcm
  Path Type:              Setup (Max at Slow Process Corner)
  Requirement:            4.854ns  (clk_core_mmcm rise@4.854ns - clk_core_mmcm rise@0.000ns)
  Data Path Delay:        4.367ns  (logic 1.076ns (24.641%)  route 3.291ns (75.359%))
  Logic Levels:           5  (LUT2=1 LUT5=3 LUT6=1)
  Clock Path Skew:        -0.049ns (DCD - SCD + CPR)
    Destination Clock Delay (DCD):    8.681ns = ( 13.535 - 4.854 ) 
    Source Clock Delay      (SCD):    9.220ns
    Clock Pessimism Removal (CPR):    0.490ns
  Clock Uncertainty:      0.109ns  ((TSJ^2 + DJ^2)^1/2) / 2 + PE
    Total System Jitter     (TSJ):    0.071ns
    Discrete Jitter          (DJ):    0.206ns
    Phase Error              (PE):    0.000ns

    Location             Delay type                Incr(ns)  Path(ns)    Netlist Resource(s)
  -------------------------------------------------------------------    -------------------
                         (clock clk_core_mmcm rise edge)
                                                      0.000     0.000 r  
    E3                                                0.000     0.000 r  clk_100mhz (IN)
                         net (fo=0)                   0.000     0.000    clk_100mhz
    E3                   IBUF (Prop_ibuf_I_O)         1.482     1.482 r  clk_100mhz_IBUF_inst/O
                         net (fo=1, routed)           2.025     3.506    clk_100mhz_IBUF
    BUFGCTRL_X0Y16       BUFG (Prop_bufg_I_O)         0.096     3.602 r  clk_100mhz_IBUF_BUFG_inst/O
                         net (fo=2651, routed)        1.809     5.412    clk_100mhz_IBUF_BUFG
    MMCME2_ADV_X0Y0      MMCME2_ADV (Prop_mmcme2_adv_CLKIN1_CLKOUT0)
                                                      0.088     5.500 r  u_mmcm/CLKOUT0
                         net (fo=1, routed)           2.018     7.518    clk_core_mmcm
    BUFGCTRL_X0Y0        BUFG (Prop_bufg_I_O)         0.096     7.614 r  u_bufg_core/O
                         net (fo=4995, routed)        1.606     9.220    u_mlkem/u_ctrl/u_read_fifo/clk_core
    SLICE_X53Y113        FDRE                                         r  u_mlkem/u_ctrl/u_read_fifo/count_reg[2]/C
  -------------------------------------------------------------------    -------------------
    SLICE_X53Y113        FDRE (Prop_fdre_C_Q)         0.456     9.676 r  u_mlkem/u_ctrl/u_read_fifo/count_reg[2]/Q
                         net (fo=9, routed)           0.489    10.165    u_mlkem/u_ctrl/u_read_fifo/fcnt[2]
    SLICE_X54Y114        LUT2 (Prop_lut2_I1_O)        0.124    10.289 r  u_mlkem/u_ctrl/u_read_fifo/q2[63]_i_5/O
                         net (fo=1, routed)           0.310    10.599    u_mlkem/u_unpack/q2_reg[0]_1
    SLICE_X56Y114        LUT6 (Prop_lut6_I5_O)        0.124    10.723 r  u_mlkem/u_unpack/q2[63]_i_4/O
                         net (fo=21, routed)          0.405    11.129    u_mlkem/u_ctrl/up_src_take
    SLICE_X57Y116        LUT5 (Prop_lut5_I2_O)        0.124    11.253 f  u_mlkem/u_ctrl/round[4]_i_8/O
                         net (fo=54, routed)          0.573    11.826    u_mlkem/u_sponge/fetch_sel_reg[19]_rep__0_0
    SLICE_X57Y118        LUT5 (Prop_lut5_I0_O)        0.124    11.950 r  u_mlkem/u_sponge/fetch_sel[20]_i_2/O
                         net (fo=260, routed)         0.579    12.529    u_mlkem/u_sponge/li_p1
    SLICE_X55Y118        LUT5 (Prop_lut5_I1_O)        0.124    12.653 r  u_mlkem/u_sponge/nx2[63]_i_1/O
                         net (fo=128, routed)         0.934    13.587    u_mlkem/u_sponge/nx2[63]_i_1_n_0
    SLICE_X59Y125        FDRE                                         r  u_mlkem/u_sponge/nx2_reg[12]/CE
  -------------------------------------------------------------------    -------------------

                         (clock clk_core_mmcm rise edge)
                                                      4.854     4.854 r  
    E3                                                0.000     4.854 r  clk_100mhz (IN)
                         net (fo=0)                   0.000     4.854    clk_100mhz
    E3                   IBUF (Prop_ibuf_I_O)         1.411     6.266 r  clk_100mhz_IBUF_inst/O
                         net (fo=1, routed)           1.920     8.186    clk_100mhz_IBUF
    BUFGCTRL_X0Y16       BUFG (Prop_bufg_I_O)         0.091     8.277 r  clk_100mhz_IBUF_BUFG_inst/O
                         net (fo=2651, routed)        1.683     9.960    clk_100mhz_IBUF_BUFG
    MMCME2_ADV_X0Y0      MMCME2_ADV (Prop_mmcme2_adv_CLKIN1_CLKOUT0)
                                                      0.083    10.043 r  u_mmcm/CLKOUT0
                         net (fo=1, routed)           1.923    11.966    clk_core_mmcm
    BUFGCTRL_X0Y0        BUFG (Prop_bufg_I_O)         0.091    12.057 r  u_bufg_core/O
                         net (fo=4995, routed)        1.479    13.535    u_mlkem/u_sponge/clk_core
    SLICE_X59Y125        FDRE                                         r  u_mlkem/u_sponge/nx2_reg[12]/C
                         clock pessimism              0.490    14.025    
                         clock uncertainty           -0.109    13.916    
    SLICE_X59Y125        FDRE (Setup_fdre_C_CE)      -0.205    13.711    u_mlkem/u_sponge/nx2_reg[12]
  -------------------------------------------------------------------
                         required time                         13.711    
                         arrival time                         -13.587    
  -------------------------------------------------------------------
                         slack                                  0.125    

Slack (MET) :             0.125ns  (required time - arrival time)
  Source:                 u_mlkem/u_ctrl/u_read_fifo/count_reg[2]/C
                            (rising edge-triggered cell FDRE clocked by clk_core_mmcm  {rise@0.000ns fall@2.427ns period=4.854ns})
  Destination:            u_mlkem/u_sponge/nx2_reg[3]/CE
                            (rising edge-triggered cell FDRE clocked by clk_core_mmcm  {rise@0.000ns fall@2.427ns period=4.854ns})
  Path Group:             clk_core_mmcm
  Path Type:              Setup (Max at Slow Process Corner)
  Requirement:            4.854ns  (clk_core_mmcm rise@4.854ns - clk_core_mmcm rise@0.000ns)
  Data Path Delay:        4.367ns  (logic 1.076ns (24.641%)  route 3.291ns (75.359%))
  Logic Levels:           5  (LUT2=1 LUT5=3 LUT6=1)
  Clock Path Skew:        -0.049ns (DCD - SCD + CPR)
    Destination Clock Delay (DCD):    8.681ns = ( 13.535 - 4.854 ) 
    Source Clock Delay      (SCD):    9.220ns
    Clock Pessimism Removal (CPR):    0.490ns
  Clock Uncertainty:      0.109ns  ((TSJ^2 + DJ^2)^1/2) / 2 + PE
    Total System Jitter     (TSJ):    0.071ns
    Discrete Jitter          (DJ):    0.206ns
    Phase Error              (PE):    0.000ns

    Location             Delay type                Incr(ns)  Path(ns)    Netlist Resource(s)
  -------------------------------------------------------------------    -------------------
                         (clock clk_core_mmcm rise edge)
                                                      0.000     0.000 r  
    E3                                                0.000     0.000 r  clk_100mhz (IN)
                         net (fo=0)                   0.000     0.000    clk_100mhz
    E3                   IBUF (Prop_ibuf_I_O)         1.482     1.482 r  clk_100mhz_IBUF_inst/O
                         net (fo=1, routed)           2.025     3.506    clk_100mhz_IBUF
    BUFGCTRL_X0Y16       BUFG (Prop_bufg_I_O)         0.096     3.602 r  clk_100mhz_IBUF_BUFG_inst/O
                         net (fo=2651, routed)        1.809     5.412    clk_100mhz_IBUF_BUFG
    MMCME2_ADV_X0Y0      MMCME2_ADV (Prop_mmcme2_adv_CLKIN1_CLKOUT0)
                                                      0.088     5.500 r  u_mmcm/CLKOUT0
                         net (fo=1, routed)           2.018     7.518    clk_core_mmcm
    BUFGCTRL_X0Y0        BUFG (Prop_bufg_I_O)         0.096     7.614 r  u_bufg_core/O
                         net (fo=4995, routed)        1.606     9.220    u_mlkem/u_ctrl/u_read_fifo/clk_core
    SLICE_X53Y113        FDRE                                         r  u_mlkem/u_ctrl/u_read_fifo/count_reg[2]/C
  -------------------------------------------------------------------    -------------------
    SLICE_X53Y113        FDRE (Prop_fdre_C_Q)         0.456     9.676 r  u_mlkem/u_ctrl/u_read_fifo/count_reg[2]/Q
                         net (fo=9, routed)           0.489    10.165    u_mlkem/u_ctrl/u_read_fifo/fcnt[2]
    SLICE_X54Y114        LUT2 (Prop_lut2_I1_O)        0.124    10.289 r  u_mlkem/u_ctrl/u_read_fifo/q2[63]_i_5/O
                         net (fo=1, routed)           0.310    10.599    u_mlkem/u_unpack/q2_reg[0]_1
    SLICE_X56Y114        LUT6 (Prop_lut6_I5_O)        0.124    10.723 r  u_mlkem/u_unpack/q2[63]_i_4/O
                         net (fo=21, routed)          0.405    11.129    u_mlkem/u_ctrl/up_src_take
    SLICE_X57Y116        LUT5 (Prop_lut5_I2_O)        0.124    11.253 f  u_mlkem/u_ctrl/round[4]_i_8/O
                         net (fo=54, routed)          0.573    11.826    u_mlkem/u_sponge/fetch_sel_reg[19]_rep__0_0
    SLICE_X57Y118        LUT5 (Prop_lut5_I0_O)        0.124    11.950 r  u_mlkem/u_sponge/fetch_sel[20]_i_2/O
                         net (fo=260, routed)         0.579    12.529    u_mlkem/u_sponge/li_p1
    SLICE_X55Y118        LUT5 (Prop_lut5_I1_O)        0.124    12.653 r  u_mlkem/u_sponge/nx2[63]_i_1/O
                         net (fo=128, routed)         0.934    13.587    u_mlkem/u_sponge/nx2[63]_i_1_n_0
    SLICE_X59Y125        FDRE                                         r  u_mlkem/u_sponge/nx2_reg[3]/CE
  -------------------------------------------------------------------    -------------------

                         (clock clk_core_mmcm rise edge)
                                                      4.854     4.854 r  
    E3                                                0.000     4.854 r  clk_100mhz (IN)
                         net (fo=0)                   0.000     4.854    clk_100mhz
    E3                   IBUF (Prop_ibuf_I_O)         1.411     6.266 r  clk_100mhz_IBUF_inst/O
                         net (fo=1, routed)           1.920     8.186    clk_100mhz_IBUF
    BUFGCTRL_X0Y16       BUFG (Prop_bufg_I_O)         0.091     8.277 r  clk_100mhz_IBUF_BUFG_inst/O
                         net (fo=2651, routed)        1.683     9.960    clk_100mhz_IBUF_BUFG
    MMCME2_ADV_X0Y0      MMCME2_ADV (Prop_mmcme2_adv_CLKIN1_CLKOUT0)
                                                      0.083    10.043 r  u_mmcm/CLKOUT0
                         net (fo=1, routed)           1.923    11.966    clk_core_mmcm
    BUFGCTRL_X0Y0        BUFG (Prop_bufg_I_O)         0.091    12.057 r  u_bufg_core/O
                         net (fo=4995, routed)        1.479    13.535    u_mlkem/u_sponge/clk_core
    SLICE_X59Y125        FDRE                                         r  u_mlkem/u_sponge/nx2_reg[3]/C
                         clock pessimism              0.490    14.025    
                         clock uncertainty           -0.109    13.916    
    SLICE_X59Y125        FDRE (Setup_fdre_C_CE)      -0.205    13.711    u_mlkem/u_sponge/nx2_reg[3]
  -------------------------------------------------------------------
                         required time                         13.711    
                         arrival time                         -13.587    
  -------------------------------------------------------------------
                         slack                                  0.125    





Min Delay Paths
--------------------------------------------------------------------------------------
Slack (MET) :             0.036ns  (arrival time - required time)
  Source:                 u_mlkem/u_alu/rb_din_reg[7]/C
                            (rising edge-triggered cell FDRE clocked by clk_core_mmcm  {rise@0.000ns fall@2.427ns period=4.854ns})
  Destination:            u_mlkem/u_polyram/mem_reg/DIADI[7]
                            (rising edge-triggered cell RAMB36E1 clocked by clk_core_mmcm  {rise@0.000ns fall@2.427ns period=4.854ns})
  Path Group:             clk_core_mmcm
  Path Type:              Hold (Min at Fast Process Corner)
  Requirement:            0.000ns  (clk_core_mmcm rise@0.000ns - clk_core_mmcm rise@0.000ns)
  Data Path Delay:        0.247ns  (logic 0.141ns (57.072%)  route 0.106ns (42.928%))
  Logic Levels:           0  
  Clock Path Skew:        0.056ns (DCD - SCD - CPR)
    Destination Clock Delay (DCD):    3.709ns
    Source Clock Delay      (SCD):    2.820ns
    Clock Pessimism Removal (CPR):    0.832ns

    Location             Delay type                Incr(ns)  Path(ns)    Netlist Resource(s)
  -------------------------------------------------------------------    -------------------
                         (clock clk_core_mmcm rise edge)
                                                      0.000     0.000 r  
    E3                                                0.000     0.000 r  clk_100mhz (IN)
                         net (fo=0)                   0.000     0.000    clk_100mhz
    E3                   IBUF (Prop_ibuf_I_O)         0.250     0.250 r  clk_100mhz_IBUF_inst/O
                         net (fo=1, routed)           0.644     0.894    clk_100mhz_IBUF
    BUFGCTRL_X0Y16       BUFG (Prop_bufg_I_O)         0.026     0.920 r  clk_100mhz_IBUF_BUFG_inst/O
                         net (fo=2651, routed)        0.624     1.544    clk_100mhz_IBUF_BUFG
    MMCME2_ADV_X0Y0      MMCME2_ADV (Prop_mmcme2_adv_CLKIN1_CLKOUT0)
                                                      0.050     1.594 r  u_mmcm/CLKOUT0
                         net (fo=1, routed)           0.648     2.242    clk_core_mmcm
    BUFGCTRL_X0Y0        BUFG (Prop_bufg_I_O)         0.026     2.268 r  u_bufg_core/O
                         net (fo=4995, routed)        0.553     2.820    u_mlkem/u_alu/clk_core
    SLICE_X63Y74         FDRE                                         r  u_mlkem/u_alu/rb_din_reg[7]/C
  -------------------------------------------------------------------    -------------------
    SLICE_X63Y74         FDRE (Prop_fdre_C_Q)         0.141     2.961 r  u_mlkem/u_alu/rb_din_reg[7]/Q
                         net (fo=1, routed)           0.106     3.067    u_mlkem/u_polyram/mem_reg_2[7]
    RAMB36_X1Y14         RAMB36E1                                     r  u_mlkem/u_polyram/mem_reg/DIADI[7]
  -------------------------------------------------------------------    -------------------

                         (clock clk_core_mmcm rise edge)
                                                      0.000     0.000 r  
    E3                                                0.000     0.000 r  clk_100mhz (IN)
                         net (fo=0)                   0.000     0.000    clk_100mhz
    E3                   IBUF (Prop_ibuf_I_O)         0.438     0.438 r  clk_100mhz_IBUF_inst/O
                         net (fo=1, routed)           0.699     1.136    clk_100mhz_IBUF
    BUFGCTRL_X0Y16       BUFG (Prop_bufg_I_O)         0.029     1.165 r  clk_100mhz_IBUF_BUFG_inst/O
                         net (fo=2651, routed)        0.898     2.063    clk_100mhz_IBUF_BUFG
    MMCME2_ADV_X0Y0      MMCME2_ADV (Prop_mmcme2_adv_CLKIN1_CLKOUT0)
                                                      0.053     2.116 r  u_mmcm/CLKOUT0
                         net (fo=1, routed)           0.700     2.816    clk_core_mmcm
    BUFGCTRL_X0Y0        BUFG (Prop_bufg_I_O)         0.029     2.845 r  u_bufg_core/O
                         net (fo=4995, routed)        0.864     3.709    u_mlkem/u_polyram/clk_core
    RAMB36_X1Y14         RAMB36E1                                     r  u_mlkem/u_polyram/mem_reg/CLKARDCLK
                         clock pessimism             -0.832     2.877    
    RAMB36_X1Y14         RAMB36E1 (Hold_ramb36e1_CLKARDCLK_DIADI[7])
                                                      0.155     3.032    u_mlkem/u_polyram/mem_reg
  -------------------------------------------------------------------
                         required time                         -3.032    
                         arrival time                           3.067    
  -------------------------------------------------------------------
                         slack                                  0.036    

Slack (MET) :             0.040ns  (arrival time - required time)
  Source:                 u_mlkem/u_pack/bias_r_reg[19]/C
                            (rising edge-triggered cell FDRE clocked by clk_core_mmcm  {rise@0.000ns fall@2.427ns period=4.854ns})
  Destination:            u_mlkem/u_pack/scaled6_reg[19]/D
                            (rising edge-triggered cell FDRE clocked by clk_core_mmcm  {rise@0.000ns fall@2.427ns period=4.854ns})
  Path Group:             clk_core_mmcm
  Path Type:              Hold (Min at Fast Process Corner)
  Requirement:            0.000ns  (clk_core_mmcm rise@0.000ns - clk_core_mmcm rise@0.000ns)
  Data Path Delay:        0.406ns  (logic 0.249ns (61.288%)  route 0.157ns (38.712%))
  Logic Levels:           2  (CARRY4=1 LUT2=1)
  Clock Path Skew:        0.261ns (DCD - SCD - CPR)
    Destination Clock Delay (DCD):    3.670ns
    Source Clock Delay      (SCD):    2.826ns
    Clock Pessimism Removal (CPR):    0.582ns

    Location             Delay type                Incr(ns)  Path(ns)    Netlist Resource(s)
  -------------------------------------------------------------------    -------------------
                         (clock clk_core_mmcm rise edge)
                                                      0.000     0.000 r  
    E3                                                0.000     0.000 r  clk_100mhz (IN)
                         net (fo=0)                   0.000     0.000    clk_100mhz
    E3                   IBUF (Prop_ibuf_I_O)         0.250     0.250 r  clk_100mhz_IBUF_inst/O
                         net (fo=1, routed)           0.644     0.894    clk_100mhz_IBUF
    BUFGCTRL_X0Y16       BUFG (Prop_bufg_I_O)         0.026     0.920 r  clk_100mhz_IBUF_BUFG_inst/O
                         net (fo=2651, routed)        0.624     1.544    clk_100mhz_IBUF_BUFG
    MMCME2_ADV_X0Y0      MMCME2_ADV (Prop_mmcme2_adv_CLKIN1_CLKOUT0)
                                                      0.050     1.594 r  u_mmcm/CLKOUT0
                         net (fo=1, routed)           0.648     2.242    clk_core_mmcm
    BUFGCTRL_X0Y0        BUFG (Prop_bufg_I_O)         0.026     2.268 r  u_bufg_core/O
                         net (fo=4995, routed)        0.559     2.826    u_mlkem/u_pack/clk_core
    SLICE_X51Y84         FDRE                                         r  u_mlkem/u_pack/bias_r_reg[19]/C
  -------------------------------------------------------------------    -------------------
    SLICE_X51Y84         FDRE (Prop_fdre_C_Q)         0.141     2.967 r  u_mlkem/u_pack/bias_r_reg[19]/Q
                         net (fo=1, routed)           0.157     3.125    u_mlkem/u_pack/bias_r[19]
    SLICE_X52Y83         LUT2 (Prop_lut2_I1_O)        0.045     3.170 r  u_mlkem/u_pack/scaled6[19]_i_3/O
                         net (fo=1, routed)           0.000     3.170    u_mlkem_n_61
    SLICE_X52Y83         CARRY4 (Prop_carry4_S[3]_O[3])
                                                      0.063     3.233 r  u_pack/scaled6_reg[19]_i_1/O[3]
                         net (fo=1, routed)           0.000     3.233    u_mlkem/u_pack/scaled6_reg[27]_0[1]
    SLICE_X52Y83         FDRE                                         r  u_mlkem/u_pack/scaled6_reg[19]/D
  -------------------------------------------------------------------    -------------------

                         (clock clk_core_mmcm rise edge)
                                                      0.000     0.000 r  
    E3                                                0.000     0.000 r  clk_100mhz (IN)
                         net (fo=0)                   0.000     0.000    clk_100mhz
    E3                   IBUF (Prop_ibuf_I_O)         0.438     0.438 r  clk_100mhz_IBUF_inst/O
                         net (fo=1, routed)           0.699     1.136    clk_100mhz_IBUF
    BUFGCTRL_X0Y16       BUFG (Prop_bufg_I_O)         0.029     1.165 r  clk_100mhz_IBUF_BUFG_inst/O
                         net (fo=2651, routed)        0.898     2.063    clk_100mhz_IBUF_BUFG
    MMCME2_ADV_X0Y0      MMCME2_ADV (Prop_mmcme2_adv_CLKIN1_CLKOUT0)
                                                      0.053     2.116 r  u_mmcm/CLKOUT0
                         net (fo=1, routed)           0.700     2.816    clk_core_mmcm
    BUFGCTRL_X0Y0        BUFG (Prop_bufg_I_O)         0.029     2.845 r  u_bufg_core/O
                         net (fo=4995, routed)        0.825     3.670    u_mlkem/u_pack/clk_core
    SLICE_X52Y83         FDRE                                         r  u_mlkem/u_pack/scaled6_reg[19]/C
                         clock pessimism             -0.582     3.087    
    SLICE_X52Y83         FDRE (Hold_fdre_C_D)         0.105     3.192    u_mlkem/u_pack/scaled6_reg[19]
  -------------------------------------------------------------------
                         required time                         -3.192    
                         arrival time                           3.233    
  -------------------------------------------------------------------
                         slack                                  0.040    

Slack (MET) :             0.041ns  (arrival time - required time)
  Source:                 u_mlkem/u_ctrl/pk_d_reg[0]/C
                            (rising edge-triggered cell FDRE clocked by clk_core_mmcm  {rise@0.000ns fall@2.427ns period=4.854ns})
  Destination:            u_mlkem/u_pack/d_r_reg[0]/D
                            (rising edge-triggered cell FDRE clocked by clk_core_mmcm  {rise@0.000ns fall@2.427ns period=4.854ns})
  Path Group:             clk_core_mmcm
  Path Type:              Hold (Min at Fast Process Corner)
  Requirement:            0.000ns  (clk_core_mmcm rise@0.000ns - clk_core_mmcm rise@0.000ns)
  Data Path Delay:        0.363ns  (logic 0.164ns (45.131%)  route 0.199ns (54.869%))
  Logic Levels:           0  
  Clock Path Skew:        0.263ns (DCD - SCD - CPR)
    Destination Clock Delay (DCD):    3.673ns
    Source Clock Delay      (SCD):    2.827ns
    Clock Pessimism Removal (CPR):    0.582ns

    Location             Delay type                Incr(ns)  Path(ns)    Netlist Resource(s)
  -------------------------------------------------------------------    -------------------
                         (clock clk_core_mmcm rise edge)
                                                      0.000     0.000 r  
    E3                                                0.000     0.000 r  clk_100mhz (IN)
                         net (fo=0)                   0.000     0.000    clk_100mhz
    E3                   IBUF (Prop_ibuf_I_O)         0.250     0.250 r  clk_100mhz_IBUF_inst/O
                         net (fo=1, routed)           0.644     0.894    clk_100mhz_IBUF
    BUFGCTRL_X0Y16       BUFG (Prop_bufg_I_O)         0.026     0.920 r  clk_100mhz_IBUF_BUFG_inst/O
                         net (fo=2651, routed)        0.624     1.544    clk_100mhz_IBUF_BUFG
    MMCME2_ADV_X0Y0      MMCME2_ADV (Prop_mmcme2_adv_CLKIN1_CLKOUT0)
                                                      0.050     1.594 r  u_mmcm/CLKOUT0
                         net (fo=1, routed)           0.648     2.242    clk_core_mmcm
    BUFGCTRL_X0Y0        BUFG (Prop_bufg_I_O)         0.026     2.268 r  u_bufg_core/O
                         net (fo=4995, routed)        0.560     2.827    u_mlkem/u_ctrl/clk_core
    SLICE_X50Y87         FDRE                                         r  u_mlkem/u_ctrl/pk_d_reg[0]/C
  -------------------------------------------------------------------    -------------------
    SLICE_X50Y87         FDRE (Prop_fdre_C_Q)         0.164     2.991 r  u_mlkem/u_ctrl/pk_d_reg[0]/Q
                         net (fo=23, routed)          0.199     3.191    u_mlkem/u_pack/d_r_reg[3]_0[0]
    SLICE_X56Y85         FDRE                                         r  u_mlkem/u_pack/d_r_reg[0]/D
  -------------------------------------------------------------------    -------------------

                         (clock clk_core_mmcm rise edge)
                                                      0.000     0.000 r  
    E3                                                0.000     0.000 r  clk_100mhz (IN)
                         net (fo=0)                   0.000     0.000    clk_100mhz
    E3                   IBUF (Prop_ibuf_I_O)         0.438     0.438 r  clk_100mhz_IBUF_inst/O
                         net (fo=1, routed)           0.699     1.136    clk_100mhz_IBUF
    BUFGCTRL_X0Y16       BUFG (Prop_bufg_I_O)         0.029     1.165 r  clk_100mhz_IBUF_BUFG_inst/O
                         net (fo=2651, routed)        0.898     2.063    clk_100mhz_IBUF_BUFG
    MMCME2_ADV_X0Y0      MMCME2_ADV (Prop_mmcme2_adv_CLKIN1_CLKOUT0)
                                                      0.053     2.116 r  u_mmcm/CLKOUT0
                         net (fo=1, routed)           0.700     2.816    clk_core_mmcm
    BUFGCTRL_X0Y0        BUFG (Prop_bufg_I_O)         0.029     2.845 r  u_bufg_core/O
                         net (fo=4995, routed)        0.828     3.673    u_mlkem/u_pack/clk_core
    SLICE_X56Y85         FDRE                                         r  u_mlkem/u_pack/d_r_reg[0]/C
                         clock pessimism             -0.582     3.090    
    SLICE_X56Y85         FDRE (Hold_fdre_C_D)         0.059     3.149    u_mlkem/u_pack/d_r_reg[0]
  -------------------------------------------------------------------
                         required time                         -3.149    
                         arrival time                           3.191    
  -------------------------------------------------------------------
                         slack                                  0.041    

Slack (MET) :             0.046ns  (arrival time - required time)
  Source:                 u_mlkem/u_alu/pg_reg[0][7]/C
                            (rising edge-triggered cell FDRE clocked by clk_core_mmcm  {rise@0.000ns fall@2.427ns period=4.854ns})
  Destination:            u_mlkem/u_alu/pg_reg[9][7]_srl9/D
                            (rising edge-triggered cell SRL16E clocked by clk_core_mmcm  {rise@0.000ns fall@2.427ns period=4.854ns})
  Path Group:             clk_core_mmcm
  Path Type:              Hold (Min at Fast Process Corner)
  Requirement:            0.000ns  (clk_core_mmcm rise@0.000ns - clk_core_mmcm rise@0.000ns)
  Data Path Delay:        0.243ns  (logic 0.141ns (58.024%)  route 0.102ns (41.976%))
  Logic Levels:           0  
  Clock Path Skew:        0.014ns (DCD - SCD - CPR)
    Destination Clock Delay (DCD):    3.677ns
    Source Clock Delay      (SCD):    2.829ns
    Clock Pessimism Removal (CPR):    0.833ns

    Location             Delay type                Incr(ns)  Path(ns)    Netlist Resource(s)
  -------------------------------------------------------------------    -------------------
                         (clock clk_core_mmcm rise edge)
                                                      0.000     0.000 r  
    E3                                                0.000     0.000 r  clk_100mhz (IN)
                         net (fo=0)                   0.000     0.000    clk_100mhz
    E3                   IBUF (Prop_ibuf_I_O)         0.250     0.250 r  clk_100mhz_IBUF_inst/O
                         net (fo=1, routed)           0.644     0.894    clk_100mhz_IBUF
    BUFGCTRL_X0Y16       BUFG (Prop_bufg_I_O)         0.026     0.920 r  clk_100mhz_IBUF_BUFG_inst/O
                         net (fo=2651, routed)        0.624     1.544    clk_100mhz_IBUF_BUFG
    MMCME2_ADV_X0Y0      MMCME2_ADV (Prop_mmcme2_adv_CLKIN1_CLKOUT0)
                                                      0.050     1.594 r  u_mmcm/CLKOUT0
                         net (fo=1, routed)           0.648     2.242    clk_core_mmcm
    BUFGCTRL_X0Y0        BUFG (Prop_bufg_I_O)         0.026     2.268 r  u_bufg_core/O
                         net (fo=4995, routed)        0.562     2.829    u_mlkem/u_alu/clk_core
    SLICE_X65Y65         FDRE                                         r  u_mlkem/u_alu/pg_reg[0][7]/C
  -------------------------------------------------------------------    -------------------
    SLICE_X65Y65         FDRE (Prop_fdre_C_Q)         0.141     2.970 r  u_mlkem/u_alu/pg_reg[0][7]/Q
                         net (fo=1, routed)           0.102     3.072    u_mlkem/u_alu/pg_reg_n_0_[0][7]
    SLICE_X66Y65         SRL16E                                       r  u_mlkem/u_alu/pg_reg[9][7]_srl9/D
  -------------------------------------------------------------------    -------------------

                         (clock clk_core_mmcm rise edge)
                                                      0.000     0.000 r  
    E3                                                0.000     0.000 r  clk_100mhz (IN)
                         net (fo=0)                   0.000     0.000    clk_100mhz
    E3                   IBUF (Prop_ibuf_I_O)         0.438     0.438 r  clk_100mhz_IBUF_inst/O
                         net (fo=1, routed)           0.699     1.136    clk_100mhz_IBUF
    BUFGCTRL_X0Y16       BUFG (Prop_bufg_I_O)         0.029     1.165 r  clk_100mhz_IBUF_BUFG_inst/O
                         net (fo=2651, routed)        0.898     2.063    clk_100mhz_IBUF_BUFG
    MMCME2_ADV_X0Y0      MMCME2_ADV (Prop_mmcme2_adv_CLKIN1_CLKOUT0)
                                                      0.053     2.116 r  u_mmcm/CLKOUT0
                         net (fo=1, routed)           0.700     2.816    clk_core_mmcm
    BUFGCTRL_X0Y0        BUFG (Prop_bufg_I_O)         0.029     2.845 r  u_bufg_core/O
                         net (fo=4995, routed)        0.832     3.677    u_mlkem/u_alu/clk_core
    SLICE_X66Y65         SRL16E                                       r  u_mlkem/u_alu/pg_reg[9][7]_srl9/CLK
                         clock pessimism             -0.833     2.843    
    SLICE_X66Y65         SRL16E (Hold_srl16e_CLK_D)
                                                      0.183     3.026    u_mlkem/u_alu/pg_reg[9][7]_srl9
  -------------------------------------------------------------------
                         required time                         -3.026    
                         arrival time                           3.072    
  -------------------------------------------------------------------
                         slack                                  0.046    

Slack (MET) :             0.059ns  (arrival time - required time)
  Source:                 u_mlkem/u_alu/rb_din_reg[3]/C
                            (rising edge-triggered cell FDRE clocked by clk_core_mmcm  {rise@0.000ns fall@2.427ns period=4.854ns})
  Destination:            u_mlkem/u_polyram/mem_reg/DIADI[3]
                            (rising edge-triggered cell RAMB36E1 clocked by clk_core_mmcm  {rise@0.000ns fall@2.427ns period=4.854ns})
  Path Group:             clk_core_mmcm
  Path Type:              Hold (Min at Fast Process Corner)
  Requirement:            0.000ns  (clk_core_mmcm rise@0.000ns - clk_core_mmcm rise@0.000ns)
  Data Path Delay:        0.270ns  (logic 0.164ns (60.728%)  route 0.106ns (39.272%))
  Logic Levels:           0  
  Clock Path Skew:        0.056ns (DCD - SCD - CPR)
    Destination Clock Delay (DCD):    3.709ns
    Source Clock Delay      (SCD):    2.820ns
    Clock Pessimism Removal (CPR):    0.832ns

    Location             Delay type                Incr(ns)  Path(ns)    Netlist Resource(s)
  -------------------------------------------------------------------    -------------------
                         (clock clk_core_mmcm rise edge)
                                                      0.000     0.000 r  
    E3                                                0.000     0.000 r  clk_100mhz (IN)
                         net (fo=0)                   0.000     0.000    clk_100mhz
    E3                   IBUF (Prop_ibuf_I_O)         0.250     0.250 r  clk_100mhz_IBUF_inst/O
                         net (fo=1, routed)           0.644     0.894    clk_100mhz_IBUF
    BUFGCTRL_X0Y16       BUFG (Prop_bufg_I_O)         0.026     0.920 r  clk_100mhz_IBUF_BUFG_inst/O
                         net (fo=2651, routed)        0.624     1.544    clk_100mhz_IBUF_BUFG
    MMCME2_ADV_X0Y0      MMCME2_ADV (Prop_mmcme2_adv_CLKIN1_CLKOUT0)
                                                      0.050     1.594 r  u_mmcm/CLKOUT0
                         net (fo=1, routed)           0.648     2.242    clk_core_mmcm
    BUFGCTRL_X0Y0        BUFG (Prop_bufg_I_O)         0.026     2.268 r  u_bufg_core/O
                         net (fo=4995, routed)        0.553     2.820    u_mlkem/u_alu/clk_core
    SLICE_X62Y74         FDRE                                         r  u_mlkem/u_alu/rb_din_reg[3]/C
  -------------------------------------------------------------------    -------------------
    SLICE_X62Y74         FDRE (Prop_fdre_C_Q)         0.164     2.984 r  u_mlkem/u_alu/rb_din_reg[3]/Q
                         net (fo=1, routed)           0.106     3.090    u_mlkem/u_polyram/mem_reg_2[3]
    RAMB36_X1Y14         RAMB36E1                                     r  u_mlkem/u_polyram/mem_reg/DIADI[3]
  -------------------------------------------------------------------    -------------------

                         (clock clk_core_mmcm rise edge)
                                                      0.000     0.000 r  
    E3                                                0.000     0.000 r  clk_100mhz (IN)
                         net (fo=0)                   0.000     0.000    clk_100mhz
    E3                   IBUF (Prop_ibuf_I_O)         0.438     0.438 r  clk_100mhz_IBUF_inst/O
                         net (fo=1, routed)           0.699     1.136    clk_100mhz_IBUF
    BUFGCTRL_X0Y16       BUFG (Prop_bufg_I_O)         0.029     1.165 r  clk_100mhz_IBUF_BUFG_inst/O
                         net (fo=2651, routed)        0.898     2.063    clk_100mhz_IBUF_BUFG
    MMCME2_ADV_X0Y0      MMCME2_ADV (Prop_mmcme2_adv_CLKIN1_CLKOUT0)
                                                      0.053     2.116 r  u_mmcm/CLKOUT0
                         net (fo=1, routed)           0.700     2.816    clk_core_mmcm
    BUFGCTRL_X0Y0        BUFG (Prop_bufg_I_O)         0.029     2.845 r  u_bufg_core/O
                         net (fo=4995, routed)        0.864     3.709    u_mlkem/u_polyram/clk_core
    RAMB36_X1Y14         RAMB36E1                                     r  u_mlkem/u_polyram/mem_reg/CLKARDCLK
                         clock pessimism             -0.832     2.877    
    RAMB36_X1Y14         RAMB36E1 (Hold_ramb36e1_CLKARDCLK_DIADI[3])
                                                      0.155     3.032    u_mlkem/u_polyram/mem_reg
  -------------------------------------------------------------------
                         required time                         -3.032    
                         arrival time                           3.090    
  -------------------------------------------------------------------
                         slack                                  0.059    

Slack (MET) :             0.062ns  (arrival time - required time)
  Source:                 u_mlkem/u_alu/rb_din_reg[2]/C
                            (rising edge-triggered cell FDRE clocked by clk_core_mmcm  {rise@0.000ns fall@2.427ns period=4.854ns})
  Destination:            u_mlkem/u_polyram/mem_reg/DIADI[2]
                            (rising edge-triggered cell RAMB36E1 clocked by clk_core_mmcm  {rise@0.000ns fall@2.427ns period=4.854ns})
  Path Group:             clk_core_mmcm
  Path Type:              Hold (Min at Fast Process Corner)
  Requirement:            0.000ns  (clk_core_mmcm rise@0.000ns - clk_core_mmcm rise@0.000ns)
  Data Path Delay:        0.270ns  (logic 0.164ns (60.728%)  route 0.106ns (39.272%))
  Logic Levels:           0  
  Clock Path Skew:        0.053ns (DCD - SCD - CPR)
    Destination Clock Delay (DCD):    3.709ns
    Source Clock Delay      (SCD):    2.823ns
    Clock Pessimism Removal (CPR):    0.832ns

    Location             Delay type                Incr(ns)  Path(ns)    Netlist Resource(s)
  -------------------------------------------------------------------    -------------------
                         (clock clk_core_mmcm rise edge)
                                                      0.000     0.000 r  
    E3                                                0.000     0.000 r  clk_100mhz (IN)
                         net (fo=0)                   0.000     0.000    clk_100mhz
    E3                   IBUF (Prop_ibuf_I_O)         0.250     0.250 r  clk_100mhz_IBUF_inst/O
                         net (fo=1, routed)           0.644     0.894    clk_100mhz_IBUF
    BUFGCTRL_X0Y16       BUFG (Prop_bufg_I_O)         0.026     0.920 r  clk_100mhz_IBUF_BUFG_inst/O
                         net (fo=2651, routed)        0.624     1.544    clk_100mhz_IBUF_BUFG
    MMCME2_ADV_X0Y0      MMCME2_ADV (Prop_mmcme2_adv_CLKIN1_CLKOUT0)
                                                      0.050     1.594 r  u_mmcm/CLKOUT0
                         net (fo=1, routed)           0.648     2.242    clk_core_mmcm
    BUFGCTRL_X0Y0        BUFG (Prop_bufg_I_O)         0.026     2.268 r  u_bufg_core/O
                         net (fo=4995, routed)        0.556     2.823    u_mlkem/u_alu/clk_core
    SLICE_X62Y71         FDRE                                         r  u_mlkem/u_alu/rb_din_reg[2]/C
  -------------------------------------------------------------------    -------------------
    SLICE_X62Y71         FDRE (Prop_fdre_C_Q)         0.164     2.987 r  u_mlkem/u_alu/rb_din_reg[2]/Q
                         net (fo=1, routed)           0.106     3.093    u_mlkem/u_polyram/mem_reg_2[2]
    RAMB36_X1Y14         RAMB36E1                                     r  u_mlkem/u_polyram/mem_reg/DIADI[2]
  -------------------------------------------------------------------    -------------------

                         (clock clk_core_mmcm rise edge)
                                                      0.000     0.000 r  
    E3                                                0.000     0.000 r  clk_100mhz (IN)
                         net (fo=0)                   0.000     0.000    clk_100mhz
    E3                   IBUF (Prop_ibuf_I_O)         0.438     0.438 r  clk_100mhz_IBUF_inst/O
                         net (fo=1, routed)           0.699     1.136    clk_100mhz_IBUF
    BUFGCTRL_X0Y16       BUFG (Prop_bufg_I_O)         0.029     1.165 r  clk_100mhz_IBUF_BUFG_inst/O
                         net (fo=2651, routed)        0.898     2.063    clk_100mhz_IBUF_BUFG
    MMCME2_ADV_X0Y0      MMCME2_ADV (Prop_mmcme2_adv_CLKIN1_CLKOUT0)
                                                      0.053     2.116 r  u_mmcm/CLKOUT0
                         net (fo=1, routed)           0.700     2.816    clk_core_mmcm
    BUFGCTRL_X0Y0        BUFG (Prop_bufg_I_O)         0.029     2.845 r  u_bufg_core/O
                         net (fo=4995, routed)        0.864     3.709    u_mlkem/u_polyram/clk_core
    RAMB36_X1Y14         RAMB36E1                                     r  u_mlkem/u_polyram/mem_reg/CLKARDCLK
                         clock pessimism             -0.832     2.877    
    RAMB36_X1Y14         RAMB36E1 (Hold_ramb36e1_CLKARDCLK_DIADI[2])
                                                      0.155     3.032    u_mlkem/u_polyram/mem_reg
  -------------------------------------------------------------------
                         required time                         -3.032    
                         arrival time                           3.093    
  -------------------------------------------------------------------
                         slack                                  0.062    

Slack (MET) :             0.072ns  (arrival time - required time)
  Source:                 u_mlkem/u_unpack/q1_reg[31]/C
                            (rising edge-triggered cell FDRE clocked by clk_core_mmcm  {rise@0.000ns fall@2.427ns period=4.854ns})
  Destination:            u_mlkem/u_unpack/q0_reg[31]/D
                            (rising edge-triggered cell FDRE clocked by clk_core_mmcm  {rise@0.000ns fall@2.427ns period=4.854ns})
  Path Group:             clk_core_mmcm
  Path Type:              Hold (Min at Fast Process Corner)
  Requirement:            0.000ns  (clk_core_mmcm rise@0.000ns - clk_core_mmcm rise@0.000ns)
  Data Path Delay:        0.427ns  (logic 0.209ns (48.972%)  route 0.218ns (51.028%))
  Logic Levels:           1  (LUT3=1)
  Clock Path Skew:        0.264ns (DCD - SCD - CPR)
    Destination Clock Delay (DCD):    3.675ns
    Source Clock Delay      (SCD):    2.828ns
    Clock Pessimism Removal (CPR):    0.582ns

    Location             Delay type                Incr(ns)  Path(ns)    Netlist Resource(s)
  -------------------------------------------------------------------    -------------------
                         (clock clk_core_mmcm rise edge)
                                                      0.000     0.000 r  
    E3                                                0.000     0.000 r  clk_100mhz (IN)
                         net (fo=0)                   0.000     0.000    clk_100mhz
    E3                   IBUF (Prop_ibuf_I_O)         0.250     0.250 r  clk_100mhz_IBUF_inst/O
                         net (fo=1, routed)           0.644     0.894    clk_100mhz_IBUF
    BUFGCTRL_X0Y16       BUFG (Prop_bufg_I_O)         0.026     0.920 r  clk_100mhz_IBUF_BUFG_inst/O
                         net (fo=2651, routed)        0.624     1.544    clk_100mhz_IBUF_BUFG
    MMCME2_ADV_X0Y0      MMCME2_ADV (Prop_mmcme2_adv_CLKIN1_CLKOUT0)
                                                      0.050     1.594 r  u_mmcm/CLKOUT0
                         net (fo=1, routed)           0.648     2.242    clk_core_mmcm
    BUFGCTRL_X0Y0        BUFG (Prop_bufg_I_O)         0.026     2.268 r  u_bufg_core/O
                         net (fo=4995, routed)        0.561     2.828    u_mlkem/u_unpack/clk_core
    SLICE_X50Y103        FDRE                                         r  u_mlkem/u_unpack/q1_reg[31]/C
  -------------------------------------------------------------------    -------------------
    SLICE_X50Y103        FDRE (Prop_fdre_C_Q)         0.164     2.992 r  u_mlkem/u_unpack/q1_reg[31]/Q
                         net (fo=2, routed)           0.218     3.210    u_mlkem/u_unpack/win[95]
    SLICE_X52Y103        LUT3 (Prop_lut3_I2_O)        0.045     3.255 r  u_mlkem/u_unpack/q0[31]_i_1/O
                         net (fo=1, routed)           0.000     3.255    u_mlkem/u_unpack/q0[31]_i_1_n_0
    SLICE_X52Y103        FDRE                                         r  u_mlkem/u_unpack/q0_reg[31]/D
  -------------------------------------------------------------------    -------------------

                         (clock clk_core_mmcm rise edge)
                                                      0.000     0.000 r  
    E3                                                0.000     0.000 r  clk_100mhz (IN)
                         net (fo=0)                   0.000     0.000    clk_100mhz
    E3                   IBUF (Prop_ibuf_I_O)         0.438     0.438 r  clk_100mhz_IBUF_inst/O
                         net (fo=1, routed)           0.699     1.136    clk_100mhz_IBUF
    BUFGCTRL_X0Y16       BUFG (Prop_bufg_I_O)         0.029     1.165 r  clk_100mhz_IBUF_BUFG_inst/O
                         net (fo=2651, routed)        0.898     2.063    clk_100mhz_IBUF_BUFG
    MMCME2_ADV_X0Y0      MMCME2_ADV (Prop_mmcme2_adv_CLKIN1_CLKOUT0)
                                                      0.053     2.116 r  u_mmcm/CLKOUT0
                         net (fo=1, routed)           0.700     2.816    clk_core_mmcm
    BUFGCTRL_X0Y0        BUFG (Prop_bufg_I_O)         0.029     2.845 r  u_bufg_core/O
                         net (fo=4995, routed)        0.829     3.675    u_mlkem/u_unpack/clk_core
    SLICE_X52Y103        FDRE                                         r  u_mlkem/u_unpack/q0_reg[31]/C
                         clock pessimism             -0.582     3.092    
    SLICE_X52Y103        FDRE (Hold_fdre_C_D)         0.091     3.183    u_mlkem/u_unpack/q0_reg[31]
  -------------------------------------------------------------------
                         required time                         -3.183    
                         arrival time                           3.255    
  -------------------------------------------------------------------
                         slack                                  0.072    

Slack (MET) :             0.079ns  (arrival time - required time)
  Source:                 u_mlkem/u_alu/cin_reg[23]/C
                            (rising edge-triggered cell FDRE clocked by clk_core_mmcm  {rise@0.000ns fall@2.427ns period=4.854ns})
  Destination:            u_mlkem/u_alu/cd_reg[12][23]_srl13/D
                            (rising edge-triggered cell SRL16E clocked by clk_core_mmcm  {rise@0.000ns fall@2.427ns period=4.854ns})
  Path Group:             clk_core_mmcm
  Path Type:              Hold (Min at Fast Process Corner)
  Requirement:            0.000ns  (clk_core_mmcm rise@0.000ns - clk_core_mmcm rise@0.000ns)
  Data Path Delay:        0.276ns  (logic 0.164ns (59.419%)  route 0.112ns (40.581%))
  Logic Levels:           0  
  Clock Path Skew:        0.014ns (DCD - SCD - CPR)
    Destination Clock Delay (DCD):    3.665ns
    Source Clock Delay      (SCD):    2.818ns
    Clock Pessimism Removal (CPR):    0.832ns

    Location             Delay type                Incr(ns)  Path(ns)    Netlist Resource(s)
  -------------------------------------------------------------------    -------------------
                         (clock clk_core_mmcm rise edge)
                                                      0.000     0.000 r  
    E3                                                0.000     0.000 r  clk_100mhz (IN)
                         net (fo=0)                   0.000     0.000    clk_100mhz
    E3                   IBUF (Prop_ibuf_I_O)         0.250     0.250 r  clk_100mhz_IBUF_inst/O
                         net (fo=1, routed)           0.644     0.894    clk_100mhz_IBUF
    BUFGCTRL_X0Y16       BUFG (Prop_bufg_I_O)         0.026     0.920 r  clk_100mhz_IBUF_BUFG_inst/O
                         net (fo=2651, routed)        0.624     1.544    clk_100mhz_IBUF_BUFG
    MMCME2_ADV_X0Y0      MMCME2_ADV (Prop_mmcme2_adv_CLKIN1_CLKOUT0)
                                                      0.050     1.594 r  u_mmcm/CLKOUT0
                         net (fo=1, routed)           0.648     2.242    clk_core_mmcm
    BUFGCTRL_X0Y0        BUFG (Prop_bufg_I_O)         0.026     2.268 r  u_bufg_core/O
                         net (fo=4995, routed)        0.551     2.818    u_mlkem/u_alu/clk_core
    SLICE_X60Y75         FDRE                                         r  u_mlkem/u_alu/cin_reg[23]/C
  -------------------------------------------------------------------    -------------------
    SLICE_X60Y75         FDRE (Prop_fdre_C_Q)         0.164     2.982 r  u_mlkem/u_alu/cin_reg[23]/Q
                         net (fo=1, routed)           0.112     3.094    u_mlkem/u_alu/cin[23]
    SLICE_X60Y76         SRL16E                                       r  u_mlkem/u_alu/cd_reg[12][23]_srl13/D
  -------------------------------------------------------------------    -------------------

                         (clock clk_core_mmcm rise edge)
                                                      0.000     0.000 r  
    E3                                                0.000     0.000 r  clk_100mhz (IN)
                         net (fo=0)                   0.000     0.000    clk_100mhz
    E3                   IBUF (Prop_ibuf_I_O)         0.438     0.438 r  clk_100mhz_IBUF_inst/O
                         net (fo=1, routed)           0.699     1.136    clk_100mhz_IBUF
    BUFGCTRL_X0Y16       BUFG (Prop_bufg_I_O)         0.029     1.165 r  clk_100mhz_IBUF_BUFG_inst/O
                         net (fo=2651, routed)        0.898     2.063    clk_100mhz_IBUF_BUFG
    MMCME2_ADV_X0Y0      MMCME2_ADV (Prop_mmcme2_adv_CLKIN1_CLKOUT0)
                                                      0.053     2.116 r  u_mmcm/CLKOUT0
                         net (fo=1, routed)           0.700     2.816    clk_core_mmcm
    BUFGCTRL_X0Y0        BUFG (Prop_bufg_I_O)         0.029     2.845 r  u_bufg_core/O
                         net (fo=4995, routed)        0.820     3.665    u_mlkem/u_alu/clk_core
    SLICE_X60Y76         SRL16E                                       r  u_mlkem/u_alu/cd_reg[12][23]_srl13/CLK
                         clock pessimism             -0.832     2.832    
    SLICE_X60Y76         SRL16E (Hold_srl16e_CLK_D)
                                                      0.183     3.015    u_mlkem/u_alu/cd_reg[12][23]_srl13
  -------------------------------------------------------------------
                         required time                         -3.015    
                         arrival time                           3.094    
  -------------------------------------------------------------------
                         slack                                  0.079    

Slack (MET) :             0.082ns  (arrival time - required time)
  Source:                 u_mlkem/u_pack/bias_r_reg[25]/C
                            (rising edge-triggered cell FDRE clocked by clk_core_mmcm  {rise@0.000ns fall@2.427ns period=4.854ns})
  Destination:            u_mlkem/u_pack/scaled6_reg[25]/D
                            (rising edge-triggered cell FDRE clocked by clk_core_mmcm  {rise@0.000ns fall@2.427ns period=4.854ns})
  Path Group:             clk_core_mmcm
  Path Type:              Hold (Min at Fast Process Corner)
  Requirement:            0.000ns  (clk_core_mmcm rise@0.000ns - clk_core_mmcm rise@0.000ns)
  Data Path Delay:        0.451ns  (logic 0.292ns (64.770%)  route 0.159ns (35.230%))
  Logic Levels:           2  (CARRY4=1 LUT2=1)
  Clock Path Skew:        0.264ns (DCD - SCD - CPR)
    Destination Clock Delay (DCD):    3.672ns
    Source Clock Delay      (SCD):    2.825ns
    Clock Pessimism Removal (CPR):    0.582ns

    Location             Delay type                Incr(ns)  Path(ns)    Netlist Resource(s)
  -------------------------------------------------------------------    -------------------
                         (clock clk_core_mmcm rise edge)
                                                      0.000     0.000 r  
    E3                                                0.000     0.000 r  clk_100mhz (IN)
                         net (fo=0)                   0.000     0.000    clk_100mhz
    E3                   IBUF (Prop_ibuf_I_O)         0.250     0.250 r  clk_100mhz_IBUF_inst/O
                         net (fo=1, routed)           0.644     0.894    clk_100mhz_IBUF
    BUFGCTRL_X0Y16       BUFG (Prop_bufg_I_O)         0.026     0.920 r  clk_100mhz_IBUF_BUFG_inst/O
                         net (fo=2651, routed)        0.624     1.544    clk_100mhz_IBUF_BUFG
    MMCME2_ADV_X0Y0      MMCME2_ADV (Prop_mmcme2_adv_CLKIN1_CLKOUT0)
                                                      0.050     1.594 r  u_mmcm/CLKOUT0
                         net (fo=1, routed)           0.648     2.242    clk_core_mmcm
    BUFGCTRL_X0Y0        BUFG (Prop_bufg_I_O)         0.026     2.268 r  u_bufg_core/O
                         net (fo=4995, routed)        0.558     2.825    u_mlkem/u_pack/clk_core
    SLICE_X51Y83         FDRE                                         r  u_mlkem/u_pack/bias_r_reg[25]/C
  -------------------------------------------------------------------    -------------------
    SLICE_X51Y83         FDRE (Prop_fdre_C_Q)         0.128     2.953 r  u_mlkem/u_pack/bias_r_reg[25]/Q
                         net (fo=1, routed)           0.159     3.112    u_mlkem/u_pack/bias_r[25]
    SLICE_X52Y85         LUT2 (Prop_lut2_I1_O)        0.099     3.211 r  u_mlkem/u_pack/scaled6[27]_i_3/O
                         net (fo=1, routed)           0.000     3.211    u_mlkem_n_70
    SLICE_X52Y85         CARRY4 (Prop_carry4_S[1]_O[1])
                                                      0.065     3.276 r  u_pack/scaled6_reg[27]_i_1/O[1]
                         net (fo=1, routed)           0.000     3.276    u_mlkem/u_pack/scaled6_reg[27]_0[7]
    SLICE_X52Y85         FDRE                                         r  u_mlkem/u_pack/scaled6_reg[25]/D
  -------------------------------------------------------------------    -------------------

                         (clock clk_core_mmcm rise edge)
                                                      0.000     0.000 r  
    E3                                                0.000     0.000 r  clk_100mhz (IN)
                         net (fo=0)                   0.000     0.000    clk_100mhz
    E3                   IBUF (Prop_ibuf_I_O)         0.438     0.438 r  clk_100mhz_IBUF_inst/O
                         net (fo=1, routed)           0.699     1.136    clk_100mhz_IBUF
    BUFGCTRL_X0Y16       BUFG (Prop_bufg_I_O)         0.029     1.165 r  clk_100mhz_IBUF_BUFG_inst/O
                         net (fo=2651, routed)        0.898     2.063    clk_100mhz_IBUF_BUFG
    MMCME2_ADV_X0Y0      MMCME2_ADV (Prop_mmcme2_adv_CLKIN1_CLKOUT0)
                                                      0.053     2.116 r  u_mmcm/CLKOUT0
                         net (fo=1, routed)           0.700     2.816    clk_core_mmcm
    BUFGCTRL_X0Y0        BUFG (Prop_bufg_I_O)         0.029     2.845 r  u_bufg_core/O
                         net (fo=4995, routed)        0.827     3.672    u_mlkem/u_pack/clk_core
    SLICE_X52Y85         FDRE                                         r  u_mlkem/u_pack/scaled6_reg[25]/C
                         clock pessimism             -0.582     3.089    
    SLICE_X52Y85         FDRE (Hold_fdre_C_D)         0.105     3.194    u_mlkem/u_pack/scaled6_reg[25]
  -------------------------------------------------------------------
                         required time                         -3.194    
                         arrival time                           3.276    
  -------------------------------------------------------------------
                         slack                                  0.082    

Slack (MET) :             0.086ns  (arrival time - required time)
  Source:                 u_mlkem/u_unpack/q2_reg[30]/C
                            (rising edge-triggered cell FDRE clocked by clk_core_mmcm  {rise@0.000ns fall@2.427ns period=4.854ns})
  Destination:            u_mlkem/u_unpack/q1_reg[30]/D
                            (rising edge-triggered cell FDRE clocked by clk_core_mmcm  {rise@0.000ns fall@2.427ns period=4.854ns})
  Path Group:             clk_core_mmcm
  Path Type:              Hold (Min at Fast Process Corner)
  Requirement:            0.000ns  (clk_core_mmcm rise@0.000ns - clk_core_mmcm rise@0.000ns)
  Data Path Delay:        0.440ns  (logic 0.209ns (47.463%)  route 0.231ns (52.537%))
  Logic Levels:           1  (LUT5=1)
  Clock Path Skew:        0.264ns (DCD - SCD - CPR)
    Destination Clock Delay (DCD):    3.675ns
    Source Clock Delay      (SCD):    2.828ns
    Clock Pessimism Removal (CPR):    0.582ns

    Location             Delay type                Incr(ns)  Path(ns)    Netlist Resource(s)
  -------------------------------------------------------------------    -------------------
                         (clock clk_core_mmcm rise edge)
                                                      0.000     0.000 r  
    E3                                                0.000     0.000 r  clk_100mhz (IN)
                         net (fo=0)                   0.000     0.000    clk_100mhz
    E3                   IBUF (Prop_ibuf_I_O)         0.250     0.250 r  clk_100mhz_IBUF_inst/O
                         net (fo=1, routed)           0.644     0.894    clk_100mhz_IBUF
    BUFGCTRL_X0Y16       BUFG (Prop_bufg_I_O)         0.026     0.920 r  clk_100mhz_IBUF_BUFG_inst/O
                         net (fo=2651, routed)        0.624     1.544    clk_100mhz_IBUF_BUFG
    MMCME2_ADV_X0Y0      MMCME2_ADV (Prop_mmcme2_adv_CLKIN1_CLKOUT0)
                                                      0.050     1.594 r  u_mmcm/CLKOUT0
                         net (fo=1, routed)           0.648     2.242    clk_core_mmcm
    BUFGCTRL_X0Y0        BUFG (Prop_bufg_I_O)         0.026     2.268 r  u_bufg_core/O
                         net (fo=4995, routed)        0.561     2.828    u_mlkem/u_unpack/clk_core
    SLICE_X50Y106        FDRE                                         r  u_mlkem/u_unpack/q2_reg[30]/C
  -------------------------------------------------------------------    -------------------
    SLICE_X50Y106        FDRE (Prop_fdre_C_Q)         0.164     2.992 r  u_mlkem/u_unpack/q2_reg[30]/Q
                         net (fo=1, routed)           0.231     3.224    u_mlkem/u_unpack/q2[30]
    SLICE_X52Y106        LUT5 (Prop_lut5_I4_O)        0.045     3.269 r  u_mlkem/u_unpack/q1[30]_i_1/O
                         net (fo=1, routed)           0.000     3.269    u_mlkem/u_unpack/q1[30]_i_1_n_0
    SLICE_X52Y106        FDRE                                         r  u_mlkem/u_unpack/q1_reg[30]/D
  -------------------------------------------------------------------    -------------------

                         (clock clk_core_mmcm rise edge)
                                                      0.000     0.000 r  
    E3                                                0.000     0.000 r  clk_100mhz (IN)
                         net (fo=0)                   0.000     0.000    clk_100mhz
    E3                   IBUF (Prop_ibuf_I_O)         0.438     0.438 r  clk_100mhz_IBUF_inst/O
                         net (fo=1, routed)           0.699     1.136    clk_100mhz_IBUF
    BUFGCTRL_X0Y16       BUFG (Prop_bufg_I_O)         0.029     1.165 r  clk_100mhz_IBUF_BUFG_inst/O
                         net (fo=2651, routed)        0.898     2.063    clk_100mhz_IBUF_BUFG
    MMCME2_ADV_X0Y0      MMCME2_ADV (Prop_mmcme2_adv_CLKIN1_CLKOUT0)
                                                      0.053     2.116 r  u_mmcm/CLKOUT0
                         net (fo=1, routed)           0.700     2.816    clk_core_mmcm
    BUFGCTRL_X0Y0        BUFG (Prop_bufg_I_O)         0.029     2.845 r  u_bufg_core/O
                         net (fo=4995, routed)        0.829     3.675    u_mlkem/u_unpack/clk_core
    SLICE_X52Y106        FDRE                                         r  u_mlkem/u_unpack/q1_reg[30]/C
                         clock pessimism             -0.582     3.092    
    SLICE_X52Y106        FDRE (Hold_fdre_C_D)         0.091     3.183    u_mlkem/u_unpack/q1_reg[30]
  -------------------------------------------------------------------
                         required time                         -3.183    
                         arrival time                           3.269    
  -------------------------------------------------------------------
                         slack                                  0.086    





Pulse Width Checks
--------------------------------------------------------------------------------------
Clock Name:         clk_core_mmcm
Waveform(ns):       { 0.000 2.427 }
Period(ns):         4.854
Sources:            { u_mmcm/CLKOUT0 }

Check Type        Corner  Lib Pin             Reference Pin  Required(ns)  Actual(ns)  Slack(ns)  Location         Pin
Min Period        n/a     RAMB36E1/CLKARDCLK  n/a            2.944         4.854       1.910      RAMB36_X1Y19     u_mlkem/u_dbuf/mem_reg_0/CLKARDCLK
Min Period        n/a     RAMB36E1/CLKBWRCLK  n/a            2.944         4.854       1.910      RAMB36_X1Y19     u_mlkem/u_dbuf/mem_reg_0/CLKBWRCLK
Min Period        n/a     RAMB36E1/CLKARDCLK  n/a            2.944         4.854       1.910      RAMB36_X1Y18     u_mlkem/u_dbuf/mem_reg_1/CLKARDCLK
Min Period        n/a     RAMB36E1/CLKBWRCLK  n/a            2.944         4.854       1.910      RAMB36_X1Y18     u_mlkem/u_dbuf/mem_reg_1/CLKBWRCLK
Min Period        n/a     RAMB36E1/CLKARDCLK  n/a            2.944         4.854       1.910      RAMB36_X1Y14     u_mlkem/u_polyram/mem_reg/CLKARDCLK
Min Period        n/a     RAMB36E1/CLKBWRCLK  n/a            2.944         4.854       1.910      RAMB36_X1Y14     u_mlkem/u_polyram/mem_reg/CLKBWRCLK
Min Period        n/a     BUFG/I              n/a            2.155         4.854       2.699      BUFGCTRL_X0Y0    u_bufg_core/I
Min Period        n/a     DSP48E1/CLK         n/a            2.154         4.854       2.700      DSP48_X2Y28      u_mlkem/u_alu/u_mul0/p2_reg/CLK
Min Period        n/a     DSP48E1/CLK         n/a            2.154         4.854       2.700      DSP48_X2Y26      u_mlkem/u_alu/u_mul1/p2_reg/CLK
Min Period        n/a     MMCME2_ADV/CLKOUT0  n/a            1.249         4.854       3.605      MMCME2_ADV_X0Y0  u_mmcm/CLKOUT0
Max Period        n/a     MMCME2_ADV/CLKOUT0  n/a            213.360       4.854       208.506    MMCME2_ADV_X0Y0  u_mmcm/CLKOUT0
Low Pulse Width   Slow    RAMD32/CLK          n/a            1.250         2.427       1.177      SLICE_X46Y111    u_mlkem/u_read_fifo/even_mem_reg_0_3_0_5/RAMA/CLK
Low Pulse Width   Fast    RAMD32/CLK          n/a            1.250         2.427       1.177      SLICE_X46Y111    u_mlkem/u_read_fifo/even_mem_reg_0_3_0_5/RAMA/CLK
Low Pulse Width   Slow    RAMD32/CLK          n/a            1.250         2.427       1.177      SLICE_X46Y111    u_mlkem/u_read_fifo/even_mem_reg_0_3_0_5/RAMA_D1/CLK
Low Pulse Width   Fast    RAMD32/CLK          n/a            1.250         2.427       1.177      SLICE_X46Y111    u_mlkem/u_read_fifo/even_mem_reg_0_3_0_5/RAMA_D1/CLK
Low Pulse Width   Slow    RAMD32/CLK          n/a            1.250         2.427       1.177      SLICE_X46Y111    u_mlkem/u_read_fifo/even_mem_reg_0_3_0_5/RAMB/CLK
Low Pulse Width   Fast    RAMD32/CLK          n/a            1.250         2.427       1.177      SLICE_X46Y111    u_mlkem/u_read_fifo/even_mem_reg_0_3_0_5/RAMB/CLK
Low Pulse Width   Slow    RAMD32/CLK          n/a            1.250         2.427       1.177      SLICE_X46Y111    u_mlkem/u_read_fifo/even_mem_reg_0_3_0_5/RAMB_D1/CLK
Low Pulse Width   Fast    RAMD32/CLK          n/a            1.250         2.427       1.177      SLICE_X46Y111    u_mlkem/u_read_fifo/even_mem_reg_0_3_0_5/RAMB_D1/CLK
Low Pulse Width   Slow    RAMD32/CLK          n/a            1.250         2.427       1.177      SLICE_X46Y111    u_mlkem/u_read_fifo/even_mem_reg_0_3_0_5/RAMC/CLK
Low Pulse Width   Fast    RAMD32/CLK          n/a            1.250         2.427       1.177      SLICE_X46Y111    u_mlkem/u_read_fifo/even_mem_reg_0_3_0_5/RAMC/CLK
High Pulse Width  Slow    RAMD32/CLK          n/a            1.250         2.427       1.177      SLICE_X46Y111    u_mlkem/u_read_fifo/even_mem_reg_0_3_0_5/RAMA/CLK
High Pulse Width  Fast    RAMD32/CLK          n/a            1.250         2.427       1.177      SLICE_X46Y111    u_mlkem/u_read_fifo/even_mem_reg_0_3_0_5/RAMA/CLK
High Pulse Width  Slow    RAMD32/CLK          n/a            1.250         2.427       1.177      SLICE_X46Y111    u_mlkem/u_read_fifo/even_mem_reg_0_3_0_5/RAMA_D1/CLK
High Pulse Width  Fast    RAMD32/CLK          n/a            1.250         2.427       1.177      SLICE_X46Y111    u_mlkem/u_read_fifo/even_mem_reg_0_3_0_5/RAMA_D1/CLK
High Pulse Width  Slow    RAMD32/CLK          n/a            1.250         2.427       1.177      SLICE_X46Y111    u_mlkem/u_read_fifo/even_mem_reg_0_3_0_5/RAMB/CLK
High Pulse Width  Fast    RAMD32/CLK          n/a            1.250         2.427       1.177      SLICE_X46Y111    u_mlkem/u_read_fifo/even_mem_reg_0_3_0_5/RAMB/CLK
High Pulse Width  Slow    RAMD32/CLK          n/a            1.250         2.427       1.177      SLICE_X46Y111    u_mlkem/u_read_fifo/even_mem_reg_0_3_0_5/RAMB_D1/CLK
High Pulse Width  Fast    RAMD32/CLK          n/a            1.250         2.427       1.177      SLICE_X46Y111    u_mlkem/u_read_fifo/even_mem_reg_0_3_0_5/RAMB_D1/CLK
High Pulse Width  Slow    RAMD32/CLK          n/a            1.250         2.427       1.177      SLICE_X46Y111    u_mlkem/u_read_fifo/even_mem_reg_0_3_0_5/RAMC/CLK
High Pulse Width  Fast    RAMD32/CLK          n/a            1.250         2.427       1.177      SLICE_X46Y111    u_mlkem/u_read_fifo/even_mem_reg_0_3_0_5/RAMC/CLK



---------------------------------------------------------------------------------------------------
From Clock:  mmcm_fb
  To Clock:  mmcm_fb

Setup :           NA  Failing Endpoints,  Worst Slack           NA  ,  Total Violation           NA
Hold  :           NA  Failing Endpoints,  Worst Slack           NA  ,  Total Violation           NA
PW    :            0  Failing Endpoints,  Worst Slack       48.751ns,  Total Violation        0.000ns
---------------------------------------------------------------------------------------------------


Pulse Width Checks
--------------------------------------------------------------------------------------
Clock Name:         mmcm_fb
Waveform(ns):       { 0.000 25.000 }
Period(ns):         50.000
Sources:            { u_mmcm/CLKFBOUT }

Check Type  Corner  Lib Pin              Reference Pin  Required(ns)  Actual(ns)  Slack(ns)  Location         Pin
Min Period  n/a     MMCME2_ADV/CLKFBOUT  n/a            1.249         50.000      48.751     MMCME2_ADV_X0Y0  u_mmcm/CLKFBOUT
Min Period  n/a     MMCME2_ADV/CLKFBIN   n/a            1.249         50.000      48.751     MMCME2_ADV_X0Y0  u_mmcm/CLKFBIN
Max Period  n/a     MMCME2_ADV/CLKFBIN   n/a            100.000       50.000      50.000     MMCME2_ADV_X0Y0  u_mmcm/CLKFBIN
Max Period  n/a     MMCME2_ADV/CLKFBOUT  n/a            213.360       50.000      163.360    MMCME2_ADV_X0Y0  u_mmcm/CLKFBOUT



---------------------------------------------------------------------------------------------------
Path Group:  **async_default**
From Clock:  sys_clk
  To Clock:  sys_clk

Setup :            0  Failing Endpoints,  Worst Slack        2.508ns,  Total Violation        0.000ns
Hold  :            0  Failing Endpoints,  Worst Slack        0.939ns,  Total Violation        0.000ns
---------------------------------------------------------------------------------------------------


Max Delay Paths
--------------------------------------------------------------------------------------
Slack (MET) :             2.508ns  (required time - arrival time)
  Source:                 rst_sync_reg[3]/C
                            (rising edge-triggered cell FDCE clocked by sys_clk  {rise@0.000ns fall@5.000ns period=10.000ns})
  Destination:            u_bridge/resp_len_reg[2]/CLR
                            (recovery check against rising-edge clock sys_clk  {rise@0.000ns fall@5.000ns period=10.000ns})
  Path Group:             **async_default**
  Path Type:              Recovery (Max at Slow Process Corner)
  Requirement:            10.000ns  (sys_clk rise@10.000ns - sys_clk rise@0.000ns)
  Data Path Delay:        6.993ns  (logic 0.580ns (8.293%)  route 6.413ns (91.707%))
  Logic Levels:           1  (LUT1=1)
  Clock Path Skew:        -0.058ns (DCD - SCD + CPR)
    Destination Clock Delay (DCD):    4.921ns = ( 14.921 - 10.000 ) 
    Source Clock Delay      (SCD):    5.238ns
    Clock Pessimism Removal (CPR):    0.259ns
  Clock Uncertainty:      0.035ns  ((TSJ^2 + TIJ^2)^1/2 + DJ) / 2 + PE
    Total System Jitter     (TSJ):    0.071ns
    Total Input Jitter      (TIJ):    0.000ns
    Discrete Jitter          (DJ):    0.000ns
    Phase Error              (PE):    0.000ns

    Location             Delay type                Incr(ns)  Path(ns)    Netlist Resource(s)
  -------------------------------------------------------------------    -------------------
                         (clock sys_clk rise edge)    0.000     0.000 r  
    E3                                                0.000     0.000 r  clk_100mhz (IN)
                         net (fo=0)                   0.000     0.000    clk_100mhz
    E3                   IBUF (Prop_ibuf_I_O)         1.482     1.482 r  clk_100mhz_IBUF_inst/O
                         net (fo=1, routed)           2.025     3.506    clk_100mhz_IBUF
    BUFGCTRL_X0Y16       BUFG (Prop_bufg_I_O)         0.096     3.602 r  clk_100mhz_IBUF_BUFG_inst/O
                         net (fo=2651, routed)        1.635     5.238    clk_100mhz_IBUF_BUFG
    SLICE_X28Y65         FDCE                                         r  rst_sync_reg[3]/C
  -------------------------------------------------------------------    -------------------
    SLICE_X28Y65         FDCE (Prop_fdce_C_Q)         0.456     5.694 r  rst_sync_reg[3]/Q
                         net (fo=41, routed)          0.986     6.679    u_bridge/tx_valid_reg_0[0]
    SLICE_X28Y69         LUT1 (Prop_lut1_I0_O)        0.124     6.803 f  u_bridge/FSM_sequential_state[1]_i_2/O
                         net (fo=596, routed)         5.428    12.231    u_bridge/rst_sync_reg[3]
    SLICE_X48Y76         FDCE                                         f  u_bridge/resp_len_reg[2]/CLR
  -------------------------------------------------------------------    -------------------

                         (clock sys_clk rise edge)   10.000    10.000 r  
    E3                                                0.000    10.000 r  clk_100mhz (IN)
                         net (fo=0)                   0.000    10.000    clk_100mhz
    E3                   IBUF (Prop_ibuf_I_O)         1.411    11.411 r  clk_100mhz_IBUF_inst/O
                         net (fo=1, routed)           1.920    13.331    clk_100mhz_IBUF
    BUFGCTRL_X0Y16       BUFG (Prop_bufg_I_O)         0.091    13.422 r  clk_100mhz_IBUF_BUFG_inst/O
                         net (fo=2651, routed)        1.498    14.921    u_bridge/clk_100mhz_IBUF_BUFG
    SLICE_X48Y76         FDCE                                         r  u_bridge/resp_len_reg[2]/C
                         clock pessimism              0.259    15.180    
                         clock uncertainty           -0.035    15.144    
    SLICE_X48Y76         FDCE (Recov_fdce_C_CLR)     -0.405    14.739    u_bridge/resp_len_reg[2]
  -------------------------------------------------------------------
                         required time                         14.739    
                         arrival time                         -12.231    
  -------------------------------------------------------------------
                         slack                                  2.508    

Slack (MET) :             2.508ns  (required time - arrival time)
  Source:                 rst_sync_reg[3]/C
                            (rising edge-triggered cell FDCE clocked by sys_clk  {rise@0.000ns fall@5.000ns period=10.000ns})
  Destination:            u_bridge/resp_len_reg[4]/CLR
                            (recovery check against rising-edge clock sys_clk  {rise@0.000ns fall@5.000ns period=10.000ns})
  Path Group:             **async_default**
  Path Type:              Recovery (Max at Slow Process Corner)
  Requirement:            10.000ns  (sys_clk rise@10.000ns - sys_clk rise@0.000ns)
  Data Path Delay:        6.993ns  (logic 0.580ns (8.293%)  route 6.413ns (91.707%))
  Logic Levels:           1  (LUT1=1)
  Clock Path Skew:        -0.058ns (DCD - SCD + CPR)
    Destination Clock Delay (DCD):    4.921ns = ( 14.921 - 10.000 ) 
    Source Clock Delay      (SCD):    5.238ns
    Clock Pessimism Removal (CPR):    0.259ns
  Clock Uncertainty:      0.035ns  ((TSJ^2 + TIJ^2)^1/2 + DJ) / 2 + PE
    Total System Jitter     (TSJ):    0.071ns
    Total Input Jitter      (TIJ):    0.000ns
    Discrete Jitter          (DJ):    0.000ns
    Phase Error              (PE):    0.000ns

    Location             Delay type                Incr(ns)  Path(ns)    Netlist Resource(s)
  -------------------------------------------------------------------    -------------------
                         (clock sys_clk rise edge)    0.000     0.000 r  
    E3                                                0.000     0.000 r  clk_100mhz (IN)
                         net (fo=0)                   0.000     0.000    clk_100mhz
    E3                   IBUF (Prop_ibuf_I_O)         1.482     1.482 r  clk_100mhz_IBUF_inst/O
                         net (fo=1, routed)           2.025     3.506    clk_100mhz_IBUF
    BUFGCTRL_X0Y16       BUFG (Prop_bufg_I_O)         0.096     3.602 r  clk_100mhz_IBUF_BUFG_inst/O
                         net (fo=2651, routed)        1.635     5.238    clk_100mhz_IBUF_BUFG
    SLICE_X28Y65         FDCE                                         r  rst_sync_reg[3]/C
  -------------------------------------------------------------------    -------------------
    SLICE_X28Y65         FDCE (Prop_fdce_C_Q)         0.456     5.694 r  rst_sync_reg[3]/Q
                         net (fo=41, routed)          0.986     6.679    u_bridge/tx_valid_reg_0[0]
    SLICE_X28Y69         LUT1 (Prop_lut1_I0_O)        0.124     6.803 f  u_bridge/FSM_sequential_state[1]_i_2/O
                         net (fo=596, routed)         5.428    12.231    u_bridge/rst_sync_reg[3]
    SLICE_X48Y76         FDCE                                         f  u_bridge/resp_len_reg[4]/CLR
  -------------------------------------------------------------------    -------------------

                         (clock sys_clk rise edge)   10.000    10.000 r  
    E3                                                0.000    10.000 r  clk_100mhz (IN)
                         net (fo=0)                   0.000    10.000    clk_100mhz
    E3                   IBUF (Prop_ibuf_I_O)         1.411    11.411 r  clk_100mhz_IBUF_inst/O
                         net (fo=1, routed)           1.920    13.331    clk_100mhz_IBUF
    BUFGCTRL_X0Y16       BUFG (Prop_bufg_I_O)         0.091    13.422 r  clk_100mhz_IBUF_BUFG_inst/O
                         net (fo=2651, routed)        1.498    14.921    u_bridge/clk_100mhz_IBUF_BUFG
    SLICE_X48Y76         FDCE                                         r  u_bridge/resp_len_reg[4]/C
                         clock pessimism              0.259    15.180    
                         clock uncertainty           -0.035    15.144    
    SLICE_X48Y76         FDCE (Recov_fdce_C_CLR)     -0.405    14.739    u_bridge/resp_len_reg[4]
  -------------------------------------------------------------------
                         required time                         14.739    
                         arrival time                         -12.231    
  -------------------------------------------------------------------
                         slack                                  2.508    

Slack (MET) :             2.508ns  (required time - arrival time)
  Source:                 rst_sync_reg[3]/C
                            (rising edge-triggered cell FDCE clocked by sys_clk  {rise@0.000ns fall@5.000ns period=10.000ns})
  Destination:            u_bridge/resp_len_reg[7]/CLR
                            (recovery check against rising-edge clock sys_clk  {rise@0.000ns fall@5.000ns period=10.000ns})
  Path Group:             **async_default**
  Path Type:              Recovery (Max at Slow Process Corner)
  Requirement:            10.000ns  (sys_clk rise@10.000ns - sys_clk rise@0.000ns)
  Data Path Delay:        6.993ns  (logic 0.580ns (8.293%)  route 6.413ns (91.707%))
  Logic Levels:           1  (LUT1=1)
  Clock Path Skew:        -0.058ns (DCD - SCD + CPR)
    Destination Clock Delay (DCD):    4.921ns = ( 14.921 - 10.000 ) 
    Source Clock Delay      (SCD):    5.238ns
    Clock Pessimism Removal (CPR):    0.259ns
  Clock Uncertainty:      0.035ns  ((TSJ^2 + TIJ^2)^1/2 + DJ) / 2 + PE
    Total System Jitter     (TSJ):    0.071ns
    Total Input Jitter      (TIJ):    0.000ns
    Discrete Jitter          (DJ):    0.000ns
    Phase Error              (PE):    0.000ns

    Location             Delay type                Incr(ns)  Path(ns)    Netlist Resource(s)
  -------------------------------------------------------------------    -------------------
                         (clock sys_clk rise edge)    0.000     0.000 r  
    E3                                                0.000     0.000 r  clk_100mhz (IN)
                         net (fo=0)                   0.000     0.000    clk_100mhz
    E3                   IBUF (Prop_ibuf_I_O)         1.482     1.482 r  clk_100mhz_IBUF_inst/O
                         net (fo=1, routed)           2.025     3.506    clk_100mhz_IBUF
    BUFGCTRL_X0Y16       BUFG (Prop_bufg_I_O)         0.096     3.602 r  clk_100mhz_IBUF_BUFG_inst/O
                         net (fo=2651, routed)        1.635     5.238    clk_100mhz_IBUF_BUFG
    SLICE_X28Y65         FDCE                                         r  rst_sync_reg[3]/C
  -------------------------------------------------------------------    -------------------
    SLICE_X28Y65         FDCE (Prop_fdce_C_Q)         0.456     5.694 r  rst_sync_reg[3]/Q
                         net (fo=41, routed)          0.986     6.679    u_bridge/tx_valid_reg_0[0]
    SLICE_X28Y69         LUT1 (Prop_lut1_I0_O)        0.124     6.803 f  u_bridge/FSM_sequential_state[1]_i_2/O
                         net (fo=596, routed)         5.428    12.231    u_bridge/rst_sync_reg[3]
    SLICE_X48Y76         FDCE                                         f  u_bridge/resp_len_reg[7]/CLR
  -------------------------------------------------------------------    -------------------

                         (clock sys_clk rise edge)   10.000    10.000 r  
    E3                                                0.000    10.000 r  clk_100mhz (IN)
                         net (fo=0)                   0.000    10.000    clk_100mhz
    E3                   IBUF (Prop_ibuf_I_O)         1.411    11.411 r  clk_100mhz_IBUF_inst/O
                         net (fo=1, routed)           1.920    13.331    clk_100mhz_IBUF
    BUFGCTRL_X0Y16       BUFG (Prop_bufg_I_O)         0.091    13.422 r  clk_100mhz_IBUF_BUFG_inst/O
                         net (fo=2651, routed)        1.498    14.921    u_bridge/clk_100mhz_IBUF_BUFG
    SLICE_X48Y76         FDCE                                         r  u_bridge/resp_len_reg[7]/C
                         clock pessimism              0.259    15.180    
                         clock uncertainty           -0.035    15.144    
    SLICE_X48Y76         FDCE (Recov_fdce_C_CLR)     -0.405    14.739    u_bridge/resp_len_reg[7]
  -------------------------------------------------------------------
                         required time                         14.739    
                         arrival time                         -12.231    
  -------------------------------------------------------------------
                         slack                                  2.508    

Slack (MET) :             2.558ns  (required time - arrival time)
  Source:                 rst_sync_reg[3]/C
                            (rising edge-triggered cell FDCE clocked by sys_clk  {rise@0.000ns fall@5.000ns period=10.000ns})
  Destination:            u_bridge/resp_len_reg[12]/CLR
                            (recovery check against rising-edge clock sys_clk  {rise@0.000ns fall@5.000ns period=10.000ns})
  Path Group:             **async_default**
  Path Type:              Recovery (Max at Slow Process Corner)
  Requirement:            10.000ns  (sys_clk rise@10.000ns - sys_clk rise@0.000ns)
  Data Path Delay:        6.944ns  (logic 0.580ns (8.352%)  route 6.364ns (91.648%))
  Logic Levels:           1  (LUT1=1)
  Clock Path Skew:        -0.057ns (DCD - SCD + CPR)
    Destination Clock Delay (DCD):    4.922ns = ( 14.922 - 10.000 ) 
    Source Clock Delay      (SCD):    5.238ns
    Clock Pessimism Removal (CPR):    0.259ns
  Clock Uncertainty:      0.035ns  ((TSJ^2 + TIJ^2)^1/2 + DJ) / 2 + PE
    Total System Jitter     (TSJ):    0.071ns
    Total Input Jitter      (TIJ):    0.000ns
    Discrete Jitter          (DJ):    0.000ns
    Phase Error              (PE):    0.000ns

    Location             Delay type                Incr(ns)  Path(ns)    Netlist Resource(s)
  -------------------------------------------------------------------    -------------------
                         (clock sys_clk rise edge)    0.000     0.000 r  
    E3                                                0.000     0.000 r  clk_100mhz (IN)
                         net (fo=0)                   0.000     0.000    clk_100mhz
    E3                   IBUF (Prop_ibuf_I_O)         1.482     1.482 r  clk_100mhz_IBUF_inst/O
                         net (fo=1, routed)           2.025     3.506    clk_100mhz_IBUF
    BUFGCTRL_X0Y16       BUFG (Prop_bufg_I_O)         0.096     3.602 r  clk_100mhz_IBUF_BUFG_inst/O
                         net (fo=2651, routed)        1.635     5.238    clk_100mhz_IBUF_BUFG
    SLICE_X28Y65         FDCE                                         r  rst_sync_reg[3]/C
  -------------------------------------------------------------------    -------------------
    SLICE_X28Y65         FDCE (Prop_fdce_C_Q)         0.456     5.694 r  rst_sync_reg[3]/Q
                         net (fo=41, routed)          0.986     6.679    u_bridge/tx_valid_reg_0[0]
    SLICE_X28Y69         LUT1 (Prop_lut1_I0_O)        0.124     6.803 f  u_bridge/FSM_sequential_state[1]_i_2/O
                         net (fo=596, routed)         5.379    12.182    u_bridge/rst_sync_reg[3]
    SLICE_X48Y77         FDCE                                         f  u_bridge/resp_len_reg[12]/CLR
  -------------------------------------------------------------------    -------------------

                         (clock sys_clk rise edge)   10.000    10.000 r  
    E3                                                0.000    10.000 r  clk_100mhz (IN)
                         net (fo=0)                   0.000    10.000    clk_100mhz
    E3                   IBUF (Prop_ibuf_I_O)         1.411    11.411 r  clk_100mhz_IBUF_inst/O
                         net (fo=1, routed)           1.920    13.331    clk_100mhz_IBUF
    BUFGCTRL_X0Y16       BUFG (Prop_bufg_I_O)         0.091    13.422 r  clk_100mhz_IBUF_BUFG_inst/O
                         net (fo=2651, routed)        1.499    14.922    u_bridge/clk_100mhz_IBUF_BUFG
    SLICE_X48Y77         FDCE                                         r  u_bridge/resp_len_reg[12]/C
                         clock pessimism              0.259    15.181    
                         clock uncertainty           -0.035    15.145    
    SLICE_X48Y77         FDCE (Recov_fdce_C_CLR)     -0.405    14.740    u_bridge/resp_len_reg[12]
  -------------------------------------------------------------------
                         required time                         14.740    
                         arrival time                         -12.182    
  -------------------------------------------------------------------
                         slack                                  2.558    

Slack (MET) :             2.558ns  (required time - arrival time)
  Source:                 rst_sync_reg[3]/C
                            (rising edge-triggered cell FDCE clocked by sys_clk  {rise@0.000ns fall@5.000ns period=10.000ns})
  Destination:            u_bridge/resp_len_reg[5]/CLR
                            (recovery check against rising-edge clock sys_clk  {rise@0.000ns fall@5.000ns period=10.000ns})
  Path Group:             **async_default**
  Path Type:              Recovery (Max at Slow Process Corner)
  Requirement:            10.000ns  (sys_clk rise@10.000ns - sys_clk rise@0.000ns)
  Data Path Delay:        6.944ns  (logic 0.580ns (8.352%)  route 6.364ns (91.648%))
  Logic Levels:           1  (LUT1=1)
  Clock Path Skew:        -0.057ns (DCD - SCD + CPR)
    Destination Clock Delay (DCD):    4.922ns = ( 14.922 - 10.000 ) 
    Source Clock Delay      (SCD):    5.238ns
    Clock Pessimism Removal (CPR):    0.259ns
  Clock Uncertainty:      0.035ns  ((TSJ^2 + TIJ^2)^1/2 + DJ) / 2 + PE
    Total System Jitter     (TSJ):    0.071ns
    Total Input Jitter      (TIJ):    0.000ns
    Discrete Jitter          (DJ):    0.000ns
    Phase Error              (PE):    0.000ns

    Location             Delay type                Incr(ns)  Path(ns)    Netlist Resource(s)
  -------------------------------------------------------------------    -------------------
                         (clock sys_clk rise edge)    0.000     0.000 r  
    E3                                                0.000     0.000 r  clk_100mhz (IN)
                         net (fo=0)                   0.000     0.000    clk_100mhz
    E3                   IBUF (Prop_ibuf_I_O)         1.482     1.482 r  clk_100mhz_IBUF_inst/O
                         net (fo=1, routed)           2.025     3.506    clk_100mhz_IBUF
    BUFGCTRL_X0Y16       BUFG (Prop_bufg_I_O)         0.096     3.602 r  clk_100mhz_IBUF_BUFG_inst/O
                         net (fo=2651, routed)        1.635     5.238    clk_100mhz_IBUF_BUFG
    SLICE_X28Y65         FDCE                                         r  rst_sync_reg[3]/C
  -------------------------------------------------------------------    -------------------
    SLICE_X28Y65         FDCE (Prop_fdce_C_Q)         0.456     5.694 r  rst_sync_reg[3]/Q
                         net (fo=41, routed)          0.986     6.679    u_bridge/tx_valid_reg_0[0]
    SLICE_X28Y69         LUT1 (Prop_lut1_I0_O)        0.124     6.803 f  u_bridge/FSM_sequential_state[1]_i_2/O
                         net (fo=596, routed)         5.379    12.182    u_bridge/rst_sync_reg[3]
    SLICE_X48Y77         FDCE                                         f  u_bridge/resp_len_reg[5]/CLR
  -------------------------------------------------------------------    -------------------

                         (clock sys_clk rise edge)   10.000    10.000 r  
    E3                                                0.000    10.000 r  clk_100mhz (IN)
                         net (fo=0)                   0.000    10.000    clk_100mhz
    E3                   IBUF (Prop_ibuf_I_O)         1.411    11.411 r  clk_100mhz_IBUF_inst/O
                         net (fo=1, routed)           1.920    13.331    clk_100mhz_IBUF
    BUFGCTRL_X0Y16       BUFG (Prop_bufg_I_O)         0.091    13.422 r  clk_100mhz_IBUF_BUFG_inst/O
                         net (fo=2651, routed)        1.499    14.922    u_bridge/clk_100mhz_IBUF_BUFG
    SLICE_X48Y77         FDCE                                         r  u_bridge/resp_len_reg[5]/C
                         clock pessimism              0.259    15.181    
                         clock uncertainty           -0.035    15.145    
    SLICE_X48Y77         FDCE (Recov_fdce_C_CLR)     -0.405    14.740    u_bridge/resp_len_reg[5]
  -------------------------------------------------------------------
                         required time                         14.740    
                         arrival time                         -12.182    
  -------------------------------------------------------------------
                         slack                                  2.558    

Slack (MET) :             2.652ns  (required time - arrival time)
  Source:                 rst_sync_reg[3]/C
                            (rising edge-triggered cell FDCE clocked by sys_clk  {rise@0.000ns fall@5.000ns period=10.000ns})
  Destination:            u_bridge/resp_len_reg[13]/CLR
                            (recovery check against rising-edge clock sys_clk  {rise@0.000ns fall@5.000ns period=10.000ns})
  Path Group:             **async_default**
  Path Type:              Recovery (Max at Slow Process Corner)
  Requirement:            10.000ns  (sys_clk rise@10.000ns - sys_clk rise@0.000ns)
  Data Path Delay:        6.853ns  (logic 0.580ns (8.464%)  route 6.273ns (91.536%))
  Logic Levels:           1  (LUT1=1)
  Clock Path Skew:        -0.055ns (DCD - SCD + CPR)
    Destination Clock Delay (DCD):    4.924ns = ( 14.924 - 10.000 ) 
    Source Clock Delay      (SCD):    5.238ns
    Clock Pessimism Removal (CPR):    0.259ns
  Clock Uncertainty:      0.035ns  ((TSJ^2 + TIJ^2)^1/2 + DJ) / 2 + PE
    Total System Jitter     (TSJ):    0.071ns
    Total Input Jitter      (TIJ):    0.000ns
    Discrete Jitter          (DJ):    0.000ns
    Phase Error              (PE):    0.000ns

    Location             Delay type                Incr(ns)  Path(ns)    Netlist Resource(s)
  -------------------------------------------------------------------    -------------------
                         (clock sys_clk rise edge)    0.000     0.000 r  
    E3                                                0.000     0.000 r  clk_100mhz (IN)
                         net (fo=0)                   0.000     0.000    clk_100mhz
    E3                   IBUF (Prop_ibuf_I_O)         1.482     1.482 r  clk_100mhz_IBUF_inst/O
                         net (fo=1, routed)           2.025     3.506    clk_100mhz_IBUF
    BUFGCTRL_X0Y16       BUFG (Prop_bufg_I_O)         0.096     3.602 r  clk_100mhz_IBUF_BUFG_inst/O
                         net (fo=2651, routed)        1.635     5.238    clk_100mhz_IBUF_BUFG
    SLICE_X28Y65         FDCE                                         r  rst_sync_reg[3]/C
  -------------------------------------------------------------------    -------------------
    SLICE_X28Y65         FDCE (Prop_fdce_C_Q)         0.456     5.694 r  rst_sync_reg[3]/Q
                         net (fo=41, routed)          0.986     6.679    u_bridge/tx_valid_reg_0[0]
    SLICE_X28Y69         LUT1 (Prop_lut1_I0_O)        0.124     6.803 f  u_bridge/FSM_sequential_state[1]_i_2/O
                         net (fo=596, routed)         5.287    12.090    u_bridge/rst_sync_reg[3]
    SLICE_X48Y78         FDCE                                         f  u_bridge/resp_len_reg[13]/CLR
  -------------------------------------------------------------------    -------------------

                         (clock sys_clk rise edge)   10.000    10.000 r  
    E3                                                0.000    10.000 r  clk_100mhz (IN)
                         net (fo=0)                   0.000    10.000    clk_100mhz
    E3                   IBUF (Prop_ibuf_I_O)         1.411    11.411 r  clk_100mhz_IBUF_inst/O
                         net (fo=1, routed)           1.920    13.331    clk_100mhz_IBUF
    BUFGCTRL_X0Y16       BUFG (Prop_bufg_I_O)         0.091    13.422 r  clk_100mhz_IBUF_BUFG_inst/O
                         net (fo=2651, routed)        1.501    14.924    u_bridge/clk_100mhz_IBUF_BUFG
    SLICE_X48Y78         FDCE                                         r  u_bridge/resp_len_reg[13]/C
                         clock pessimism              0.259    15.183    
                         clock uncertainty           -0.035    15.147    
    SLICE_X48Y78         FDCE (Recov_fdce_C_CLR)     -0.405    14.742    u_bridge/resp_len_reg[13]
  -------------------------------------------------------------------
                         required time                         14.742    
                         arrival time                         -12.090    
  -------------------------------------------------------------------
                         slack                                  2.652    

Slack (MET) :             2.652ns  (required time - arrival time)
  Source:                 rst_sync_reg[3]/C
                            (rising edge-triggered cell FDCE clocked by sys_clk  {rise@0.000ns fall@5.000ns period=10.000ns})
  Destination:            u_bridge/resp_len_reg[15]/CLR
                            (recovery check against rising-edge clock sys_clk  {rise@0.000ns fall@5.000ns period=10.000ns})
  Path Group:             **async_default**
  Path Type:              Recovery (Max at Slow Process Corner)
  Requirement:            10.000ns  (sys_clk rise@10.000ns - sys_clk rise@0.000ns)
  Data Path Delay:        6.853ns  (logic 0.580ns (8.464%)  route 6.273ns (91.536%))
  Logic Levels:           1  (LUT1=1)
  Clock Path Skew:        -0.055ns (DCD - SCD + CPR)
    Destination Clock Delay (DCD):    4.924ns = ( 14.924 - 10.000 ) 
    Source Clock Delay      (SCD):    5.238ns
    Clock Pessimism Removal (CPR):    0.259ns
  Clock Uncertainty:      0.035ns  ((TSJ^2 + TIJ^2)^1/2 + DJ) / 2 + PE
    Total System Jitter     (TSJ):    0.071ns
    Total Input Jitter      (TIJ):    0.000ns
    Discrete Jitter          (DJ):    0.000ns
    Phase Error              (PE):    0.000ns

    Location             Delay type                Incr(ns)  Path(ns)    Netlist Resource(s)
  -------------------------------------------------------------------    -------------------
                         (clock sys_clk rise edge)    0.000     0.000 r  
    E3                                                0.000     0.000 r  clk_100mhz (IN)
                         net (fo=0)                   0.000     0.000    clk_100mhz
    E3                   IBUF (Prop_ibuf_I_O)         1.482     1.482 r  clk_100mhz_IBUF_inst/O
                         net (fo=1, routed)           2.025     3.506    clk_100mhz_IBUF
    BUFGCTRL_X0Y16       BUFG (Prop_bufg_I_O)         0.096     3.602 r  clk_100mhz_IBUF_BUFG_inst/O
                         net (fo=2651, routed)        1.635     5.238    clk_100mhz_IBUF_BUFG
    SLICE_X28Y65         FDCE                                         r  rst_sync_reg[3]/C
  -------------------------------------------------------------------    -------------------
    SLICE_X28Y65         FDCE (Prop_fdce_C_Q)         0.456     5.694 r  rst_sync_reg[3]/Q
                         net (fo=41, routed)          0.986     6.679    u_bridge/tx_valid_reg_0[0]
    SLICE_X28Y69         LUT1 (Prop_lut1_I0_O)        0.124     6.803 f  u_bridge/FSM_sequential_state[1]_i_2/O
                         net (fo=596, routed)         5.287    12.090    u_bridge/rst_sync_reg[3]
    SLICE_X48Y78         FDCE                                         f  u_bridge/resp_len_reg[15]/CLR
  -------------------------------------------------------------------    -------------------

                         (clock sys_clk rise edge)   10.000    10.000 r  
    E3                                                0.000    10.000 r  clk_100mhz (IN)
                         net (fo=0)                   0.000    10.000    clk_100mhz
    E3                   IBUF (Prop_ibuf_I_O)         1.411    11.411 r  clk_100mhz_IBUF_inst/O
                         net (fo=1, routed)           1.920    13.331    clk_100mhz_IBUF
    BUFGCTRL_X0Y16       BUFG (Prop_bufg_I_O)         0.091    13.422 r  clk_100mhz_IBUF_BUFG_inst/O
                         net (fo=2651, routed)        1.501    14.924    u_bridge/clk_100mhz_IBUF_BUFG
    SLICE_X48Y78         FDCE                                         r  u_bridge/resp_len_reg[15]/C
                         clock pessimism              0.259    15.183    
                         clock uncertainty           -0.035    15.147    
    SLICE_X48Y78         FDCE (Recov_fdce_C_CLR)     -0.405    14.742    u_bridge/resp_len_reg[15]
  -------------------------------------------------------------------
                         required time                         14.742    
                         arrival time                         -12.090    
  -------------------------------------------------------------------
                         slack                                  2.652    

Slack (MET) :             2.656ns  (required time - arrival time)
  Source:                 rst_sync_reg[3]/C
                            (rising edge-triggered cell FDCE clocked by sys_clk  {rise@0.000ns fall@5.000ns period=10.000ns})
  Destination:            u_bridge/resp_len_reg[14]/CLR
                            (recovery check against rising-edge clock sys_clk  {rise@0.000ns fall@5.000ns period=10.000ns})
  Path Group:             **async_default**
  Path Type:              Recovery (Max at Slow Process Corner)
  Requirement:            10.000ns  (sys_clk rise@10.000ns - sys_clk rise@0.000ns)
  Data Path Delay:        6.848ns  (logic 0.580ns (8.469%)  route 6.268ns (91.531%))
  Logic Levels:           1  (LUT1=1)
  Clock Path Skew:        -0.055ns (DCD - SCD + CPR)
    Destination Clock Delay (DCD):    4.924ns = ( 14.924 - 10.000 ) 
    Source Clock Delay      (SCD):    5.238ns
    Clock Pessimism Removal (CPR):    0.259ns
  Clock Uncertainty:      0.035ns  ((TSJ^2 + TIJ^2)^1/2 + DJ) / 2 + PE
    Total System Jitter     (TSJ):    0.071ns
    Total Input Jitter      (TIJ):    0.000ns
    Discrete Jitter          (DJ):    0.000ns
    Phase Error              (PE):    0.000ns

    Location             Delay type                Incr(ns)  Path(ns)    Netlist Resource(s)
  -------------------------------------------------------------------    -------------------
                         (clock sys_clk rise edge)    0.000     0.000 r  
    E3                                                0.000     0.000 r  clk_100mhz (IN)
                         net (fo=0)                   0.000     0.000    clk_100mhz
    E3                   IBUF (Prop_ibuf_I_O)         1.482     1.482 r  clk_100mhz_IBUF_inst/O
                         net (fo=1, routed)           2.025     3.506    clk_100mhz_IBUF
    BUFGCTRL_X0Y16       BUFG (Prop_bufg_I_O)         0.096     3.602 r  clk_100mhz_IBUF_BUFG_inst/O
                         net (fo=2651, routed)        1.635     5.238    clk_100mhz_IBUF_BUFG
    SLICE_X28Y65         FDCE                                         r  rst_sync_reg[3]/C
  -------------------------------------------------------------------    -------------------
    SLICE_X28Y65         FDCE (Prop_fdce_C_Q)         0.456     5.694 r  rst_sync_reg[3]/Q
                         net (fo=41, routed)          0.986     6.679    u_bridge/tx_valid_reg_0[0]
    SLICE_X28Y69         LUT1 (Prop_lut1_I0_O)        0.124     6.803 f  u_bridge/FSM_sequential_state[1]_i_2/O
                         net (fo=596, routed)         5.283    12.086    u_bridge/rst_sync_reg[3]
    SLICE_X49Y78         FDCE                                         f  u_bridge/resp_len_reg[14]/CLR
  -------------------------------------------------------------------    -------------------

                         (clock sys_clk rise edge)   10.000    10.000 r  
    E3                                                0.000    10.000 r  clk_100mhz (IN)
                         net (fo=0)                   0.000    10.000    clk_100mhz
    E3                   IBUF (Prop_ibuf_I_O)         1.411    11.411 r  clk_100mhz_IBUF_inst/O
                         net (fo=1, routed)           1.920    13.331    clk_100mhz_IBUF
    BUFGCTRL_X0Y16       BUFG (Prop_bufg_I_O)         0.091    13.422 r  clk_100mhz_IBUF_BUFG_inst/O
                         net (fo=2651, routed)        1.501    14.924    u_bridge/clk_100mhz_IBUF_BUFG
    SLICE_X49Y78         FDCE                                         r  u_bridge/resp_len_reg[14]/C
                         clock pessimism              0.259    15.183    
                         clock uncertainty           -0.035    15.147    
    SLICE_X49Y78         FDCE (Recov_fdce_C_CLR)     -0.405    14.742    u_bridge/resp_len_reg[14]
  -------------------------------------------------------------------
                         required time                         14.742    
                         arrival time                         -12.086    
  -------------------------------------------------------------------
                         slack                                  2.656    

Slack (MET) :             2.656ns  (required time - arrival time)
  Source:                 rst_sync_reg[3]/C
                            (rising edge-triggered cell FDCE clocked by sys_clk  {rise@0.000ns fall@5.000ns period=10.000ns})
  Destination:            u_bridge/resp_len_reg[23]/CLR
                            (recovery check against rising-edge clock sys_clk  {rise@0.000ns fall@5.000ns period=10.000ns})
  Path Group:             **async_default**
  Path Type:              Recovery (Max at Slow Process Corner)
  Requirement:            10.000ns  (sys_clk rise@10.000ns - sys_clk rise@0.000ns)
  Data Path Delay:        6.848ns  (logic 0.580ns (8.469%)  route 6.268ns (91.531%))
  Logic Levels:           1  (LUT1=1)
  Clock Path Skew:        -0.055ns (DCD - SCD + CPR)
    Destination Clock Delay (DCD):    4.924ns = ( 14.924 - 10.000 ) 
    Source Clock Delay      (SCD):    5.238ns
    Clock Pessimism Removal (CPR):    0.259ns
  Clock Uncertainty:      0.035ns  ((TSJ^2 + TIJ^2)^1/2 + DJ) / 2 + PE
    Total System Jitter     (TSJ):    0.071ns
    Total Input Jitter      (TIJ):    0.000ns
    Discrete Jitter          (DJ):    0.000ns
    Phase Error              (PE):    0.000ns

    Location             Delay type                Incr(ns)  Path(ns)    Netlist Resource(s)
  -------------------------------------------------------------------    -------------------
                         (clock sys_clk rise edge)    0.000     0.000 r  
    E3                                                0.000     0.000 r  clk_100mhz (IN)
                         net (fo=0)                   0.000     0.000    clk_100mhz
    E3                   IBUF (Prop_ibuf_I_O)         1.482     1.482 r  clk_100mhz_IBUF_inst/O
                         net (fo=1, routed)           2.025     3.506    clk_100mhz_IBUF
    BUFGCTRL_X0Y16       BUFG (Prop_bufg_I_O)         0.096     3.602 r  clk_100mhz_IBUF_BUFG_inst/O
                         net (fo=2651, routed)        1.635     5.238    clk_100mhz_IBUF_BUFG
    SLICE_X28Y65         FDCE                                         r  rst_sync_reg[3]/C
  -------------------------------------------------------------------    -------------------
    SLICE_X28Y65         FDCE (Prop_fdce_C_Q)         0.456     5.694 r  rst_sync_reg[3]/Q
                         net (fo=41, routed)          0.986     6.679    u_bridge/tx_valid_reg_0[0]
    SLICE_X28Y69         LUT1 (Prop_lut1_I0_O)        0.124     6.803 f  u_bridge/FSM_sequential_state[1]_i_2/O
                         net (fo=596, routed)         5.283    12.086    u_bridge/rst_sync_reg[3]
    SLICE_X49Y78         FDCE                                         f  u_bridge/resp_len_reg[23]/CLR
  -------------------------------------------------------------------    -------------------

                         (clock sys_clk rise edge)   10.000    10.000 r  
    E3                                                0.000    10.000 r  clk_100mhz (IN)
                         net (fo=0)                   0.000    10.000    clk_100mhz
    E3                   IBUF (Prop_ibuf_I_O)         1.411    11.411 r  clk_100mhz_IBUF_inst/O
                         net (fo=1, routed)           1.920    13.331    clk_100mhz_IBUF
    BUFGCTRL_X0Y16       BUFG (Prop_bufg_I_O)         0.091    13.422 r  clk_100mhz_IBUF_BUFG_inst/O
                         net (fo=2651, routed)        1.501    14.924    u_bridge/clk_100mhz_IBUF_BUFG
    SLICE_X49Y78         FDCE                                         r  u_bridge/resp_len_reg[23]/C
                         clock pessimism              0.259    15.183    
                         clock uncertainty           -0.035    15.147    
    SLICE_X49Y78         FDCE (Recov_fdce_C_CLR)     -0.405    14.742    u_bridge/resp_len_reg[23]
  -------------------------------------------------------------------
                         required time                         14.742    
                         arrival time                         -12.086    
  -------------------------------------------------------------------
                         slack                                  2.656    

Slack (MET) :             2.704ns  (required time - arrival time)
  Source:                 rst_sync_reg[3]/C
                            (rising edge-triggered cell FDCE clocked by sys_clk  {rise@0.000ns fall@5.000ns period=10.000ns})
  Destination:            u_bridge/resp_len_reg[21]/CLR
                            (recovery check against rising-edge clock sys_clk  {rise@0.000ns fall@5.000ns period=10.000ns})
  Path Group:             **async_default**
  Path Type:              Recovery (Max at Slow Process Corner)
  Requirement:            10.000ns  (sys_clk rise@10.000ns - sys_clk rise@0.000ns)
  Data Path Delay:        6.802ns  (logic 0.580ns (8.527%)  route 6.222ns (91.473%))
  Logic Levels:           1  (LUT1=1)
  Clock Path Skew:        -0.054ns (DCD - SCD + CPR)
    Destination Clock Delay (DCD):    4.925ns = ( 14.925 - 10.000 ) 
    Source Clock Delay      (SCD):    5.238ns
    Clock Pessimism Removal (CPR):    0.259ns
  Clock Uncertainty:      0.035ns  ((TSJ^2 + TIJ^2)^1/2 + DJ) / 2 + PE
    Total System Jitter     (TSJ):    0.071ns
    Total Input Jitter      (TIJ):    0.000ns
    Discrete Jitter          (DJ):    0.000ns
    Phase Error              (PE):    0.000ns

    Location             Delay type                Incr(ns)  Path(ns)    Netlist Resource(s)
  -------------------------------------------------------------------    -------------------
                         (clock sys_clk rise edge)    0.000     0.000 r  
    E3                                                0.000     0.000 r  clk_100mhz (IN)
                         net (fo=0)                   0.000     0.000    clk_100mhz
    E3                   IBUF (Prop_ibuf_I_O)         1.482     1.482 r  clk_100mhz_IBUF_inst/O
                         net (fo=1, routed)           2.025     3.506    clk_100mhz_IBUF
    BUFGCTRL_X0Y16       BUFG (Prop_bufg_I_O)         0.096     3.602 r  clk_100mhz_IBUF_BUFG_inst/O
                         net (fo=2651, routed)        1.635     5.238    clk_100mhz_IBUF_BUFG
    SLICE_X28Y65         FDCE                                         r  rst_sync_reg[3]/C
  -------------------------------------------------------------------    -------------------
    SLICE_X28Y65         FDCE (Prop_fdce_C_Q)         0.456     5.694 r  rst_sync_reg[3]/Q
                         net (fo=41, routed)          0.986     6.679    u_bridge/tx_valid_reg_0[0]
    SLICE_X28Y69         LUT1 (Prop_lut1_I0_O)        0.124     6.803 f  u_bridge/FSM_sequential_state[1]_i_2/O
                         net (fo=596, routed)         5.236    12.039    u_bridge/rst_sync_reg[3]
    SLICE_X48Y79         FDCE                                         f  u_bridge/resp_len_reg[21]/CLR
  -------------------------------------------------------------------    -------------------

                         (clock sys_clk rise edge)   10.000    10.000 r  
    E3                                                0.000    10.000 r  clk_100mhz (IN)
                         net (fo=0)                   0.000    10.000    clk_100mhz
    E3                   IBUF (Prop_ibuf_I_O)         1.411    11.411 r  clk_100mhz_IBUF_inst/O
                         net (fo=1, routed)           1.920    13.331    clk_100mhz_IBUF
    BUFGCTRL_X0Y16       BUFG (Prop_bufg_I_O)         0.091    13.422 r  clk_100mhz_IBUF_BUFG_inst/O
                         net (fo=2651, routed)        1.502    14.925    u_bridge/clk_100mhz_IBUF_BUFG
    SLICE_X48Y79         FDCE                                         r  u_bridge/resp_len_reg[21]/C
                         clock pessimism              0.259    15.184    
                         clock uncertainty           -0.035    15.148    
    SLICE_X48Y79         FDCE (Recov_fdce_C_CLR)     -0.405    14.743    u_bridge/resp_len_reg[21]
  -------------------------------------------------------------------
                         required time                         14.743    
                         arrival time                         -12.039    
  -------------------------------------------------------------------
                         slack                                  2.704    





Min Delay Paths
--------------------------------------------------------------------------------------
Slack (MET) :             0.939ns  (arrival time - required time)
  Source:                 rst_sync_reg[3]/C
                            (rising edge-triggered cell FDCE clocked by sys_clk  {rise@0.000ns fall@5.000ns period=10.000ns})
  Destination:            u_bridge/timeout_reg[0]/CLR
                            (removal check against rising-edge clock sys_clk  {rise@0.000ns fall@5.000ns period=10.000ns})
  Path Group:             **async_default**
  Path Type:              Removal (Min at Fast Process Corner)
  Requirement:            0.000ns  (sys_clk rise@0.000ns - sys_clk rise@0.000ns)
  Data Path Delay:        0.906ns  (logic 0.186ns (20.523%)  route 0.720ns (79.477%))
  Logic Levels:           1  (LUT1=1)
  Clock Path Skew:        0.034ns (DCD - SCD - CPR)
    Destination Clock Delay (DCD):    2.001ns
    Source Clock Delay      (SCD):    1.487ns
    Clock Pessimism Removal (CPR):    0.479ns

    Location             Delay type                Incr(ns)  Path(ns)    Netlist Resource(s)
  -------------------------------------------------------------------    -------------------
                         (clock sys_clk rise edge)    0.000     0.000 r  
    E3                                                0.000     0.000 r  clk_100mhz (IN)
                         net (fo=0)                   0.000     0.000    clk_100mhz
    E3                   IBUF (Prop_ibuf_I_O)         0.250     0.250 r  clk_100mhz_IBUF_inst/O
                         net (fo=1, routed)           0.644     0.894    clk_100mhz_IBUF
    BUFGCTRL_X0Y16       BUFG (Prop_bufg_I_O)         0.026     0.920 r  clk_100mhz_IBUF_BUFG_inst/O
                         net (fo=2651, routed)        0.568     1.487    clk_100mhz_IBUF_BUFG
    SLICE_X28Y65         FDCE                                         r  rst_sync_reg[3]/C
  -------------------------------------------------------------------    -------------------
    SLICE_X28Y65         FDCE (Prop_fdce_C_Q)         0.141     1.628 r  rst_sync_reg[3]/Q
                         net (fo=41, routed)          0.376     2.004    u_bridge/tx_valid_reg_0[0]
    SLICE_X28Y69         LUT1 (Prop_lut1_I0_O)        0.045     2.049 f  u_bridge/FSM_sequential_state[1]_i_2/O
                         net (fo=596, routed)         0.345     2.394    u_bridge/rst_sync_reg[3]
    SLICE_X14Y69         FDCE                                         f  u_bridge/timeout_reg[0]/CLR
  -------------------------------------------------------------------    -------------------

                         (clock sys_clk rise edge)    0.000     0.000 r  
    E3                                                0.000     0.000 r  clk_100mhz (IN)
                         net (fo=0)                   0.000     0.000    clk_100mhz
    E3                   IBUF (Prop_ibuf_I_O)         0.438     0.438 r  clk_100mhz_IBUF_inst/O
                         net (fo=1, routed)           0.699     1.136    clk_100mhz_IBUF
    BUFGCTRL_X0Y16       BUFG (Prop_bufg_I_O)         0.029     1.165 r  clk_100mhz_IBUF_BUFG_inst/O
                         net (fo=2651, routed)        0.836     2.001    u_bridge/clk_100mhz_IBUF_BUFG
    SLICE_X14Y69         FDCE                                         r  u_bridge/timeout_reg[0]/C
                         clock pessimism             -0.479     1.521    
    SLICE_X14Y69         FDCE (Remov_fdce_C_CLR)     -0.067     1.454    u_bridge/timeout_reg[0]
  -------------------------------------------------------------------
                         required time                         -1.454    
                         arrival time                           2.394    
  -------------------------------------------------------------------
                         slack                                  0.939    

Slack (MET) :             0.968ns  (arrival time - required time)
  Source:                 rst_sync_reg[3]/C
                            (rising edge-triggered cell FDCE clocked by sys_clk  {rise@0.000ns fall@5.000ns period=10.000ns})
  Destination:            u_bridge/timeout_reg[10]/CLR
                            (removal check against rising-edge clock sys_clk  {rise@0.000ns fall@5.000ns period=10.000ns})
  Path Group:             **async_default**
  Path Type:              Removal (Min at Fast Process Corner)
  Requirement:            0.000ns  (sys_clk rise@0.000ns - sys_clk rise@0.000ns)
  Data Path Delay:        0.910ns  (logic 0.186ns (20.438%)  route 0.724ns (79.562%))
  Logic Levels:           1  (LUT1=1)
  Clock Path Skew:        0.034ns (DCD - SCD - CPR)
    Destination Clock Delay (DCD):    2.001ns
    Source Clock Delay      (SCD):    1.487ns
    Clock Pessimism Removal (CPR):    0.479ns

    Location             Delay type                Incr(ns)  Path(ns)    Netlist Resource(s)
  -------------------------------------------------------------------    -------------------
                         (clock sys_clk rise edge)    0.000     0.000 r  
    E3                                                0.000     0.000 r  clk_100mhz (IN)
                         net (fo=0)                   0.000     0.000    clk_100mhz
    E3                   IBUF (Prop_ibuf_I_O)         0.250     0.250 r  clk_100mhz_IBUF_inst/O
                         net (fo=1, routed)           0.644     0.894    clk_100mhz_IBUF
    BUFGCTRL_X0Y16       BUFG (Prop_bufg_I_O)         0.026     0.920 r  clk_100mhz_IBUF_BUFG_inst/O
                         net (fo=2651, routed)        0.568     1.487    clk_100mhz_IBUF_BUFG
    SLICE_X28Y65         FDCE                                         r  rst_sync_reg[3]/C
  -------------------------------------------------------------------    -------------------
    SLICE_X28Y65         FDCE (Prop_fdce_C_Q)         0.141     1.628 r  rst_sync_reg[3]/Q
                         net (fo=41, routed)          0.376     2.004    u_bridge/tx_valid_reg_0[0]
    SLICE_X28Y69         LUT1 (Prop_lut1_I0_O)        0.045     2.049 f  u_bridge/FSM_sequential_state[1]_i_2/O
                         net (fo=596, routed)         0.348     2.397    u_bridge/rst_sync_reg[3]
    SLICE_X13Y69         FDCE                                         f  u_bridge/timeout_reg[10]/CLR
  -------------------------------------------------------------------    -------------------

                         (clock sys_clk rise edge)    0.000     0.000 r  
    E3                                                0.000     0.000 r  clk_100mhz (IN)
                         net (fo=0)                   0.000     0.000    clk_100mhz
    E3                   IBUF (Prop_ibuf_I_O)         0.438     0.438 r  clk_100mhz_IBUF_inst/O
                         net (fo=1, routed)           0.699     1.136    clk_100mhz_IBUF
    BUFGCTRL_X0Y16       BUFG (Prop_bufg_I_O)         0.029     1.165 r  clk_100mhz_IBUF_BUFG_inst/O
                         net (fo=2651, routed)        0.836     2.001    u_bridge/clk_100mhz_IBUF_BUFG
    SLICE_X13Y69         FDCE                                         r  u_bridge/timeout_reg[10]/C
                         clock pessimism             -0.479     1.521    
    SLICE_X13Y69         FDCE (Remov_fdce_C_CLR)     -0.092     1.429    u_bridge/timeout_reg[10]
  -------------------------------------------------------------------
                         required time                         -1.429    
                         arrival time                           2.397    
  -------------------------------------------------------------------
                         slack                                  0.968    

Slack (MET) :             0.968ns  (arrival time - required time)
  Source:                 rst_sync_reg[3]/C
                            (rising edge-triggered cell FDCE clocked by sys_clk  {rise@0.000ns fall@5.000ns period=10.000ns})
  Destination:            u_bridge/timeout_reg[11]/CLR
                            (removal check against rising-edge clock sys_clk  {rise@0.000ns fall@5.000ns period=10.000ns})
  Path Group:             **async_default**
  Path Type:              Removal (Min at Fast Process Corner)
  Requirement:            0.000ns  (sys_clk rise@0.000ns - sys_clk rise@0.000ns)
  Data Path Delay:        0.910ns  (logic 0.186ns (20.438%)  route 0.724ns (79.562%))
  Logic Levels:           1  (LUT1=1)
  Clock Path Skew:        0.034ns (DCD - SCD - CPR)
    Destination Clock Delay (DCD):    2.001ns
    Source Clock Delay      (SCD):    1.487ns
    Clock Pessimism Removal (CPR):    0.479ns

    Location             Delay type                Incr(ns)  Path(ns)    Netlist Resource(s)
  -------------------------------------------------------------------    -------------------
                         (clock sys_clk rise edge)    0.000     0.000 r  
    E3                                                0.000     0.000 r  clk_100mhz (IN)
                         net (fo=0)                   0.000     0.000    clk_100mhz
    E3                   IBUF (Prop_ibuf_I_O)         0.250     0.250 r  clk_100mhz_IBUF_inst/O
                         net (fo=1, routed)           0.644     0.894    clk_100mhz_IBUF
    BUFGCTRL_X0Y16       BUFG (Prop_bufg_I_O)         0.026     0.920 r  clk_100mhz_IBUF_BUFG_inst/O
                         net (fo=2651, routed)        0.568     1.487    clk_100mhz_IBUF_BUFG
    SLICE_X28Y65         FDCE                                         r  rst_sync_reg[3]/C
  -------------------------------------------------------------------    -------------------
    SLICE_X28Y65         FDCE (Prop_fdce_C_Q)         0.141     1.628 r  rst_sync_reg[3]/Q
                         net (fo=41, routed)          0.376     2.004    u_bridge/tx_valid_reg_0[0]
    SLICE_X28Y69         LUT1 (Prop_lut1_I0_O)        0.045     2.049 f  u_bridge/FSM_sequential_state[1]_i_2/O
                         net (fo=596, routed)         0.348     2.397    u_bridge/rst_sync_reg[3]
    SLICE_X13Y69         FDCE                                         f  u_bridge/timeout_reg[11]/CLR
  -------------------------------------------------------------------    -------------------

                         (clock sys_clk rise edge)    0.000     0.000 r  
    E3                                                0.000     0.000 r  clk_100mhz (IN)
                         net (fo=0)                   0.000     0.000    clk_100mhz
    E3                   IBUF (Prop_ibuf_I_O)         0.438     0.438 r  clk_100mhz_IBUF_inst/O
                         net (fo=1, routed)           0.699     1.136    clk_100mhz_IBUF
    BUFGCTRL_X0Y16       BUFG (Prop_bufg_I_O)         0.029     1.165 r  clk_100mhz_IBUF_BUFG_inst/O
                         net (fo=2651, routed)        0.836     2.001    u_bridge/clk_100mhz_IBUF_BUFG
    SLICE_X13Y69         FDCE                                         r  u_bridge/timeout_reg[11]/C
                         clock pessimism             -0.479     1.521    
    SLICE_X13Y69         FDCE (Remov_fdce_C_CLR)     -0.092     1.429    u_bridge/timeout_reg[11]
  -------------------------------------------------------------------
                         required time                         -1.429    
                         arrival time                           2.397    
  -------------------------------------------------------------------
                         slack                                  0.968    

Slack (MET) :             0.968ns  (arrival time - required time)
  Source:                 rst_sync_reg[3]/C
                            (rising edge-triggered cell FDCE clocked by sys_clk  {rise@0.000ns fall@5.000ns period=10.000ns})
  Destination:            u_bridge/timeout_reg[12]/CLR
                            (removal check against rising-edge clock sys_clk  {rise@0.000ns fall@5.000ns period=10.000ns})
  Path Group:             **async_default**
  Path Type:              Removal (Min at Fast Process Corner)
  Requirement:            0.000ns  (sys_clk rise@0.000ns - sys_clk rise@0.000ns)
  Data Path Delay:        0.910ns  (logic 0.186ns (20.438%)  route 0.724ns (79.562%))
  Logic Levels:           1  (LUT1=1)
  Clock Path Skew:        0.034ns (DCD - SCD - CPR)
    Destination Clock Delay (DCD):    2.001ns
    Source Clock Delay      (SCD):    1.487ns
    Clock Pessimism Removal (CPR):    0.479ns

    Location             Delay type                Incr(ns)  Path(ns)    Netlist Resource(s)
  -------------------------------------------------------------------    -------------------
                         (clock sys_clk rise edge)    0.000     0.000 r  
    E3                                                0.000     0.000 r  clk_100mhz (IN)
                         net (fo=0)                   0.000     0.000    clk_100mhz
    E3                   IBUF (Prop_ibuf_I_O)         0.250     0.250 r  clk_100mhz_IBUF_inst/O
                         net (fo=1, routed)           0.644     0.894    clk_100mhz_IBUF
    BUFGCTRL_X0Y16       BUFG (Prop_bufg_I_O)         0.026     0.920 r  clk_100mhz_IBUF_BUFG_inst/O
                         net (fo=2651, routed)        0.568     1.487    clk_100mhz_IBUF_BUFG
    SLICE_X28Y65         FDCE                                         r  rst_sync_reg[3]/C
  -------------------------------------------------------------------    -------------------
    SLICE_X28Y65         FDCE (Prop_fdce_C_Q)         0.141     1.628 r  rst_sync_reg[3]/Q
                         net (fo=41, routed)          0.376     2.004    u_bridge/tx_valid_reg_0[0]
    SLICE_X28Y69         LUT1 (Prop_lut1_I0_O)        0.045     2.049 f  u_bridge/FSM_sequential_state[1]_i_2/O
                         net (fo=596, routed)         0.348     2.397    u_bridge/rst_sync_reg[3]
    SLICE_X13Y69         FDCE                                         f  u_bridge/timeout_reg[12]/CLR
  -------------------------------------------------------------------    -------------------

                         (clock sys_clk rise edge)    0.000     0.000 r  
    E3                                                0.000     0.000 r  clk_100mhz (IN)
                         net (fo=0)                   0.000     0.000    clk_100mhz
    E3                   IBUF (Prop_ibuf_I_O)         0.438     0.438 r  clk_100mhz_IBUF_inst/O
                         net (fo=1, routed)           0.699     1.136    clk_100mhz_IBUF
    BUFGCTRL_X0Y16       BUFG (Prop_bufg_I_O)         0.029     1.165 r  clk_100mhz_IBUF_BUFG_inst/O
                         net (fo=2651, routed)        0.836     2.001    u_bridge/clk_100mhz_IBUF_BUFG
    SLICE_X13Y69         FDCE                                         r  u_bridge/timeout_reg[12]/C
                         clock pessimism             -0.479     1.521    
    SLICE_X13Y69         FDCE (Remov_fdce_C_CLR)     -0.092     1.429    u_bridge/timeout_reg[12]
  -------------------------------------------------------------------
                         required time                         -1.429    
                         arrival time                           2.397    
  -------------------------------------------------------------------
                         slack                                  0.968    

Slack (MET) :             0.968ns  (arrival time - required time)
  Source:                 rst_sync_reg[3]/C
                            (rising edge-triggered cell FDCE clocked by sys_clk  {rise@0.000ns fall@5.000ns period=10.000ns})
  Destination:            u_bridge/timeout_reg[13]/CLR
                            (removal check against rising-edge clock sys_clk  {rise@0.000ns fall@5.000ns period=10.000ns})
  Path Group:             **async_default**
  Path Type:              Removal (Min at Fast Process Corner)
  Requirement:            0.000ns  (sys_clk rise@0.000ns - sys_clk rise@0.000ns)
  Data Path Delay:        0.910ns  (logic 0.186ns (20.438%)  route 0.724ns (79.562%))
  Logic Levels:           1  (LUT1=1)
  Clock Path Skew:        0.034ns (DCD - SCD - CPR)
    Destination Clock Delay (DCD):    2.001ns
    Source Clock Delay      (SCD):    1.487ns
    Clock Pessimism Removal (CPR):    0.479ns

    Location             Delay type                Incr(ns)  Path(ns)    Netlist Resource(s)
  -------------------------------------------------------------------    -------------------
                         (clock sys_clk rise edge)    0.000     0.000 r  
    E3                                                0.000     0.000 r  clk_100mhz (IN)
                         net (fo=0)                   0.000     0.000    clk_100mhz
    E3                   IBUF (Prop_ibuf_I_O)         0.250     0.250 r  clk_100mhz_IBUF_inst/O
                         net (fo=1, routed)           0.644     0.894    clk_100mhz_IBUF
    BUFGCTRL_X0Y16       BUFG (Prop_bufg_I_O)         0.026     0.920 r  clk_100mhz_IBUF_BUFG_inst/O
                         net (fo=2651, routed)        0.568     1.487    clk_100mhz_IBUF_BUFG
    SLICE_X28Y65         FDCE                                         r  rst_sync_reg[3]/C
  -------------------------------------------------------------------    -------------------
    SLICE_X28Y65         FDCE (Prop_fdce_C_Q)         0.141     1.628 r  rst_sync_reg[3]/Q
                         net (fo=41, routed)          0.376     2.004    u_bridge/tx_valid_reg_0[0]
    SLICE_X28Y69         LUT1 (Prop_lut1_I0_O)        0.045     2.049 f  u_bridge/FSM_sequential_state[1]_i_2/O
                         net (fo=596, routed)         0.348     2.397    u_bridge/rst_sync_reg[3]
    SLICE_X13Y69         FDCE                                         f  u_bridge/timeout_reg[13]/CLR
  -------------------------------------------------------------------    -------------------

                         (clock sys_clk rise edge)    0.000     0.000 r  
    E3                                                0.000     0.000 r  clk_100mhz (IN)
                         net (fo=0)                   0.000     0.000    clk_100mhz
    E3                   IBUF (Prop_ibuf_I_O)         0.438     0.438 r  clk_100mhz_IBUF_inst/O
                         net (fo=1, routed)           0.699     1.136    clk_100mhz_IBUF
    BUFGCTRL_X0Y16       BUFG (Prop_bufg_I_O)         0.029     1.165 r  clk_100mhz_IBUF_BUFG_inst/O
                         net (fo=2651, routed)        0.836     2.001    u_bridge/clk_100mhz_IBUF_BUFG
    SLICE_X13Y69         FDCE                                         r  u_bridge/timeout_reg[13]/C
                         clock pessimism             -0.479     1.521    
    SLICE_X13Y69         FDCE (Remov_fdce_C_CLR)     -0.092     1.429    u_bridge/timeout_reg[13]
  -------------------------------------------------------------------
                         required time                         -1.429    
                         arrival time                           2.397    
  -------------------------------------------------------------------
                         slack                                  0.968    

Slack (MET) :             1.010ns  (arrival time - required time)
  Source:                 rst_sync_reg[3]/C
                            (rising edge-triggered cell FDCE clocked by sys_clk  {rise@0.000ns fall@5.000ns period=10.000ns})
  Destination:            u_bridge/timeout_reg[18]/CLR
                            (removal check against rising-edge clock sys_clk  {rise@0.000ns fall@5.000ns period=10.000ns})
  Path Group:             **async_default**
  Path Type:              Removal (Min at Fast Process Corner)
  Requirement:            0.000ns  (sys_clk rise@0.000ns - sys_clk rise@0.000ns)
  Data Path Delay:        0.950ns  (logic 0.186ns (19.572%)  route 0.764ns (80.428%))
  Logic Levels:           1  (LUT1=1)
  Clock Path Skew:        0.032ns (DCD - SCD - CPR)
    Destination Clock Delay (DCD):    1.999ns
    Source Clock Delay      (SCD):    1.487ns
    Clock Pessimism Removal (CPR):    0.479ns

    Location             Delay type                Incr(ns)  Path(ns)    Netlist Resource(s)
  -------------------------------------------------------------------    -------------------
                         (clock sys_clk rise edge)    0.000     0.000 r  
    E3                                                0.000     0.000 r  clk_100mhz (IN)
                         net (fo=0)                   0.000     0.000    clk_100mhz
    E3                   IBUF (Prop_ibuf_I_O)         0.250     0.250 r  clk_100mhz_IBUF_inst/O
                         net (fo=1, routed)           0.644     0.894    clk_100mhz_IBUF
    BUFGCTRL_X0Y16       BUFG (Prop_bufg_I_O)         0.026     0.920 r  clk_100mhz_IBUF_BUFG_inst/O
                         net (fo=2651, routed)        0.568     1.487    clk_100mhz_IBUF_BUFG
    SLICE_X28Y65         FDCE                                         r  rst_sync_reg[3]/C
  -------------------------------------------------------------------    -------------------
    SLICE_X28Y65         FDCE (Prop_fdce_C_Q)         0.141     1.628 r  rst_sync_reg[3]/Q
                         net (fo=41, routed)          0.376     2.004    u_bridge/tx_valid_reg_0[0]
    SLICE_X28Y69         LUT1 (Prop_lut1_I0_O)        0.045     2.049 f  u_bridge/FSM_sequential_state[1]_i_2/O
                         net (fo=596, routed)         0.389     2.438    u_bridge/rst_sync_reg[3]
    SLICE_X13Y71         FDCE                                         f  u_bridge/timeout_reg[18]/CLR
  -------------------------------------------------------------------    -------------------

                         (clock sys_clk rise edge)    0.000     0.000 r  
    E3                                                0.000     0.000 r  clk_100mhz (IN)
                         net (fo=0)                   0.000     0.000    clk_100mhz
    E3                   IBUF (Prop_ibuf_I_O)         0.438     0.438 r  clk_100mhz_IBUF_inst/O
                         net (fo=1, routed)           0.699     1.136    clk_100mhz_IBUF
    BUFGCTRL_X0Y16       BUFG (Prop_bufg_I_O)         0.029     1.165 r  clk_100mhz_IBUF_BUFG_inst/O
                         net (fo=2651, routed)        0.834     1.999    u_bridge/clk_100mhz_IBUF_BUFG
    SLICE_X13Y71         FDCE                                         r  u_bridge/timeout_reg[18]/C
                         clock pessimism             -0.479     1.519    
    SLICE_X13Y71         FDCE (Remov_fdce_C_CLR)     -0.092     1.427    u_bridge/timeout_reg[18]
  -------------------------------------------------------------------
                         required time                         -1.427    
                         arrival time                           2.438    
  -------------------------------------------------------------------
                         slack                                  1.010    

Slack (MET) :             1.010ns  (arrival time - required time)
  Source:                 rst_sync_reg[3]/C
                            (rising edge-triggered cell FDCE clocked by sys_clk  {rise@0.000ns fall@5.000ns period=10.000ns})
  Destination:            u_bridge/timeout_reg[19]/CLR
                            (removal check against rising-edge clock sys_clk  {rise@0.000ns fall@5.000ns period=10.000ns})
  Path Group:             **async_default**
  Path Type:              Removal (Min at Fast Process Corner)
  Requirement:            0.000ns  (sys_clk rise@0.000ns - sys_clk rise@0.000ns)
  Data Path Delay:        0.950ns  (logic 0.186ns (19.572%)  route 0.764ns (80.428%))
  Logic Levels:           1  (LUT1=1)
  Clock Path Skew:        0.032ns (DCD - SCD - CPR)
    Destination Clock Delay (DCD):    1.999ns
    Source Clock Delay      (SCD):    1.487ns
    Clock Pessimism Removal (CPR):    0.479ns

    Location             Delay type                Incr(ns)  Path(ns)    Netlist Resource(s)
  -------------------------------------------------------------------    -------------------
                         (clock sys_clk rise edge)    0.000     0.000 r  
    E3                                                0.000     0.000 r  clk_100mhz (IN)
                         net (fo=0)                   0.000     0.000    clk_100mhz
    E3                   IBUF (Prop_ibuf_I_O)         0.250     0.250 r  clk_100mhz_IBUF_inst/O
                         net (fo=1, routed)           0.644     0.894    clk_100mhz_IBUF
    BUFGCTRL_X0Y16       BUFG (Prop_bufg_I_O)         0.026     0.920 r  clk_100mhz_IBUF_BUFG_inst/O
                         net (fo=2651, routed)        0.568     1.487    clk_100mhz_IBUF_BUFG
    SLICE_X28Y65         FDCE                                         r  rst_sync_reg[3]/C
  -------------------------------------------------------------------    -------------------
    SLICE_X28Y65         FDCE (Prop_fdce_C_Q)         0.141     1.628 r  rst_sync_reg[3]/Q
                         net (fo=41, routed)          0.376     2.004    u_bridge/tx_valid_reg_0[0]
    SLICE_X28Y69         LUT1 (Prop_lut1_I0_O)        0.045     2.049 f  u_bridge/FSM_sequential_state[1]_i_2/O
                         net (fo=596, routed)         0.389     2.438    u_bridge/rst_sync_reg[3]
    SLICE_X13Y71         FDCE                                         f  u_bridge/timeout_reg[19]/CLR
  -------------------------------------------------------------------    -------------------

                         (clock sys_clk rise edge)    0.000     0.000 r  
    E3                                                0.000     0.000 r  clk_100mhz (IN)
                         net (fo=0)                   0.000     0.000    clk_100mhz
    E3                   IBUF (Prop_ibuf_I_O)         0.438     0.438 r  clk_100mhz_IBUF_inst/O
                         net (fo=1, routed)           0.699     1.136    clk_100mhz_IBUF
    BUFGCTRL_X0Y16       BUFG (Prop_bufg_I_O)         0.029     1.165 r  clk_100mhz_IBUF_BUFG_inst/O
                         net (fo=2651, routed)        0.834     1.999    u_bridge/clk_100mhz_IBUF_BUFG
    SLICE_X13Y71         FDCE                                         r  u_bridge/timeout_reg[19]/C
                         clock pessimism             -0.479     1.519    
    SLICE_X13Y71         FDCE (Remov_fdce_C_CLR)     -0.092     1.427    u_bridge/timeout_reg[19]
  -------------------------------------------------------------------
                         required time                         -1.427    
                         arrival time                           2.438    
  -------------------------------------------------------------------
                         slack                                  1.010    

Slack (MET) :             1.010ns  (arrival time - required time)
  Source:                 rst_sync_reg[3]/C
                            (rising edge-triggered cell FDCE clocked by sys_clk  {rise@0.000ns fall@5.000ns period=10.000ns})
  Destination:            u_bridge/timeout_reg[20]/CLR
                            (removal check against rising-edge clock sys_clk  {rise@0.000ns fall@5.000ns period=10.000ns})
  Path Group:             **async_default**
  Path Type:              Removal (Min at Fast Process Corner)
  Requirement:            0.000ns  (sys_clk rise@0.000ns - sys_clk rise@0.000ns)
  Data Path Delay:        0.950ns  (logic 0.186ns (19.572%)  route 0.764ns (80.428%))
  Logic Levels:           1  (LUT1=1)
  Clock Path Skew:        0.032ns (DCD - SCD - CPR)
    Destination Clock Delay (DCD):    1.999ns
    Source Clock Delay      (SCD):    1.487ns
    Clock Pessimism Removal (CPR):    0.479ns

    Location             Delay type                Incr(ns)  Path(ns)    Netlist Resource(s)
  -------------------------------------------------------------------    -------------------
                         (clock sys_clk rise edge)    0.000     0.000 r  
    E3                                                0.000     0.000 r  clk_100mhz (IN)
                         net (fo=0)                   0.000     0.000    clk_100mhz
    E3                   IBUF (Prop_ibuf_I_O)         0.250     0.250 r  clk_100mhz_IBUF_inst/O
                         net (fo=1, routed)           0.644     0.894    clk_100mhz_IBUF
    BUFGCTRL_X0Y16       BUFG (Prop_bufg_I_O)         0.026     0.920 r  clk_100mhz_IBUF_BUFG_inst/O
                         net (fo=2651, routed)        0.568     1.487    clk_100mhz_IBUF_BUFG
    SLICE_X28Y65         FDCE                                         r  rst_sync_reg[3]/C
  -------------------------------------------------------------------    -------------------
    SLICE_X28Y65         FDCE (Prop_fdce_C_Q)         0.141     1.628 r  rst_sync_reg[3]/Q
                         net (fo=41, routed)          0.376     2.004    u_bridge/tx_valid_reg_0[0]
    SLICE_X28Y69         LUT1 (Prop_lut1_I0_O)        0.045     2.049 f  u_bridge/FSM_sequential_state[1]_i_2/O
                         net (fo=596, routed)         0.389     2.438    u_bridge/rst_sync_reg[3]
    SLICE_X13Y71         FDCE                                         f  u_bridge/timeout_reg[20]/CLR
  -------------------------------------------------------------------    -------------------

                         (clock sys_clk rise edge)    0.000     0.000 r  
    E3                                                0.000     0.000 r  clk_100mhz (IN)
                         net (fo=0)                   0.000     0.000    clk_100mhz
    E3                   IBUF (Prop_ibuf_I_O)         0.438     0.438 r  clk_100mhz_IBUF_inst/O
                         net (fo=1, routed)           0.699     1.136    clk_100mhz_IBUF
    BUFGCTRL_X0Y16       BUFG (Prop_bufg_I_O)         0.029     1.165 r  clk_100mhz_IBUF_BUFG_inst/O
                         net (fo=2651, routed)        0.834     1.999    u_bridge/clk_100mhz_IBUF_BUFG
    SLICE_X13Y71         FDCE                                         r  u_bridge/timeout_reg[20]/C
                         clock pessimism             -0.479     1.519    
    SLICE_X13Y71         FDCE (Remov_fdce_C_CLR)     -0.092     1.427    u_bridge/timeout_reg[20]
  -------------------------------------------------------------------
                         required time                         -1.427    
                         arrival time                           2.438    
  -------------------------------------------------------------------
                         slack                                  1.010    

Slack (MET) :             1.010ns  (arrival time - required time)
  Source:                 rst_sync_reg[3]/C
                            (rising edge-triggered cell FDCE clocked by sys_clk  {rise@0.000ns fall@5.000ns period=10.000ns})
  Destination:            u_bridge/timeout_reg[21]/CLR
                            (removal check against rising-edge clock sys_clk  {rise@0.000ns fall@5.000ns period=10.000ns})
  Path Group:             **async_default**
  Path Type:              Removal (Min at Fast Process Corner)
  Requirement:            0.000ns  (sys_clk rise@0.000ns - sys_clk rise@0.000ns)
  Data Path Delay:        0.950ns  (logic 0.186ns (19.572%)  route 0.764ns (80.428%))
  Logic Levels:           1  (LUT1=1)
  Clock Path Skew:        0.032ns (DCD - SCD - CPR)
    Destination Clock Delay (DCD):    1.999ns
    Source Clock Delay      (SCD):    1.487ns
    Clock Pessimism Removal (CPR):    0.479ns

    Location             Delay type                Incr(ns)  Path(ns)    Netlist Resource(s)
  -------------------------------------------------------------------    -------------------
                         (clock sys_clk rise edge)    0.000     0.000 r  
    E3                                                0.000     0.000 r  clk_100mhz (IN)
                         net (fo=0)                   0.000     0.000    clk_100mhz
    E3                   IBUF (Prop_ibuf_I_O)         0.250     0.250 r  clk_100mhz_IBUF_inst/O
                         net (fo=1, routed)           0.644     0.894    clk_100mhz_IBUF
    BUFGCTRL_X0Y16       BUFG (Prop_bufg_I_O)         0.026     0.920 r  clk_100mhz_IBUF_BUFG_inst/O
                         net (fo=2651, routed)        0.568     1.487    clk_100mhz_IBUF_BUFG
    SLICE_X28Y65         FDCE                                         r  rst_sync_reg[3]/C
  -------------------------------------------------------------------    -------------------
    SLICE_X28Y65         FDCE (Prop_fdce_C_Q)         0.141     1.628 r  rst_sync_reg[3]/Q
                         net (fo=41, routed)          0.376     2.004    u_bridge/tx_valid_reg_0[0]
    SLICE_X28Y69         LUT1 (Prop_lut1_I0_O)        0.045     2.049 f  u_bridge/FSM_sequential_state[1]_i_2/O
                         net (fo=596, routed)         0.389     2.438    u_bridge/rst_sync_reg[3]
    SLICE_X13Y71         FDCE                                         f  u_bridge/timeout_reg[21]/CLR
  -------------------------------------------------------------------    -------------------

                         (clock sys_clk rise edge)    0.000     0.000 r  
    E3                                                0.000     0.000 r  clk_100mhz (IN)
                         net (fo=0)                   0.000     0.000    clk_100mhz
    E3                   IBUF (Prop_ibuf_I_O)         0.438     0.438 r  clk_100mhz_IBUF_inst/O
                         net (fo=1, routed)           0.699     1.136    clk_100mhz_IBUF
    BUFGCTRL_X0Y16       BUFG (Prop_bufg_I_O)         0.029     1.165 r  clk_100mhz_IBUF_BUFG_inst/O
                         net (fo=2651, routed)        0.834     1.999    u_bridge/clk_100mhz_IBUF_BUFG
    SLICE_X13Y71         FDCE                                         r  u_bridge/timeout_reg[21]/C
                         clock pessimism             -0.479     1.519    
    SLICE_X13Y71         FDCE (Remov_fdce_C_CLR)     -0.092     1.427    u_bridge/timeout_reg[21]
  -------------------------------------------------------------------
                         required time                         -1.427    
                         arrival time                           2.438    
  -------------------------------------------------------------------
                         slack                                  1.010    

Slack (MET) :             1.041ns  (arrival time - required time)
  Source:                 rst_sync_reg[3]/C
                            (rising edge-triggered cell FDCE clocked by sys_clk  {rise@0.000ns fall@5.000ns period=10.000ns})
  Destination:            u_rx/data_reg[5]_rep/CLR
                            (removal check against rising-edge clock sys_clk  {rise@0.000ns fall@5.000ns period=10.000ns})
  Path Group:             **async_default**
  Path Type:              Removal (Min at Fast Process Corner)
  Requirement:            0.000ns  (sys_clk rise@0.000ns - sys_clk rise@0.000ns)
  Data Path Delay:        0.968ns  (logic 0.186ns (19.222%)  route 0.782ns (80.778%))
  Logic Levels:           1  (LUT1=1)
  Clock Path Skew:        0.019ns (DCD - SCD - CPR)
    Destination Clock Delay (DCD):    2.006ns
    Source Clock Delay      (SCD):    1.487ns
    Clock Pessimism Removal (CPR):    0.499ns

    Location             Delay type                Incr(ns)  Path(ns)    Netlist Resource(s)
  -------------------------------------------------------------------    -------------------
                         (clock sys_clk rise edge)    0.000     0.000 r  
    E3                                                0.000     0.000 r  clk_100mhz (IN)
                         net (fo=0)                   0.000     0.000    clk_100mhz
    E3                   IBUF (Prop_ibuf_I_O)         0.250     0.250 r  clk_100mhz_IBUF_inst/O
                         net (fo=1, routed)           0.644     0.894    clk_100mhz_IBUF
    BUFGCTRL_X0Y16       BUFG (Prop_bufg_I_O)         0.026     0.920 r  clk_100mhz_IBUF_BUFG_inst/O
                         net (fo=2651, routed)        0.568     1.487    clk_100mhz_IBUF_BUFG
    SLICE_X28Y65         FDCE                                         r  rst_sync_reg[3]/C
  -------------------------------------------------------------------    -------------------
    SLICE_X28Y65         FDCE (Prop_fdce_C_Q)         0.141     1.628 r  rst_sync_reg[3]/Q
                         net (fo=41, routed)          0.376     2.004    u_bridge/tx_valid_reg_0[0]
    SLICE_X28Y69         LUT1 (Prop_lut1_I0_O)        0.045     2.049 f  u_bridge/FSM_sequential_state[1]_i_2/O
                         net (fo=596, routed)         0.406     2.455    u_rx/FSM_sequential_state_reg[1]_0
    SLICE_X29Y57         FDCE                                         f  u_rx/data_reg[5]_rep/CLR
  -------------------------------------------------------------------    -------------------

                         (clock sys_clk rise edge)    0.000     0.000 r  
    E3                                                0.000     0.000 r  clk_100mhz (IN)
                         net (fo=0)                   0.000     0.000    clk_100mhz
    E3                   IBUF (Prop_ibuf_I_O)         0.438     0.438 r  clk_100mhz_IBUF_inst/O
                         net (fo=1, routed)           0.699     1.136    clk_100mhz_IBUF
    BUFGCTRL_X0Y16       BUFG (Prop_bufg_I_O)         0.029     1.165 r  clk_100mhz_IBUF_BUFG_inst/O
                         net (fo=2651, routed)        0.841     2.006    u_rx/clk_100mhz_IBUF_BUFG
    SLICE_X29Y57         FDCE                                         r  u_rx/data_reg[5]_rep/C
                         clock pessimism             -0.499     1.506    
    SLICE_X29Y57         FDCE (Remov_fdce_C_CLR)     -0.092     1.414    u_rx/data_reg[5]_rep
  -------------------------------------------------------------------
                         required time                         -1.414    
                         arrival time                           2.455    
  -------------------------------------------------------------------
                         slack                                  1.041    





