Copyright 1986-2022 Xilinx, Inc. All Rights Reserved. Copyright 2022-2024 Advanced Micro Devices, Inc. All Rights Reserved.
-------------------------------------------------------------------------------------------------------------------------------------------------
| Tool Version : Vivado v.2024.1 (lin64) Build 5076996 Wed May 22 18:36:09 MDT 2024
| Date         : Fri Oct  2 06:06:33 2026
| Host         : 6d6c47e6128a running 64-bit unknown
| Command      : report_timing_summary -max_paths 10 -file /home/vivadouser/project/ML_KEM_Test/ML-KEM-Testkit/reports/f206_2/timing_summary.rpt
| Design       : arty_a7_top
| Device       : 7a100t-csg324
| Speed File   : -1  PRODUCTION 1.23 2018-06-13
| Design State : Routed
-------------------------------------------------------------------------------------------------------------------------------------------------

Timing Summary Report

------------------------------------------------------------------------------------------------
| Timer Settings
| --------------
------------------------------------------------------------------------------------------------

  Enable Multi Corner Analysis               :  Yes
  Enable Pessimism Removal                   :  Yes
  Pessimism Removal Resolution               :  Nearest Common Node
  Enable Input Delay Default Clock           :  No
  Enable Preset / Clear Arcs                 :  No
  Disable Flight Delays                      :  No
  Ignore I/O Paths                           :  No
  Timing Early Launch at Borrowing Latches   :  No
  Borrow Time for Max Delay Exceptions       :  Yes
  Merge Timing Exceptions                    :  Yes
  Inter-SLR Compensation                     :  Conservative

  Corner  Analyze    Analyze    
  Name    Max Paths  Min Paths  
  ------  ---------  ---------  
  Slow    Yes        Yes        
  Fast    Yes        Yes        


------------------------------------------------------------------------------------------------
| Report Methodology
| ------------------
------------------------------------------------------------------------------------------------

No report available as report_methodology has not been run prior. Run report_methodology on the current design for the summary of methodology violations.



check_timing report

Table of Contents
-----------------
1. checking no_clock (0)
2. checking constant_clock (0)
3. checking pulse_width_clock (0)
4. checking unconstrained_internal_endpoints (0)
5. checking no_input_delay (2)
6. checking no_output_delay (5)
7. checking multiple_clock (0)
8. checking generated_clocks (0)
9. checking loops (0)
10. checking partial_input_delay (0)
11. checking partial_output_delay (0)
12. checking latch_loops (0)

1. checking no_clock (0)
------------------------
 There are 0 register/latch pins with no clock.


2. checking constant_clock (0)
------------------------------
 There are 0 register/latch pins with constant_clock.


3. checking pulse_width_clock (0)
---------------------------------
 There are 0 register/latch pins which need pulse_width check


4. checking unconstrained_internal_endpoints (0)
------------------------------------------------
 There are 0 pins that are not constrained for maximum delay.

 There are 0 pins that are not constrained for maximum delay due to constant clock.


5. checking no_input_delay (2)
------------------------------
 There are 0 input ports with no input delay specified.

 There are 2 input ports with no input delay but user has a false path constraint. (MEDIUM)


6. checking no_output_delay (5)
-------------------------------
 There are 0 ports with no output delay specified.

 There are 5 ports with no output delay but user has a false path constraint (MEDIUM)

 There are 0 ports with no output delay but with a timing clock defined on it or propagating through it


7. checking multiple_clock (0)
------------------------------
 There are 0 register/latch pins with multiple clocks.


8. checking generated_clocks (0)
--------------------------------
 There are 0 generated clocks that are not connected to a clock source.


9. checking loops (0)
---------------------
 There are 0 combinational loops in the design.


10. checking partial_input_delay (0)
------------------------------------
 There are 0 input ports with partial input delay specified.


11. checking partial_output_delay (0)
-------------------------------------
 There are 0 ports with partial output delay specified.


12. checking latch_loops (0)
----------------------------
 There are 0 combinational latch loops in the design through latch input



------------------------------------------------------------------------------------------------
| Design Timing Summary
| ---------------------
------------------------------------------------------------------------------------------------

    WNS(ns)      TNS(ns)  TNS Failing Endpoints  TNS Total Endpoints      WHS(ns)      THS(ns)  THS Failing Endpoints  THS Total Endpoints     WPWS(ns)     TPWS(ns)  TPWS Failing Endpoints  TPWS Total Endpoints  
    -------      -------  ---------------------  -------------------      -------      -------  ---------------------  -------------------     --------     --------  ----------------------  --------------------  
     -0.622      -43.926                    318                14703        0.035        0.000                      0                14703        1.444        0.000                       0                  7289  


Timing constraints are not met.


------------------------------------------------------------------------------------------------
| Clock Summary
| -------------
------------------------------------------------------------------------------------------------

Clock            Waveform(ns)         Period(ns)      Frequency(MHz)
-----            ------------         ----------      --------------
sys_clk          {0.000 5.000}        10.000          100.000         
  clk_core_mmcm  {0.000 2.424}        4.848           206.250         
  mmcm_fb        {0.000 10.000}       20.000          50.000          


------------------------------------------------------------------------------------------------
| Intra Clock Table
| -----------------
------------------------------------------------------------------------------------------------

Clock                WNS(ns)      TNS(ns)  TNS Failing Endpoints  TNS Total Endpoints      WHS(ns)      THS(ns)  THS Failing Endpoints  THS Total Endpoints     WPWS(ns)     TPWS(ns)  TPWS Failing Endpoints  TPWS Total Endpoints  
-----                -------      -------  ---------------------  -------------------      -------      -------  ---------------------  -------------------     --------     --------  ----------------------  --------------------  
sys_clk                0.704        0.000                      0                 5160        0.131        0.000                      0                 5160        3.000        0.000                       0                  2652  
  clk_core_mmcm       -0.622      -43.926                    318                 8947        0.035        0.000                      0                 8947        1.444        0.000                       0                  4635  
  mmcm_fb                                                                                                                                                         18.751        0.000                       0                     2  


------------------------------------------------------------------------------------------------
| Inter Clock Table
| -----------------
------------------------------------------------------------------------------------------------

From Clock    To Clock          WNS(ns)      TNS(ns)  TNS Failing Endpoints  TNS Total Endpoints      WHS(ns)      THS(ns)  THS Failing Endpoints  THS Total Endpoints  
----------    --------          -------      -------  ---------------------  -------------------      -------      -------  ---------------------  -------------------  


------------------------------------------------------------------------------------------------
| Other Path Groups Table
| -----------------------
------------------------------------------------------------------------------------------------

Path Group         From Clock         To Clock               WNS(ns)      TNS(ns)  TNS Failing Endpoints  TNS Total Endpoints      WHS(ns)      THS(ns)  THS Failing Endpoints  THS Total Endpoints  
----------         ----------         --------               -------      -------  ---------------------  -------------------      -------      -------  ---------------------  -------------------  
**async_default**  sys_clk            sys_clk                  3.076        0.000                      0                  596        1.285        0.000                      0                  596  


------------------------------------------------------------------------------------------------
| Timing Details
| --------------
------------------------------------------------------------------------------------------------


---------------------------------------------------------------------------------------------------
From Clock:  sys_clk
  To Clock:  sys_clk

Setup :            0  Failing Endpoints,  Worst Slack        0.704ns,  Total Violation        0.000ns
Hold  :            0  Failing Endpoints,  Worst Slack        0.131ns,  Total Violation        0.000ns
PW    :            0  Failing Endpoints,  Worst Slack        3.000ns,  Total Violation        0.000ns
---------------------------------------------------------------------------------------------------


Max Delay Paths
--------------------------------------------------------------------------------------
Slack (MET) :             0.704ns  (required time - arrival time)
  Source:                 u_rx/data_reg[2]/C
                            (rising edge-triggered cell FDCE clocked by sys_clk  {rise@0.000ns fall@5.000ns period=10.000ns})
  Destination:            u_bridge/payload_reg[238][2]/D
                            (rising edge-triggered cell FDRE clocked by sys_clk  {rise@0.000ns fall@5.000ns period=10.000ns})
  Path Group:             sys_clk
  Path Type:              Setup (Max at Slow Process Corner)
  Requirement:            10.000ns  (sys_clk rise@10.000ns - sys_clk rise@0.000ns)
  Data Path Delay:        9.155ns  (logic 0.518ns (5.658%)  route 8.637ns (94.342%))
  Logic Levels:           0  
  Clock Path Skew:        -0.047ns (DCD - SCD + CPR)
    Destination Clock Delay (DCD):    5.107ns = ( 15.107 - 10.000 ) 
    Source Clock Delay      (SCD):    5.422ns
    Clock Pessimism Removal (CPR):    0.267ns
  Clock Uncertainty:      0.035ns  ((TSJ^2 + TIJ^2)^1/2 + DJ) / 2 + PE
    Total System Jitter     (TSJ):    0.071ns
    Total Input Jitter      (TIJ):    0.000ns
    Discrete Jitter          (DJ):    0.000ns
    Phase Error              (PE):    0.000ns

    Location             Delay type                Incr(ns)  Path(ns)    Netlist Resource(s)
  -------------------------------------------------------------------    -------------------
                         (clock sys_clk rise edge)    0.000     0.000 r  
    E3                                                0.000     0.000 r  clk_100mhz (IN)
                         net (fo=0)                   0.000     0.000    clk_100mhz
    E3                   IBUF (Prop_ibuf_I_O)         1.482     1.482 r  clk_100mhz_IBUF_inst/O
                         net (fo=1, routed)           2.025     3.506    clk_100mhz_IBUF
    BUFGCTRL_X0Y16       BUFG (Prop_bufg_I_O)         0.096     3.602 r  clk_100mhz_IBUF_BUFG_inst/O
                         net (fo=2651, routed)        1.819     5.422    u_rx/clk_100mhz_IBUF_BUFG
    SLICE_X8Y8           FDCE                                         r  u_rx/data_reg[2]/C
  -------------------------------------------------------------------    -------------------
    SLICE_X8Y8           FDCE (Prop_fdce_C_Q)         0.518     5.940 r  u_rx/data_reg[2]/Q
                         net (fo=156, routed)         8.637    14.577    u_bridge/payload_reg[254][7]_0[2]
    SLICE_X36Y5          FDRE                                         r  u_bridge/payload_reg[238][2]/D
  -------------------------------------------------------------------    -------------------

                         (clock sys_clk rise edge)   10.000    10.000 r  
    E3                                                0.000    10.000 r  clk_100mhz (IN)
                         net (fo=0)                   0.000    10.000    clk_100mhz
    E3                   IBUF (Prop_ibuf_I_O)         1.411    11.411 r  clk_100mhz_IBUF_inst/O
                         net (fo=1, routed)           1.920    13.331    clk_100mhz_IBUF
    BUFGCTRL_X0Y16       BUFG (Prop_bufg_I_O)         0.091    13.422 r  clk_100mhz_IBUF_BUFG_inst/O
                         net (fo=2651, routed)        1.685    15.107    u_bridge/clk_100mhz_IBUF_BUFG
    SLICE_X36Y5          FDRE                                         r  u_bridge/payload_reg[238][2]/C
                         clock pessimism              0.267    15.375    
                         clock uncertainty           -0.035    15.339    
    SLICE_X36Y5          FDRE (Setup_fdre_C_D)       -0.058    15.281    u_bridge/payload_reg[238][2]
  -------------------------------------------------------------------
                         required time                         15.281    
                         arrival time                         -14.577    
  -------------------------------------------------------------------
                         slack                                  0.704    

Slack (MET) :             0.847ns  (required time - arrival time)
  Source:                 u_rx/data_reg[2]/C
                            (rising edge-triggered cell FDCE clocked by sys_clk  {rise@0.000ns fall@5.000ns period=10.000ns})
  Destination:            u_bridge/payload_reg[228][2]/D
                            (rising edge-triggered cell FDRE clocked by sys_clk  {rise@0.000ns fall@5.000ns period=10.000ns})
  Path Group:             sys_clk
  Path Type:              Setup (Max at Slow Process Corner)
  Requirement:            10.000ns  (sys_clk rise@10.000ns - sys_clk rise@0.000ns)
  Data Path Delay:        9.012ns  (logic 0.518ns (5.748%)  route 8.494ns (94.252%))
  Logic Levels:           0  
  Clock Path Skew:        -0.047ns (DCD - SCD + CPR)
    Destination Clock Delay (DCD):    5.107ns = ( 15.107 - 10.000 ) 
    Source Clock Delay      (SCD):    5.422ns
    Clock Pessimism Removal (CPR):    0.267ns
  Clock Uncertainty:      0.035ns  ((TSJ^2 + TIJ^2)^1/2 + DJ) / 2 + PE
    Total System Jitter     (TSJ):    0.071ns
    Total Input Jitter      (TIJ):    0.000ns
    Discrete Jitter          (DJ):    0.000ns
    Phase Error              (PE):    0.000ns

    Location             Delay type                Incr(ns)  Path(ns)    Netlist Resource(s)
  -------------------------------------------------------------------    -------------------
                         (clock sys_clk rise edge)    0.000     0.000 r  
    E3                                                0.000     0.000 r  clk_100mhz (IN)
                         net (fo=0)                   0.000     0.000    clk_100mhz
    E3                   IBUF (Prop_ibuf_I_O)         1.482     1.482 r  clk_100mhz_IBUF_inst/O
                         net (fo=1, routed)           2.025     3.506    clk_100mhz_IBUF
    BUFGCTRL_X0Y16       BUFG (Prop_bufg_I_O)         0.096     3.602 r  clk_100mhz_IBUF_BUFG_inst/O
                         net (fo=2651, routed)        1.819     5.422    u_rx/clk_100mhz_IBUF_BUFG
    SLICE_X8Y8           FDCE                                         r  u_rx/data_reg[2]/C
  -------------------------------------------------------------------    -------------------
    SLICE_X8Y8           FDCE (Prop_fdce_C_Q)         0.518     5.940 r  u_rx/data_reg[2]/Q
                         net (fo=156, routed)         8.494    14.434    u_bridge/payload_reg[254][7]_0[2]
    SLICE_X36Y3          FDRE                                         r  u_bridge/payload_reg[228][2]/D
  -------------------------------------------------------------------    -------------------

                         (clock sys_clk rise edge)   10.000    10.000 r  
    E3                                                0.000    10.000 r  clk_100mhz (IN)
                         net (fo=0)                   0.000    10.000    clk_100mhz
    E3                   IBUF (Prop_ibuf_I_O)         1.411    11.411 r  clk_100mhz_IBUF_inst/O
                         net (fo=1, routed)           1.920    13.331    clk_100mhz_IBUF
    BUFGCTRL_X0Y16       BUFG (Prop_bufg_I_O)         0.091    13.422 r  clk_100mhz_IBUF_BUFG_inst/O
                         net (fo=2651, routed)        1.685    15.107    u_bridge/clk_100mhz_IBUF_BUFG
    SLICE_X36Y3          FDRE                                         r  u_bridge/payload_reg[228][2]/C
                         clock pessimism              0.267    15.375    
                         clock uncertainty           -0.035    15.339    
    SLICE_X36Y3          FDRE (Setup_fdre_C_D)       -0.058    15.281    u_bridge/payload_reg[228][2]
  -------------------------------------------------------------------
                         required time                         15.281    
                         arrival time                         -14.434    
  -------------------------------------------------------------------
                         slack                                  0.847    

Slack (MET) :             0.996ns  (required time - arrival time)
  Source:                 u_rx/data_reg[2]/C
                            (rising edge-triggered cell FDCE clocked by sys_clk  {rise@0.000ns fall@5.000ns period=10.000ns})
  Destination:            u_bridge/payload_reg[233][2]/D
                            (rising edge-triggered cell FDRE clocked by sys_clk  {rise@0.000ns fall@5.000ns period=10.000ns})
  Path Group:             sys_clk
  Path Type:              Setup (Max at Slow Process Corner)
  Requirement:            10.000ns  (sys_clk rise@10.000ns - sys_clk rise@0.000ns)
  Data Path Delay:        8.860ns  (logic 0.518ns (5.846%)  route 8.342ns (94.154%))
  Logic Levels:           0  
  Clock Path Skew:        -0.047ns (DCD - SCD + CPR)
    Destination Clock Delay (DCD):    5.107ns = ( 15.107 - 10.000 ) 
    Source Clock Delay      (SCD):    5.422ns
    Clock Pessimism Removal (CPR):    0.267ns
  Clock Uncertainty:      0.035ns  ((TSJ^2 + TIJ^2)^1/2 + DJ) / 2 + PE
    Total System Jitter     (TSJ):    0.071ns
    Total Input Jitter      (TIJ):    0.000ns
    Discrete Jitter          (DJ):    0.000ns
    Phase Error              (PE):    0.000ns

    Location             Delay type                Incr(ns)  Path(ns)    Netlist Resource(s)
  -------------------------------------------------------------------    -------------------
                         (clock sys_clk rise edge)    0.000     0.000 r  
    E3                                                0.000     0.000 r  clk_100mhz (IN)
                         net (fo=0)                   0.000     0.000    clk_100mhz
    E3                   IBUF (Prop_ibuf_I_O)         1.482     1.482 r  clk_100mhz_IBUF_inst/O
                         net (fo=1, routed)           2.025     3.506    clk_100mhz_IBUF
    BUFGCTRL_X0Y16       BUFG (Prop_bufg_I_O)         0.096     3.602 r  clk_100mhz_IBUF_BUFG_inst/O
                         net (fo=2651, routed)        1.819     5.422    u_rx/clk_100mhz_IBUF_BUFG
    SLICE_X8Y8           FDCE                                         r  u_rx/data_reg[2]/C
  -------------------------------------------------------------------    -------------------
    SLICE_X8Y8           FDCE (Prop_fdce_C_Q)         0.518     5.940 r  u_rx/data_reg[2]/Q
                         net (fo=156, routed)         8.342    14.282    u_bridge/payload_reg[254][7]_0[2]
    SLICE_X37Y4          FDRE                                         r  u_bridge/payload_reg[233][2]/D
  -------------------------------------------------------------------    -------------------

                         (clock sys_clk rise edge)   10.000    10.000 r  
    E3                                                0.000    10.000 r  clk_100mhz (IN)
                         net (fo=0)                   0.000    10.000    clk_100mhz
    E3                   IBUF (Prop_ibuf_I_O)         1.411    11.411 r  clk_100mhz_IBUF_inst/O
                         net (fo=1, routed)           1.920    13.331    clk_100mhz_IBUF
    BUFGCTRL_X0Y16       BUFG (Prop_bufg_I_O)         0.091    13.422 r  clk_100mhz_IBUF_BUFG_inst/O
                         net (fo=2651, routed)        1.685    15.107    u_bridge/clk_100mhz_IBUF_BUFG
    SLICE_X37Y4          FDRE                                         r  u_bridge/payload_reg[233][2]/C
                         clock pessimism              0.267    15.375    
                         clock uncertainty           -0.035    15.339    
    SLICE_X37Y4          FDRE (Setup_fdre_C_D)       -0.061    15.278    u_bridge/payload_reg[233][2]
  -------------------------------------------------------------------
                         required time                         15.278    
                         arrival time                         -14.282    
  -------------------------------------------------------------------
                         slack                                  0.996    

Slack (MET) :             1.147ns  (required time - arrival time)
  Source:                 u_rx/data_reg[2]/C
                            (rising edge-triggered cell FDCE clocked by sys_clk  {rise@0.000ns fall@5.000ns period=10.000ns})
  Destination:            u_bridge/payload_reg[222][2]/D
                            (rising edge-triggered cell FDRE clocked by sys_clk  {rise@0.000ns fall@5.000ns period=10.000ns})
  Path Group:             sys_clk
  Path Type:              Setup (Max at Slow Process Corner)
  Requirement:            10.000ns  (sys_clk rise@10.000ns - sys_clk rise@0.000ns)
  Data Path Delay:        8.699ns  (logic 0.518ns (5.954%)  route 8.181ns (94.046%))
  Logic Levels:           0  
  Clock Path Skew:        -0.051ns (DCD - SCD + CPR)
    Destination Clock Delay (DCD):    5.103ns = ( 15.103 - 10.000 ) 
    Source Clock Delay      (SCD):    5.422ns
    Clock Pessimism Removal (CPR):    0.267ns
  Clock Uncertainty:      0.035ns  ((TSJ^2 + TIJ^2)^1/2 + DJ) / 2 + PE
    Total System Jitter     (TSJ):    0.071ns
    Total Input Jitter      (TIJ):    0.000ns
    Discrete Jitter          (DJ):    0.000ns
    Phase Error              (PE):    0.000ns

    Location             Delay type                Incr(ns)  Path(ns)    Netlist Resource(s)
  -------------------------------------------------------------------    -------------------
                         (clock sys_clk rise edge)    0.000     0.000 r  
    E3                                                0.000     0.000 r  clk_100mhz (IN)
                         net (fo=0)                   0.000     0.000    clk_100mhz
    E3                   IBUF (Prop_ibuf_I_O)         1.482     1.482 r  clk_100mhz_IBUF_inst/O
                         net (fo=1, routed)           2.025     3.506    clk_100mhz_IBUF
    BUFGCTRL_X0Y16       BUFG (Prop_bufg_I_O)         0.096     3.602 r  clk_100mhz_IBUF_BUFG_inst/O
                         net (fo=2651, routed)        1.819     5.422    u_rx/clk_100mhz_IBUF_BUFG
    SLICE_X8Y8           FDCE                                         r  u_rx/data_reg[2]/C
  -------------------------------------------------------------------    -------------------
    SLICE_X8Y8           FDCE (Prop_fdce_C_Q)         0.518     5.940 r  u_rx/data_reg[2]/Q
                         net (fo=156, routed)         8.181    14.121    u_bridge/payload_reg[254][7]_0[2]
    SLICE_X45Y2          FDRE                                         r  u_bridge/payload_reg[222][2]/D
  -------------------------------------------------------------------    -------------------

                         (clock sys_clk rise edge)   10.000    10.000 r  
    E3                                                0.000    10.000 r  clk_100mhz (IN)
                         net (fo=0)                   0.000    10.000    clk_100mhz
    E3                   IBUF (Prop_ibuf_I_O)         1.411    11.411 r  clk_100mhz_IBUF_inst/O
                         net (fo=1, routed)           1.920    13.331    clk_100mhz_IBUF
    BUFGCTRL_X0Y16       BUFG (Prop_bufg_I_O)         0.091    13.422 r  clk_100mhz_IBUF_BUFG_inst/O
                         net (fo=2651, routed)        1.681    15.103    u_bridge/clk_100mhz_IBUF_BUFG
    SLICE_X45Y2          FDRE                                         r  u_bridge/payload_reg[222][2]/C
                         clock pessimism              0.267    15.371    
                         clock uncertainty           -0.035    15.335    
    SLICE_X45Y2          FDRE (Setup_fdre_C_D)       -0.067    15.268    u_bridge/payload_reg[222][2]
  -------------------------------------------------------------------
                         required time                         15.268    
                         arrival time                         -14.121    
  -------------------------------------------------------------------
                         slack                                  1.147    

Slack (MET) :             1.163ns  (required time - arrival time)
  Source:                 u_rx/data_reg[2]/C
                            (rising edge-triggered cell FDCE clocked by sys_clk  {rise@0.000ns fall@5.000ns period=10.000ns})
  Destination:            u_bridge/payload_reg[223][2]/D
                            (rising edge-triggered cell FDRE clocked by sys_clk  {rise@0.000ns fall@5.000ns period=10.000ns})
  Path Group:             sys_clk
  Path Type:              Setup (Max at Slow Process Corner)
  Requirement:            10.000ns  (sys_clk rise@10.000ns - sys_clk rise@0.000ns)
  Data Path Delay:        8.717ns  (logic 0.518ns (5.942%)  route 8.199ns (94.058%))
  Logic Levels:           0  
  Clock Path Skew:        -0.053ns (DCD - SCD + CPR)
    Destination Clock Delay (DCD):    5.101ns = ( 15.101 - 10.000 ) 
    Source Clock Delay      (SCD):    5.422ns
    Clock Pessimism Removal (CPR):    0.267ns
  Clock Uncertainty:      0.035ns  ((TSJ^2 + TIJ^2)^1/2 + DJ) / 2 + PE
    Total System Jitter     (TSJ):    0.071ns
    Total Input Jitter      (TIJ):    0.000ns
    Discrete Jitter          (DJ):    0.000ns
    Phase Error              (PE):    0.000ns

    Location             Delay type                Incr(ns)  Path(ns)    Netlist Resource(s)
  -------------------------------------------------------------------    -------------------
                         (clock sys_clk rise edge)    0.000     0.000 r  
    E3                                                0.000     0.000 r  clk_100mhz (IN)
                         net (fo=0)                   0.000     0.000    clk_100mhz
    E3                   IBUF (Prop_ibuf_I_O)         1.482     1.482 r  clk_100mhz_IBUF_inst/O
                         net (fo=1, routed)           2.025     3.506    clk_100mhz_IBUF
    BUFGCTRL_X0Y16       BUFG (Prop_bufg_I_O)         0.096     3.602 r  clk_100mhz_IBUF_BUFG_inst/O
                         net (fo=2651, routed)        1.819     5.422    u_rx/clk_100mhz_IBUF_BUFG
    SLICE_X8Y8           FDCE                                         r  u_rx/data_reg[2]/C
  -------------------------------------------------------------------    -------------------
    SLICE_X8Y8           FDCE (Prop_fdce_C_Q)         0.518     5.940 r  u_rx/data_reg[2]/Q
                         net (fo=156, routed)         8.199    14.139    u_bridge/payload_reg[254][7]_0[2]
    SLICE_X46Y2          FDRE                                         r  u_bridge/payload_reg[223][2]/D
  -------------------------------------------------------------------    -------------------

                         (clock sys_clk rise edge)   10.000    10.000 r  
    E3                                                0.000    10.000 r  clk_100mhz (IN)
                         net (fo=0)                   0.000    10.000    clk_100mhz
    E3                   IBUF (Prop_ibuf_I_O)         1.411    11.411 r  clk_100mhz_IBUF_inst/O
                         net (fo=1, routed)           1.920    13.331    clk_100mhz_IBUF
    BUFGCTRL_X0Y16       BUFG (Prop_bufg_I_O)         0.091    13.422 r  clk_100mhz_IBUF_BUFG_inst/O
                         net (fo=2651, routed)        1.679    15.101    u_bridge/clk_100mhz_IBUF_BUFG
    SLICE_X46Y2          FDRE                                         r  u_bridge/payload_reg[223][2]/C
                         clock pessimism              0.267    15.369    
                         clock uncertainty           -0.035    15.333    
    SLICE_X46Y2          FDRE (Setup_fdre_C_D)       -0.031    15.302    u_bridge/payload_reg[223][2]
  -------------------------------------------------------------------
                         required time                         15.302    
                         arrival time                         -14.139    
  -------------------------------------------------------------------
                         slack                                  1.163    

Slack (MET) :             1.235ns  (required time - arrival time)
  Source:                 u_rx/data_reg[2]/C
                            (rising edge-triggered cell FDCE clocked by sys_clk  {rise@0.000ns fall@5.000ns period=10.000ns})
  Destination:            u_bridge/payload_reg[224][2]/D
                            (rising edge-triggered cell FDRE clocked by sys_clk  {rise@0.000ns fall@5.000ns period=10.000ns})
  Path Group:             sys_clk
  Path Type:              Setup (Max at Slow Process Corner)
  Requirement:            10.000ns  (sys_clk rise@10.000ns - sys_clk rise@0.000ns)
  Data Path Delay:        8.611ns  (logic 0.518ns (6.016%)  route 8.093ns (93.984%))
  Logic Levels:           0  
  Clock Path Skew:        -0.052ns (DCD - SCD + CPR)
    Destination Clock Delay (DCD):    5.102ns = ( 15.102 - 10.000 ) 
    Source Clock Delay      (SCD):    5.422ns
    Clock Pessimism Removal (CPR):    0.267ns
  Clock Uncertainty:      0.035ns  ((TSJ^2 + TIJ^2)^1/2 + DJ) / 2 + PE
    Total System Jitter     (TSJ):    0.071ns
    Total Input Jitter      (TIJ):    0.000ns
    Discrete Jitter          (DJ):    0.000ns
    Phase Error              (PE):    0.000ns

    Location             Delay type                Incr(ns)  Path(ns)    Netlist Resource(s)
  -------------------------------------------------------------------    -------------------
                         (clock sys_clk rise edge)    0.000     0.000 r  
    E3                                                0.000     0.000 r  clk_100mhz (IN)
                         net (fo=0)                   0.000     0.000    clk_100mhz
    E3                   IBUF (Prop_ibuf_I_O)         1.482     1.482 r  clk_100mhz_IBUF_inst/O
                         net (fo=1, routed)           2.025     3.506    clk_100mhz_IBUF
    BUFGCTRL_X0Y16       BUFG (Prop_bufg_I_O)         0.096     3.602 r  clk_100mhz_IBUF_BUFG_inst/O
                         net (fo=2651, routed)        1.819     5.422    u_rx/clk_100mhz_IBUF_BUFG
    SLICE_X8Y8           FDCE                                         r  u_rx/data_reg[2]/C
  -------------------------------------------------------------------    -------------------
    SLICE_X8Y8           FDCE (Prop_fdce_C_Q)         0.518     5.940 r  u_rx/data_reg[2]/Q
                         net (fo=156, routed)         8.093    14.033    u_bridge/payload_reg[254][7]_0[2]
    SLICE_X43Y4          FDRE                                         r  u_bridge/payload_reg[224][2]/D
  -------------------------------------------------------------------    -------------------

                         (clock sys_clk rise edge)   10.000    10.000 r  
    E3                                                0.000    10.000 r  clk_100mhz (IN)
                         net (fo=0)                   0.000    10.000    clk_100mhz
    E3                   IBUF (Prop_ibuf_I_O)         1.411    11.411 r  clk_100mhz_IBUF_inst/O
                         net (fo=1, routed)           1.920    13.331    clk_100mhz_IBUF
    BUFGCTRL_X0Y16       BUFG (Prop_bufg_I_O)         0.091    13.422 r  clk_100mhz_IBUF_BUFG_inst/O
                         net (fo=2651, routed)        1.680    15.102    u_bridge/clk_100mhz_IBUF_BUFG
    SLICE_X43Y4          FDRE                                         r  u_bridge/payload_reg[224][2]/C
                         clock pessimism              0.267    15.370    
                         clock uncertainty           -0.035    15.334    
    SLICE_X43Y4          FDRE (Setup_fdre_C_D)       -0.067    15.267    u_bridge/payload_reg[224][2]
  -------------------------------------------------------------------
                         required time                         15.267    
                         arrival time                         -14.033    
  -------------------------------------------------------------------
                         slack                                  1.235    

Slack (MET) :             1.241ns  (required time - arrival time)
  Source:                 u_rx/data_reg[2]/C
                            (rising edge-triggered cell FDCE clocked by sys_clk  {rise@0.000ns fall@5.000ns period=10.000ns})
  Destination:            u_bridge/payload_reg[214][2]/D
                            (rising edge-triggered cell FDRE clocked by sys_clk  {rise@0.000ns fall@5.000ns period=10.000ns})
  Path Group:             sys_clk
  Path Type:              Setup (Max at Slow Process Corner)
  Requirement:            10.000ns  (sys_clk rise@10.000ns - sys_clk rise@0.000ns)
  Data Path Delay:        8.611ns  (logic 0.518ns (6.016%)  route 8.093ns (93.984%))
  Logic Levels:           0  
  Clock Path Skew:        -0.052ns (DCD - SCD + CPR)
    Destination Clock Delay (DCD):    5.102ns = ( 15.102 - 10.000 ) 
    Source Clock Delay      (SCD):    5.422ns
    Clock Pessimism Removal (CPR):    0.267ns
  Clock Uncertainty:      0.035ns  ((TSJ^2 + TIJ^2)^1/2 + DJ) / 2 + PE
    Total System Jitter     (TSJ):    0.071ns
    Total Input Jitter      (TIJ):    0.000ns
    Discrete Jitter          (DJ):    0.000ns
    Phase Error              (PE):    0.000ns

    Location             Delay type                Incr(ns)  Path(ns)    Netlist Resource(s)
  -------------------------------------------------------------------    -------------------
                         (clock sys_clk rise edge)    0.000     0.000 r  
    E3                                                0.000     0.000 r  clk_100mhz (IN)
                         net (fo=0)                   0.000     0.000    clk_100mhz
    E3                   IBUF (Prop_ibuf_I_O)         1.482     1.482 r  clk_100mhz_IBUF_inst/O
                         net (fo=1, routed)           2.025     3.506    clk_100mhz_IBUF
    BUFGCTRL_X0Y16       BUFG (Prop_bufg_I_O)         0.096     3.602 r  clk_100mhz_IBUF_BUFG_inst/O
                         net (fo=2651, routed)        1.819     5.422    u_rx/clk_100mhz_IBUF_BUFG
    SLICE_X8Y8           FDCE                                         r  u_rx/data_reg[2]/C
  -------------------------------------------------------------------    -------------------
    SLICE_X8Y8           FDCE (Prop_fdce_C_Q)         0.518     5.940 r  u_rx/data_reg[2]/Q
                         net (fo=156, routed)         8.093    14.033    u_bridge/payload_reg[254][7]_0[2]
    SLICE_X43Y3          FDRE                                         r  u_bridge/payload_reg[214][2]/D
  -------------------------------------------------------------------    -------------------

                         (clock sys_clk rise edge)   10.000    10.000 r  
    E3                                                0.000    10.000 r  clk_100mhz (IN)
                         net (fo=0)                   0.000    10.000    clk_100mhz
    E3                   IBUF (Prop_ibuf_I_O)         1.411    11.411 r  clk_100mhz_IBUF_inst/O
                         net (fo=1, routed)           1.920    13.331    clk_100mhz_IBUF
    BUFGCTRL_X0Y16       BUFG (Prop_bufg_I_O)         0.091    13.422 r  clk_100mhz_IBUF_BUFG_inst/O
                         net (fo=2651, routed)        1.680    15.102    u_bridge/clk_100mhz_IBUF_BUFG
    SLICE_X43Y3          FDRE                                         r  u_bridge/payload_reg[214][2]/C
                         clock pessimism              0.267    15.370    
                         clock uncertainty           -0.035    15.334    
    SLICE_X43Y3          FDRE (Setup_fdre_C_D)       -0.061    15.273    u_bridge/payload_reg[214][2]
  -------------------------------------------------------------------
                         required time                         15.273    
                         arrival time                         -14.033    
  -------------------------------------------------------------------
                         slack                                  1.241    

Slack (MET) :             1.290ns  (required time - arrival time)
  Source:                 u_rx/data_reg[2]/C
                            (rising edge-triggered cell FDCE clocked by sys_clk  {rise@0.000ns fall@5.000ns period=10.000ns})
  Destination:            u_bridge/payload_reg[235][2]/D
                            (rising edge-triggered cell FDRE clocked by sys_clk  {rise@0.000ns fall@5.000ns period=10.000ns})
  Path Group:             sys_clk
  Path Type:              Setup (Max at Slow Process Corner)
  Requirement:            10.000ns  (sys_clk rise@10.000ns - sys_clk rise@0.000ns)
  Data Path Delay:        8.567ns  (logic 0.518ns (6.046%)  route 8.049ns (93.954%))
  Logic Levels:           0  
  Clock Path Skew:        -0.047ns (DCD - SCD + CPR)
    Destination Clock Delay (DCD):    5.107ns = ( 15.107 - 10.000 ) 
    Source Clock Delay      (SCD):    5.422ns
    Clock Pessimism Removal (CPR):    0.267ns
  Clock Uncertainty:      0.035ns  ((TSJ^2 + TIJ^2)^1/2 + DJ) / 2 + PE
    Total System Jitter     (TSJ):    0.071ns
    Total Input Jitter      (TIJ):    0.000ns
    Discrete Jitter          (DJ):    0.000ns
    Phase Error              (PE):    0.000ns

    Location             Delay type                Incr(ns)  Path(ns)    Netlist Resource(s)
  -------------------------------------------------------------------    -------------------
                         (clock sys_clk rise edge)    0.000     0.000 r  
    E3                                                0.000     0.000 r  clk_100mhz (IN)
                         net (fo=0)                   0.000     0.000    clk_100mhz
    E3                   IBUF (Prop_ibuf_I_O)         1.482     1.482 r  clk_100mhz_IBUF_inst/O
                         net (fo=1, routed)           2.025     3.506    clk_100mhz_IBUF
    BUFGCTRL_X0Y16       BUFG (Prop_bufg_I_O)         0.096     3.602 r  clk_100mhz_IBUF_BUFG_inst/O
                         net (fo=2651, routed)        1.819     5.422    u_rx/clk_100mhz_IBUF_BUFG
    SLICE_X8Y8           FDCE                                         r  u_rx/data_reg[2]/C
  -------------------------------------------------------------------    -------------------
    SLICE_X8Y8           FDCE (Prop_fdce_C_Q)         0.518     5.940 r  u_rx/data_reg[2]/Q
                         net (fo=156, routed)         8.049    13.989    u_bridge/payload_reg[254][7]_0[2]
    SLICE_X36Y4          FDRE                                         r  u_bridge/payload_reg[235][2]/D
  -------------------------------------------------------------------    -------------------

                         (clock sys_clk rise edge)   10.000    10.000 r  
    E3                                                0.000    10.000 r  clk_100mhz (IN)
                         net (fo=0)                   0.000    10.000    clk_100mhz
    E3                   IBUF (Prop_ibuf_I_O)         1.411    11.411 r  clk_100mhz_IBUF_inst/O
                         net (fo=1, routed)           1.920    13.331    clk_100mhz_IBUF
    BUFGCTRL_X0Y16       BUFG (Prop_bufg_I_O)         0.091    13.422 r  clk_100mhz_IBUF_BUFG_inst/O
                         net (fo=2651, routed)        1.685    15.107    u_bridge/clk_100mhz_IBUF_BUFG
    SLICE_X36Y4          FDRE                                         r  u_bridge/payload_reg[235][2]/C
                         clock pessimism              0.267    15.375    
                         clock uncertainty           -0.035    15.339    
    SLICE_X36Y4          FDRE (Setup_fdre_C_D)       -0.061    15.278    u_bridge/payload_reg[235][2]
  -------------------------------------------------------------------
                         required time                         15.278    
                         arrival time                         -13.989    
  -------------------------------------------------------------------
                         slack                                  1.290    

Slack (MET) :             1.293ns  (required time - arrival time)
  Source:                 u_rx/data_reg[2]/C
                            (rising edge-triggered cell FDCE clocked by sys_clk  {rise@0.000ns fall@5.000ns period=10.000ns})
  Destination:            u_bridge/payload_reg[215][2]/D
                            (rising edge-triggered cell FDRE clocked by sys_clk  {rise@0.000ns fall@5.000ns period=10.000ns})
  Path Group:             sys_clk
  Path Type:              Setup (Max at Slow Process Corner)
  Requirement:            10.000ns  (sys_clk rise@10.000ns - sys_clk rise@0.000ns)
  Data Path Delay:        8.555ns  (logic 0.518ns (6.055%)  route 8.037ns (93.945%))
  Logic Levels:           0  
  Clock Path Skew:        -0.049ns (DCD - SCD + CPR)
    Destination Clock Delay (DCD):    5.105ns = ( 15.105 - 10.000 ) 
    Source Clock Delay      (SCD):    5.422ns
    Clock Pessimism Removal (CPR):    0.267ns
  Clock Uncertainty:      0.035ns  ((TSJ^2 + TIJ^2)^1/2 + DJ) / 2 + PE
    Total System Jitter     (TSJ):    0.071ns
    Total Input Jitter      (TIJ):    0.000ns
    Discrete Jitter          (DJ):    0.000ns
    Phase Error              (PE):    0.000ns

    Location             Delay type                Incr(ns)  Path(ns)    Netlist Resource(s)
  -------------------------------------------------------------------    -------------------
                         (clock sys_clk rise edge)    0.000     0.000 r  
    E3                                                0.000     0.000 r  clk_100mhz (IN)
                         net (fo=0)                   0.000     0.000    clk_100mhz
    E3                   IBUF (Prop_ibuf_I_O)         1.482     1.482 r  clk_100mhz_IBUF_inst/O
                         net (fo=1, routed)           2.025     3.506    clk_100mhz_IBUF
    BUFGCTRL_X0Y16       BUFG (Prop_bufg_I_O)         0.096     3.602 r  clk_100mhz_IBUF_BUFG_inst/O
                         net (fo=2651, routed)        1.819     5.422    u_rx/clk_100mhz_IBUF_BUFG
    SLICE_X8Y8           FDCE                                         r  u_rx/data_reg[2]/C
  -------------------------------------------------------------------    -------------------
    SLICE_X8Y8           FDCE (Prop_fdce_C_Q)         0.518     5.940 r  u_rx/data_reg[2]/Q
                         net (fo=156, routed)         8.037    13.977    u_bridge/payload_reg[254][7]_0[2]
    SLICE_X41Y4          FDRE                                         r  u_bridge/payload_reg[215][2]/D
  -------------------------------------------------------------------    -------------------

                         (clock sys_clk rise edge)   10.000    10.000 r  
    E3                                                0.000    10.000 r  clk_100mhz (IN)
                         net (fo=0)                   0.000    10.000    clk_100mhz
    E3                   IBUF (Prop_ibuf_I_O)         1.411    11.411 r  clk_100mhz_IBUF_inst/O
                         net (fo=1, routed)           1.920    13.331    clk_100mhz_IBUF
    BUFGCTRL_X0Y16       BUFG (Prop_bufg_I_O)         0.091    13.422 r  clk_100mhz_IBUF_BUFG_inst/O
                         net (fo=2651, routed)        1.683    15.105    u_bridge/clk_100mhz_IBUF_BUFG
    SLICE_X41Y4          FDRE                                         r  u_bridge/payload_reg[215][2]/C
                         clock pessimism              0.267    15.373    
                         clock uncertainty           -0.035    15.337    
    SLICE_X41Y4          FDRE (Setup_fdre_C_D)       -0.067    15.270    u_bridge/payload_reg[215][2]
  -------------------------------------------------------------------
                         required time                         15.270    
                         arrival time                         -13.977    
  -------------------------------------------------------------------
                         slack                                  1.293    

Slack (MET) :             1.323ns  (required time - arrival time)
  Source:                 u_rx/data_reg[2]/C
                            (rising edge-triggered cell FDCE clocked by sys_clk  {rise@0.000ns fall@5.000ns period=10.000ns})
  Destination:            u_bridge/payload_reg[217][2]/D
                            (rising edge-triggered cell FDRE clocked by sys_clk  {rise@0.000ns fall@5.000ns period=10.000ns})
  Path Group:             sys_clk
  Path Type:              Setup (Max at Slow Process Corner)
  Requirement:            10.000ns  (sys_clk rise@10.000ns - sys_clk rise@0.000ns)
  Data Path Delay:        8.532ns  (logic 0.518ns (6.071%)  route 8.014ns (93.929%))
  Logic Levels:           0  
  Clock Path Skew:        -0.049ns (DCD - SCD + CPR)
    Destination Clock Delay (DCD):    5.105ns = ( 15.105 - 10.000 ) 
    Source Clock Delay      (SCD):    5.422ns
    Clock Pessimism Removal (CPR):    0.267ns
  Clock Uncertainty:      0.035ns  ((TSJ^2 + TIJ^2)^1/2 + DJ) / 2 + PE
    Total System Jitter     (TSJ):    0.071ns
    Total Input Jitter      (TIJ):    0.000ns
    Discrete Jitter          (DJ):    0.000ns
    Phase Error              (PE):    0.000ns

    Location             Delay type                Incr(ns)  Path(ns)    Netlist Resource(s)
  -------------------------------------------------------------------    -------------------
                         (clock sys_clk rise edge)    0.000     0.000 r  
    E3                                                0.000     0.000 r  clk_100mhz (IN)
                         net (fo=0)                   0.000     0.000    clk_100mhz
    E3                   IBUF (Prop_ibuf_I_O)         1.482     1.482 r  clk_100mhz_IBUF_inst/O
                         net (fo=1, routed)           2.025     3.506    clk_100mhz_IBUF
    BUFGCTRL_X0Y16       BUFG (Prop_bufg_I_O)         0.096     3.602 r  clk_100mhz_IBUF_BUFG_inst/O
                         net (fo=2651, routed)        1.819     5.422    u_rx/clk_100mhz_IBUF_BUFG
    SLICE_X8Y8           FDCE                                         r  u_rx/data_reg[2]/C
  -------------------------------------------------------------------    -------------------
    SLICE_X8Y8           FDCE (Prop_fdce_C_Q)         0.518     5.940 r  u_rx/data_reg[2]/Q
                         net (fo=156, routed)         8.014    13.954    u_bridge/payload_reg[254][7]_0[2]
    SLICE_X41Y3          FDRE                                         r  u_bridge/payload_reg[217][2]/D
  -------------------------------------------------------------------    -------------------

                         (clock sys_clk rise edge)   10.000    10.000 r  
    E3                                                0.000    10.000 r  clk_100mhz (IN)
                         net (fo=0)                   0.000    10.000    clk_100mhz
    E3                   IBUF (Prop_ibuf_I_O)         1.411    11.411 r  clk_100mhz_IBUF_inst/O
                         net (fo=1, routed)           1.920    13.331    clk_100mhz_IBUF
    BUFGCTRL_X0Y16       BUFG (Prop_bufg_I_O)         0.091    13.422 r  clk_100mhz_IBUF_BUFG_inst/O
                         net (fo=2651, routed)        1.683    15.105    u_bridge/clk_100mhz_IBUF_BUFG
    SLICE_X41Y3          FDRE                                         r  u_bridge/payload_reg[217][2]/C
                         clock pessimism              0.267    15.373    
                         clock uncertainty           -0.035    15.337    
    SLICE_X41Y3          FDRE (Setup_fdre_C_D)       -0.061    15.276    u_bridge/payload_reg[217][2]
  -------------------------------------------------------------------
                         required time                         15.276    
                         arrival time                         -13.954    
  -------------------------------------------------------------------
                         slack                                  1.323    





Min Delay Paths
--------------------------------------------------------------------------------------
Slack (MET) :             0.131ns  (arrival time - required time)
  Source:                 u_rx/shift_reg_reg[0]/C
                            (rising edge-triggered cell FDCE clocked by sys_clk  {rise@0.000ns fall@5.000ns period=10.000ns})
  Destination:            u_rx/data_reg[0]/D
                            (rising edge-triggered cell FDCE clocked by sys_clk  {rise@0.000ns fall@5.000ns period=10.000ns})
  Path Group:             sys_clk
  Path Type:              Hold (Min at Fast Process Corner)
  Requirement:            0.000ns  (sys_clk rise@0.000ns - sys_clk rise@0.000ns)
  Data Path Delay:        0.219ns  (logic 0.141ns (64.352%)  route 0.078ns (35.648%))
  Logic Levels:           0  
  Clock Path Skew:        0.013ns (DCD - SCD - CPR)
    Destination Clock Delay (DCD):    2.080ns
    Source Clock Delay      (SCD):    1.560ns
    Clock Pessimism Removal (CPR):    0.507ns

    Location             Delay type                Incr(ns)  Path(ns)    Netlist Resource(s)
  -------------------------------------------------------------------    -------------------
                         (clock sys_clk rise edge)    0.000     0.000 r  
    E3                                                0.000     0.000 r  clk_100mhz (IN)
                         net (fo=0)                   0.000     0.000    clk_100mhz
    E3                   IBUF (Prop_ibuf_I_O)         0.250     0.250 r  clk_100mhz_IBUF_inst/O
                         net (fo=1, routed)           0.644     0.894    clk_100mhz_IBUF
    BUFGCTRL_X0Y16       BUFG (Prop_bufg_I_O)         0.026     0.920 r  clk_100mhz_IBUF_BUFG_inst/O
                         net (fo=2651, routed)        0.640     1.560    u_rx/clk_100mhz_IBUF_BUFG
    SLICE_X11Y8          FDCE                                         r  u_rx/shift_reg_reg[0]/C
  -------------------------------------------------------------------    -------------------
    SLICE_X11Y8          FDCE (Prop_fdce_C_Q)         0.141     1.701 r  u_rx/shift_reg_reg[0]/Q
                         net (fo=4, routed)           0.078     1.779    u_rx/shift_reg_reg_n_0_[0]
    SLICE_X10Y8          FDCE                                         r  u_rx/data_reg[0]/D
  -------------------------------------------------------------------    -------------------

                         (clock sys_clk rise edge)    0.000     0.000 r  
    E3                                                0.000     0.000 r  clk_100mhz (IN)
                         net (fo=0)                   0.000     0.000    clk_100mhz
    E3                   IBUF (Prop_ibuf_I_O)         0.438     0.438 r  clk_100mhz_IBUF_inst/O
                         net (fo=1, routed)           0.699     1.136    clk_100mhz_IBUF
    BUFGCTRL_X0Y16       BUFG (Prop_bufg_I_O)         0.029     1.165 r  clk_100mhz_IBUF_BUFG_inst/O
                         net (fo=2651, routed)        0.915     2.080    u_rx/clk_100mhz_IBUF_BUFG
    SLICE_X10Y8          FDCE                                         r  u_rx/data_reg[0]/C
                         clock pessimism             -0.507     1.573    
    SLICE_X10Y8          FDCE (Hold_fdce_C_D)         0.075     1.648    u_rx/data_reg[0]
  -------------------------------------------------------------------
                         required time                         -1.648    
                         arrival time                           1.779    
  -------------------------------------------------------------------
                         slack                                  0.131    

Slack (MET) :             0.140ns  (arrival time - required time)
  Source:                 u_tx/clk_cnt_reg[4]/C
                            (rising edge-triggered cell FDCE clocked by sys_clk  {rise@0.000ns fall@5.000ns period=10.000ns})
  Destination:            u_tx/clk_cnt_reg[5]/D
                            (rising edge-triggered cell FDCE clocked by sys_clk  {rise@0.000ns fall@5.000ns period=10.000ns})
  Path Group:             sys_clk
  Path Type:              Hold (Min at Fast Process Corner)
  Requirement:            0.000ns  (sys_clk rise@0.000ns - sys_clk rise@0.000ns)
  Data Path Delay:        0.274ns  (logic 0.186ns (67.773%)  route 0.088ns (32.227%))
  Logic Levels:           1  (LUT6=1)
  Clock Path Skew:        0.013ns (DCD - SCD - CPR)
    Destination Clock Delay (DCD):    2.075ns
    Source Clock Delay      (SCD):    1.557ns
    Clock Pessimism Removal (CPR):    0.505ns

    Location             Delay type                Incr(ns)  Path(ns)    Netlist Resource(s)
  -------------------------------------------------------------------    -------------------
                         (clock sys_clk rise edge)    0.000     0.000 r  
    E3                                                0.000     0.000 r  clk_100mhz (IN)
                         net (fo=0)                   0.000     0.000    clk_100mhz
    E3                   IBUF (Prop_ibuf_I_O)         0.250     0.250 r  clk_100mhz_IBUF_inst/O
                         net (fo=1, routed)           0.644     0.894    clk_100mhz_IBUF
    BUFGCTRL_X0Y16       BUFG (Prop_bufg_I_O)         0.026     0.920 r  clk_100mhz_IBUF_BUFG_inst/O
                         net (fo=2651, routed)        0.637     1.557    u_tx/clk_100mhz_IBUF_BUFG
    SLICE_X11Y34         FDCE                                         r  u_tx/clk_cnt_reg[4]/C
  -------------------------------------------------------------------    -------------------
    SLICE_X11Y34         FDCE (Prop_fdce_C_Q)         0.141     1.698 r  u_tx/clk_cnt_reg[4]/Q
                         net (fo=5, routed)           0.088     1.786    u_tx/clk_cnt_reg_n_0_[4]
    SLICE_X10Y34         LUT6 (Prop_lut6_I2_O)        0.045     1.831 r  u_tx/clk_cnt[5]_i_1/O
                         net (fo=1, routed)           0.000     1.831    u_tx/clk_cnt[5]
    SLICE_X10Y34         FDCE                                         r  u_tx/clk_cnt_reg[5]/D
  -------------------------------------------------------------------    -------------------

                         (clock sys_clk rise edge)    0.000     0.000 r  
    E3                                                0.000     0.000 r  clk_100mhz (IN)
                         net (fo=0)                   0.000     0.000    clk_100mhz
    E3                   IBUF (Prop_ibuf_I_O)         0.438     0.438 r  clk_100mhz_IBUF_inst/O
                         net (fo=1, routed)           0.699     1.136    clk_100mhz_IBUF
    BUFGCTRL_X0Y16       BUFG (Prop_bufg_I_O)         0.029     1.165 r  clk_100mhz_IBUF_BUFG_inst/O
                         net (fo=2651, routed)        0.910     2.075    u_tx/clk_100mhz_IBUF_BUFG
    SLICE_X10Y34         FDCE                                         r  u_tx/clk_cnt_reg[5]/C
                         clock pessimism             -0.505     1.570    
    SLICE_X10Y34         FDCE (Hold_fdce_C_D)         0.121     1.691    u_tx/clk_cnt_reg[5]
  -------------------------------------------------------------------
                         required time                         -1.691    
                         arrival time                           1.831    
  -------------------------------------------------------------------
                         slack                                  0.140    

Slack (MET) :             0.160ns  (arrival time - required time)
  Source:                 u_bridge/m_axi_araddr_reg[4]/C
                            (rising edge-triggered cell FDCE clocked by sys_clk  {rise@0.000ns fall@5.000ns period=10.000ns})
  Destination:            u_cdc/s_araddr_q_reg[4]/D
                            (rising edge-triggered cell FDCE clocked by sys_clk  {rise@0.000ns fall@5.000ns period=10.000ns})
  Path Group:             sys_clk
  Path Type:              Hold (Min at Fast Process Corner)
  Requirement:            0.000ns  (sys_clk rise@0.000ns - sys_clk rise@0.000ns)
  Data Path Delay:        0.245ns  (logic 0.141ns (57.529%)  route 0.104ns (42.471%))
  Logic Levels:           0  
  Clock Path Skew:        0.014ns (DCD - SCD - CPR)
    Destination Clock Delay (DCD):    2.069ns
    Source Clock Delay      (SCD):    1.550ns
    Clock Pessimism Removal (CPR):    0.505ns

    Location             Delay type                Incr(ns)  Path(ns)    Netlist Resource(s)
  -------------------------------------------------------------------    -------------------
                         (clock sys_clk rise edge)    0.000     0.000 r  
    E3                                                0.000     0.000 r  clk_100mhz (IN)
                         net (fo=0)                   0.000     0.000    clk_100mhz
    E3                   IBUF (Prop_ibuf_I_O)         0.250     0.250 r  clk_100mhz_IBUF_inst/O
                         net (fo=1, routed)           0.644     0.894    clk_100mhz_IBUF
    BUFGCTRL_X0Y16       BUFG (Prop_bufg_I_O)         0.026     0.920 r  clk_100mhz_IBUF_BUFG_inst/O
                         net (fo=2651, routed)        0.630     1.550    u_bridge/clk_100mhz_IBUF_BUFG
    SLICE_X18Y27         FDCE                                         r  u_bridge/m_axi_araddr_reg[4]/C
  -------------------------------------------------------------------    -------------------
    SLICE_X18Y27         FDCE (Prop_fdce_C_Q)         0.141     1.691 r  u_bridge/m_axi_araddr_reg[4]/Q
                         net (fo=1, routed)           0.104     1.795    u_cdc/s_araddr_q_reg[15]_0[2]
    SLICE_X17Y28         FDCE                                         r  u_cdc/s_araddr_q_reg[4]/D
  -------------------------------------------------------------------    -------------------

                         (clock sys_clk rise edge)    0.000     0.000 r  
    E3                                                0.000     0.000 r  clk_100mhz (IN)
                         net (fo=0)                   0.000     0.000    clk_100mhz
    E3                   IBUF (Prop_ibuf_I_O)         0.438     0.438 r  clk_100mhz_IBUF_inst/O
                         net (fo=1, routed)           0.699     1.136    clk_100mhz_IBUF
    BUFGCTRL_X0Y16       BUFG (Prop_bufg_I_O)         0.029     1.165 r  clk_100mhz_IBUF_BUFG_inst/O
                         net (fo=2651, routed)        0.904     2.069    u_cdc/clk_100mhz_IBUF_BUFG
    SLICE_X17Y28         FDCE                                         r  u_cdc/s_araddr_q_reg[4]/C
                         clock pessimism             -0.505     1.564    
    SLICE_X17Y28         FDCE (Hold_fdce_C_D)         0.071     1.635    u_cdc/s_araddr_q_reg[4]
  -------------------------------------------------------------------
                         required time                         -1.635    
                         arrival time                           1.795    
  -------------------------------------------------------------------
                         slack                                  0.160    

Slack (MET) :             0.165ns  (arrival time - required time)
  Source:                 u_bridge/tx_byte_reg[5]/C
                            (rising edge-triggered cell FDCE clocked by sys_clk  {rise@0.000ns fall@5.000ns period=10.000ns})
  Destination:            u_tx/shift_reg_reg[5]/D
                            (rising edge-triggered cell FDCE clocked by sys_clk  {rise@0.000ns fall@5.000ns period=10.000ns})
  Path Group:             sys_clk
  Path Type:              Hold (Min at Fast Process Corner)
  Requirement:            0.000ns  (sys_clk rise@0.000ns - sys_clk rise@0.000ns)
  Data Path Delay:        0.187ns  (logic 0.128ns (68.397%)  route 0.059ns (31.603%))
  Logic Levels:           0  
  Clock Path Skew:        0.013ns (DCD - SCD - CPR)
    Destination Clock Delay (DCD):    2.071ns
    Source Clock Delay      (SCD):    1.553ns
    Clock Pessimism Removal (CPR):    0.505ns

    Location             Delay type                Incr(ns)  Path(ns)    Netlist Resource(s)
  -------------------------------------------------------------------    -------------------
                         (clock sys_clk rise edge)    0.000     0.000 r  
    E3                                                0.000     0.000 r  clk_100mhz (IN)
                         net (fo=0)                   0.000     0.000    clk_100mhz
    E3                   IBUF (Prop_ibuf_I_O)         0.250     0.250 r  clk_100mhz_IBUF_inst/O
                         net (fo=1, routed)           0.644     0.894    clk_100mhz_IBUF
    BUFGCTRL_X0Y16       BUFG (Prop_bufg_I_O)         0.026     0.920 r  clk_100mhz_IBUF_BUFG_inst/O
                         net (fo=2651, routed)        0.633     1.553    u_bridge/clk_100mhz_IBUF_BUFG
    SLICE_X9Y30          FDCE                                         r  u_bridge/tx_byte_reg[5]/C
  -------------------------------------------------------------------    -------------------
    SLICE_X9Y30          FDCE (Prop_fdce_C_Q)         0.128     1.681 r  u_bridge/tx_byte_reg[5]/Q
                         net (fo=1, routed)           0.059     1.740    u_tx/D[5]
    SLICE_X8Y30          FDCE                                         r  u_tx/shift_reg_reg[5]/D
  -------------------------------------------------------------------    -------------------

                         (clock sys_clk rise edge)    0.000     0.000 r  
    E3                                                0.000     0.000 r  clk_100mhz (IN)
                         net (fo=0)                   0.000     0.000    clk_100mhz
    E3                   IBUF (Prop_ibuf_I_O)         0.438     0.438 r  clk_100mhz_IBUF_inst/O
                         net (fo=1, routed)           0.699     1.136    clk_100mhz_IBUF
    BUFGCTRL_X0Y16       BUFG (Prop_bufg_I_O)         0.029     1.165 r  clk_100mhz_IBUF_BUFG_inst/O
                         net (fo=2651, routed)        0.906     2.071    u_tx/clk_100mhz_IBUF_BUFG
    SLICE_X8Y30          FDCE                                         r  u_tx/shift_reg_reg[5]/C
                         clock pessimism             -0.505     1.566    
    SLICE_X8Y30          FDCE (Hold_fdce_C_D)         0.009     1.575    u_tx/shift_reg_reg[5]
  -------------------------------------------------------------------
                         required time                         -1.575    
                         arrival time                           1.740    
  -------------------------------------------------------------------
                         slack                                  0.165    

Slack (MET) :             0.166ns  (arrival time - required time)
  Source:                 u_bridge/m_axi_wdata_reg[29]/C
                            (rising edge-triggered cell FDCE clocked by sys_clk  {rise@0.000ns fall@5.000ns period=10.000ns})
  Destination:            u_cdc/s_wdata_q_reg[29]/D
                            (rising edge-triggered cell FDCE clocked by sys_clk  {rise@0.000ns fall@5.000ns period=10.000ns})
  Path Group:             sys_clk
  Path Type:              Hold (Min at Fast Process Corner)
  Requirement:            0.000ns  (sys_clk rise@0.000ns - sys_clk rise@0.000ns)
  Data Path Delay:        0.253ns  (logic 0.141ns (55.730%)  route 0.112ns (44.270%))
  Logic Levels:           0  
  Clock Path Skew:        0.015ns (DCD - SCD - CPR)
    Destination Clock Delay (DCD):    2.065ns
    Source Clock Delay      (SCD):    1.546ns
    Clock Pessimism Removal (CPR):    0.504ns

    Location             Delay type                Incr(ns)  Path(ns)    Netlist Resource(s)
  -------------------------------------------------------------------    -------------------
                         (clock sys_clk rise edge)    0.000     0.000 r  
    E3                                                0.000     0.000 r  clk_100mhz (IN)
                         net (fo=0)                   0.000     0.000    clk_100mhz
    E3                   IBUF (Prop_ibuf_I_O)         0.250     0.250 r  clk_100mhz_IBUF_inst/O
                         net (fo=1, routed)           0.644     0.894    clk_100mhz_IBUF
    BUFGCTRL_X0Y16       BUFG (Prop_bufg_I_O)         0.026     0.920 r  clk_100mhz_IBUF_BUFG_inst/O
                         net (fo=2651, routed)        0.626     1.546    u_bridge/clk_100mhz_IBUF_BUFG
    SLICE_X29Y26         FDCE                                         r  u_bridge/m_axi_wdata_reg[29]/C
  -------------------------------------------------------------------    -------------------
    SLICE_X29Y26         FDCE (Prop_fdce_C_Q)         0.141     1.687 r  u_bridge/m_axi_wdata_reg[29]/Q
                         net (fo=1, routed)           0.112     1.799    u_cdc/s_wdata_q_reg[31]_0[29]
    SLICE_X29Y27         FDCE                                         r  u_cdc/s_wdata_q_reg[29]/D
  -------------------------------------------------------------------    -------------------

                         (clock sys_clk rise edge)    0.000     0.000 r  
    E3                                                0.000     0.000 r  clk_100mhz (IN)
                         net (fo=0)                   0.000     0.000    clk_100mhz
    E3                   IBUF (Prop_ibuf_I_O)         0.438     0.438 r  clk_100mhz_IBUF_inst/O
                         net (fo=1, routed)           0.699     1.136    clk_100mhz_IBUF
    BUFGCTRL_X0Y16       BUFG (Prop_bufg_I_O)         0.029     1.165 r  clk_100mhz_IBUF_BUFG_inst/O
                         net (fo=2651, routed)        0.900     2.065    u_cdc/clk_100mhz_IBUF_BUFG
    SLICE_X29Y27         FDCE                                         r  u_cdc/s_wdata_q_reg[29]/C
                         clock pessimism             -0.504     1.561    
    SLICE_X29Y27         FDCE (Hold_fdce_C_D)         0.072     1.633    u_cdc/s_wdata_q_reg[29]
  -------------------------------------------------------------------
                         required time                         -1.633    
                         arrival time                           1.799    
  -------------------------------------------------------------------
                         slack                                  0.166    

Slack (MET) :             0.170ns  (arrival time - required time)
  Source:                 u_bridge/m_axi_araddr_reg[2]/C
                            (rising edge-triggered cell FDCE clocked by sys_clk  {rise@0.000ns fall@5.000ns period=10.000ns})
  Destination:            u_cdc/s_araddr_q_reg[2]/D
                            (rising edge-triggered cell FDCE clocked by sys_clk  {rise@0.000ns fall@5.000ns period=10.000ns})
  Path Group:             sys_clk
  Path Type:              Hold (Min at Fast Process Corner)
  Requirement:            0.000ns  (sys_clk rise@0.000ns - sys_clk rise@0.000ns)
  Data Path Delay:        0.252ns  (logic 0.141ns (55.915%)  route 0.111ns (44.085%))
  Logic Levels:           0  
  Clock Path Skew:        0.035ns (DCD - SCD - CPR)
    Destination Clock Delay (DCD):    2.069ns
    Source Clock Delay      (SCD):    1.551ns
    Clock Pessimism Removal (CPR):    0.483ns

    Location             Delay type                Incr(ns)  Path(ns)    Netlist Resource(s)
  -------------------------------------------------------------------    -------------------
                         (clock sys_clk rise edge)    0.000     0.000 r  
    E3                                                0.000     0.000 r  clk_100mhz (IN)
                         net (fo=0)                   0.000     0.000    clk_100mhz
    E3                   IBUF (Prop_ibuf_I_O)         0.250     0.250 r  clk_100mhz_IBUF_inst/O
                         net (fo=1, routed)           0.644     0.894    clk_100mhz_IBUF
    BUFGCTRL_X0Y16       BUFG (Prop_bufg_I_O)         0.026     0.920 r  clk_100mhz_IBUF_BUFG_inst/O
                         net (fo=2651, routed)        0.631     1.551    u_bridge/clk_100mhz_IBUF_BUFG
    SLICE_X15Y28         FDCE                                         r  u_bridge/m_axi_araddr_reg[2]/C
  -------------------------------------------------------------------    -------------------
    SLICE_X15Y28         FDCE (Prop_fdce_C_Q)         0.141     1.692 r  u_bridge/m_axi_araddr_reg[2]/Q
                         net (fo=1, routed)           0.111     1.803    u_cdc/s_araddr_q_reg[15]_0[0]
    SLICE_X17Y28         FDCE                                         r  u_cdc/s_araddr_q_reg[2]/D
  -------------------------------------------------------------------    -------------------

                         (clock sys_clk rise edge)    0.000     0.000 r  
    E3                                                0.000     0.000 r  clk_100mhz (IN)
                         net (fo=0)                   0.000     0.000    clk_100mhz
    E3                   IBUF (Prop_ibuf_I_O)         0.438     0.438 r  clk_100mhz_IBUF_inst/O
                         net (fo=1, routed)           0.699     1.136    clk_100mhz_IBUF
    BUFGCTRL_X0Y16       BUFG (Prop_bufg_I_O)         0.029     1.165 r  clk_100mhz_IBUF_BUFG_inst/O
                         net (fo=2651, routed)        0.904     2.069    u_cdc/clk_100mhz_IBUF_BUFG
    SLICE_X17Y28         FDCE                                         r  u_cdc/s_araddr_q_reg[2]/C
                         clock pessimism             -0.483     1.586    
    SLICE_X17Y28         FDCE (Hold_fdce_C_D)         0.047     1.633    u_cdc/s_araddr_q_reg[2]
  -------------------------------------------------------------------
                         required time                         -1.633    
                         arrival time                           1.803    
  -------------------------------------------------------------------
                         slack                                  0.170    

Slack (MET) :             0.171ns  (arrival time - required time)
  Source:                 u_bridge/m_axi_wstrb_reg[0]/C
                            (rising edge-triggered cell FDCE clocked by sys_clk  {rise@0.000ns fall@5.000ns period=10.000ns})
  Destination:            u_cdc/s_wstrb_q_reg[0]/D
                            (rising edge-triggered cell FDCE clocked by sys_clk  {rise@0.000ns fall@5.000ns period=10.000ns})
  Path Group:             sys_clk
  Path Type:              Hold (Min at Fast Process Corner)
  Requirement:            0.000ns  (sys_clk rise@0.000ns - sys_clk rise@0.000ns)
  Data Path Delay:        0.256ns  (logic 0.141ns (55.109%)  route 0.115ns (44.891%))
  Logic Levels:           0  
  Clock Path Skew:        0.015ns (DCD - SCD - CPR)
    Destination Clock Delay (DCD):    2.067ns
    Source Clock Delay      (SCD):    1.547ns
    Clock Pessimism Removal (CPR):    0.505ns

    Location             Delay type                Incr(ns)  Path(ns)    Netlist Resource(s)
  -------------------------------------------------------------------    -------------------
                         (clock sys_clk rise edge)    0.000     0.000 r  
    E3                                                0.000     0.000 r  clk_100mhz (IN)
                         net (fo=0)                   0.000     0.000    clk_100mhz
    E3                   IBUF (Prop_ibuf_I_O)         0.250     0.250 r  clk_100mhz_IBUF_inst/O
                         net (fo=1, routed)           0.644     0.894    clk_100mhz_IBUF
    BUFGCTRL_X0Y16       BUFG (Prop_bufg_I_O)         0.026     0.920 r  clk_100mhz_IBUF_BUFG_inst/O
                         net (fo=2651, routed)        0.627     1.547    u_bridge/clk_100mhz_IBUF_BUFG
    SLICE_X24Y26         FDCE                                         r  u_bridge/m_axi_wstrb_reg[0]/C
  -------------------------------------------------------------------    -------------------
    SLICE_X24Y26         FDCE (Prop_fdce_C_Q)         0.141     1.688 r  u_bridge/m_axi_wstrb_reg[0]/Q
                         net (fo=1, routed)           0.115     1.803    u_cdc/s_wstrb_q_reg[3]_0[0]
    SLICE_X24Y27         FDCE                                         r  u_cdc/s_wstrb_q_reg[0]/D
  -------------------------------------------------------------------    -------------------

                         (clock sys_clk rise edge)    0.000     0.000 r  
    E3                                                0.000     0.000 r  clk_100mhz (IN)
                         net (fo=0)                   0.000     0.000    clk_100mhz
    E3                   IBUF (Prop_ibuf_I_O)         0.438     0.438 r  clk_100mhz_IBUF_inst/O
                         net (fo=1, routed)           0.699     1.136    clk_100mhz_IBUF
    BUFGCTRL_X0Y16       BUFG (Prop_bufg_I_O)         0.029     1.165 r  clk_100mhz_IBUF_BUFG_inst/O
                         net (fo=2651, routed)        0.902     2.067    u_cdc/clk_100mhz_IBUF_BUFG
    SLICE_X24Y27         FDCE                                         r  u_cdc/s_wstrb_q_reg[0]/C
                         clock pessimism             -0.505     1.562    
    SLICE_X24Y27         FDCE (Hold_fdce_C_D)         0.070     1.632    u_cdc/s_wstrb_q_reg[0]
  -------------------------------------------------------------------
                         required time                         -1.632    
                         arrival time                           1.803    
  -------------------------------------------------------------------
                         slack                                  0.171    

Slack (MET) :             0.174ns  (arrival time - required time)
  Source:                 u_bridge/m_axi_wdata_reg[23]/C
                            (rising edge-triggered cell FDCE clocked by sys_clk  {rise@0.000ns fall@5.000ns period=10.000ns})
  Destination:            u_cdc/s_wdata_q_reg[23]/D
                            (rising edge-triggered cell FDCE clocked by sys_clk  {rise@0.000ns fall@5.000ns period=10.000ns})
  Path Group:             sys_clk
  Path Type:              Hold (Min at Fast Process Corner)
  Requirement:            0.000ns  (sys_clk rise@0.000ns - sys_clk rise@0.000ns)
  Data Path Delay:        0.255ns  (logic 0.141ns (55.331%)  route 0.114ns (44.669%))
  Logic Levels:           0  
  Clock Path Skew:        0.015ns (DCD - SCD - CPR)
    Destination Clock Delay (DCD):    2.067ns
    Source Clock Delay      (SCD):    1.547ns
    Clock Pessimism Removal (CPR):    0.505ns

    Location             Delay type                Incr(ns)  Path(ns)    Netlist Resource(s)
  -------------------------------------------------------------------    -------------------
                         (clock sys_clk rise edge)    0.000     0.000 r  
    E3                                                0.000     0.000 r  clk_100mhz (IN)
                         net (fo=0)                   0.000     0.000    clk_100mhz
    E3                   IBUF (Prop_ibuf_I_O)         0.250     0.250 r  clk_100mhz_IBUF_inst/O
                         net (fo=1, routed)           0.644     0.894    clk_100mhz_IBUF
    BUFGCTRL_X0Y16       BUFG (Prop_bufg_I_O)         0.026     0.920 r  clk_100mhz_IBUF_BUFG_inst/O
                         net (fo=2651, routed)        0.627     1.547    u_bridge/clk_100mhz_IBUF_BUFG
    SLICE_X24Y26         FDCE                                         r  u_bridge/m_axi_wdata_reg[23]/C
  -------------------------------------------------------------------    -------------------
    SLICE_X24Y26         FDCE (Prop_fdce_C_Q)         0.141     1.688 r  u_bridge/m_axi_wdata_reg[23]/Q
                         net (fo=1, routed)           0.114     1.802    u_cdc/s_wdata_q_reg[31]_0[23]
    SLICE_X24Y27         FDCE                                         r  u_cdc/s_wdata_q_reg[23]/D
  -------------------------------------------------------------------    -------------------

                         (clock sys_clk rise edge)    0.000     0.000 r  
    E3                                                0.000     0.000 r  clk_100mhz (IN)
                         net (fo=0)                   0.000     0.000    clk_100mhz
    E3                   IBUF (Prop_ibuf_I_O)         0.438     0.438 r  clk_100mhz_IBUF_inst/O
                         net (fo=1, routed)           0.699     1.136    clk_100mhz_IBUF
    BUFGCTRL_X0Y16       BUFG (Prop_bufg_I_O)         0.029     1.165 r  clk_100mhz_IBUF_BUFG_inst/O
                         net (fo=2651, routed)        0.902     2.067    u_cdc/clk_100mhz_IBUF_BUFG
    SLICE_X24Y27         FDCE                                         r  u_cdc/s_wdata_q_reg[23]/C
                         clock pessimism             -0.505     1.562    
    SLICE_X24Y27         FDCE (Hold_fdce_C_D)         0.066     1.628    u_cdc/s_wdata_q_reg[23]
  -------------------------------------------------------------------
                         required time                         -1.628    
                         arrival time                           1.802    
  -------------------------------------------------------------------
                         slack                                  0.174    

Slack (MET) :             0.177ns  (arrival time - required time)
  Source:                 u_bridge/m_axi_wdata_reg[15]/C
                            (rising edge-triggered cell FDCE clocked by sys_clk  {rise@0.000ns fall@5.000ns period=10.000ns})
  Destination:            u_cdc/s_wdata_q_reg[15]/D
                            (rising edge-triggered cell FDCE clocked by sys_clk  {rise@0.000ns fall@5.000ns period=10.000ns})
  Path Group:             sys_clk
  Path Type:              Hold (Min at Fast Process Corner)
  Requirement:            0.000ns  (sys_clk rise@0.000ns - sys_clk rise@0.000ns)
  Data Path Delay:        0.262ns  (logic 0.141ns (53.727%)  route 0.121ns (46.273%))
  Logic Levels:           0  
  Clock Path Skew:        0.015ns (DCD - SCD - CPR)
    Destination Clock Delay (DCD):    2.067ns
    Source Clock Delay      (SCD):    1.547ns
    Clock Pessimism Removal (CPR):    0.505ns

    Location             Delay type                Incr(ns)  Path(ns)    Netlist Resource(s)
  -------------------------------------------------------------------    -------------------
                         (clock sys_clk rise edge)    0.000     0.000 r  
    E3                                                0.000     0.000 r  clk_100mhz (IN)
                         net (fo=0)                   0.000     0.000    clk_100mhz
    E3                   IBUF (Prop_ibuf_I_O)         0.250     0.250 r  clk_100mhz_IBUF_inst/O
                         net (fo=1, routed)           0.644     0.894    clk_100mhz_IBUF
    BUFGCTRL_X0Y16       BUFG (Prop_bufg_I_O)         0.026     0.920 r  clk_100mhz_IBUF_BUFG_inst/O
                         net (fo=2651, routed)        0.627     1.547    u_bridge/clk_100mhz_IBUF_BUFG
    SLICE_X24Y26         FDCE                                         r  u_bridge/m_axi_wdata_reg[15]/C
  -------------------------------------------------------------------    -------------------
    SLICE_X24Y26         FDCE (Prop_fdce_C_Q)         0.141     1.688 r  u_bridge/m_axi_wdata_reg[15]/Q
                         net (fo=1, routed)           0.121     1.809    u_cdc/s_wdata_q_reg[31]_0[15]
    SLICE_X24Y27         FDCE                                         r  u_cdc/s_wdata_q_reg[15]/D
  -------------------------------------------------------------------    -------------------

                         (clock sys_clk rise edge)    0.000     0.000 r  
    E3                                                0.000     0.000 r  clk_100mhz (IN)
                         net (fo=0)                   0.000     0.000    clk_100mhz
    E3                   IBUF (Prop_ibuf_I_O)         0.438     0.438 r  clk_100mhz_IBUF_inst/O
                         net (fo=1, routed)           0.699     1.136    clk_100mhz_IBUF
    BUFGCTRL_X0Y16       BUFG (Prop_bufg_I_O)         0.029     1.165 r  clk_100mhz_IBUF_BUFG_inst/O
                         net (fo=2651, routed)        0.902     2.067    u_cdc/clk_100mhz_IBUF_BUFG
    SLICE_X24Y27         FDCE                                         r  u_cdc/s_wdata_q_reg[15]/C
                         clock pessimism             -0.505     1.562    
    SLICE_X24Y27         FDCE (Hold_fdce_C_D)         0.070     1.632    u_cdc/s_wdata_q_reg[15]
  -------------------------------------------------------------------
                         required time                         -1.632    
                         arrival time                           1.809    
  -------------------------------------------------------------------
                         slack                                  0.177    

Slack (MET) :             0.178ns  (arrival time - required time)
  Source:                 u_rx/shift_reg_reg[1]/C
                            (rising edge-triggered cell FDCE clocked by sys_clk  {rise@0.000ns fall@5.000ns period=10.000ns})
  Destination:            u_rx/data_reg[1]/D
                            (rising edge-triggered cell FDCE clocked by sys_clk  {rise@0.000ns fall@5.000ns period=10.000ns})
  Path Group:             sys_clk
  Path Type:              Hold (Min at Fast Process Corner)
  Requirement:            0.000ns  (sys_clk rise@0.000ns - sys_clk rise@0.000ns)
  Data Path Delay:        0.270ns  (logic 0.141ns (52.188%)  route 0.129ns (47.812%))
  Logic Levels:           0  
  Clock Path Skew:        0.016ns (DCD - SCD - CPR)
    Destination Clock Delay (DCD):    2.080ns
    Source Clock Delay      (SCD):    1.560ns
    Clock Pessimism Removal (CPR):    0.504ns

    Location             Delay type                Incr(ns)  Path(ns)    Netlist Resource(s)
  -------------------------------------------------------------------    -------------------
                         (clock sys_clk rise edge)    0.000     0.000 r  
    E3                                                0.000     0.000 r  clk_100mhz (IN)
                         net (fo=0)                   0.000     0.000    clk_100mhz
    E3                   IBUF (Prop_ibuf_I_O)         0.250     0.250 r  clk_100mhz_IBUF_inst/O
                         net (fo=1, routed)           0.644     0.894    clk_100mhz_IBUF
    BUFGCTRL_X0Y16       BUFG (Prop_bufg_I_O)         0.026     0.920 r  clk_100mhz_IBUF_BUFG_inst/O
                         net (fo=2651, routed)        0.640     1.560    u_rx/clk_100mhz_IBUF_BUFG
    SLICE_X11Y8          FDCE                                         r  u_rx/shift_reg_reg[1]/C
  -------------------------------------------------------------------    -------------------
    SLICE_X11Y8          FDCE (Prop_fdce_C_Q)         0.141     1.701 r  u_rx/shift_reg_reg[1]/Q
                         net (fo=4, routed)           0.129     1.830    u_rx/shift_reg_reg_n_0_[1]
    SLICE_X10Y9          FDCE                                         r  u_rx/data_reg[1]/D
  -------------------------------------------------------------------    -------------------

                         (clock sys_clk rise edge)    0.000     0.000 r  
    E3                                                0.000     0.000 r  clk_100mhz (IN)
                         net (fo=0)                   0.000     0.000    clk_100mhz
    E3                   IBUF (Prop_ibuf_I_O)         0.438     0.438 r  clk_100mhz_IBUF_inst/O
                         net (fo=1, routed)           0.699     1.136    clk_100mhz_IBUF
    BUFGCTRL_X0Y16       BUFG (Prop_bufg_I_O)         0.029     1.165 r  clk_100mhz_IBUF_BUFG_inst/O
                         net (fo=2651, routed)        0.915     2.080    u_rx/clk_100mhz_IBUF_BUFG
    SLICE_X10Y9          FDCE                                         r  u_rx/data_reg[1]/C
                         clock pessimism             -0.504     1.576    
    SLICE_X10Y9          FDCE (Hold_fdce_C_D)         0.076     1.652    u_rx/data_reg[1]
  -------------------------------------------------------------------
                         required time                         -1.652    
                         arrival time                           1.830    
  -------------------------------------------------------------------
                         slack                                  0.178    





Pulse Width Checks
--------------------------------------------------------------------------------------
Clock Name:         sys_clk
Waveform(ns):       { 0.000 5.000 }
Period(ns):         10.000
Sources:            { clk_100mhz }

Check Type        Corner  Lib Pin            Reference Pin  Required(ns)  Actual(ns)  Slack(ns)  Location         Pin
Min Period        n/a     BUFG/I             n/a            2.155         10.000      7.845      BUFGCTRL_X0Y16   clk_100mhz_IBUF_BUFG_inst/I
Min Period        n/a     MMCME2_ADV/CLKIN1  n/a            1.249         10.000      8.751      MMCME2_ADV_X0Y0  u_mmcm/CLKIN1
Min Period        n/a     FDCE/C             n/a            1.000         10.000      9.000      SLICE_X4Y33      heartbeat_cnt_reg[0]/C
Min Period        n/a     FDCE/C             n/a            1.000         10.000      9.000      SLICE_X4Y35      heartbeat_cnt_reg[10]/C
Min Period        n/a     FDCE/C             n/a            1.000         10.000      9.000      SLICE_X4Y35      heartbeat_cnt_reg[11]/C
Min Period        n/a     FDCE/C             n/a            1.000         10.000      9.000      SLICE_X4Y36      heartbeat_cnt_reg[12]/C
Min Period        n/a     FDCE/C             n/a            1.000         10.000      9.000      SLICE_X4Y36      heartbeat_cnt_reg[13]/C
Min Period        n/a     FDCE/C             n/a            1.000         10.000      9.000      SLICE_X4Y36      heartbeat_cnt_reg[14]/C
Min Period        n/a     FDCE/C             n/a            1.000         10.000      9.000      SLICE_X4Y36      heartbeat_cnt_reg[15]/C
Min Period        n/a     FDCE/C             n/a            1.000         10.000      9.000      SLICE_X4Y37      heartbeat_cnt_reg[16]/C
Max Period        n/a     MMCME2_ADV/CLKIN1  n/a            100.000       10.000      90.000     MMCME2_ADV_X0Y0  u_mmcm/CLKIN1
Low Pulse Width   Slow    MMCME2_ADV/CLKIN1  n/a            2.000         5.000       3.000      MMCME2_ADV_X0Y0  u_mmcm/CLKIN1
Low Pulse Width   Fast    MMCME2_ADV/CLKIN1  n/a            2.000         5.000       3.000      MMCME2_ADV_X0Y0  u_mmcm/CLKIN1
Low Pulse Width   Slow    FDCE/C             n/a            0.500         5.000       4.500      SLICE_X4Y33      heartbeat_cnt_reg[0]/C
Low Pulse Width   Fast    FDCE/C             n/a            0.500         5.000       4.500      SLICE_X4Y33      heartbeat_cnt_reg[0]/C
Low Pulse Width   Slow    FDCE/C             n/a            0.500         5.000       4.500      SLICE_X4Y35      heartbeat_cnt_reg[10]/C
Low Pulse Width   Fast    FDCE/C             n/a            0.500         5.000       4.500      SLICE_X4Y35      heartbeat_cnt_reg[10]/C
Low Pulse Width   Slow    FDCE/C             n/a            0.500         5.000       4.500      SLICE_X4Y35      heartbeat_cnt_reg[11]/C
Low Pulse Width   Fast    FDCE/C             n/a            0.500         5.000       4.500      SLICE_X4Y35      heartbeat_cnt_reg[11]/C
Low Pulse Width   Slow    FDCE/C             n/a            0.500         5.000       4.500      SLICE_X4Y36      heartbeat_cnt_reg[12]/C
Low Pulse Width   Fast    FDCE/C             n/a            0.500         5.000       4.500      SLICE_X4Y36      heartbeat_cnt_reg[12]/C
High Pulse Width  Slow    MMCME2_ADV/CLKIN1  n/a            2.000         5.000       3.000      MMCME2_ADV_X0Y0  u_mmcm/CLKIN1
High Pulse Width  Fast    MMCME2_ADV/CLKIN1  n/a            2.000         5.000       3.000      MMCME2_ADV_X0Y0  u_mmcm/CLKIN1
High Pulse Width  Slow    FDCE/C             n/a            0.500         5.000       4.500      SLICE_X4Y33      heartbeat_cnt_reg[0]/C
High Pulse Width  Fast    FDCE/C             n/a            0.500         5.000       4.500      SLICE_X4Y33      heartbeat_cnt_reg[0]/C
High Pulse Width  Slow    FDCE/C             n/a            0.500         5.000       4.500      SLICE_X4Y35      heartbeat_cnt_reg[10]/C
High Pulse Width  Fast    FDCE/C             n/a            0.500         5.000       4.500      SLICE_X4Y35      heartbeat_cnt_reg[10]/C
High Pulse Width  Slow    FDCE/C             n/a            0.500         5.000       4.500      SLICE_X4Y35      heartbeat_cnt_reg[11]/C
High Pulse Width  Fast    FDCE/C             n/a            0.500         5.000       4.500      SLICE_X4Y35      heartbeat_cnt_reg[11]/C
High Pulse Width  Slow    FDCE/C             n/a            0.500         5.000       4.500      SLICE_X4Y36      heartbeat_cnt_reg[12]/C
High Pulse Width  Fast    FDCE/C             n/a            0.500         5.000       4.500      SLICE_X4Y36      heartbeat_cnt_reg[12]/C



---------------------------------------------------------------------------------------------------
From Clock:  clk_core_mmcm
  To Clock:  clk_core_mmcm

Setup :          318  Failing Endpoints,  Worst Slack       -0.622ns,  Total Violation      -43.926ns
Hold  :            0  Failing Endpoints,  Worst Slack        0.035ns,  Total Violation        0.000ns
PW    :            0  Failing Endpoints,  Worst Slack        1.444ns,  Total Violation        0.000ns
---------------------------------------------------------------------------------------------------


Max Delay Paths
--------------------------------------------------------------------------------------
Slack (VIOLATED) :        -0.622ns  (required time - arrival time)
  Source:                 u_mlkem/u_pack/rw_reg[4]/C
                            (rising edge-triggered cell FDRE clocked by clk_core_mmcm  {rise@0.000ns fall@2.424ns period=4.848ns})
  Destination:            u_mlkem/u_alu/ksa_reg[2]/D
                            (rising edge-triggered cell FDRE clocked by clk_core_mmcm  {rise@0.000ns fall@2.424ns period=4.848ns})
  Path Group:             clk_core_mmcm
  Path Type:              Setup (Max at Slow Process Corner)
  Requirement:            4.848ns  (clk_core_mmcm rise@4.848ns - clk_core_mmcm rise@0.000ns)
  Data Path Delay:        5.435ns  (logic 2.005ns (36.890%)  route 3.430ns (63.110%))
  Logic Levels:           7  (CARRY4=2 LUT2=1 LUT3=1 LUT6=3)
  Clock Path Skew:        -0.042ns (DCD - SCD + CPR)
    Destination Clock Delay (DCD):    8.873ns = ( 13.722 - 4.848 ) 
    Source Clock Delay      (SCD):    9.416ns
    Clock Pessimism Removal (CPR):    0.500ns
  Clock Uncertainty:      0.074ns  ((TSJ^2 + DJ^2)^1/2) / 2 + PE
    Total System Jitter     (TSJ):    0.071ns
    Discrete Jitter          (DJ):    0.131ns
    Phase Error              (PE):    0.000ns

    Location             Delay type                Incr(ns)  Path(ns)    Netlist Resource(s)
  -------------------------------------------------------------------    -------------------
                         (clock clk_core_mmcm rise edge)
                                                      0.000     0.000 r  
    E3                                                0.000     0.000 r  clk_100mhz (IN)
                         net (fo=0)                   0.000     0.000    clk_100mhz
    E3                   IBUF (Prop_ibuf_I_O)         1.482     1.482 r  clk_100mhz_IBUF_inst/O
                         net (fo=1, routed)           2.025     3.506    clk_100mhz_IBUF
    BUFGCTRL_X0Y16       BUFG (Prop_bufg_I_O)         0.096     3.602 r  clk_100mhz_IBUF_BUFG_inst/O
                         net (fo=2651, routed)        1.809     5.412    clk_100mhz_IBUF_BUFG
    MMCME2_ADV_X0Y0      MMCME2_ADV (Prop_mmcme2_adv_CLKIN1_CLKOUT0)
                                                      0.088     5.500 r  u_mmcm/CLKOUT0
                         net (fo=1, routed)           2.018     7.518    clk_core_mmcm
    BUFGCTRL_X0Y0        BUFG (Prop_bufg_I_O)         0.096     7.614 r  u_bufg_core/O
                         net (fo=4633, routed)        1.801     9.416    u_mlkem/u_pack/clk_core
    SLICE_X61Y6          FDRE                                         r  u_mlkem/u_pack/rw_reg[4]/C
  -------------------------------------------------------------------    -------------------
    SLICE_X61Y6          FDRE (Prop_fdre_C_Q)         0.456     9.872 r  u_mlkem/u_pack/rw_reg[4]/Q
                         net (fo=19, routed)          0.950    10.821    u_mlkem/u_pack/rw[4]
    SLICE_X58Y10         LUT2 (Prop_lut2_I0_O)        0.124    10.945 r  u_mlkem/u_pack/ksa[7]_i_10/O
                         net (fo=1, routed)           0.000    10.945    u_mlkem/u_pack/ksa[7]_i_10_n_0
    SLICE_X58Y10         CARRY4 (Prop_carry4_S[0]_CO[3])
                                                      0.513    11.458 r  u_mlkem/u_pack/ksa_reg[7]_i_4/CO[3]
                         net (fo=1, routed)           0.000    11.458    u_mlkem/u_pack/ksa_reg[7]_i_4_n_0
    SLICE_X58Y11         CARRY4 (Prop_carry4_CI_O[2])
                                                      0.239    11.697 r  u_mlkem/u_pack/ksa_reg[11]_i_2/O[2]
                         net (fo=11, routed)          0.694    12.392    u_mlkem/u_pack/ksa_reg[11]_i_2_n_5
    SLICE_X60Y11         LUT3 (Prop_lut3_I2_O)        0.301    12.693 r  u_mlkem/u_pack/ksa[7]_i_5/O
                         net (fo=10, routed)          0.468    13.161    u_mlkem/u_pack/ksa[7]_i_5_n_0
    SLICE_X59Y11         LUT6 (Prop_lut6_I0_O)        0.124    13.285 r  u_mlkem/u_pack/ksa[3]_i_4/O
                         net (fo=2, routed)           0.647    13.932    u_mlkem/u_pack/ksa[3]_i_4_n_0
    SLICE_X60Y10         LUT6 (Prop_lut6_I5_O)        0.124    14.056 r  u_mlkem/u_pack/ksa[3]_i_2/O
                         net (fo=2, routed)           0.670    14.727    u_mlkem/u_pack/ksa[3]_i_2_n_0
    SLICE_X62Y10         LUT6 (Prop_lut6_I0_O)        0.124    14.851 r  u_mlkem/u_pack/ksa[2]_i_1/O
                         net (fo=1, routed)           0.000    14.851    u_mlkem/u_alu/ksa_reg[11]_0[2]
    SLICE_X62Y10         FDRE                                         r  u_mlkem/u_alu/ksa_reg[2]/D
  -------------------------------------------------------------------    -------------------

                         (clock clk_core_mmcm rise edge)
                                                      4.848     4.848 r  
    E3                                                0.000     4.848 r  clk_100mhz (IN)
                         net (fo=0)                   0.000     4.848    clk_100mhz
    E3                   IBUF (Prop_ibuf_I_O)         1.411     6.260 r  clk_100mhz_IBUF_inst/O
                         net (fo=1, routed)           1.920     8.180    clk_100mhz_IBUF
    BUFGCTRL_X0Y16       BUFG (Prop_bufg_I_O)         0.091     8.271 r  clk_100mhz_IBUF_BUFG_inst/O
                         net (fo=2651, routed)        1.683     9.954    clk_100mhz_IBUF_BUFG
    MMCME2_ADV_X0Y0      MMCME2_ADV (Prop_mmcme2_adv_CLKIN1_CLKOUT0)
                                                      0.083    10.037 r  u_mmcm/CLKOUT0
                         net (fo=1, routed)           1.923    11.960    clk_core_mmcm
    BUFGCTRL_X0Y0        BUFG (Prop_bufg_I_O)         0.091    12.051 r  u_bufg_core/O
                         net (fo=4633, routed)        1.671    13.722    u_mlkem/u_alu/clk_core
    SLICE_X62Y10         FDRE                                         r  u_mlkem/u_alu/ksa_reg[2]/C
                         clock pessimism              0.500    14.222    
                         clock uncertainty           -0.074    14.147    
    SLICE_X62Y10         FDRE (Setup_fdre_C_D)        0.081    14.228    u_mlkem/u_alu/ksa_reg[2]
  -------------------------------------------------------------------
                         required time                         14.228    
                         arrival time                         -14.851    
  -------------------------------------------------------------------
                         slack                                 -0.622    

Slack (VIOLATED) :        -0.595ns  (required time - arrival time)
  Source:                 u_mlkem/u_pack/rw_reg[2]/C
                            (rising edge-triggered cell FDRE clocked by clk_core_mmcm  {rise@0.000ns fall@2.424ns period=4.848ns})
  Destination:            u_mlkem/u_alu/ls_reg[9]/D
                            (rising edge-triggered cell FDRE clocked by clk_core_mmcm  {rise@0.000ns fall@2.424ns period=4.848ns})
  Path Group:             clk_core_mmcm
  Path Type:              Setup (Max at Slow Process Corner)
  Requirement:            4.848ns  (clk_core_mmcm rise@4.848ns - clk_core_mmcm rise@0.000ns)
  Data Path Delay:        5.357ns  (logic 2.854ns (53.276%)  route 2.503ns (46.724%))
  Logic Levels:           8  (CARRY4=4 LUT1=1 LUT2=1 LUT6=2)
  Clock Path Skew:        -0.043ns (DCD - SCD + CPR)
    Destination Clock Delay (DCD):    8.872ns = ( 13.721 - 4.848 ) 
    Source Clock Delay      (SCD):    9.416ns
    Clock Pessimism Removal (CPR):    0.500ns
  Clock Uncertainty:      0.074ns  ((TSJ^2 + DJ^2)^1/2) / 2 + PE
    Total System Jitter     (TSJ):    0.071ns
    Discrete Jitter          (DJ):    0.131ns
    Phase Error              (PE):    0.000ns

    Location             Delay type                Incr(ns)  Path(ns)    Netlist Resource(s)
  -------------------------------------------------------------------    -------------------
                         (clock clk_core_mmcm rise edge)
                                                      0.000     0.000 r  
    E3                                                0.000     0.000 r  clk_100mhz (IN)
                         net (fo=0)                   0.000     0.000    clk_100mhz
    E3                   IBUF (Prop_ibuf_I_O)         1.482     1.482 r  clk_100mhz_IBUF_inst/O
                         net (fo=1, routed)           2.025     3.506    clk_100mhz_IBUF
    BUFGCTRL_X0Y16       BUFG (Prop_bufg_I_O)         0.096     3.602 r  clk_100mhz_IBUF_BUFG_inst/O
                         net (fo=2651, routed)        1.809     5.412    clk_100mhz_IBUF_BUFG
    MMCME2_ADV_X0Y0      MMCME2_ADV (Prop_mmcme2_adv_CLKIN1_CLKOUT0)
                                                      0.088     5.500 r  u_mmcm/CLKOUT0
                         net (fo=1, routed)           2.018     7.518    clk_core_mmcm
    BUFGCTRL_X0Y0        BUFG (Prop_bufg_I_O)         0.096     7.614 r  u_bufg_core/O
                         net (fo=4633, routed)        1.801     9.416    u_mlkem/u_pack/clk_core
    SLICE_X60Y5          FDRE                                         r  u_mlkem/u_pack/rw_reg[2]/C
  -------------------------------------------------------------------    -------------------
    SLICE_X60Y5          FDRE (Prop_fdre_C_Q)         0.518     9.934 r  u_mlkem/u_pack/rw_reg[2]/Q
                         net (fo=19, routed)          0.641    10.574    u_mlkem/u_pack/rw[2]
    SLICE_X61Y4          LUT2 (Prop_lut2_I0_O)        0.124    10.698 r  u_mlkem/u_pack/ls[0]_i_6/O
                         net (fo=1, routed)           0.000    10.698    u_mlkem/u_pack/ls[0]_i_6_n_0
    SLICE_X61Y4          CARRY4 (Prop_carry4_S[2]_CO[3])
                                                      0.398    11.096 r  u_mlkem/u_pack/ls_reg[0]_i_2/CO[3]
                         net (fo=1, routed)           0.000    11.096    u_mlkem/u_pack/ls_reg[0]_i_2_n_0
    SLICE_X61Y5          CARRY4 (Prop_carry4_CI_O[1])
                                                      0.334    11.430 f  u_mlkem/u_pack/ls_reg[11]_i_11/O[1]
                         net (fo=7, routed)           0.726    12.156    u_mlkem/u_pack/ls_reg[11]_i_11_n_6
    SLICE_X61Y9          LUT1 (Prop_lut1_I0_O)        0.303    12.459 r  u_mlkem/u_pack/ls[8]_i_7/O
                         net (fo=1, routed)           0.000    12.459    u_mlkem/u_pack/ls[8]_i_7_n_0
    SLICE_X61Y9          CARRY4 (Prop_carry4_S[0]_CO[3])
                                                      0.532    12.991 r  u_mlkem/u_pack/ls_reg[8]_i_3/CO[3]
                         net (fo=1, routed)           0.000    12.991    u_mlkem/u_pack/ls_reg[8]_i_3_n_0
    SLICE_X61Y10         CARRY4 (Prop_carry4_CI_O[0])
                                                      0.222    13.213 r  u_mlkem/u_pack/ls_reg[11]_i_6/O[0]
                         net (fo=2, routed)           0.393    13.606    u_mlkem/u_pack/u_alu/madd_return0[9]
    SLICE_X63Y10         LUT6 (Prop_lut6_I0_O)        0.299    13.905 r  u_mlkem/u_pack/ls[9]_i_2/O
                         net (fo=1, routed)           0.743    14.648    u_mlkem/u_pack/ls[9]_i_2_n_0
    SLICE_X63Y11         LUT6 (Prop_lut6_I0_O)        0.124    14.772 r  u_mlkem/u_pack/ls[9]_i_1/O
                         net (fo=1, routed)           0.000    14.772    u_mlkem/u_alu/ls_reg[23]_0[9]
    SLICE_X63Y11         FDRE                                         r  u_mlkem/u_alu/ls_reg[9]/D
  -------------------------------------------------------------------    -------------------

                         (clock clk_core_mmcm rise edge)
                                                      4.848     4.848 r  
    E3                                                0.000     4.848 r  clk_100mhz (IN)
                         net (fo=0)                   0.000     4.848    clk_100mhz
    E3                   IBUF (Prop_ibuf_I_O)         1.411     6.260 r  clk_100mhz_IBUF_inst/O
                         net (fo=1, routed)           1.920     8.180    clk_100mhz_IBUF
    BUFGCTRL_X0Y16       BUFG (Prop_bufg_I_O)         0.091     8.271 r  clk_100mhz_IBUF_BUFG_inst/O
                         net (fo=2651, routed)        1.683     9.954    clk_100mhz_IBUF_BUFG
    MMCME2_ADV_X0Y0      MMCME2_ADV (Prop_mmcme2_adv_CLKIN1_CLKOUT0)
                                                      0.083    10.037 r  u_mmcm/CLKOUT0
                         net (fo=1, routed)           1.923    11.960    clk_core_mmcm
    BUFGCTRL_X0Y0        BUFG (Prop_bufg_I_O)         0.091    12.051 r  u_bufg_core/O
                         net (fo=4633, routed)        1.670    13.721    u_mlkem/u_alu/clk_core
    SLICE_X63Y11         FDRE                                         r  u_mlkem/u_alu/ls_reg[9]/C
                         clock pessimism              0.500    14.221    
                         clock uncertainty           -0.074    14.146    
    SLICE_X63Y11         FDRE (Setup_fdre_C_D)        0.031    14.177    u_mlkem/u_alu/ls_reg[9]
  -------------------------------------------------------------------
                         required time                         14.177    
                         arrival time                         -14.772    
  -------------------------------------------------------------------
                         slack                                 -0.595    

Slack (VIOLATED) :        -0.594ns  (required time - arrival time)
  Source:                 u_mlkem/u_unpack/g0_reg[0]/C
                            (rising edge-triggered cell FDRE clocked by clk_core_mmcm  {rise@0.000ns fall@2.424ns period=4.848ns})
  Destination:            u_mlkem/u_unpack/rq0_reg[8]/D
                            (rising edge-triggered cell FDRE clocked by clk_core_mmcm  {rise@0.000ns fall@2.424ns period=4.848ns})
  Path Group:             clk_core_mmcm
  Path Type:              Setup (Max at Slow Process Corner)
  Requirement:            4.848ns  (clk_core_mmcm rise@4.848ns - clk_core_mmcm rise@0.000ns)
  Data Path Delay:        5.359ns  (logic 2.122ns (39.595%)  route 3.237ns (60.405%))
  Logic Levels:           8  (CARRY4=3 LUT3=1 LUT5=1 LUT6=3)
  Clock Path Skew:        -0.040ns (DCD - SCD + CPR)
    Destination Clock Delay (DCD):    8.858ns = ( 13.707 - 4.848 ) 
    Source Clock Delay      (SCD):    9.399ns
    Clock Pessimism Removal (CPR):    0.500ns
  Clock Uncertainty:      0.074ns  ((TSJ^2 + DJ^2)^1/2) / 2 + PE
    Total System Jitter     (TSJ):    0.071ns
    Discrete Jitter          (DJ):    0.131ns
    Phase Error              (PE):    0.000ns

    Location             Delay type                Incr(ns)  Path(ns)    Netlist Resource(s)
  -------------------------------------------------------------------    -------------------
                         (clock clk_core_mmcm rise edge)
                                                      0.000     0.000 r  
    E3                                                0.000     0.000 r  clk_100mhz (IN)
                         net (fo=0)                   0.000     0.000    clk_100mhz
    E3                   IBUF (Prop_ibuf_I_O)         1.482     1.482 r  clk_100mhz_IBUF_inst/O
                         net (fo=1, routed)           2.025     3.506    clk_100mhz_IBUF
    BUFGCTRL_X0Y16       BUFG (Prop_bufg_I_O)         0.096     3.602 r  clk_100mhz_IBUF_BUFG_inst/O
                         net (fo=2651, routed)        1.809     5.412    clk_100mhz_IBUF_BUFG
    MMCME2_ADV_X0Y0      MMCME2_ADV (Prop_mmcme2_adv_CLKIN1_CLKOUT0)
                                                      0.088     5.500 r  u_mmcm/CLKOUT0
                         net (fo=1, routed)           2.018     7.518    clk_core_mmcm
    BUFGCTRL_X0Y0        BUFG (Prop_bufg_I_O)         0.096     7.614 r  u_bufg_core/O
                         net (fo=4633, routed)        1.784     9.399    u_mlkem/u_unpack/clk_core
    SLICE_X61Y22         FDRE                                         r  u_mlkem/u_unpack/g0_reg[0]/C
  -------------------------------------------------------------------    -------------------
    SLICE_X61Y22         FDRE (Prop_fdre_C_Q)         0.456     9.855 r  u_mlkem/u_unpack/g0_reg[0]/Q
                         net (fo=9, routed)           0.988    10.842    u_mlkem/u_unpack/g0_reg_n_0_[0]
    SLICE_X58Y22         LUT5 (Prop_lut5_I0_O)        0.124    10.966 r  u_mlkem/u_unpack/rq0[0]_i_20/O
                         net (fo=1, routed)           0.000    10.966    u_mlkem/u_unpack/rq0[0]_i_20_n_0
    SLICE_X58Y22         CARRY4 (Prop_carry4_S[0]_CO[3])
                                                      0.513    11.479 r  u_mlkem/u_unpack/rq0_reg[0]_i_12/CO[3]
                         net (fo=1, routed)           0.000    11.479    u_mlkem/u_unpack/rq0_reg[0]_i_12_n_0
    SLICE_X58Y23         CARRY4 (Prop_carry4_CI_CO[3])
                                                      0.117    11.596 r  u_mlkem/u_unpack/rq0_reg[0]_i_11/CO[3]
                         net (fo=1, routed)           0.000    11.596    u_mlkem/u_unpack/rq0_reg[0]_i_11_n_0
    SLICE_X58Y24         CARRY4 (Prop_carry4_CI_O[2])
                                                      0.239    11.835 r  u_mlkem/u_unpack/rq0_reg[9]_i_15/O[2]
                         net (fo=3, routed)           0.996    12.832    u_mlkem/u_unpack/decompress_return11_out[10]
    SLICE_X61Y27         LUT6 (Prop_lut6_I5_O)        0.301    13.133 r  u_mlkem/u_unpack/rq0[9]_i_10/O
                         net (fo=4, routed)           0.461    13.593    u_mlkem/u_unpack/rq0[9]_i_10_n_0
    SLICE_X60Y27         LUT3 (Prop_lut3_I0_O)        0.124    13.717 r  u_mlkem/u_unpack/rq0[8]_i_4/O
                         net (fo=1, routed)           0.641    14.358    u_mlkem/u_unpack/rq0[8]_i_4_n_0
    SLICE_X61Y26         LUT6 (Prop_lut6_I0_O)        0.124    14.482 r  u_mlkem/u_unpack/rq0[8]_i_3/O
                         net (fo=1, routed)           0.151    14.634    u_mlkem/u_unpack/rq0[8]_i_3_n_0
    SLICE_X61Y26         LUT6 (Prop_lut6_I5_O)        0.124    14.758 r  u_mlkem/u_unpack/rq0[8]_i_1/O
                         net (fo=1, routed)           0.000    14.758    u_mlkem/u_unpack/rq0[8]_i_1_n_0
    SLICE_X61Y26         FDRE                                         r  u_mlkem/u_unpack/rq0_reg[8]/D
  -------------------------------------------------------------------    -------------------

                         (clock clk_core_mmcm rise edge)
                                                      4.848     4.848 r  
    E3                                                0.000     4.848 r  clk_100mhz (IN)
                         net (fo=0)                   0.000     4.848    clk_100mhz
    E3                   IBUF (Prop_ibuf_I_O)         1.411     6.260 r  clk_100mhz_IBUF_inst/O
                         net (fo=1, routed)           1.920     8.180    clk_100mhz_IBUF
    BUFGCTRL_X0Y16       BUFG (Prop_bufg_I_O)         0.091     8.271 r  clk_100mhz_IBUF_BUFG_inst/O
                         net (fo=2651, routed)        1.683     9.954    clk_100mhz_IBUF_BUFG
    MMCME2_ADV_X0Y0      MMCME2_ADV (Prop_mmcme2_adv_CLKIN1_CLKOUT0)
                                                      0.083    10.037 r  u_mmcm/CLKOUT0
                         net (fo=1, routed)           1.923    11.960    clk_core_mmcm
    BUFGCTRL_X0Y0        BUFG (Prop_bufg_I_O)         0.091    12.051 r  u_bufg_core/O
                         net (fo=4633, routed)        1.656    13.707    u_mlkem/u_unpack/clk_core
    SLICE_X61Y26         FDRE                                         r  u_mlkem/u_unpack/rq0_reg[8]/C
                         clock pessimism              0.500    14.207    
                         clock uncertainty           -0.074    14.132    
    SLICE_X61Y26         FDRE (Setup_fdre_C_D)        0.031    14.163    u_mlkem/u_unpack/rq0_reg[8]
  -------------------------------------------------------------------
                         required time                         14.163    
                         arrival time                         -14.758    
  -------------------------------------------------------------------
                         slack                                 -0.594    

Slack (VIOLATED) :        -0.587ns  (required time - arrival time)
  Source:                 u_mlkem/u_pack/rw_reg[4]/C
                            (rising edge-triggered cell FDRE clocked by clk_core_mmcm  {rise@0.000ns fall@2.424ns period=4.848ns})
  Destination:            u_mlkem/u_alu/ksa_reg[3]/D
                            (rising edge-triggered cell FDRE clocked by clk_core_mmcm  {rise@0.000ns fall@2.424ns period=4.848ns})
  Path Group:             clk_core_mmcm
  Path Type:              Setup (Max at Slow Process Corner)
  Requirement:            4.848ns  (clk_core_mmcm rise@4.848ns - clk_core_mmcm rise@0.000ns)
  Data Path Delay:        5.415ns  (logic 2.005ns (37.026%)  route 3.410ns (62.974%))
  Logic Levels:           7  (CARRY4=2 LUT2=1 LUT3=1 LUT6=3)
  Clock Path Skew:        -0.027ns (DCD - SCD + CPR)
    Destination Clock Delay (DCD):    8.871ns = ( 13.720 - 4.848 ) 
    Source Clock Delay      (SCD):    9.416ns
    Clock Pessimism Removal (CPR):    0.517ns
  Clock Uncertainty:      0.074ns  ((TSJ^2 + DJ^2)^1/2) / 2 + PE
    Total System Jitter     (TSJ):    0.071ns
    Discrete Jitter          (DJ):    0.131ns
    Phase Error              (PE):    0.000ns

    Location             Delay type                Incr(ns)  Path(ns)    Netlist Resource(s)
  -------------------------------------------------------------------    -------------------
                         (clock clk_core_mmcm rise edge)
                                                      0.000     0.000 r  
    E3                                                0.000     0.000 r  clk_100mhz (IN)
                         net (fo=0)                   0.000     0.000    clk_100mhz
    E3                   IBUF (Prop_ibuf_I_O)         1.482     1.482 r  clk_100mhz_IBUF_inst/O
                         net (fo=1, routed)           2.025     3.506    clk_100mhz_IBUF
    BUFGCTRL_X0Y16       BUFG (Prop_bufg_I_O)         0.096     3.602 r  clk_100mhz_IBUF_BUFG_inst/O
                         net (fo=2651, routed)        1.809     5.412    clk_100mhz_IBUF_BUFG
    MMCME2_ADV_X0Y0      MMCME2_ADV (Prop_mmcme2_adv_CLKIN1_CLKOUT0)
                                                      0.088     5.500 r  u_mmcm/CLKOUT0
                         net (fo=1, routed)           2.018     7.518    clk_core_mmcm
    BUFGCTRL_X0Y0        BUFG (Prop_bufg_I_O)         0.096     7.614 r  u_bufg_core/O
                         net (fo=4633, routed)        1.801     9.416    u_mlkem/u_pack/clk_core
    SLICE_X61Y6          FDRE                                         r  u_mlkem/u_pack/rw_reg[4]/C
  -------------------------------------------------------------------    -------------------
    SLICE_X61Y6          FDRE (Prop_fdre_C_Q)         0.456     9.872 r  u_mlkem/u_pack/rw_reg[4]/Q
                         net (fo=19, routed)          0.950    10.821    u_mlkem/u_pack/rw[4]
    SLICE_X58Y10         LUT2 (Prop_lut2_I0_O)        0.124    10.945 r  u_mlkem/u_pack/ksa[7]_i_10/O
                         net (fo=1, routed)           0.000    10.945    u_mlkem/u_pack/ksa[7]_i_10_n_0
    SLICE_X58Y10         CARRY4 (Prop_carry4_S[0]_CO[3])
                                                      0.513    11.458 r  u_mlkem/u_pack/ksa_reg[7]_i_4/CO[3]
                         net (fo=1, routed)           0.000    11.458    u_mlkem/u_pack/ksa_reg[7]_i_4_n_0
    SLICE_X58Y11         CARRY4 (Prop_carry4_CI_O[2])
                                                      0.239    11.697 r  u_mlkem/u_pack/ksa_reg[11]_i_2/O[2]
                         net (fo=11, routed)          0.694    12.392    u_mlkem/u_pack/ksa_reg[11]_i_2_n_5
    SLICE_X60Y11         LUT3 (Prop_lut3_I2_O)        0.301    12.693 r  u_mlkem/u_pack/ksa[7]_i_5/O
                         net (fo=10, routed)          0.468    13.161    u_mlkem/u_pack/ksa[7]_i_5_n_0
    SLICE_X59Y11         LUT6 (Prop_lut6_I0_O)        0.124    13.285 r  u_mlkem/u_pack/ksa[3]_i_4/O
                         net (fo=2, routed)           0.647    13.932    u_mlkem/u_pack/ksa[3]_i_4_n_0
    SLICE_X60Y10         LUT6 (Prop_lut6_I5_O)        0.124    14.056 r  u_mlkem/u_pack/ksa[3]_i_2/O
                         net (fo=2, routed)           0.650    14.707    u_mlkem/u_pack/ksa[3]_i_2_n_0
    SLICE_X60Y10         LUT6 (Prop_lut6_I0_O)        0.124    14.831 r  u_mlkem/u_pack/ksa[3]_i_1/O
                         net (fo=1, routed)           0.000    14.831    u_mlkem/u_alu/ksa_reg[11]_0[3]
    SLICE_X60Y10         FDRE                                         r  u_mlkem/u_alu/ksa_reg[3]/D
  -------------------------------------------------------------------    -------------------

                         (clock clk_core_mmcm rise edge)
                                                      4.848     4.848 r  
    E3                                                0.000     4.848 r  clk_100mhz (IN)
                         net (fo=0)                   0.000     4.848    clk_100mhz
    E3                   IBUF (Prop_ibuf_I_O)         1.411     6.260 r  clk_100mhz_IBUF_inst/O
                         net (fo=1, routed)           1.920     8.180    clk_100mhz_IBUF
    BUFGCTRL_X0Y16       BUFG (Prop_bufg_I_O)         0.091     8.271 r  clk_100mhz_IBUF_BUFG_inst/O
                         net (fo=2651, routed)        1.683     9.954    clk_100mhz_IBUF_BUFG
    MMCME2_ADV_X0Y0      MMCME2_ADV (Prop_mmcme2_adv_CLKIN1_CLKOUT0)
                                                      0.083    10.037 r  u_mmcm/CLKOUT0
                         net (fo=1, routed)           1.923    11.960    clk_core_mmcm
    BUFGCTRL_X0Y0        BUFG (Prop_bufg_I_O)         0.091    12.051 r  u_bufg_core/O
                         net (fo=4633, routed)        1.669    13.720    u_mlkem/u_alu/clk_core
    SLICE_X60Y10         FDRE                                         r  u_mlkem/u_alu/ksa_reg[3]/C
                         clock pessimism              0.517    14.237    
                         clock uncertainty           -0.074    14.162    
    SLICE_X60Y10         FDRE (Setup_fdre_C_D)        0.081    14.243    u_mlkem/u_alu/ksa_reg[3]
  -------------------------------------------------------------------
                         required time                         14.243    
                         arrival time                         -14.831    
  -------------------------------------------------------------------
                         slack                                 -0.587    

Slack (VIOLATED) :        -0.578ns  (required time - arrival time)
  Source:                 u_mlkem/u_pack/rw_reg[4]/C
                            (rising edge-triggered cell FDRE clocked by clk_core_mmcm  {rise@0.000ns fall@2.424ns period=4.848ns})
  Destination:            u_mlkem/u_alu/ksa_reg[1]/D
                            (rising edge-triggered cell FDRE clocked by clk_core_mmcm  {rise@0.000ns fall@2.424ns period=4.848ns})
  Path Group:             clk_core_mmcm
  Path Type:              Setup (Max at Slow Process Corner)
  Requirement:            4.848ns  (clk_core_mmcm rise@4.848ns - clk_core_mmcm rise@0.000ns)
  Data Path Delay:        5.358ns  (logic 2.005ns (37.421%)  route 3.353ns (62.579%))
  Logic Levels:           7  (CARRY4=2 LUT2=1 LUT3=1 LUT6=3)
  Clock Path Skew:        -0.025ns (DCD - SCD + CPR)
    Destination Clock Delay (DCD):    8.873ns = ( 13.722 - 4.848 ) 
    Source Clock Delay      (SCD):    9.416ns
    Clock Pessimism Removal (CPR):    0.517ns
  Clock Uncertainty:      0.074ns  ((TSJ^2 + DJ^2)^1/2) / 2 + PE
    Total System Jitter     (TSJ):    0.071ns
    Discrete Jitter          (DJ):    0.131ns
    Phase Error              (PE):    0.000ns

    Location             Delay type                Incr(ns)  Path(ns)    Netlist Resource(s)
  -------------------------------------------------------------------    -------------------
                         (clock clk_core_mmcm rise edge)
                                                      0.000     0.000 r  
    E3                                                0.000     0.000 r  clk_100mhz (IN)
                         net (fo=0)                   0.000     0.000    clk_100mhz
    E3                   IBUF (Prop_ibuf_I_O)         1.482     1.482 r  clk_100mhz_IBUF_inst/O
                         net (fo=1, routed)           2.025     3.506    clk_100mhz_IBUF
    BUFGCTRL_X0Y16       BUFG (Prop_bufg_I_O)         0.096     3.602 r  clk_100mhz_IBUF_BUFG_inst/O
                         net (fo=2651, routed)        1.809     5.412    clk_100mhz_IBUF_BUFG
    MMCME2_ADV_X0Y0      MMCME2_ADV (Prop_mmcme2_adv_CLKIN1_CLKOUT0)
                                                      0.088     5.500 r  u_mmcm/CLKOUT0
                         net (fo=1, routed)           2.018     7.518    clk_core_mmcm
    BUFGCTRL_X0Y0        BUFG (Prop_bufg_I_O)         0.096     7.614 r  u_bufg_core/O
                         net (fo=4633, routed)        1.801     9.416    u_mlkem/u_pack/clk_core
    SLICE_X61Y6          FDRE                                         r  u_mlkem/u_pack/rw_reg[4]/C
  -------------------------------------------------------------------    -------------------
    SLICE_X61Y6          FDRE (Prop_fdre_C_Q)         0.456     9.872 r  u_mlkem/u_pack/rw_reg[4]/Q
                         net (fo=19, routed)          0.950    10.821    u_mlkem/u_pack/rw[4]
    SLICE_X58Y10         LUT2 (Prop_lut2_I0_O)        0.124    10.945 r  u_mlkem/u_pack/ksa[7]_i_10/O
                         net (fo=1, routed)           0.000    10.945    u_mlkem/u_pack/ksa[7]_i_10_n_0
    SLICE_X58Y10         CARRY4 (Prop_carry4_S[0]_CO[3])
                                                      0.513    11.458 r  u_mlkem/u_pack/ksa_reg[7]_i_4/CO[3]
                         net (fo=1, routed)           0.000    11.458    u_mlkem/u_pack/ksa_reg[7]_i_4_n_0
    SLICE_X58Y11         CARRY4 (Prop_carry4_CI_O[2])
                                                      0.239    11.697 r  u_mlkem/u_pack/ksa_reg[11]_i_2/O[2]
                         net (fo=11, routed)          0.694    12.392    u_mlkem/u_pack/ksa_reg[11]_i_2_n_5
    SLICE_X60Y11         LUT3 (Prop_lut3_I2_O)        0.301    12.693 r  u_mlkem/u_pack/ksa[7]_i_5/O
                         net (fo=10, routed)          0.468    13.161    u_mlkem/u_pack/ksa[7]_i_5_n_0
    SLICE_X59Y11         LUT6 (Prop_lut6_I0_O)        0.124    13.285 r  u_mlkem/u_pack/ksa[3]_i_4/O
                         net (fo=2, routed)           0.658    13.943    u_mlkem/u_pack/ksa[3]_i_4_n_0
    SLICE_X61Y2          LUT6 (Prop_lut6_I5_O)        0.124    14.067 r  u_mlkem/u_pack/ksa[1]_i_2/O
                         net (fo=2, routed)           0.583    14.650    u_mlkem/u_pack/ksa[1]_i_2_n_0
    SLICE_X61Y3          LUT6 (Prop_lut6_I0_O)        0.124    14.774 r  u_mlkem/u_pack/ksa[1]_i_1/O
                         net (fo=1, routed)           0.000    14.774    u_mlkem/u_alu/ksa_reg[11]_0[1]
    SLICE_X61Y3          FDRE                                         r  u_mlkem/u_alu/ksa_reg[1]/D
  -------------------------------------------------------------------    -------------------

                         (clock clk_core_mmcm rise edge)
                                                      4.848     4.848 r  
    E3                                                0.000     4.848 r  clk_100mhz (IN)
                         net (fo=0)                   0.000     4.848    clk_100mhz
    E3                   IBUF (Prop_ibuf_I_O)         1.411     6.260 r  clk_100mhz_IBUF_inst/O
                         net (fo=1, routed)           1.920     8.180    clk_100mhz_IBUF
    BUFGCTRL_X0Y16       BUFG (Prop_bufg_I_O)         0.091     8.271 r  clk_100mhz_IBUF_BUFG_inst/O
                         net (fo=2651, routed)        1.683     9.954    clk_100mhz_IBUF_BUFG
    MMCME2_ADV_X0Y0      MMCME2_ADV (Prop_mmcme2_adv_CLKIN1_CLKOUT0)
                                                      0.083    10.037 r  u_mmcm/CLKOUT0
                         net (fo=1, routed)           1.923    11.960    clk_core_mmcm
    BUFGCTRL_X0Y0        BUFG (Prop_bufg_I_O)         0.091    12.051 r  u_bufg_core/O
                         net (fo=4633, routed)        1.671    13.722    u_mlkem/u_alu/clk_core
    SLICE_X61Y3          FDRE                                         r  u_mlkem/u_alu/ksa_reg[1]/C
                         clock pessimism              0.517    14.239    
                         clock uncertainty           -0.074    14.164    
    SLICE_X61Y3          FDRE (Setup_fdre_C_D)        0.031    14.195    u_mlkem/u_alu/ksa_reg[1]
  -------------------------------------------------------------------
                         required time                         14.195    
                         arrival time                         -14.774    
  -------------------------------------------------------------------
                         slack                                 -0.578    

Slack (VIOLATED) :        -0.459ns  (required time - arrival time)
  Source:                 u_mlkem/u_alu/layer_reg[0]/C
                            (rising edge-triggered cell FDRE clocked by clk_core_mmcm  {rise@0.000ns fall@2.424ns period=4.848ns})
  Destination:            u_mlkem/u_alu/pz_reg[0][9]/D
                            (rising edge-triggered cell FDRE clocked by clk_core_mmcm  {rise@0.000ns fall@2.424ns period=4.848ns})
  Path Group:             clk_core_mmcm
  Path Type:              Setup (Max at Slow Process Corner)
  Requirement:            4.848ns  (clk_core_mmcm rise@4.848ns - clk_core_mmcm rise@0.000ns)
  Data Path Delay:        5.254ns  (logic 2.366ns (45.035%)  route 2.888ns (54.965%))
  Logic Levels:           8  (CARRY4=2 LUT4=1 LUT5=2 LUT6=2 MUXF7=1)
  Clock Path Skew:        -0.043ns (DCD - SCD + CPR)
    Destination Clock Delay (DCD):    8.876ns = ( 13.725 - 4.848 ) 
    Source Clock Delay      (SCD):    9.420ns
    Clock Pessimism Removal (CPR):    0.500ns
  Clock Uncertainty:      0.074ns  ((TSJ^2 + DJ^2)^1/2) / 2 + PE
    Total System Jitter     (TSJ):    0.071ns
    Discrete Jitter          (DJ):    0.131ns
    Phase Error              (PE):    0.000ns

    Location             Delay type                Incr(ns)  Path(ns)    Netlist Resource(s)
  -------------------------------------------------------------------    -------------------
                         (clock clk_core_mmcm rise edge)
                                                      0.000     0.000 r  
    E3                                                0.000     0.000 r  clk_100mhz (IN)
                         net (fo=0)                   0.000     0.000    clk_100mhz
    E3                   IBUF (Prop_ibuf_I_O)         1.482     1.482 r  clk_100mhz_IBUF_inst/O
                         net (fo=1, routed)           2.025     3.506    clk_100mhz_IBUF
    BUFGCTRL_X0Y16       BUFG (Prop_bufg_I_O)         0.096     3.602 r  clk_100mhz_IBUF_BUFG_inst/O
                         net (fo=2651, routed)        1.809     5.412    clk_100mhz_IBUF_BUFG
    MMCME2_ADV_X0Y0      MMCME2_ADV (Prop_mmcme2_adv_CLKIN1_CLKOUT0)
                                                      0.088     5.500 r  u_mmcm/CLKOUT0
                         net (fo=1, routed)           2.018     7.518    clk_core_mmcm
    BUFGCTRL_X0Y0        BUFG (Prop_bufg_I_O)         0.096     7.614 r  u_bufg_core/O
                         net (fo=4633, routed)        1.805     9.420    u_mlkem/u_alu/clk_core
    SLICE_X48Y3          FDRE                                         r  u_mlkem/u_alu/layer_reg[0]/C
  -------------------------------------------------------------------    -------------------
    SLICE_X48Y3          FDRE (Prop_fdre_C_Q)         0.456     9.876 f  u_mlkem/u_alu/layer_reg[0]/Q
                         net (fo=72, routed)          0.913    10.788    u_mlkem/u_alu/u_zetas/pjw_reg[0][3]_0
    SLICE_X48Y4          LUT4 (Prop_lut4_I1_O)        0.124    10.912 r  u_mlkem/u_alu/u_zetas/rb_addr[3]_i_5/O
                         net (fo=3, routed)           0.667    11.579    u_mlkem/u_alu/u_zetas/layer_reg[1][0]
    SLICE_X48Y3          LUT6 (Prop_lut6_I5_O)        0.124    11.703 r  u_mlkem/u_alu/u_zetas/zeta00_carry_i_18/O
                         net (fo=1, routed)           0.162    11.865    u_mlkem/u_alu/u_zetas/zeta00_carry_i_18_n_0
    SLICE_X48Y3          LUT5 (Prop_lut5_I4_O)        0.124    11.989 r  u_mlkem/u_alu/u_zetas/zeta00_carry_i_4/O
                         net (fo=2, routed)           0.304    12.293    u_mlkem/u_alu/u_zetas/zeta00_carry_i_4_n_0
    SLICE_X49Y3          LUT5 (Prop_lut5_I0_O)        0.124    12.417 r  u_mlkem/u_alu/u_zetas/zeta00_carry_i_8/O
                         net (fo=1, routed)           0.000    12.417    u_mlkem/u_alu/u_zetas/zeta00_carry_i_8_n_0
    SLICE_X49Y3          CARRY4 (Prop_carry4_S[0]_CO[3])
                                                      0.532    12.949 r  u_mlkem/u_alu/u_zetas/zeta00_carry/CO[3]
                         net (fo=1, routed)           0.000    12.949    u_mlkem/u_alu/u_zetas/zeta00_carry_n_0
    SLICE_X49Y4          CARRY4 (Prop_carry4_CI_O[1])
                                                      0.334    13.283 r  u_mlkem/u_alu/u_zetas/zeta00_carry__0/O[1]
                         net (fo=24, routed)          0.842    14.125    u_mlkem/sel[5]
    SLICE_X51Y2          LUT6 (Prop_lut6_I5_O)        0.303    14.428 r  u_mlkem/g1_b9/O
                         net (fo=1, routed)           0.000    14.428    u_mlkem/u_alu/u_zetas/pz_reg[0][9]_0
    SLICE_X51Y2          MUXF7 (Prop_muxf7_I1_O)      0.245    14.673 r  u_mlkem/u_alu/u_zetas/pz_reg[0][9]_i_1/O
                         net (fo=1, routed)           0.000    14.673    u_mlkem/u_alu/u_zetas_n_9
    SLICE_X51Y2          FDRE                                         r  u_mlkem/u_alu/pz_reg[0][9]/D
  -------------------------------------------------------------------    -------------------

                         (clock clk_core_mmcm rise edge)
                                                      4.848     4.848 r  
    E3                                                0.000     4.848 r  clk_100mhz (IN)
                         net (fo=0)                   0.000     4.848    clk_100mhz
    E3                   IBUF (Prop_ibuf_I_O)         1.411     6.260 r  clk_100mhz_IBUF_inst/O
                         net (fo=1, routed)           1.920     8.180    clk_100mhz_IBUF
    BUFGCTRL_X0Y16       BUFG (Prop_bufg_I_O)         0.091     8.271 r  clk_100mhz_IBUF_BUFG_inst/O
                         net (fo=2651, routed)        1.683     9.954    clk_100mhz_IBUF_BUFG
    MMCME2_ADV_X0Y0      MMCME2_ADV (Prop_mmcme2_adv_CLKIN1_CLKOUT0)
                                                      0.083    10.037 r  u_mmcm/CLKOUT0
                         net (fo=1, routed)           1.923    11.960    clk_core_mmcm
    BUFGCTRL_X0Y0        BUFG (Prop_bufg_I_O)         0.091    12.051 r  u_bufg_core/O
                         net (fo=4633, routed)        1.674    13.725    u_mlkem/u_alu/clk_core
    SLICE_X51Y2          FDRE                                         r  u_mlkem/u_alu/pz_reg[0][9]/C
                         clock pessimism              0.500    14.225    
                         clock uncertainty           -0.074    14.150    
    SLICE_X51Y2          FDRE (Setup_fdre_C_D)        0.064    14.214    u_mlkem/u_alu/pz_reg[0][9]
  -------------------------------------------------------------------
                         required time                         14.214    
                         arrival time                         -14.673    
  -------------------------------------------------------------------
                         slack                                 -0.459    

Slack (VIOLATED) :        -0.455ns  (required time - arrival time)
  Source:                 u_mlkem/u_unpack/param_r_reg[1]/C
                            (rising edge-triggered cell FDRE clocked by clk_core_mmcm  {rise@0.000ns fall@2.424ns period=4.848ns})
  Destination:            u_mlkem/u_unpack/rq1_reg[7]/D
                            (rising edge-triggered cell FDSE clocked by clk_core_mmcm  {rise@0.000ns fall@2.424ns period=4.848ns})
  Path Group:             clk_core_mmcm
  Path Type:              Setup (Max at Slow Process Corner)
  Requirement:            4.848ns  (clk_core_mmcm rise@4.848ns - clk_core_mmcm rise@0.000ns)
  Data Path Delay:        5.212ns  (logic 2.437ns (46.754%)  route 2.775ns (53.246%))
  Logic Levels:           10  (CARRY4=6 LUT5=1 LUT6=3)
  Clock Path Skew:        -0.049ns (DCD - SCD + CPR)
    Destination Clock Delay (DCD):    8.852ns = ( 13.701 - 4.848 ) 
    Source Clock Delay      (SCD):    9.402ns
    Clock Pessimism Removal (CPR):    0.500ns
  Clock Uncertainty:      0.074ns  ((TSJ^2 + DJ^2)^1/2) / 2 + PE
    Total System Jitter     (TSJ):    0.071ns
    Discrete Jitter          (DJ):    0.131ns
    Phase Error              (PE):    0.000ns

    Location             Delay type                Incr(ns)  Path(ns)    Netlist Resource(s)
  -------------------------------------------------------------------    -------------------
                         (clock clk_core_mmcm rise edge)
                                                      0.000     0.000 r  
    E3                                                0.000     0.000 r  clk_100mhz (IN)
                         net (fo=0)                   0.000     0.000    clk_100mhz
    E3                   IBUF (Prop_ibuf_I_O)         1.482     1.482 r  clk_100mhz_IBUF_inst/O
                         net (fo=1, routed)           2.025     3.506    clk_100mhz_IBUF
    BUFGCTRL_X0Y16       BUFG (Prop_bufg_I_O)         0.096     3.602 r  clk_100mhz_IBUF_BUFG_inst/O
                         net (fo=2651, routed)        1.809     5.412    clk_100mhz_IBUF_BUFG
    MMCME2_ADV_X0Y0      MMCME2_ADV (Prop_mmcme2_adv_CLKIN1_CLKOUT0)
                                                      0.088     5.500 r  u_mmcm/CLKOUT0
                         net (fo=1, routed)           2.018     7.518    clk_core_mmcm
    BUFGCTRL_X0Y0        BUFG (Prop_bufg_I_O)         0.096     7.614 r  u_bufg_core/O
                         net (fo=4633, routed)        1.787     9.402    u_mlkem/u_unpack/clk_core
    SLICE_X60Y21         FDRE                                         r  u_mlkem/u_unpack/param_r_reg[1]/C
  -------------------------------------------------------------------    -------------------
    SLICE_X60Y21         FDRE (Prop_fdre_C_Q)         0.518     9.920 r  u_mlkem/u_unpack/param_r_reg[1]/Q
                         net (fo=67, routed)          0.949    10.868    u_mlkem/u_unpack/param_r[1]
    SLICE_X55Y22         LUT5 (Prop_lut5_I1_O)        0.124    10.992 r  u_mlkem/u_unpack/rq1[0]_i_19/O
                         net (fo=1, routed)           0.000    10.992    u_mlkem/u_unpack/rq1[0]_i_19_n_0
    SLICE_X55Y22         CARRY4 (Prop_carry4_S[1]_CO[3])
                                                      0.550    11.542 r  u_mlkem/u_unpack/rq1_reg[0]_i_12/CO[3]
                         net (fo=1, routed)           0.000    11.542    u_mlkem/u_unpack/rq1_reg[0]_i_12_n_0
    SLICE_X55Y23         CARRY4 (Prop_carry4_CI_CO[3])
                                                      0.114    11.656 r  u_mlkem/u_unpack/rq1_reg[0]_i_11/CO[3]
                         net (fo=1, routed)           0.000    11.656    u_mlkem/u_unpack/rq1_reg[0]_i_11_n_0
    SLICE_X55Y24         CARRY4 (Prop_carry4_CI_CO[3])
                                                      0.114    11.770 r  u_mlkem/u_unpack/rq1_reg[9]_i_12/CO[3]
                         net (fo=1, routed)           0.009    11.779    u_mlkem/u_unpack/rq1_reg[9]_i_12_n_0
    SLICE_X55Y25         CARRY4 (Prop_carry4_CI_CO[3])
                                                      0.114    11.893 r  u_mlkem/u_unpack/rq1_reg[11]_i_11/CO[3]
                         net (fo=1, routed)           0.000    11.893    u_mlkem/u_unpack/rq1_reg[11]_i_11_n_0
    SLICE_X55Y26         CARRY4 (Prop_carry4_CI_CO[3])
                                                      0.114    12.007 r  u_mlkem/u_unpack/rq1_reg[11]_i_9/CO[3]
                         net (fo=1, routed)           0.000    12.007    u_mlkem/u_unpack/rq1_reg[11]_i_9_n_0
    SLICE_X55Y27         CARRY4 (Prop_carry4_CI_O[2])
                                                      0.239    12.246 r  u_mlkem/u_unpack/rq1_reg[11]_i_12/O[2]
                         net (fo=2, routed)           0.493    12.740    u_mlkem/u_unpack/decompress_return1[22]
    SLICE_X53Y26         LUT6 (Prop_lut6_I0_O)        0.302    13.042 r  u_mlkem/u_unpack/rq1[9]_i_9/O
                         net (fo=4, routed)           1.001    14.042    u_mlkem/u_unpack/rq1[9]_i_9_n_0
    SLICE_X57Y24         LUT6 (Prop_lut6_I0_O)        0.124    14.166 r  u_mlkem/u_unpack/rq1[7]_i_5/O
                         net (fo=1, routed)           0.323    14.490    u_mlkem/u_unpack/rq1[7]_i_5_n_0
    SLICE_X57Y25         LUT6 (Prop_lut6_I5_O)        0.124    14.614 r  u_mlkem/u_unpack/rq1[7]_i_2/O
                         net (fo=1, routed)           0.000    14.614    u_mlkem/u_unpack/rq1[7]_i_2_n_0
    SLICE_X57Y25         FDSE                                         r  u_mlkem/u_unpack/rq1_reg[7]/D
  -------------------------------------------------------------------    -------------------

                         (clock clk_core_mmcm rise edge)
                                                      4.848     4.848 r  
    E3                                                0.000     4.848 r  clk_100mhz (IN)
                         net (fo=0)                   0.000     4.848    clk_100mhz
    E3                   IBUF (Prop_ibuf_I_O)         1.411     6.260 r  clk_100mhz_IBUF_inst/O
                         net (fo=1, routed)           1.920     8.180    clk_100mhz_IBUF
    BUFGCTRL_X0Y16       BUFG (Prop_bufg_I_O)         0.091     8.271 r  clk_100mhz_IBUF_BUFG_inst/O
                         net (fo=2651, routed)        1.683     9.954    clk_100mhz_IBUF_BUFG
    MMCME2_ADV_X0Y0      MMCME2_ADV (Prop_mmcme2_adv_CLKIN1_CLKOUT0)
                                                      0.083    10.037 r  u_mmcm/CLKOUT0
                         net (fo=1, routed)           1.923    11.960    clk_core_mmcm
    BUFGCTRL_X0Y0        BUFG (Prop_bufg_I_O)         0.091    12.051 r  u_bufg_core/O
                         net (fo=4633, routed)        1.650    13.701    u_mlkem/u_unpack/clk_core
    SLICE_X57Y25         FDSE                                         r  u_mlkem/u_unpack/rq1_reg[7]/C
                         clock pessimism              0.500    14.201    
                         clock uncertainty           -0.074    14.126    
    SLICE_X57Y25         FDSE (Setup_fdse_C_D)        0.032    14.158    u_mlkem/u_unpack/rq1_reg[7]
  -------------------------------------------------------------------
                         required time                         14.158    
                         arrival time                         -14.614    
  -------------------------------------------------------------------
                         slack                                 -0.455    

Slack (VIOLATED) :        -0.450ns  (required time - arrival time)
  Source:                 u_mlkem/u_alu/layer_reg[0]/C
                            (rising edge-triggered cell FDRE clocked by clk_core_mmcm  {rise@0.000ns fall@2.424ns period=4.848ns})
  Destination:            u_mlkem/u_alu/pz_reg[0][5]/D
                            (rising edge-triggered cell FDRE clocked by clk_core_mmcm  {rise@0.000ns fall@2.424ns period=4.848ns})
  Path Group:             clk_core_mmcm
  Path Type:              Setup (Max at Slow Process Corner)
  Requirement:            4.848ns  (clk_core_mmcm rise@4.848ns - clk_core_mmcm rise@0.000ns)
  Data Path Delay:        5.264ns  (logic 2.250ns (42.741%)  route 3.014ns (57.259%))
  Logic Levels:           8  (CARRY4=2 LUT4=1 LUT5=2 LUT6=2 MUXF7=1)
  Clock Path Skew:        -0.024ns (DCD - SCD + CPR)
    Destination Clock Delay (DCD):    8.878ns = ( 13.727 - 4.848 ) 
    Source Clock Delay      (SCD):    9.420ns
    Clock Pessimism Removal (CPR):    0.517ns
  Clock Uncertainty:      0.074ns  ((TSJ^2 + DJ^2)^1/2) / 2 + PE
    Total System Jitter     (TSJ):    0.071ns
    Discrete Jitter          (DJ):    0.131ns
    Phase Error              (PE):    0.000ns

    Location             Delay type                Incr(ns)  Path(ns)    Netlist Resource(s)
  -------------------------------------------------------------------    -------------------
                         (clock clk_core_mmcm rise edge)
                                                      0.000     0.000 r  
    E3                                                0.000     0.000 r  clk_100mhz (IN)
                         net (fo=0)                   0.000     0.000    clk_100mhz
    E3                   IBUF (Prop_ibuf_I_O)         1.482     1.482 r  clk_100mhz_IBUF_inst/O
                         net (fo=1, routed)           2.025     3.506    clk_100mhz_IBUF
    BUFGCTRL_X0Y16       BUFG (Prop_bufg_I_O)         0.096     3.602 r  clk_100mhz_IBUF_BUFG_inst/O
                         net (fo=2651, routed)        1.809     5.412    clk_100mhz_IBUF_BUFG
    MMCME2_ADV_X0Y0      MMCME2_ADV (Prop_mmcme2_adv_CLKIN1_CLKOUT0)
                                                      0.088     5.500 r  u_mmcm/CLKOUT0
                         net (fo=1, routed)           2.018     7.518    clk_core_mmcm
    BUFGCTRL_X0Y0        BUFG (Prop_bufg_I_O)         0.096     7.614 r  u_bufg_core/O
                         net (fo=4633, routed)        1.805     9.420    u_mlkem/u_alu/clk_core
    SLICE_X48Y3          FDRE                                         r  u_mlkem/u_alu/layer_reg[0]/C
  -------------------------------------------------------------------    -------------------
    SLICE_X48Y3          FDRE (Prop_fdre_C_Q)         0.456     9.876 f  u_mlkem/u_alu/layer_reg[0]/Q
                         net (fo=72, routed)          0.913    10.788    u_mlkem/u_alu/u_zetas/pjw_reg[0][3]_0
    SLICE_X48Y4          LUT4 (Prop_lut4_I1_O)        0.124    10.912 r  u_mlkem/u_alu/u_zetas/rb_addr[3]_i_5/O
                         net (fo=3, routed)           0.667    11.579    u_mlkem/u_alu/u_zetas/layer_reg[1][0]
    SLICE_X48Y3          LUT6 (Prop_lut6_I5_O)        0.124    11.703 r  u_mlkem/u_alu/u_zetas/zeta00_carry_i_18/O
                         net (fo=1, routed)           0.162    11.865    u_mlkem/u_alu/u_zetas/zeta00_carry_i_18_n_0
    SLICE_X48Y3          LUT5 (Prop_lut5_I4_O)        0.124    11.989 r  u_mlkem/u_alu/u_zetas/zeta00_carry_i_4/O
                         net (fo=2, routed)           0.304    12.293    u_mlkem/u_alu/u_zetas/zeta00_carry_i_4_n_0
    SLICE_X49Y3          LUT5 (Prop_lut5_I0_O)        0.124    12.417 r  u_mlkem/u_alu/u_zetas/zeta00_carry_i_8/O
                         net (fo=1, routed)           0.000    12.417    u_mlkem/u_alu/u_zetas/zeta00_carry_i_8_n_0
    SLICE_X49Y3          CARRY4 (Prop_carry4_S[0]_CO[3])
                                                      0.532    12.949 r  u_mlkem/u_alu/u_zetas/zeta00_carry/CO[3]
                         net (fo=1, routed)           0.000    12.949    u_mlkem/u_alu/u_zetas/zeta00_carry_n_0
    SLICE_X49Y4          CARRY4 (Prop_carry4_CI_O[0])
                                                      0.222    13.171 r  u_mlkem/u_alu/u_zetas/zeta00_carry__0/O[0]
                         net (fo=24, routed)          0.968    14.140    u_mlkem/sel[4]
    SLICE_X48Y2          LUT6 (Prop_lut6_I4_O)        0.299    14.439 r  u_mlkem/g1_b5/O
                         net (fo=1, routed)           0.000    14.439    u_mlkem/u_alu/u_zetas/pz_reg[0][5]_0
    SLICE_X48Y2          MUXF7 (Prop_muxf7_I1_O)      0.245    14.684 r  u_mlkem/u_alu/u_zetas/pz_reg[0][5]_i_1/O
                         net (fo=1, routed)           0.000    14.684    u_mlkem/u_alu/u_zetas_n_5
    SLICE_X48Y2          FDRE                                         r  u_mlkem/u_alu/pz_reg[0][5]/D
  -------------------------------------------------------------------    -------------------

                         (clock clk_core_mmcm rise edge)
                                                      4.848     4.848 r  
    E3                                                0.000     4.848 r  clk_100mhz (IN)
                         net (fo=0)                   0.000     4.848    clk_100mhz
    E3                   IBUF (Prop_ibuf_I_O)         1.411     6.260 r  clk_100mhz_IBUF_inst/O
                         net (fo=1, routed)           1.920     8.180    clk_100mhz_IBUF
    BUFGCTRL_X0Y16       BUFG (Prop_bufg_I_O)         0.091     8.271 r  clk_100mhz_IBUF_BUFG_inst/O
                         net (fo=2651, routed)        1.683     9.954    clk_100mhz_IBUF_BUFG
    MMCME2_ADV_X0Y0      MMCME2_ADV (Prop_mmcme2_adv_CLKIN1_CLKOUT0)
                                                      0.083    10.037 r  u_mmcm/CLKOUT0
                         net (fo=1, routed)           1.923    11.960    clk_core_mmcm
    BUFGCTRL_X0Y0        BUFG (Prop_bufg_I_O)         0.091    12.051 r  u_bufg_core/O
                         net (fo=4633, routed)        1.676    13.727    u_mlkem/u_alu/clk_core
    SLICE_X48Y2          FDRE                                         r  u_mlkem/u_alu/pz_reg[0][5]/C
                         clock pessimism              0.517    14.244    
                         clock uncertainty           -0.074    14.169    
    SLICE_X48Y2          FDRE (Setup_fdre_C_D)        0.064    14.233    u_mlkem/u_alu/pz_reg[0][5]
  -------------------------------------------------------------------
                         required time                         14.233    
                         arrival time                         -14.684    
  -------------------------------------------------------------------
                         slack                                 -0.450    

Slack (VIOLATED) :        -0.443ns  (required time - arrival time)
  Source:                 u_mlkem/u_unpack/param_r_reg[1]/C
                            (rising edge-triggered cell FDRE clocked by clk_core_mmcm  {rise@0.000ns fall@2.424ns period=4.848ns})
  Destination:            u_mlkem/u_unpack/rq1_reg[1]/D
                            (rising edge-triggered cell FDRE clocked by clk_core_mmcm  {rise@0.000ns fall@2.424ns period=4.848ns})
  Path Group:             clk_core_mmcm
  Path Type:              Setup (Max at Slow Process Corner)
  Requirement:            4.848ns  (clk_core_mmcm rise@4.848ns - clk_core_mmcm rise@0.000ns)
  Data Path Delay:        5.283ns  (logic 2.517ns (47.644%)  route 2.766ns (52.356%))
  Logic Levels:           10  (CARRY4=5 LUT3=1 LUT5=2 LUT6=1 MUXF7=1)
  Clock Path Skew:        -0.047ns (DCD - SCD + CPR)
    Destination Clock Delay (DCD):    8.854ns = ( 13.703 - 4.848 ) 
    Source Clock Delay      (SCD):    9.402ns
    Clock Pessimism Removal (CPR):    0.500ns
  Clock Uncertainty:      0.074ns  ((TSJ^2 + DJ^2)^1/2) / 2 + PE
    Total System Jitter     (TSJ):    0.071ns
    Discrete Jitter          (DJ):    0.131ns
    Phase Error              (PE):    0.000ns

    Location             Delay type                Incr(ns)  Path(ns)    Netlist Resource(s)
  -------------------------------------------------------------------    -------------------
                         (clock clk_core_mmcm rise edge)
                                                      0.000     0.000 r  
    E3                                                0.000     0.000 r  clk_100mhz (IN)
                         net (fo=0)                   0.000     0.000    clk_100mhz
    E3                   IBUF (Prop_ibuf_I_O)         1.482     1.482 r  clk_100mhz_IBUF_inst/O
                         net (fo=1, routed)           2.025     3.506    clk_100mhz_IBUF
    BUFGCTRL_X0Y16       BUFG (Prop_bufg_I_O)         0.096     3.602 r  clk_100mhz_IBUF_BUFG_inst/O
                         net (fo=2651, routed)        1.809     5.412    clk_100mhz_IBUF_BUFG
    MMCME2_ADV_X0Y0      MMCME2_ADV (Prop_mmcme2_adv_CLKIN1_CLKOUT0)
                                                      0.088     5.500 r  u_mmcm/CLKOUT0
                         net (fo=1, routed)           2.018     7.518    clk_core_mmcm
    BUFGCTRL_X0Y0        BUFG (Prop_bufg_I_O)         0.096     7.614 r  u_bufg_core/O
                         net (fo=4633, routed)        1.787     9.402    u_mlkem/u_unpack/clk_core
    SLICE_X60Y21         FDRE                                         r  u_mlkem/u_unpack/param_r_reg[1]/C
  -------------------------------------------------------------------    -------------------
    SLICE_X60Y21         FDRE (Prop_fdre_C_Q)         0.518     9.920 r  u_mlkem/u_unpack/param_r_reg[1]/Q
                         net (fo=67, routed)          0.949    10.868    u_mlkem/u_unpack/param_r[1]
    SLICE_X55Y22         LUT5 (Prop_lut5_I1_O)        0.124    10.992 r  u_mlkem/u_unpack/rq1[0]_i_19/O
                         net (fo=1, routed)           0.000    10.992    u_mlkem/u_unpack/rq1[0]_i_19_n_0
    SLICE_X55Y22         CARRY4 (Prop_carry4_S[1]_CO[3])
                                                      0.550    11.542 r  u_mlkem/u_unpack/rq1_reg[0]_i_12/CO[3]
                         net (fo=1, routed)           0.000    11.542    u_mlkem/u_unpack/rq1_reg[0]_i_12_n_0
    SLICE_X55Y23         CARRY4 (Prop_carry4_CI_CO[3])
                                                      0.114    11.656 r  u_mlkem/u_unpack/rq1_reg[0]_i_11/CO[3]
                         net (fo=1, routed)           0.000    11.656    u_mlkem/u_unpack/rq1_reg[0]_i_11_n_0
    SLICE_X55Y24         CARRY4 (Prop_carry4_CI_CO[3])
                                                      0.114    11.770 r  u_mlkem/u_unpack/rq1_reg[9]_i_12/CO[3]
                         net (fo=1, routed)           0.009    11.779    u_mlkem/u_unpack/rq1_reg[9]_i_12_n_0
    SLICE_X55Y25         CARRY4 (Prop_carry4_CI_CO[3])
                                                      0.114    11.893 r  u_mlkem/u_unpack/rq1_reg[11]_i_11/CO[3]
                         net (fo=1, routed)           0.000    11.893    u_mlkem/u_unpack/rq1_reg[11]_i_11_n_0
    SLICE_X55Y26         CARRY4 (Prop_carry4_CI_O[0])
                                                      0.222    12.115 r  u_mlkem/u_unpack/rq1_reg[11]_i_9/O[0]
                         net (fo=4, routed)           0.753    12.868    u_mlkem/u_unpack/decompress_return1[16]
    SLICE_X56Y21         LUT6 (Prop_lut6_I0_O)        0.299    13.167 r  u_mlkem/u_unpack/rq1[4]_i_3/O
                         net (fo=4, routed)           0.640    13.807    u_mlkem/u_unpack/rq1[4]_i_3_n_0
    SLICE_X55Y21         LUT3 (Prop_lut3_I0_O)        0.124    13.931 r  u_mlkem/u_unpack/rq1[1]_i_4/O
                         net (fo=1, routed)           0.415    14.346    u_mlkem/u_unpack/rq1[1]_i_4_n_0
    SLICE_X54Y22         LUT5 (Prop_lut5_I2_O)        0.124    14.470 r  u_mlkem/u_unpack/rq1[1]_i_3/O
                         net (fo=1, routed)           0.000    14.470    u_mlkem/u_unpack/rq1[1]_i_3_n_0
    SLICE_X54Y22         MUXF7 (Prop_muxf7_I1_O)      0.214    14.684 r  u_mlkem/u_unpack/rq1_reg[1]_i_1/O
                         net (fo=1, routed)           0.000    14.684    u_mlkem/u_unpack/rq1_reg[1]_i_1_n_0
    SLICE_X54Y22         FDRE                                         r  u_mlkem/u_unpack/rq1_reg[1]/D
  -------------------------------------------------------------------    -------------------

                         (clock clk_core_mmcm rise edge)
                                                      4.848     4.848 r  
    E3                                                0.000     4.848 r  clk_100mhz (IN)
                         net (fo=0)                   0.000     4.848    clk_100mhz
    E3                   IBUF (Prop_ibuf_I_O)         1.411     6.260 r  clk_100mhz_IBUF_inst/O
                         net (fo=1, routed)           1.920     8.180    clk_100mhz_IBUF
    BUFGCTRL_X0Y16       BUFG (Prop_bufg_I_O)         0.091     8.271 r  clk_100mhz_IBUF_BUFG_inst/O
                         net (fo=2651, routed)        1.683     9.954    clk_100mhz_IBUF_BUFG
    MMCME2_ADV_X0Y0      MMCME2_ADV (Prop_mmcme2_adv_CLKIN1_CLKOUT0)
                                                      0.083    10.037 r  u_mmcm/CLKOUT0
                         net (fo=1, routed)           1.923    11.960    clk_core_mmcm
    BUFGCTRL_X0Y0        BUFG (Prop_bufg_I_O)         0.091    12.051 r  u_bufg_core/O
                         net (fo=4633, routed)        1.652    13.703    u_mlkem/u_unpack/clk_core
    SLICE_X54Y22         FDRE                                         r  u_mlkem/u_unpack/rq1_reg[1]/C
                         clock pessimism              0.500    14.203    
                         clock uncertainty           -0.074    14.128    
    SLICE_X54Y22         FDRE (Setup_fdre_C_D)        0.113    14.241    u_mlkem/u_unpack/rq1_reg[1]
  -------------------------------------------------------------------
                         required time                         14.241    
                         arrival time                         -14.684    
  -------------------------------------------------------------------
                         slack                                 -0.443    

Slack (VIOLATED) :        -0.401ns  (required time - arrival time)
  Source:                 u_mlkem/u_pack/rw_reg[2]/C
                            (rising edge-triggered cell FDRE clocked by clk_core_mmcm  {rise@0.000ns fall@2.424ns period=4.848ns})
  Destination:            u_mlkem/u_alu/ksa_reg[10]/D
                            (rising edge-triggered cell FDRE clocked by clk_core_mmcm  {rise@0.000ns fall@2.424ns period=4.848ns})
  Path Group:             clk_core_mmcm
  Path Type:              Setup (Max at Slow Process Corner)
  Requirement:            4.848ns  (clk_core_mmcm rise@4.848ns - clk_core_mmcm rise@0.000ns)
  Data Path Delay:        5.182ns  (logic 2.820ns (54.419%)  route 2.362ns (45.581%))
  Logic Levels:           7  (CARRY4=4 LUT1=1 LUT2=1 LUT6=1)
  Clock Path Skew:        -0.024ns (DCD - SCD + CPR)
    Destination Clock Delay (DCD):    8.874ns = ( 13.723 - 4.848 ) 
    Source Clock Delay      (SCD):    9.416ns
    Clock Pessimism Removal (CPR):    0.517ns
  Clock Uncertainty:      0.074ns  ((TSJ^2 + DJ^2)^1/2) / 2 + PE
    Total System Jitter     (TSJ):    0.071ns
    Discrete Jitter          (DJ):    0.131ns
    Phase Error              (PE):    0.000ns

    Location             Delay type                Incr(ns)  Path(ns)    Netlist Resource(s)
  -------------------------------------------------------------------    -------------------
                         (clock clk_core_mmcm rise edge)
                                                      0.000     0.000 r  
    E3                                                0.000     0.000 r  clk_100mhz (IN)
                         net (fo=0)                   0.000     0.000    clk_100mhz
    E3                   IBUF (Prop_ibuf_I_O)         1.482     1.482 r  clk_100mhz_IBUF_inst/O
                         net (fo=1, routed)           2.025     3.506    clk_100mhz_IBUF
    BUFGCTRL_X0Y16       BUFG (Prop_bufg_I_O)         0.096     3.602 r  clk_100mhz_IBUF_BUFG_inst/O
                         net (fo=2651, routed)        1.809     5.412    clk_100mhz_IBUF_BUFG
    MMCME2_ADV_X0Y0      MMCME2_ADV (Prop_mmcme2_adv_CLKIN1_CLKOUT0)
                                                      0.088     5.500 r  u_mmcm/CLKOUT0
                         net (fo=1, routed)           2.018     7.518    clk_core_mmcm
    BUFGCTRL_X0Y0        BUFG (Prop_bufg_I_O)         0.096     7.614 r  u_bufg_core/O
                         net (fo=4633, routed)        1.801     9.416    u_mlkem/u_pack/clk_core
    SLICE_X60Y5          FDRE                                         r  u_mlkem/u_pack/rw_reg[2]/C
  -------------------------------------------------------------------    -------------------
    SLICE_X60Y5          FDRE (Prop_fdre_C_Q)         0.518     9.934 r  u_mlkem/u_pack/rw_reg[2]/Q
                         net (fo=19, routed)          0.891    10.824    u_mlkem/u_pack/rw[2]
    SLICE_X58Y9          LUT2 (Prop_lut2_I0_O)        0.124    10.948 r  u_mlkem/u_pack/ksa[3]_i_6/O
                         net (fo=1, routed)           0.000    10.948    u_mlkem/u_pack/ksa[3]_i_6_n_0
    SLICE_X58Y9          CARRY4 (Prop_carry4_S[2]_CO[3])
                                                      0.380    11.328 r  u_mlkem/u_pack/ksa_reg[3]_i_3/CO[3]
                         net (fo=1, routed)           0.000    11.328    u_mlkem/u_pack/ksa_reg[3]_i_3_n_0
    SLICE_X58Y10         CARRY4 (Prop_carry4_CI_O[1])
                                                      0.323    11.651 f  u_mlkem/u_pack/ksa_reg[7]_i_4/O[1]
                         net (fo=7, routed)           0.697    12.348    u_mlkem/u_pack/ksa_reg[7]_i_4_n_6
    SLICE_X59Y9          LUT1 (Prop_lut1_I0_O)        0.306    12.654 r  u_mlkem/u_pack/ksa[8]_i_5/O
                         net (fo=1, routed)           0.000    12.654    u_mlkem/u_pack/ksa[8]_i_5_n_0
    SLICE_X59Y9          CARRY4 (Prop_carry4_S[0]_CO[3])
                                                      0.532    13.186 r  u_mlkem/u_pack/ksa_reg[8]_i_2/CO[3]
                         net (fo=1, routed)           0.000    13.186    u_mlkem/u_pack/ksa_reg[8]_i_2_n_0
    SLICE_X59Y10         CARRY4 (Prop_carry4_CI_O[1])
                                                      0.334    13.520 r  u_mlkem/u_pack/ksa_reg[11]_i_3/O[1]
                         net (fo=1, routed)           0.774    14.295    u_mlkem/u_pack/ksa_reg[11]_i_3_n_6
    SLICE_X61Y1          LUT6 (Prop_lut6_I1_O)        0.303    14.598 r  u_mlkem/u_pack/ksa[10]_i_1/O
                         net (fo=1, routed)           0.000    14.598    u_mlkem/u_alu/ksa_reg[11]_0[10]
    SLICE_X61Y1          FDRE                                         r  u_mlkem/u_alu/ksa_reg[10]/D
  -------------------------------------------------------------------    -------------------

                         (clock clk_core_mmcm rise edge)
                                                      4.848     4.848 r  
    E3                                                0.000     4.848 r  clk_100mhz (IN)
                         net (fo=0)                   0.000     4.848    clk_100mhz
    E3                   IBUF (Prop_ibuf_I_O)         1.411     6.260 r  clk_100mhz_IBUF_inst/O
                         net (fo=1, routed)           1.920     8.180    clk_100mhz_IBUF
    BUFGCTRL_X0Y16       BUFG (Prop_bufg_I_O)         0.091     8.271 r  clk_100mhz_IBUF_BUFG_inst/O
                         net (fo=2651, routed)        1.683     9.954    clk_100mhz_IBUF_BUFG
    MMCME2_ADV_X0Y0      MMCME2_ADV (Prop_mmcme2_adv_CLKIN1_CLKOUT0)
                                                      0.083    10.037 r  u_mmcm/CLKOUT0
                         net (fo=1, routed)           1.923    11.960    clk_core_mmcm
    BUFGCTRL_X0Y0        BUFG (Prop_bufg_I_O)         0.091    12.051 r  u_bufg_core/O
                         net (fo=4633, routed)        1.672    13.723    u_mlkem/u_alu/clk_core
    SLICE_X61Y1          FDRE                                         r  u_mlkem/u_alu/ksa_reg[10]/C
                         clock pessimism              0.517    14.240    
                         clock uncertainty           -0.074    14.165    
    SLICE_X61Y1          FDRE (Setup_fdre_C_D)        0.031    14.196    u_mlkem/u_alu/ksa_reg[10]
  -------------------------------------------------------------------
                         required time                         14.196    
                         arrival time                         -14.598    
  -------------------------------------------------------------------
                         slack                                 -0.401    





Min Delay Paths
--------------------------------------------------------------------------------------
Slack (MET) :             0.035ns  (arrival time - required time)
  Source:                 u_mlkem/u_unpack/slot_r_reg[2]/C
                            (rising edge-triggered cell FDRE clocked by clk_core_mmcm  {rise@0.000ns fall@2.424ns period=4.848ns})
  Destination:            u_mlkem/u_unpack/wr_addr_reg[9]/D
                            (rising edge-triggered cell FDRE clocked by clk_core_mmcm  {rise@0.000ns fall@2.424ns period=4.848ns})
  Path Group:             clk_core_mmcm
  Path Type:              Hold (Min at Fast Process Corner)
  Requirement:            0.000ns  (clk_core_mmcm rise@0.000ns - clk_core_mmcm rise@0.000ns)
  Data Path Delay:        0.365ns  (logic 0.141ns (38.603%)  route 0.224ns (61.397%))
  Logic Levels:           0  
  Clock Path Skew:        0.264ns (DCD - SCD - CPR)
    Destination Clock Delay (DCD):    3.738ns
    Source Clock Delay      (SCD):    2.888ns
    Clock Pessimism Removal (CPR):    0.586ns

    Location             Delay type                Incr(ns)  Path(ns)    Netlist Resource(s)
  -------------------------------------------------------------------    -------------------
                         (clock clk_core_mmcm rise edge)
                                                      0.000     0.000 r  
    E3                                                0.000     0.000 r  clk_100mhz (IN)
                         net (fo=0)                   0.000     0.000    clk_100mhz
    E3                   IBUF (Prop_ibuf_I_O)         0.250     0.250 r  clk_100mhz_IBUF_inst/O
                         net (fo=1, routed)           0.644     0.894    clk_100mhz_IBUF
    BUFGCTRL_X0Y16       BUFG (Prop_bufg_I_O)         0.026     0.920 r  clk_100mhz_IBUF_BUFG_inst/O
                         net (fo=2651, routed)        0.624     1.544    clk_100mhz_IBUF_BUFG
    MMCME2_ADV_X0Y0      MMCME2_ADV (Prop_mmcme2_adv_CLKIN1_CLKOUT0)
                                                      0.050     1.594 r  u_mmcm/CLKOUT0
                         net (fo=1, routed)           0.648     2.242    clk_core_mmcm
    BUFGCTRL_X0Y0        BUFG (Prop_bufg_I_O)         0.026     2.268 r  u_bufg_core/O
                         net (fo=4633, routed)        0.620     2.888    u_mlkem/u_unpack/clk_core
    SLICE_X51Y20         FDRE                                         r  u_mlkem/u_unpack/slot_r_reg[2]/C
  -------------------------------------------------------------------    -------------------
    SLICE_X51Y20         FDRE (Prop_fdre_C_Q)         0.141     3.029 r  u_mlkem/u_unpack/slot_r_reg[2]/Q
                         net (fo=1, routed)           0.224     3.253    u_mlkem/u_unpack/slot_r[2]
    SLICE_X55Y18         FDRE                                         r  u_mlkem/u_unpack/wr_addr_reg[9]/D
  -------------------------------------------------------------------    -------------------

                         (clock clk_core_mmcm rise edge)
                                                      0.000     0.000 r  
    E3                                                0.000     0.000 r  clk_100mhz (IN)
                         net (fo=0)                   0.000     0.000    clk_100mhz
    E3                   IBUF (Prop_ibuf_I_O)         0.438     0.438 r  clk_100mhz_IBUF_inst/O
                         net (fo=1, routed)           0.699     1.136    clk_100mhz_IBUF
    BUFGCTRL_X0Y16       BUFG (Prop_bufg_I_O)         0.029     1.165 r  clk_100mhz_IBUF_BUFG_inst/O
                         net (fo=2651, routed)        0.898     2.063    clk_100mhz_IBUF_BUFG
    MMCME2_ADV_X0Y0      MMCME2_ADV (Prop_mmcme2_adv_CLKIN1_CLKOUT0)
                                                      0.053     2.116 r  u_mmcm/CLKOUT0
                         net (fo=1, routed)           0.700     2.816    clk_core_mmcm
    BUFGCTRL_X0Y0        BUFG (Prop_bufg_I_O)         0.029     2.845 r  u_bufg_core/O
                         net (fo=4633, routed)        0.893     3.738    u_mlkem/u_unpack/clk_core
    SLICE_X55Y18         FDRE                                         r  u_mlkem/u_unpack/wr_addr_reg[9]/C
                         clock pessimism             -0.586     3.152    
    SLICE_X55Y18         FDRE (Hold_fdre_C_D)         0.066     3.218    u_mlkem/u_unpack/wr_addr_reg[9]
  -------------------------------------------------------------------
                         required time                         -3.218    
                         arrival time                           3.253    
  -------------------------------------------------------------------
                         slack                                  0.035    

Slack (MET) :             0.046ns  (arrival time - required time)
  Source:                 u_mlkem/u_ctrl/up_check_reg/C
                            (rising edge-triggered cell FDRE clocked by clk_core_mmcm  {rise@0.000ns fall@2.424ns period=4.848ns})
  Destination:            u_mlkem/u_unpack/check_r_reg/D
                            (rising edge-triggered cell FDRE clocked by clk_core_mmcm  {rise@0.000ns fall@2.424ns period=4.848ns})
  Path Group:             clk_core_mmcm
  Path Type:              Hold (Min at Fast Process Corner)
  Requirement:            0.000ns  (clk_core_mmcm rise@0.000ns - clk_core_mmcm rise@0.000ns)
  Data Path Delay:        0.395ns  (logic 0.186ns (47.123%)  route 0.209ns (52.877%))
  Logic Levels:           1  (LUT6=1)
  Clock Path Skew:        0.258ns (DCD - SCD - CPR)
    Destination Clock Delay (DCD):    3.735ns
    Source Clock Delay      (SCD):    2.891ns
    Clock Pessimism Removal (CPR):    0.586ns

    Location             Delay type                Incr(ns)  Path(ns)    Netlist Resource(s)
  -------------------------------------------------------------------    -------------------
                         (clock clk_core_mmcm rise edge)
                                                      0.000     0.000 r  
    E3                                                0.000     0.000 r  clk_100mhz (IN)
                         net (fo=0)                   0.000     0.000    clk_100mhz
    E3                   IBUF (Prop_ibuf_I_O)         0.250     0.250 r  clk_100mhz_IBUF_inst/O
                         net (fo=1, routed)           0.644     0.894    clk_100mhz_IBUF
    BUFGCTRL_X0Y16       BUFG (Prop_bufg_I_O)         0.026     0.920 r  clk_100mhz_IBUF_BUFG_inst/O
                         net (fo=2651, routed)        0.624     1.544    clk_100mhz_IBUF_BUFG
    MMCME2_ADV_X0Y0      MMCME2_ADV (Prop_mmcme2_adv_CLKIN1_CLKOUT0)
                                                      0.050     1.594 r  u_mmcm/CLKOUT0
                         net (fo=1, routed)           0.648     2.242    clk_core_mmcm
    BUFGCTRL_X0Y0        BUFG (Prop_bufg_I_O)         0.026     2.268 r  u_bufg_core/O
                         net (fo=4633, routed)        0.623     2.891    u_mlkem/u_ctrl/clk_core
    SLICE_X44Y29         FDRE                                         r  u_mlkem/u_ctrl/up_check_reg/C
  -------------------------------------------------------------------    -------------------
    SLICE_X44Y29         FDRE (Prop_fdre_C_Q)         0.141     3.032 r  u_mlkem/u_ctrl/up_check_reg/Q
                         net (fo=1, routed)           0.209     3.241    u_mlkem/u_ctrl/up_check
    SLICE_X53Y28         LUT6 (Prop_lut6_I4_O)        0.045     3.286 r  u_mlkem/u_ctrl/check_r_i_1/O
                         net (fo=1, routed)           0.000     3.286    u_mlkem/u_unpack/check_r_reg_1
    SLICE_X53Y28         FDRE                                         r  u_mlkem/u_unpack/check_r_reg/D
  -------------------------------------------------------------------    -------------------

                         (clock clk_core_mmcm rise edge)
                                                      0.000     0.000 r  
    E3                                                0.000     0.000 r  clk_100mhz (IN)
                         net (fo=0)                   0.000     0.000    clk_100mhz
    E3                   IBUF (Prop_ibuf_I_O)         0.438     0.438 r  clk_100mhz_IBUF_inst/O
                         net (fo=1, routed)           0.699     1.136    clk_100mhz_IBUF
    BUFGCTRL_X0Y16       BUFG (Prop_bufg_I_O)         0.029     1.165 r  clk_100mhz_IBUF_BUFG_inst/O
                         net (fo=2651, routed)        0.898     2.063    clk_100mhz_IBUF_BUFG
    MMCME2_ADV_X0Y0      MMCME2_ADV (Prop_mmcme2_adv_CLKIN1_CLKOUT0)
                                                      0.053     2.116 r  u_mmcm/CLKOUT0
                         net (fo=1, routed)           0.700     2.816    clk_core_mmcm
    BUFGCTRL_X0Y0        BUFG (Prop_bufg_I_O)         0.029     2.845 r  u_bufg_core/O
                         net (fo=4633, routed)        0.890     3.735    u_mlkem/u_unpack/clk_core
    SLICE_X53Y28         FDRE                                         r  u_mlkem/u_unpack/check_r_reg/C
                         clock pessimism             -0.586     3.149    
    SLICE_X53Y28         FDRE (Hold_fdre_C_D)         0.091     3.240    u_mlkem/u_unpack/check_r_reg
  -------------------------------------------------------------------
                         required time                         -3.240    
                         arrival time                           3.286    
  -------------------------------------------------------------------
                         slack                                  0.046    

Slack (MET) :             0.052ns  (arrival time - required time)
  Source:                 u_mlkem/u_alu/wbd_reg[13]/C
                            (rising edge-triggered cell FDRE clocked by clk_core_mmcm  {rise@0.000ns fall@2.424ns period=4.848ns})
  Destination:            u_mlkem/u_alu/rb_din_reg[13]/D
                            (rising edge-triggered cell FDRE clocked by clk_core_mmcm  {rise@0.000ns fall@2.424ns period=4.848ns})
  Path Group:             clk_core_mmcm
  Path Type:              Hold (Min at Fast Process Corner)
  Requirement:            0.000ns  (clk_core_mmcm rise@0.000ns - clk_core_mmcm rise@0.000ns)
  Data Path Delay:        0.403ns  (logic 0.186ns (46.129%)  route 0.217ns (53.871%))
  Logic Levels:           1  (LUT5=1)
  Clock Path Skew:        0.260ns (DCD - SCD - CPR)
    Destination Clock Delay (DCD):    3.742ns
    Source Clock Delay      (SCD):    2.896ns
    Clock Pessimism Removal (CPR):    0.586ns

    Location             Delay type                Incr(ns)  Path(ns)    Netlist Resource(s)
  -------------------------------------------------------------------    -------------------
                         (clock clk_core_mmcm rise edge)
                                                      0.000     0.000 r  
    E3                                                0.000     0.000 r  clk_100mhz (IN)
                         net (fo=0)                   0.000     0.000    clk_100mhz
    E3                   IBUF (Prop_ibuf_I_O)         0.250     0.250 r  clk_100mhz_IBUF_inst/O
                         net (fo=1, routed)           0.644     0.894    clk_100mhz_IBUF
    BUFGCTRL_X0Y16       BUFG (Prop_bufg_I_O)         0.026     0.920 r  clk_100mhz_IBUF_BUFG_inst/O
                         net (fo=2651, routed)        0.624     1.544    clk_100mhz_IBUF_BUFG
    MMCME2_ADV_X0Y0      MMCME2_ADV (Prop_mmcme2_adv_CLKIN1_CLKOUT0)
                                                      0.050     1.594 r  u_mmcm/CLKOUT0
                         net (fo=1, routed)           0.648     2.242    clk_core_mmcm
    BUFGCTRL_X0Y0        BUFG (Prop_bufg_I_O)         0.026     2.268 r  u_bufg_core/O
                         net (fo=4633, routed)        0.628     2.896    u_mlkem/u_alu/clk_core
    SLICE_X48Y10         FDRE                                         r  u_mlkem/u_alu/wbd_reg[13]/C
  -------------------------------------------------------------------    -------------------
    SLICE_X48Y10         FDRE (Prop_fdre_C_Q)         0.141     3.037 r  u_mlkem/u_alu/wbd_reg[13]/Q
                         net (fo=1, routed)           0.217     3.254    u_mlkem/u_alu/wbd[13]
    SLICE_X53Y14         LUT5 (Prop_lut5_I3_O)        0.045     3.299 r  u_mlkem/u_alu/rb_din[13]_i_1/O
                         net (fo=1, routed)           0.000     3.299    u_mlkem/u_alu/rb_din[13]_i_1_n_0
    SLICE_X53Y14         FDRE                                         r  u_mlkem/u_alu/rb_din_reg[13]/D
  -------------------------------------------------------------------    -------------------

                         (clock clk_core_mmcm rise edge)
                                                      0.000     0.000 r  
    E3                                                0.000     0.000 r  clk_100mhz (IN)
                         net (fo=0)                   0.000     0.000    clk_100mhz
    E3                   IBUF (Prop_ibuf_I_O)         0.438     0.438 r  clk_100mhz_IBUF_inst/O
                         net (fo=1, routed)           0.699     1.136    clk_100mhz_IBUF
    BUFGCTRL_X0Y16       BUFG (Prop_bufg_I_O)         0.029     1.165 r  clk_100mhz_IBUF_BUFG_inst/O
                         net (fo=2651, routed)        0.898     2.063    clk_100mhz_IBUF_BUFG
    MMCME2_ADV_X0Y0      MMCME2_ADV (Prop_mmcme2_adv_CLKIN1_CLKOUT0)
                                                      0.053     2.116 r  u_mmcm/CLKOUT0
                         net (fo=1, routed)           0.700     2.816    clk_core_mmcm
    BUFGCTRL_X0Y0        BUFG (Prop_bufg_I_O)         0.029     2.845 r  u_bufg_core/O
                         net (fo=4633, routed)        0.897     3.742    u_mlkem/u_alu/clk_core
    SLICE_X53Y14         FDRE                                         r  u_mlkem/u_alu/rb_din_reg[13]/C
                         clock pessimism             -0.586     3.156    
    SLICE_X53Y14         FDRE (Hold_fdre_C_D)         0.091     3.247    u_mlkem/u_alu/rb_din_reg[13]
  -------------------------------------------------------------------
                         required time                         -3.247    
                         arrival time                           3.299    
  -------------------------------------------------------------------
                         slack                                  0.052    

Slack (MET) :             0.053ns  (arrival time - required time)
  Source:                 u_mlkem/u_alu/wbd_reg[14]/C
                            (rising edge-triggered cell FDRE clocked by clk_core_mmcm  {rise@0.000ns fall@2.424ns period=4.848ns})
  Destination:            u_mlkem/u_alu/rb_din_reg[14]/D
                            (rising edge-triggered cell FDRE clocked by clk_core_mmcm  {rise@0.000ns fall@2.424ns period=4.848ns})
  Path Group:             clk_core_mmcm
  Path Type:              Hold (Min at Fast Process Corner)
  Requirement:            0.000ns  (clk_core_mmcm rise@0.000ns - clk_core_mmcm rise@0.000ns)
  Data Path Delay:        0.405ns  (logic 0.227ns (56.071%)  route 0.178ns (43.929%))
  Logic Levels:           1  (LUT5=1)
  Clock Path Skew:        0.261ns (DCD - SCD - CPR)
    Destination Clock Delay (DCD):    3.743ns
    Source Clock Delay      (SCD):    2.896ns
    Clock Pessimism Removal (CPR):    0.586ns

    Location             Delay type                Incr(ns)  Path(ns)    Netlist Resource(s)
  -------------------------------------------------------------------    -------------------
                         (clock clk_core_mmcm rise edge)
                                                      0.000     0.000 r  
    E3                                                0.000     0.000 r  clk_100mhz (IN)
                         net (fo=0)                   0.000     0.000    clk_100mhz
    E3                   IBUF (Prop_ibuf_I_O)         0.250     0.250 r  clk_100mhz_IBUF_inst/O
                         net (fo=1, routed)           0.644     0.894    clk_100mhz_IBUF
    BUFGCTRL_X0Y16       BUFG (Prop_bufg_I_O)         0.026     0.920 r  clk_100mhz_IBUF_BUFG_inst/O
                         net (fo=2651, routed)        0.624     1.544    clk_100mhz_IBUF_BUFG
    MMCME2_ADV_X0Y0      MMCME2_ADV (Prop_mmcme2_adv_CLKIN1_CLKOUT0)
                                                      0.050     1.594 r  u_mmcm/CLKOUT0
                         net (fo=1, routed)           0.648     2.242    clk_core_mmcm
    BUFGCTRL_X0Y0        BUFG (Prop_bufg_I_O)         0.026     2.268 r  u_bufg_core/O
                         net (fo=4633, routed)        0.628     2.896    u_mlkem/u_alu/clk_core
    SLICE_X49Y11         FDRE                                         r  u_mlkem/u_alu/wbd_reg[14]/C
  -------------------------------------------------------------------    -------------------
    SLICE_X49Y11         FDRE (Prop_fdre_C_Q)         0.128     3.024 r  u_mlkem/u_alu/wbd_reg[14]/Q
                         net (fo=1, routed)           0.178     3.202    u_mlkem/u_alu/wbd[14]
    SLICE_X52Y12         LUT5 (Prop_lut5_I3_O)        0.099     3.301 r  u_mlkem/u_alu/rb_din[14]_i_1/O
                         net (fo=1, routed)           0.000     3.301    u_mlkem/u_alu/rb_din[14]_i_1_n_0
    SLICE_X52Y12         FDRE                                         r  u_mlkem/u_alu/rb_din_reg[14]/D
  -------------------------------------------------------------------    -------------------

                         (clock clk_core_mmcm rise edge)
                                                      0.000     0.000 r  
    E3                                                0.000     0.000 r  clk_100mhz (IN)
                         net (fo=0)                   0.000     0.000    clk_100mhz
    E3                   IBUF (Prop_ibuf_I_O)         0.438     0.438 r  clk_100mhz_IBUF_inst/O
                         net (fo=1, routed)           0.699     1.136    clk_100mhz_IBUF
    BUFGCTRL_X0Y16       BUFG (Prop_bufg_I_O)         0.029     1.165 r  clk_100mhz_IBUF_BUFG_inst/O
                         net (fo=2651, routed)        0.898     2.063    clk_100mhz_IBUF_BUFG
    MMCME2_ADV_X0Y0      MMCME2_ADV (Prop_mmcme2_adv_CLKIN1_CLKOUT0)
                                                      0.053     2.116 r  u_mmcm/CLKOUT0
                         net (fo=1, routed)           0.700     2.816    clk_core_mmcm
    BUFGCTRL_X0Y0        BUFG (Prop_bufg_I_O)         0.029     2.845 r  u_bufg_core/O
                         net (fo=4633, routed)        0.898     3.743    u_mlkem/u_alu/clk_core
    SLICE_X52Y12         FDRE                                         r  u_mlkem/u_alu/rb_din_reg[14]/C
                         clock pessimism             -0.586     3.157    
    SLICE_X52Y12         FDRE (Hold_fdre_C_D)         0.091     3.248    u_mlkem/u_alu/rb_din_reg[14]
  -------------------------------------------------------------------
                         required time                         -3.248    
                         arrival time                           3.301    
  -------------------------------------------------------------------
                         slack                                  0.053    

Slack (MET) :             0.055ns  (arrival time - required time)
  Source:                 u_mlkem/u_alu/cin_reg[7]/C
                            (rising edge-triggered cell FDRE clocked by clk_core_mmcm  {rise@0.000ns fall@2.424ns period=4.848ns})
  Destination:            u_mlkem/u_alu/cd_reg[12][7]_srl13/D
                            (rising edge-triggered cell SRL16E clocked by clk_core_mmcm  {rise@0.000ns fall@2.424ns period=4.848ns})
  Path Group:             clk_core_mmcm
  Path Type:              Hold (Min at Fast Process Corner)
  Requirement:            0.000ns  (clk_core_mmcm rise@0.000ns - clk_core_mmcm rise@0.000ns)
  Data Path Delay:        0.253ns  (logic 0.141ns (55.730%)  route 0.112ns (44.270%))
  Logic Levels:           0  
  Clock Path Skew:        0.015ns (DCD - SCD - CPR)
    Destination Clock Delay (DCD):    3.745ns
    Source Clock Delay      (SCD):    2.894ns
    Clock Pessimism Removal (CPR):    0.836ns

    Location             Delay type                Incr(ns)  Path(ns)    Netlist Resource(s)
  -------------------------------------------------------------------    -------------------
                         (clock clk_core_mmcm rise edge)
                                                      0.000     0.000 r  
    E3                                                0.000     0.000 r  clk_100mhz (IN)
                         net (fo=0)                   0.000     0.000    clk_100mhz
    E3                   IBUF (Prop_ibuf_I_O)         0.250     0.250 r  clk_100mhz_IBUF_inst/O
                         net (fo=1, routed)           0.644     0.894    clk_100mhz_IBUF
    BUFGCTRL_X0Y16       BUFG (Prop_bufg_I_O)         0.026     0.920 r  clk_100mhz_IBUF_BUFG_inst/O
                         net (fo=2651, routed)        0.624     1.544    clk_100mhz_IBUF_BUFG
    MMCME2_ADV_X0Y0      MMCME2_ADV (Prop_mmcme2_adv_CLKIN1_CLKOUT0)
                                                      0.050     1.594 r  u_mmcm/CLKOUT0
                         net (fo=1, routed)           0.648     2.242    clk_core_mmcm
    BUFGCTRL_X0Y0        BUFG (Prop_bufg_I_O)         0.026     2.268 r  u_bufg_core/O
                         net (fo=4633, routed)        0.626     2.894    u_mlkem/u_alu/clk_core
    SLICE_X59Y13         FDRE                                         r  u_mlkem/u_alu/cin_reg[7]/C
  -------------------------------------------------------------------    -------------------
    SLICE_X59Y13         FDRE (Prop_fdre_C_Q)         0.141     3.035 r  u_mlkem/u_alu/cin_reg[7]/Q
                         net (fo=1, routed)           0.112     3.147    u_mlkem/u_alu/cin[7]
    SLICE_X58Y14         SRL16E                                       r  u_mlkem/u_alu/cd_reg[12][7]_srl13/D
  -------------------------------------------------------------------    -------------------

                         (clock clk_core_mmcm rise edge)
                                                      0.000     0.000 r  
    E3                                                0.000     0.000 r  clk_100mhz (IN)
                         net (fo=0)                   0.000     0.000    clk_100mhz
    E3                   IBUF (Prop_ibuf_I_O)         0.438     0.438 r  clk_100mhz_IBUF_inst/O
                         net (fo=1, routed)           0.699     1.136    clk_100mhz_IBUF
    BUFGCTRL_X0Y16       BUFG (Prop_bufg_I_O)         0.029     1.165 r  clk_100mhz_IBUF_BUFG_inst/O
                         net (fo=2651, routed)        0.898     2.063    clk_100mhz_IBUF_BUFG
    MMCME2_ADV_X0Y0      MMCME2_ADV (Prop_mmcme2_adv_CLKIN1_CLKOUT0)
                                                      0.053     2.116 r  u_mmcm/CLKOUT0
                         net (fo=1, routed)           0.700     2.816    clk_core_mmcm
    BUFGCTRL_X0Y0        BUFG (Prop_bufg_I_O)         0.029     2.845 r  u_bufg_core/O
                         net (fo=4633, routed)        0.900     3.745    u_mlkem/u_alu/clk_core
    SLICE_X58Y14         SRL16E                                       r  u_mlkem/u_alu/cd_reg[12][7]_srl13/CLK
                         clock pessimism             -0.836     2.909    
    SLICE_X58Y14         SRL16E (Hold_srl16e_CLK_D)
                                                      0.183     3.092    u_mlkem/u_alu/cd_reg[12][7]_srl13
  -------------------------------------------------------------------
                         required time                         -3.092    
                         arrival time                           3.147    
  -------------------------------------------------------------------
                         slack                                  0.055    

Slack (MET) :             0.058ns  (arrival time - required time)
  Source:                 u_mlkem/u_alu/h1_reg[7]/C
                            (rising edge-triggered cell FDRE clocked by clk_core_mmcm  {rise@0.000ns fall@2.424ns period=4.848ns})
  Destination:            u_mlkem/u_alu/h1d_reg[3][7]_srl4/D
                            (rising edge-triggered cell SRL16E clocked by clk_core_mmcm  {rise@0.000ns fall@2.424ns period=4.848ns})
  Path Group:             clk_core_mmcm
  Path Type:              Hold (Min at Fast Process Corner)
  Requirement:            0.000ns  (clk_core_mmcm rise@0.000ns - clk_core_mmcm rise@0.000ns)
  Data Path Delay:        0.256ns  (logic 0.141ns (55.026%)  route 0.115ns (44.974%))
  Logic Levels:           0  
  Clock Path Skew:        0.015ns (DCD - SCD - CPR)
    Destination Clock Delay (DCD):    3.742ns
    Source Clock Delay      (SCD):    2.892ns
    Clock Pessimism Removal (CPR):    0.835ns

    Location             Delay type                Incr(ns)  Path(ns)    Netlist Resource(s)
  -------------------------------------------------------------------    -------------------
                         (clock clk_core_mmcm rise edge)
                                                      0.000     0.000 r  
    E3                                                0.000     0.000 r  clk_100mhz (IN)
                         net (fo=0)                   0.000     0.000    clk_100mhz
    E3                   IBUF (Prop_ibuf_I_O)         0.250     0.250 r  clk_100mhz_IBUF_inst/O
                         net (fo=1, routed)           0.644     0.894    clk_100mhz_IBUF
    BUFGCTRL_X0Y16       BUFG (Prop_bufg_I_O)         0.026     0.920 r  clk_100mhz_IBUF_BUFG_inst/O
                         net (fo=2651, routed)        0.624     1.544    clk_100mhz_IBUF_BUFG
    MMCME2_ADV_X0Y0      MMCME2_ADV (Prop_mmcme2_adv_CLKIN1_CLKOUT0)
                                                      0.050     1.594 r  u_mmcm/CLKOUT0
                         net (fo=1, routed)           0.648     2.242    clk_core_mmcm
    BUFGCTRL_X0Y0        BUFG (Prop_bufg_I_O)         0.026     2.268 r  u_bufg_core/O
                         net (fo=4633, routed)        0.624     2.892    u_mlkem/u_alu/clk_core
    SLICE_X55Y15         FDRE                                         r  u_mlkem/u_alu/h1_reg[7]/C
  -------------------------------------------------------------------    -------------------
    SLICE_X55Y15         FDRE (Prop_fdre_C_Q)         0.141     3.033 r  u_mlkem/u_alu/h1_reg[7]/Q
                         net (fo=1, routed)           0.115     3.148    u_mlkem/u_alu/h1_reg_n_0_[7]
    SLICE_X54Y13         SRL16E                                       r  u_mlkem/u_alu/h1d_reg[3][7]_srl4/D
  -------------------------------------------------------------------    -------------------

                         (clock clk_core_mmcm rise edge)
                                                      0.000     0.000 r  
    E3                                                0.000     0.000 r  clk_100mhz (IN)
                         net (fo=0)                   0.000     0.000    clk_100mhz
    E3                   IBUF (Prop_ibuf_I_O)         0.438     0.438 r  clk_100mhz_IBUF_inst/O
                         net (fo=1, routed)           0.699     1.136    clk_100mhz_IBUF
    BUFGCTRL_X0Y16       BUFG (Prop_bufg_I_O)         0.029     1.165 r  clk_100mhz_IBUF_BUFG_inst/O
                         net (fo=2651, routed)        0.898     2.063    clk_100mhz_IBUF_BUFG
    MMCME2_ADV_X0Y0      MMCME2_ADV (Prop_mmcme2_adv_CLKIN1_CLKOUT0)
                                                      0.053     2.116 r  u_mmcm/CLKOUT0
                         net (fo=1, routed)           0.700     2.816    clk_core_mmcm
    BUFGCTRL_X0Y0        BUFG (Prop_bufg_I_O)         0.029     2.845 r  u_bufg_core/O
                         net (fo=4633, routed)        0.897     3.742    u_mlkem/u_alu/clk_core
    SLICE_X54Y13         SRL16E                                       r  u_mlkem/u_alu/h1d_reg[3][7]_srl4/CLK
                         clock pessimism             -0.835     2.907    
    SLICE_X54Y13         SRL16E (Hold_srl16e_CLK_D)
                                                      0.183     3.090    u_mlkem/u_alu/h1d_reg[3][7]_srl4
  -------------------------------------------------------------------
                         required time                         -3.090    
                         arrival time                           3.148    
  -------------------------------------------------------------------
                         slack                                  0.058    

Slack (MET) :             0.060ns  (arrival time - required time)
  Source:                 u_mlkem/u_alu/pd_reg[7][16]_srl8_srlopt/C
                            (rising edge-triggered cell FDRE clocked by clk_core_mmcm  {rise@0.000ns fall@2.424ns period=4.848ns})
  Destination:            u_mlkem/u_alu/wa_intt_reg[16]/D
                            (rising edge-triggered cell FDRE clocked by clk_core_mmcm  {rise@0.000ns fall@2.424ns period=4.848ns})
  Path Group:             clk_core_mmcm
  Path Type:              Hold (Min at Fast Process Corner)
  Requirement:            0.000ns  (clk_core_mmcm rise@0.000ns - clk_core_mmcm rise@0.000ns)
  Data Path Delay:        0.390ns  (logic 0.141ns (36.187%)  route 0.249ns (63.813%))
  Logic Levels:           0  
  Clock Path Skew:        0.260ns (DCD - SCD - CPR)
    Destination Clock Delay (DCD):    3.740ns
    Source Clock Delay      (SCD):    2.894ns
    Clock Pessimism Removal (CPR):    0.586ns

    Location             Delay type                Incr(ns)  Path(ns)    Netlist Resource(s)
  -------------------------------------------------------------------    -------------------
                         (clock clk_core_mmcm rise edge)
                                                      0.000     0.000 r  
    E3                                                0.000     0.000 r  clk_100mhz (IN)
                         net (fo=0)                   0.000     0.000    clk_100mhz
    E3                   IBUF (Prop_ibuf_I_O)         0.250     0.250 r  clk_100mhz_IBUF_inst/O
                         net (fo=1, routed)           0.644     0.894    clk_100mhz_IBUF
    BUFGCTRL_X0Y16       BUFG (Prop_bufg_I_O)         0.026     0.920 r  clk_100mhz_IBUF_BUFG_inst/O
                         net (fo=2651, routed)        0.624     1.544    clk_100mhz_IBUF_BUFG
    MMCME2_ADV_X0Y0      MMCME2_ADV (Prop_mmcme2_adv_CLKIN1_CLKOUT0)
                                                      0.050     1.594 r  u_mmcm/CLKOUT0
                         net (fo=1, routed)           0.648     2.242    clk_core_mmcm
    BUFGCTRL_X0Y0        BUFG (Prop_bufg_I_O)         0.026     2.268 r  u_bufg_core/O
                         net (fo=4633, routed)        0.626     2.894    u_mlkem/u_alu/clk_core
    SLICE_X49Y14         FDRE                                         r  u_mlkem/u_alu/pd_reg[7][16]_srl8_srlopt/C
  -------------------------------------------------------------------    -------------------
    SLICE_X49Y14         FDRE (Prop_fdre_C_Q)         0.141     3.035 r  u_mlkem/u_alu/pd_reg[7][16]_srl8_srlopt/Q
                         net (fo=5, routed)           0.249     3.284    u_mlkem/u_alu/p_1_in8_in[4]
    SLICE_X53Y16         FDRE                                         r  u_mlkem/u_alu/wa_intt_reg[16]/D
  -------------------------------------------------------------------    -------------------

                         (clock clk_core_mmcm rise edge)
                                                      0.000     0.000 r  
    E3                                                0.000     0.000 r  clk_100mhz (IN)
                         net (fo=0)                   0.000     0.000    clk_100mhz
    E3                   IBUF (Prop_ibuf_I_O)         0.438     0.438 r  clk_100mhz_IBUF_inst/O
                         net (fo=1, routed)           0.699     1.136    clk_100mhz_IBUF
    BUFGCTRL_X0Y16       BUFG (Prop_bufg_I_O)         0.029     1.165 r  clk_100mhz_IBUF_BUFG_inst/O
                         net (fo=2651, routed)        0.898     2.063    clk_100mhz_IBUF_BUFG
    MMCME2_ADV_X0Y0      MMCME2_ADV (Prop_mmcme2_adv_CLKIN1_CLKOUT0)
                                                      0.053     2.116 r  u_mmcm/CLKOUT0
                         net (fo=1, routed)           0.700     2.816    clk_core_mmcm
    BUFGCTRL_X0Y0        BUFG (Prop_bufg_I_O)         0.029     2.845 r  u_bufg_core/O
                         net (fo=4633, routed)        0.895     3.740    u_mlkem/u_alu/clk_core
    SLICE_X53Y16         FDRE                                         r  u_mlkem/u_alu/wa_intt_reg[16]/C
                         clock pessimism             -0.586     3.154    
    SLICE_X53Y16         FDRE (Hold_fdre_C_D)         0.070     3.224    u_mlkem/u_alu/wa_intt_reg[16]
  -------------------------------------------------------------------
                         required time                         -3.224    
                         arrival time                           3.284    
  -------------------------------------------------------------------
                         slack                                  0.060    

Slack (MET) :             0.072ns  (arrival time - required time)
  Source:                 u_mlkem/u_alu/mr2_reg[17]/C
                            (rising edge-triggered cell FDRE clocked by clk_core_mmcm  {rise@0.000ns fall@2.424ns period=4.848ns})
  Destination:            u_mlkem/u_alu/wb_mr_reg[17]/D
                            (rising edge-triggered cell FDRE clocked by clk_core_mmcm  {rise@0.000ns fall@2.424ns period=4.848ns})
  Path Group:             clk_core_mmcm
  Path Type:              Hold (Min at Fast Process Corner)
  Requirement:            0.000ns  (clk_core_mmcm rise@0.000ns - clk_core_mmcm rise@0.000ns)
  Data Path Delay:        0.354ns  (logic 0.128ns (36.141%)  route 0.226ns (63.859%))
  Logic Levels:           0  
  Clock Path Skew:        0.265ns (DCD - SCD - CPR)
    Destination Clock Delay (DCD):    3.743ns
    Source Clock Delay      (SCD):    2.892ns
    Clock Pessimism Removal (CPR):    0.586ns

    Location             Delay type                Incr(ns)  Path(ns)    Netlist Resource(s)
  -------------------------------------------------------------------    -------------------
                         (clock clk_core_mmcm rise edge)
                                                      0.000     0.000 r  
    E3                                                0.000     0.000 r  clk_100mhz (IN)
                         net (fo=0)                   0.000     0.000    clk_100mhz
    E3                   IBUF (Prop_ibuf_I_O)         0.250     0.250 r  clk_100mhz_IBUF_inst/O
                         net (fo=1, routed)           0.644     0.894    clk_100mhz_IBUF
    BUFGCTRL_X0Y16       BUFG (Prop_bufg_I_O)         0.026     0.920 r  clk_100mhz_IBUF_BUFG_inst/O
                         net (fo=2651, routed)        0.624     1.544    clk_100mhz_IBUF_BUFG
    MMCME2_ADV_X0Y0      MMCME2_ADV (Prop_mmcme2_adv_CLKIN1_CLKOUT0)
                                                      0.050     1.594 r  u_mmcm/CLKOUT0
                         net (fo=1, routed)           0.648     2.242    clk_core_mmcm
    BUFGCTRL_X0Y0        BUFG (Prop_bufg_I_O)         0.026     2.268 r  u_bufg_core/O
                         net (fo=4633, routed)        0.624     2.892    u_mlkem/u_alu/clk_core
    SLICE_X55Y15         FDRE                                         r  u_mlkem/u_alu/mr2_reg[17]/C
  -------------------------------------------------------------------    -------------------
    SLICE_X55Y15         FDRE (Prop_fdre_C_Q)         0.128     3.020 r  u_mlkem/u_alu/mr2_reg[17]/Q
                         net (fo=4, routed)           0.226     3.246    u_mlkem/u_alu/p_0_in7_in[5]
    SLICE_X49Y16         FDRE                                         r  u_mlkem/u_alu/wb_mr_reg[17]/D
  -------------------------------------------------------------------    -------------------

                         (clock clk_core_mmcm rise edge)
                                                      0.000     0.000 r  
    E3                                                0.000     0.000 r  clk_100mhz (IN)
                         net (fo=0)                   0.000     0.000    clk_100mhz
    E3                   IBUF (Prop_ibuf_I_O)         0.438     0.438 r  clk_100mhz_IBUF_inst/O
                         net (fo=1, routed)           0.699     1.136    clk_100mhz_IBUF
    BUFGCTRL_X0Y16       BUFG (Prop_bufg_I_O)         0.029     1.165 r  clk_100mhz_IBUF_BUFG_inst/O
                         net (fo=2651, routed)        0.898     2.063    clk_100mhz_IBUF_BUFG
    MMCME2_ADV_X0Y0      MMCME2_ADV (Prop_mmcme2_adv_CLKIN1_CLKOUT0)
                                                      0.053     2.116 r  u_mmcm/CLKOUT0
                         net (fo=1, routed)           0.700     2.816    clk_core_mmcm
    BUFGCTRL_X0Y0        BUFG (Prop_bufg_I_O)         0.029     2.845 r  u_bufg_core/O
                         net (fo=4633, routed)        0.898     3.743    u_mlkem/u_alu/clk_core
    SLICE_X49Y16         FDRE                                         r  u_mlkem/u_alu/wb_mr_reg[17]/C
                         clock pessimism             -0.586     3.157    
    SLICE_X49Y16         FDRE (Hold_fdre_C_D)         0.017     3.174    u_mlkem/u_alu/wb_mr_reg[17]
  -------------------------------------------------------------------
                         required time                         -3.174    
                         arrival time                           3.246    
  -------------------------------------------------------------------
                         slack                                  0.072    

Slack (MET) :             0.076ns  (arrival time - required time)
  Source:                 u_mlkem/u_alu/rb_din_reg[6]/C
                            (rising edge-triggered cell FDRE clocked by clk_core_mmcm  {rise@0.000ns fall@2.424ns period=4.848ns})
  Destination:            u_mlkem/u_polyram/mem_reg/DIADI[6]
                            (rising edge-triggered cell RAMB36E1 clocked by clk_core_mmcm  {rise@0.000ns fall@2.424ns period=4.848ns})
  Path Group:             clk_core_mmcm
  Path Type:              Hold (Min at Fast Process Corner)
  Requirement:            0.000ns  (clk_core_mmcm rise@0.000ns - clk_core_mmcm rise@0.000ns)
  Data Path Delay:        0.309ns  (logic 0.141ns (45.700%)  route 0.168ns (54.300%))
  Logic Levels:           0  
  Clock Path Skew:        0.077ns (DCD - SCD - CPR)
    Destination Clock Delay (DCD):    3.789ns
    Source Clock Delay      (SCD):    2.897ns
    Clock Pessimism Removal (CPR):    0.815ns

    Location             Delay type                Incr(ns)  Path(ns)    Netlist Resource(s)
  -------------------------------------------------------------------    -------------------
                         (clock clk_core_mmcm rise edge)
                                                      0.000     0.000 r  
    E3                                                0.000     0.000 r  clk_100mhz (IN)
                         net (fo=0)                   0.000     0.000    clk_100mhz
    E3                   IBUF (Prop_ibuf_I_O)         0.250     0.250 r  clk_100mhz_IBUF_inst/O
                         net (fo=1, routed)           0.644     0.894    clk_100mhz_IBUF
    BUFGCTRL_X0Y16       BUFG (Prop_bufg_I_O)         0.026     0.920 r  clk_100mhz_IBUF_BUFG_inst/O
                         net (fo=2651, routed)        0.624     1.544    clk_100mhz_IBUF_BUFG
    MMCME2_ADV_X0Y0      MMCME2_ADV (Prop_mmcme2_adv_CLKIN1_CLKOUT0)
                                                      0.050     1.594 r  u_mmcm/CLKOUT0
                         net (fo=1, routed)           0.648     2.242    clk_core_mmcm
    BUFGCTRL_X0Y0        BUFG (Prop_bufg_I_O)         0.026     2.268 r  u_bufg_core/O
                         net (fo=4633, routed)        0.629     2.897    u_mlkem/u_alu/clk_core
    SLICE_X65Y12         FDRE                                         r  u_mlkem/u_alu/rb_din_reg[6]/C
  -------------------------------------------------------------------    -------------------
    SLICE_X65Y12         FDRE (Prop_fdre_C_Q)         0.141     3.038 r  u_mlkem/u_alu/rb_din_reg[6]/Q
                         net (fo=1, routed)           0.168     3.205    u_mlkem/u_polyram/mem_reg_1[6]
    RAMB36_X1Y2          RAMB36E1                                     r  u_mlkem/u_polyram/mem_reg/DIADI[6]
  -------------------------------------------------------------------    -------------------

                         (clock clk_core_mmcm rise edge)
                                                      0.000     0.000 r  
    E3                                                0.000     0.000 r  clk_100mhz (IN)
                         net (fo=0)                   0.000     0.000    clk_100mhz
    E3                   IBUF (Prop_ibuf_I_O)         0.438     0.438 r  clk_100mhz_IBUF_inst/O
                         net (fo=1, routed)           0.699     1.136    clk_100mhz_IBUF
    BUFGCTRL_X0Y16       BUFG (Prop_bufg_I_O)         0.029     1.165 r  clk_100mhz_IBUF_BUFG_inst/O
                         net (fo=2651, routed)        0.898     2.063    clk_100mhz_IBUF_BUFG
    MMCME2_ADV_X0Y0      MMCME2_ADV (Prop_mmcme2_adv_CLKIN1_CLKOUT0)
                                                      0.053     2.116 r  u_mmcm/CLKOUT0
                         net (fo=1, routed)           0.700     2.816    clk_core_mmcm
    BUFGCTRL_X0Y0        BUFG (Prop_bufg_I_O)         0.029     2.845 r  u_bufg_core/O
                         net (fo=4633, routed)        0.944     3.789    u_mlkem/u_polyram/clk_core
    RAMB36_X1Y2          RAMB36E1                                     r  u_mlkem/u_polyram/mem_reg/CLKARDCLK
                         clock pessimism             -0.815     2.974    
    RAMB36_X1Y2          RAMB36E1 (Hold_ramb36e1_CLKARDCLK_DIADI[6])
                                                      0.155     3.129    u_mlkem/u_polyram/mem_reg
  -------------------------------------------------------------------
                         required time                         -3.129    
                         arrival time                           3.205    
  -------------------------------------------------------------------
                         slack                                  0.076    

Slack (MET) :             0.086ns  (arrival time - required time)
  Source:                 u_mlkem/u_ctrl/up_param_reg[2]/C
                            (rising edge-triggered cell FDRE clocked by clk_core_mmcm  {rise@0.000ns fall@2.424ns period=4.848ns})
  Destination:            u_mlkem/u_unpack/wmask_reg[0]/D
                            (rising edge-triggered cell FDSE clocked by clk_core_mmcm  {rise@0.000ns fall@2.424ns period=4.848ns})
  Path Group:             clk_core_mmcm
  Path Type:              Hold (Min at Fast Process Corner)
  Requirement:            0.000ns  (clk_core_mmcm rise@0.000ns - clk_core_mmcm rise@0.000ns)
  Data Path Delay:        0.467ns  (logic 0.186ns (39.828%)  route 0.281ns (60.172%))
  Logic Levels:           1  (LUT6=1)
  Clock Path Skew:        0.261ns (DCD - SCD - CPR)
    Destination Clock Delay (DCD):    3.737ns
    Source Clock Delay      (SCD):    2.890ns
    Clock Pessimism Removal (CPR):    0.586ns

    Location             Delay type                Incr(ns)  Path(ns)    Netlist Resource(s)
  -------------------------------------------------------------------    -------------------
                         (clock clk_core_mmcm rise edge)
                                                      0.000     0.000 r  
    E3                                                0.000     0.000 r  clk_100mhz (IN)
                         net (fo=0)                   0.000     0.000    clk_100mhz
    E3                   IBUF (Prop_ibuf_I_O)         0.250     0.250 r  clk_100mhz_IBUF_inst/O
                         net (fo=1, routed)           0.644     0.894    clk_100mhz_IBUF
    BUFGCTRL_X0Y16       BUFG (Prop_bufg_I_O)         0.026     0.920 r  clk_100mhz_IBUF_BUFG_inst/O
                         net (fo=2651, routed)        0.624     1.544    clk_100mhz_IBUF_BUFG
    MMCME2_ADV_X0Y0      MMCME2_ADV (Prop_mmcme2_adv_CLKIN1_CLKOUT0)
                                                      0.050     1.594 r  u_mmcm/CLKOUT0
                         net (fo=1, routed)           0.648     2.242    clk_core_mmcm
    BUFGCTRL_X0Y0        BUFG (Prop_bufg_I_O)         0.026     2.268 r  u_bufg_core/O
                         net (fo=4633, routed)        0.622     2.890    u_mlkem/u_ctrl/clk_core
    SLICE_X45Y28         FDRE                                         r  u_mlkem/u_ctrl/up_param_reg[2]/C
  -------------------------------------------------------------------    -------------------
    SLICE_X45Y28         FDRE (Prop_fdre_C_Q)         0.141     3.031 r  u_mlkem/u_ctrl/up_param_reg[2]/Q
                         net (fo=26, routed)          0.281     3.312    u_mlkem/u_ctrl/up_param_reg[3]_1[2]
    SLICE_X56Y29         LUT6 (Prop_lut6_I4_O)        0.045     3.357 r  u_mlkem/u_ctrl/wmask[0]_i_1/O
                         net (fo=1, routed)           0.000     3.357    u_mlkem/u_unpack/wmask_reg[11]_1[0]
    SLICE_X56Y29         FDSE                                         r  u_mlkem/u_unpack/wmask_reg[0]/D
  -------------------------------------------------------------------    -------------------

                         (clock clk_core_mmcm rise edge)
                                                      0.000     0.000 r  
    E3                                                0.000     0.000 r  clk_100mhz (IN)
                         net (fo=0)                   0.000     0.000    clk_100mhz
    E3                   IBUF (Prop_ibuf_I_O)         0.438     0.438 r  clk_100mhz_IBUF_inst/O
                         net (fo=1, routed)           0.699     1.136    clk_100mhz_IBUF
    BUFGCTRL_X0Y16       BUFG (Prop_bufg_I_O)         0.029     1.165 r  clk_100mhz_IBUF_BUFG_inst/O
                         net (fo=2651, routed)        0.898     2.063    clk_100mhz_IBUF_BUFG
    MMCME2_ADV_X0Y0      MMCME2_ADV (Prop_mmcme2_adv_CLKIN1_CLKOUT0)
                                                      0.053     2.116 r  u_mmcm/CLKOUT0
                         net (fo=1, routed)           0.700     2.816    clk_core_mmcm
    BUFGCTRL_X0Y0        BUFG (Prop_bufg_I_O)         0.029     2.845 r  u_bufg_core/O
                         net (fo=4633, routed)        0.892     3.737    u_mlkem/u_unpack/clk_core
    SLICE_X56Y29         FDSE                                         r  u_mlkem/u_unpack/wmask_reg[0]/C
                         clock pessimism             -0.586     3.151    
    SLICE_X56Y29         FDSE (Hold_fdse_C_D)         0.120     3.271    u_mlkem/u_unpack/wmask_reg[0]
  -------------------------------------------------------------------
                         required time                         -3.271    
                         arrival time                           3.357    
  -------------------------------------------------------------------
                         slack                                  0.086    





Pulse Width Checks
--------------------------------------------------------------------------------------
Clock Name:         clk_core_mmcm
Waveform(ns):       { 0.000 2.424 }
Period(ns):         4.848
Sources:            { u_mmcm/CLKOUT0 }

Check Type        Corner  Lib Pin             Reference Pin  Required(ns)  Actual(ns)  Slack(ns)  Location         Pin
Min Period        n/a     RAMB36E1/CLKARDCLK  n/a            2.944         4.848       1.904      RAMB36_X1Y5      u_mlkem/u_dbuf/mem_reg_0/CLKARDCLK
Min Period        n/a     RAMB36E1/CLKBWRCLK  n/a            2.944         4.848       1.904      RAMB36_X1Y5      u_mlkem/u_dbuf/mem_reg_0/CLKBWRCLK
Min Period        n/a     RAMB36E1/CLKARDCLK  n/a            2.944         4.848       1.904      RAMB36_X1Y6      u_mlkem/u_dbuf/mem_reg_1/CLKARDCLK
Min Period        n/a     RAMB36E1/CLKBWRCLK  n/a            2.944         4.848       1.904      RAMB36_X1Y6      u_mlkem/u_dbuf/mem_reg_1/CLKBWRCLK
Min Period        n/a     RAMB36E1/CLKARDCLK  n/a            2.944         4.848       1.904      RAMB36_X1Y2      u_mlkem/u_polyram/mem_reg/CLKARDCLK
Min Period        n/a     RAMB36E1/CLKBWRCLK  n/a            2.944         4.848       1.904      RAMB36_X1Y2      u_mlkem/u_polyram/mem_reg/CLKBWRCLK
Min Period        n/a     BUFG/I              n/a            2.155         4.848       2.693      BUFGCTRL_X0Y0    u_bufg_core/I
Min Period        n/a     DSP48E1/CLK         n/a            2.154         4.848       2.694      DSP48_X1Y2       u_mlkem/u_alu/u_mul0/p2_reg/CLK
Min Period        n/a     DSP48E1/CLK         n/a            2.154         4.848       2.694      DSP48_X1Y0       u_mlkem/u_alu/u_mul1/p2_reg/CLK
Min Period        n/a     MMCME2_ADV/CLKOUT0  n/a            1.249         4.848       3.599      MMCME2_ADV_X0Y0  u_mmcm/CLKOUT0
Max Period        n/a     MMCME2_ADV/CLKOUT0  n/a            213.360       4.848       208.512    MMCME2_ADV_X0Y0  u_mmcm/CLKOUT0
Low Pulse Width   Slow    SRL16E/CLK          n/a            0.980         2.424       1.444      SLICE_X58Y14     u_mlkem/u_alu/cd_reg[12][0]_srl13/CLK
Low Pulse Width   Fast    SRL16E/CLK          n/a            0.980         2.424       1.444      SLICE_X58Y14     u_mlkem/u_alu/cd_reg[12][0]_srl13/CLK
Low Pulse Width   Slow    SRL16E/CLK          n/a            0.980         2.424       1.444      SLICE_X56Y11     u_mlkem/u_alu/cd_reg[12][10]_srl13/CLK
Low Pulse Width   Fast    SRL16E/CLK          n/a            0.980         2.424       1.444      SLICE_X56Y11     u_mlkem/u_alu/cd_reg[12][10]_srl13/CLK
Low Pulse Width   Slow    SRL16E/CLK          n/a            0.980         2.424       1.444      SLICE_X56Y11     u_mlkem/u_alu/cd_reg[12][11]_srl13/CLK
Low Pulse Width   Fast    SRL16E/CLK          n/a            0.980         2.424       1.444      SLICE_X56Y11     u_mlkem/u_alu/cd_reg[12][11]_srl13/CLK
Low Pulse Width   Slow    SRL16E/CLK          n/a            0.980         2.424       1.444      SLICE_X56Y11     u_mlkem/u_alu/cd_reg[12][12]_srl13/CLK
Low Pulse Width   Fast    SRL16E/CLK          n/a            0.980         2.424       1.444      SLICE_X56Y11     u_mlkem/u_alu/cd_reg[12][12]_srl13/CLK
Low Pulse Width   Slow    SRL16E/CLK          n/a            0.980         2.424       1.444      SLICE_X56Y11     u_mlkem/u_alu/cd_reg[12][13]_srl13/CLK
Low Pulse Width   Fast    SRL16E/CLK          n/a            0.980         2.424       1.444      SLICE_X56Y11     u_mlkem/u_alu/cd_reg[12][13]_srl13/CLK
High Pulse Width  Slow    SRL16E/CLK          n/a            0.980         2.424       1.444      SLICE_X58Y14     u_mlkem/u_alu/cd_reg[12][0]_srl13/CLK
High Pulse Width  Fast    SRL16E/CLK          n/a            0.980         2.424       1.444      SLICE_X58Y14     u_mlkem/u_alu/cd_reg[12][0]_srl13/CLK
High Pulse Width  Slow    SRL16E/CLK          n/a            0.980         2.424       1.444      SLICE_X56Y11     u_mlkem/u_alu/cd_reg[12][10]_srl13/CLK
High Pulse Width  Fast    SRL16E/CLK          n/a            0.980         2.424       1.444      SLICE_X56Y11     u_mlkem/u_alu/cd_reg[12][10]_srl13/CLK
High Pulse Width  Slow    SRL16E/CLK          n/a            0.980         2.424       1.444      SLICE_X56Y11     u_mlkem/u_alu/cd_reg[12][11]_srl13/CLK
High Pulse Width  Fast    SRL16E/CLK          n/a            0.980         2.424       1.444      SLICE_X56Y11     u_mlkem/u_alu/cd_reg[12][11]_srl13/CLK
High Pulse Width  Slow    SRL16E/CLK          n/a            0.980         2.424       1.444      SLICE_X56Y11     u_mlkem/u_alu/cd_reg[12][12]_srl13/CLK
High Pulse Width  Fast    SRL16E/CLK          n/a            0.980         2.424       1.444      SLICE_X56Y11     u_mlkem/u_alu/cd_reg[12][12]_srl13/CLK
High Pulse Width  Slow    SRL16E/CLK          n/a            0.980         2.424       1.444      SLICE_X56Y11     u_mlkem/u_alu/cd_reg[12][13]_srl13/CLK
High Pulse Width  Fast    SRL16E/CLK          n/a            0.980         2.424       1.444      SLICE_X56Y11     u_mlkem/u_alu/cd_reg[12][13]_srl13/CLK



---------------------------------------------------------------------------------------------------
From Clock:  mmcm_fb
  To Clock:  mmcm_fb

Setup :           NA  Failing Endpoints,  Worst Slack           NA  ,  Total Violation           NA
Hold  :           NA  Failing Endpoints,  Worst Slack           NA  ,  Total Violation           NA
PW    :            0  Failing Endpoints,  Worst Slack       18.751ns,  Total Violation        0.000ns
---------------------------------------------------------------------------------------------------


Pulse Width Checks
--------------------------------------------------------------------------------------
Clock Name:         mmcm_fb
Waveform(ns):       { 0.000 10.000 }
Period(ns):         20.000
Sources:            { u_mmcm/CLKFBOUT }

Check Type  Corner  Lib Pin              Reference Pin  Required(ns)  Actual(ns)  Slack(ns)  Location         Pin
Min Period  n/a     MMCME2_ADV/CLKFBOUT  n/a            1.249         20.000      18.751     MMCME2_ADV_X0Y0  u_mmcm/CLKFBOUT
Min Period  n/a     MMCME2_ADV/CLKFBIN   n/a            1.249         20.000      18.751     MMCME2_ADV_X0Y0  u_mmcm/CLKFBIN
Max Period  n/a     MMCME2_ADV/CLKFBIN   n/a            100.000       20.000      80.000     MMCME2_ADV_X0Y0  u_mmcm/CLKFBIN
Max Period  n/a     MMCME2_ADV/CLKFBOUT  n/a            213.360       20.000      193.360    MMCME2_ADV_X0Y0  u_mmcm/CLKFBOUT



---------------------------------------------------------------------------------------------------
Path Group:  **async_default**
From Clock:  sys_clk
  To Clock:  sys_clk

Setup :            0  Failing Endpoints,  Worst Slack        3.076ns,  Total Violation        0.000ns
Hold  :            0  Failing Endpoints,  Worst Slack        1.285ns,  Total Violation        0.000ns
---------------------------------------------------------------------------------------------------


Max Delay Paths
--------------------------------------------------------------------------------------
Slack (MET) :             3.076ns  (required time - arrival time)
  Source:                 rst_sync_reg[3]/C
                            (rising edge-triggered cell FDCE clocked by sys_clk  {rise@0.000ns fall@5.000ns period=10.000ns})
  Destination:            u_bridge/timeout_reg[4]/CLR
                            (recovery check against rising-edge clock sys_clk  {rise@0.000ns fall@5.000ns period=10.000ns})
  Path Group:             **async_default**
  Path Type:              Recovery (Max at Slow Process Corner)
  Requirement:            10.000ns  (sys_clk rise@10.000ns - sys_clk rise@0.000ns)
  Data Path Delay:        6.319ns  (logic 0.606ns (9.591%)  route 5.713ns (90.409%))
  Logic Levels:           1  (LUT1=1)
  Clock Path Skew:        0.037ns (DCD - SCD + CPR)
    Destination Clock Delay (DCD):    5.186ns = ( 15.186 - 10.000 ) 
    Source Clock Delay      (SCD):    5.417ns
    Clock Pessimism Removal (CPR):    0.267ns
  Clock Uncertainty:      0.035ns  ((TSJ^2 + TIJ^2)^1/2 + DJ) / 2 + PE
    Total System Jitter     (TSJ):    0.071ns
    Total Input Jitter      (TIJ):    0.000ns
    Discrete Jitter          (DJ):    0.000ns
    Phase Error              (PE):    0.000ns

    Location             Delay type                Incr(ns)  Path(ns)    Netlist Resource(s)
  -------------------------------------------------------------------    -------------------
                         (clock sys_clk rise edge)    0.000     0.000 r  
    E3                                                0.000     0.000 r  clk_100mhz (IN)
                         net (fo=0)                   0.000     0.000    clk_100mhz
    E3                   IBUF (Prop_ibuf_I_O)         1.482     1.482 r  clk_100mhz_IBUF_inst/O
                         net (fo=1, routed)           2.025     3.506    clk_100mhz_IBUF
    BUFGCTRL_X0Y16       BUFG (Prop_bufg_I_O)         0.096     3.602 r  clk_100mhz_IBUF_BUFG_inst/O
                         net (fo=2651, routed)        1.814     5.417    clk_100mhz_IBUF_BUFG
    SLICE_X17Y14         FDCE                                         r  rst_sync_reg[3]/C
  -------------------------------------------------------------------    -------------------
    SLICE_X17Y14         FDCE (Prop_fdce_C_Q)         0.456     5.873 r  rst_sync_reg[3]/Q
                         net (fo=41, routed)          1.662     7.535    u_bridge/tx_valid_reg_0[0]
    SLICE_X31Y14         LUT1 (Prop_lut1_I0_O)        0.150     7.685 f  u_bridge/FSM_sequential_state[1]_i_2/O
                         net (fo=596, routed)         4.050    11.735    u_bridge/rst_sync_reg[3]
    SLICE_X5Y15          FDCE                                         f  u_bridge/timeout_reg[4]/CLR
  -------------------------------------------------------------------    -------------------

                         (clock sys_clk rise edge)   10.000    10.000 r  
    E3                                                0.000    10.000 r  clk_100mhz (IN)
                         net (fo=0)                   0.000    10.000    clk_100mhz
    E3                   IBUF (Prop_ibuf_I_O)         1.411    11.411 r  clk_100mhz_IBUF_inst/O
                         net (fo=1, routed)           1.920    13.331    clk_100mhz_IBUF
    BUFGCTRL_X0Y16       BUFG (Prop_bufg_I_O)         0.091    13.422 r  clk_100mhz_IBUF_BUFG_inst/O
                         net (fo=2651, routed)        1.764    15.186    u_bridge/clk_100mhz_IBUF_BUFG
    SLICE_X5Y15          FDCE                                         r  u_bridge/timeout_reg[4]/C
                         clock pessimism              0.267    15.454    
                         clock uncertainty           -0.035    15.418    
    SLICE_X5Y15          FDCE (Recov_fdce_C_CLR)     -0.607    14.811    u_bridge/timeout_reg[4]
  -------------------------------------------------------------------
                         required time                         14.811    
                         arrival time                         -11.735    
  -------------------------------------------------------------------
                         slack                                  3.076    

Slack (MET) :             3.076ns  (required time - arrival time)
  Source:                 rst_sync_reg[3]/C
                            (rising edge-triggered cell FDCE clocked by sys_clk  {rise@0.000ns fall@5.000ns period=10.000ns})
  Destination:            u_bridge/timeout_reg[5]/CLR
                            (recovery check against rising-edge clock sys_clk  {rise@0.000ns fall@5.000ns period=10.000ns})
  Path Group:             **async_default**
  Path Type:              Recovery (Max at Slow Process Corner)
  Requirement:            10.000ns  (sys_clk rise@10.000ns - sys_clk rise@0.000ns)
  Data Path Delay:        6.319ns  (logic 0.606ns (9.591%)  route 5.713ns (90.409%))
  Logic Levels:           1  (LUT1=1)
  Clock Path Skew:        0.037ns (DCD - SCD + CPR)
    Destination Clock Delay (DCD):    5.186ns = ( 15.186 - 10.000 ) 
    Source Clock Delay      (SCD):    5.417ns
    Clock Pessimism Removal (CPR):    0.267ns
  Clock Uncertainty:      0.035ns  ((TSJ^2 + TIJ^2)^1/2 + DJ) / 2 + PE
    Total System Jitter     (TSJ):    0.071ns
    Total Input Jitter      (TIJ):    0.000ns
    Discrete Jitter          (DJ):    0.000ns
    Phase Error              (PE):    0.000ns

    Location             Delay type                Incr(ns)  Path(ns)    Netlist Resource(s)
  -------------------------------------------------------------------    -------------------
                         (clock sys_clk rise edge)    0.000     0.000 r  
    E3                                                0.000     0.000 r  clk_100mhz (IN)
                         net (fo=0)                   0.000     0.000    clk_100mhz
    E3                   IBUF (Prop_ibuf_I_O)         1.482     1.482 r  clk_100mhz_IBUF_inst/O
                         net (fo=1, routed)           2.025     3.506    clk_100mhz_IBUF
    BUFGCTRL_X0Y16       BUFG (Prop_bufg_I_O)         0.096     3.602 r  clk_100mhz_IBUF_BUFG_inst/O
                         net (fo=2651, routed)        1.814     5.417    clk_100mhz_IBUF_BUFG
    SLICE_X17Y14         FDCE                                         r  rst_sync_reg[3]/C
  -------------------------------------------------------------------    -------------------
    SLICE_X17Y14         FDCE (Prop_fdce_C_Q)         0.456     5.873 r  rst_sync_reg[3]/Q
                         net (fo=41, routed)          1.662     7.535    u_bridge/tx_valid_reg_0[0]
    SLICE_X31Y14         LUT1 (Prop_lut1_I0_O)        0.150     7.685 f  u_bridge/FSM_sequential_state[1]_i_2/O
                         net (fo=596, routed)         4.050    11.735    u_bridge/rst_sync_reg[3]
    SLICE_X5Y15          FDCE                                         f  u_bridge/timeout_reg[5]/CLR
  -------------------------------------------------------------------    -------------------

                         (clock sys_clk rise edge)   10.000    10.000 r  
    E3                                                0.000    10.000 r  clk_100mhz (IN)
                         net (fo=0)                   0.000    10.000    clk_100mhz
    E3                   IBUF (Prop_ibuf_I_O)         1.411    11.411 r  clk_100mhz_IBUF_inst/O
                         net (fo=1, routed)           1.920    13.331    clk_100mhz_IBUF
    BUFGCTRL_X0Y16       BUFG (Prop_bufg_I_O)         0.091    13.422 r  clk_100mhz_IBUF_BUFG_inst/O
                         net (fo=2651, routed)        1.764    15.186    u_bridge/clk_100mhz_IBUF_BUFG
    SLICE_X5Y15          FDCE                                         r  u_bridge/timeout_reg[5]/C
                         clock pessimism              0.267    15.454    
                         clock uncertainty           -0.035    15.418    
    SLICE_X5Y15          FDCE (Recov_fdce_C_CLR)     -0.607    14.811    u_bridge/timeout_reg[5]
  -------------------------------------------------------------------
                         required time                         14.811    
                         arrival time                         -11.735    
  -------------------------------------------------------------------
                         slack                                  3.076    

Slack (MET) :             3.076ns  (required time - arrival time)
  Source:                 rst_sync_reg[3]/C
                            (rising edge-triggered cell FDCE clocked by sys_clk  {rise@0.000ns fall@5.000ns period=10.000ns})
  Destination:            u_bridge/timeout_reg[6]/CLR
                            (recovery check against rising-edge clock sys_clk  {rise@0.000ns fall@5.000ns period=10.000ns})
  Path Group:             **async_default**
  Path Type:              Recovery (Max at Slow Process Corner)
  Requirement:            10.000ns  (sys_clk rise@10.000ns - sys_clk rise@0.000ns)
  Data Path Delay:        6.319ns  (logic 0.606ns (9.591%)  route 5.713ns (90.409%))
  Logic Levels:           1  (LUT1=1)
  Clock Path Skew:        0.037ns (DCD - SCD + CPR)
    Destination Clock Delay (DCD):    5.186ns = ( 15.186 - 10.000 ) 
    Source Clock Delay      (SCD):    5.417ns
    Clock Pessimism Removal (CPR):    0.267ns
  Clock Uncertainty:      0.035ns  ((TSJ^2 + TIJ^2)^1/2 + DJ) / 2 + PE
    Total System Jitter     (TSJ):    0.071ns
    Total Input Jitter      (TIJ):    0.000ns
    Discrete Jitter          (DJ):    0.000ns
    Phase Error              (PE):    0.000ns

    Location             Delay type                Incr(ns)  Path(ns)    Netlist Resource(s)
  -------------------------------------------------------------------    -------------------
                         (clock sys_clk rise edge)    0.000     0.000 r  
    E3                                                0.000     0.000 r  clk_100mhz (IN)
                         net (fo=0)                   0.000     0.000    clk_100mhz
    E3                   IBUF (Prop_ibuf_I_O)         1.482     1.482 r  clk_100mhz_IBUF_inst/O
                         net (fo=1, routed)           2.025     3.506    clk_100mhz_IBUF
    BUFGCTRL_X0Y16       BUFG (Prop_bufg_I_O)         0.096     3.602 r  clk_100mhz_IBUF_BUFG_inst/O
                         net (fo=2651, routed)        1.814     5.417    clk_100mhz_IBUF_BUFG
    SLICE_X17Y14         FDCE                                         r  rst_sync_reg[3]/C
  -------------------------------------------------------------------    -------------------
    SLICE_X17Y14         FDCE (Prop_fdce_C_Q)         0.456     5.873 r  rst_sync_reg[3]/Q
                         net (fo=41, routed)          1.662     7.535    u_bridge/tx_valid_reg_0[0]
    SLICE_X31Y14         LUT1 (Prop_lut1_I0_O)        0.150     7.685 f  u_bridge/FSM_sequential_state[1]_i_2/O
                         net (fo=596, routed)         4.050    11.735    u_bridge/rst_sync_reg[3]
    SLICE_X5Y15          FDCE                                         f  u_bridge/timeout_reg[6]/CLR
  -------------------------------------------------------------------    -------------------

                         (clock sys_clk rise edge)   10.000    10.000 r  
    E3                                                0.000    10.000 r  clk_100mhz (IN)
                         net (fo=0)                   0.000    10.000    clk_100mhz
    E3                   IBUF (Prop_ibuf_I_O)         1.411    11.411 r  clk_100mhz_IBUF_inst/O
                         net (fo=1, routed)           1.920    13.331    clk_100mhz_IBUF
    BUFGCTRL_X0Y16       BUFG (Prop_bufg_I_O)         0.091    13.422 r  clk_100mhz_IBUF_BUFG_inst/O
                         net (fo=2651, routed)        1.764    15.186    u_bridge/clk_100mhz_IBUF_BUFG
    SLICE_X5Y15          FDCE                                         r  u_bridge/timeout_reg[6]/C
                         clock pessimism              0.267    15.454    
                         clock uncertainty           -0.035    15.418    
    SLICE_X5Y15          FDCE (Recov_fdce_C_CLR)     -0.607    14.811    u_bridge/timeout_reg[6]
  -------------------------------------------------------------------
                         required time                         14.811    
                         arrival time                         -11.735    
  -------------------------------------------------------------------
                         slack                                  3.076    

Slack (MET) :             3.076ns  (required time - arrival time)
  Source:                 rst_sync_reg[3]/C
                            (rising edge-triggered cell FDCE clocked by sys_clk  {rise@0.000ns fall@5.000ns period=10.000ns})
  Destination:            u_bridge/timeout_reg[7]/CLR
                            (recovery check against rising-edge clock sys_clk  {rise@0.000ns fall@5.000ns period=10.000ns})
  Path Group:             **async_default**
  Path Type:              Recovery (Max at Slow Process Corner)
  Requirement:            10.000ns  (sys_clk rise@10.000ns - sys_clk rise@0.000ns)
  Data Path Delay:        6.319ns  (logic 0.606ns (9.591%)  route 5.713ns (90.409%))
  Logic Levels:           1  (LUT1=1)
  Clock Path Skew:        0.037ns (DCD - SCD + CPR)
    Destination Clock Delay (DCD):    5.186ns = ( 15.186 - 10.000 ) 
    Source Clock Delay      (SCD):    5.417ns
    Clock Pessimism Removal (CPR):    0.267ns
  Clock Uncertainty:      0.035ns  ((TSJ^2 + TIJ^2)^1/2 + DJ) / 2 + PE
    Total System Jitter     (TSJ):    0.071ns
    Total Input Jitter      (TIJ):    0.000ns
    Discrete Jitter          (DJ):    0.000ns
    Phase Error              (PE):    0.000ns

    Location             Delay type                Incr(ns)  Path(ns)    Netlist Resource(s)
  -------------------------------------------------------------------    -------------------
                         (clock sys_clk rise edge)    0.000     0.000 r  
    E3                                                0.000     0.000 r  clk_100mhz (IN)
                         net (fo=0)                   0.000     0.000    clk_100mhz
    E3                   IBUF (Prop_ibuf_I_O)         1.482     1.482 r  clk_100mhz_IBUF_inst/O
                         net (fo=1, routed)           2.025     3.506    clk_100mhz_IBUF
    BUFGCTRL_X0Y16       BUFG (Prop_bufg_I_O)         0.096     3.602 r  clk_100mhz_IBUF_BUFG_inst/O
                         net (fo=2651, routed)        1.814     5.417    clk_100mhz_IBUF_BUFG
    SLICE_X17Y14         FDCE                                         r  rst_sync_reg[3]/C
  -------------------------------------------------------------------    -------------------
    SLICE_X17Y14         FDCE (Prop_fdce_C_Q)         0.456     5.873 r  rst_sync_reg[3]/Q
                         net (fo=41, routed)          1.662     7.535    u_bridge/tx_valid_reg_0[0]
    SLICE_X31Y14         LUT1 (Prop_lut1_I0_O)        0.150     7.685 f  u_bridge/FSM_sequential_state[1]_i_2/O
                         net (fo=596, routed)         4.050    11.735    u_bridge/rst_sync_reg[3]
    SLICE_X5Y15          FDCE                                         f  u_bridge/timeout_reg[7]/CLR
  -------------------------------------------------------------------    -------------------

                         (clock sys_clk rise edge)   10.000    10.000 r  
    E3                                                0.000    10.000 r  clk_100mhz (IN)
                         net (fo=0)                   0.000    10.000    clk_100mhz
    E3                   IBUF (Prop_ibuf_I_O)         1.411    11.411 r  clk_100mhz_IBUF_inst/O
                         net (fo=1, routed)           1.920    13.331    clk_100mhz_IBUF
    BUFGCTRL_X0Y16       BUFG (Prop_bufg_I_O)         0.091    13.422 r  clk_100mhz_IBUF_BUFG_inst/O
                         net (fo=2651, routed)        1.764    15.186    u_bridge/clk_100mhz_IBUF_BUFG
    SLICE_X5Y15          FDCE                                         r  u_bridge/timeout_reg[7]/C
                         clock pessimism              0.267    15.454    
                         clock uncertainty           -0.035    15.418    
    SLICE_X5Y15          FDCE (Recov_fdce_C_CLR)     -0.607    14.811    u_bridge/timeout_reg[7]
  -------------------------------------------------------------------
                         required time                         14.811    
                         arrival time                         -11.735    
  -------------------------------------------------------------------
                         slack                                  3.076    

Slack (MET) :             3.076ns  (required time - arrival time)
  Source:                 rst_sync_reg[3]/C
                            (rising edge-triggered cell FDCE clocked by sys_clk  {rise@0.000ns fall@5.000ns period=10.000ns})
  Destination:            u_bridge/timeout_reg[8]/CLR
                            (recovery check against rising-edge clock sys_clk  {rise@0.000ns fall@5.000ns period=10.000ns})
  Path Group:             **async_default**
  Path Type:              Recovery (Max at Slow Process Corner)
  Requirement:            10.000ns  (sys_clk rise@10.000ns - sys_clk rise@0.000ns)
  Data Path Delay:        6.319ns  (logic 0.606ns (9.591%)  route 5.713ns (90.409%))
  Logic Levels:           1  (LUT1=1)
  Clock Path Skew:        0.037ns (DCD - SCD + CPR)
    Destination Clock Delay (DCD):    5.186ns = ( 15.186 - 10.000 ) 
    Source Clock Delay      (SCD):    5.417ns
    Clock Pessimism Removal (CPR):    0.267ns
  Clock Uncertainty:      0.035ns  ((TSJ^2 + TIJ^2)^1/2 + DJ) / 2 + PE
    Total System Jitter     (TSJ):    0.071ns
    Total Input Jitter      (TIJ):    0.000ns
    Discrete Jitter          (DJ):    0.000ns
    Phase Error              (PE):    0.000ns

    Location             Delay type                Incr(ns)  Path(ns)    Netlist Resource(s)
  -------------------------------------------------------------------    -------------------
                         (clock sys_clk rise edge)    0.000     0.000 r  
    E3                                                0.000     0.000 r  clk_100mhz (IN)
                         net (fo=0)                   0.000     0.000    clk_100mhz
    E3                   IBUF (Prop_ibuf_I_O)         1.482     1.482 r  clk_100mhz_IBUF_inst/O
                         net (fo=1, routed)           2.025     3.506    clk_100mhz_IBUF
    BUFGCTRL_X0Y16       BUFG (Prop_bufg_I_O)         0.096     3.602 r  clk_100mhz_IBUF_BUFG_inst/O
                         net (fo=2651, routed)        1.814     5.417    clk_100mhz_IBUF_BUFG
    SLICE_X17Y14         FDCE                                         r  rst_sync_reg[3]/C
  -------------------------------------------------------------------    -------------------
    SLICE_X17Y14         FDCE (Prop_fdce_C_Q)         0.456     5.873 r  rst_sync_reg[3]/Q
                         net (fo=41, routed)          1.662     7.535    u_bridge/tx_valid_reg_0[0]
    SLICE_X31Y14         LUT1 (Prop_lut1_I0_O)        0.150     7.685 f  u_bridge/FSM_sequential_state[1]_i_2/O
                         net (fo=596, routed)         4.050    11.735    u_bridge/rst_sync_reg[3]
    SLICE_X5Y15          FDCE                                         f  u_bridge/timeout_reg[8]/CLR
  -------------------------------------------------------------------    -------------------

                         (clock sys_clk rise edge)   10.000    10.000 r  
    E3                                                0.000    10.000 r  clk_100mhz (IN)
                         net (fo=0)                   0.000    10.000    clk_100mhz
    E3                   IBUF (Prop_ibuf_I_O)         1.411    11.411 r  clk_100mhz_IBUF_inst/O
                         net (fo=1, routed)           1.920    13.331    clk_100mhz_IBUF
    BUFGCTRL_X0Y16       BUFG (Prop_bufg_I_O)         0.091    13.422 r  clk_100mhz_IBUF_BUFG_inst/O
                         net (fo=2651, routed)        1.764    15.186    u_bridge/clk_100mhz_IBUF_BUFG
    SLICE_X5Y15          FDCE                                         r  u_bridge/timeout_reg[8]/C
                         clock pessimism              0.267    15.454    
                         clock uncertainty           -0.035    15.418    
    SLICE_X5Y15          FDCE (Recov_fdce_C_CLR)     -0.607    14.811    u_bridge/timeout_reg[8]
  -------------------------------------------------------------------
                         required time                         14.811    
                         arrival time                         -11.735    
  -------------------------------------------------------------------
                         slack                                  3.076    

Slack (MET) :             3.076ns  (required time - arrival time)
  Source:                 rst_sync_reg[3]/C
                            (rising edge-triggered cell FDCE clocked by sys_clk  {rise@0.000ns fall@5.000ns period=10.000ns})
  Destination:            u_bridge/timeout_reg[9]/CLR
                            (recovery check against rising-edge clock sys_clk  {rise@0.000ns fall@5.000ns period=10.000ns})
  Path Group:             **async_default**
  Path Type:              Recovery (Max at Slow Process Corner)
  Requirement:            10.000ns  (sys_clk rise@10.000ns - sys_clk rise@0.000ns)
  Data Path Delay:        6.319ns  (logic 0.606ns (9.591%)  route 5.713ns (90.409%))
  Logic Levels:           1  (LUT1=1)
  Clock Path Skew:        0.037ns (DCD - SCD + CPR)
    Destination Clock Delay (DCD):    5.186ns = ( 15.186 - 10.000 ) 
    Source Clock Delay      (SCD):    5.417ns
    Clock Pessimism Removal (CPR):    0.267ns
  Clock Uncertainty:      0.035ns  ((TSJ^2 + TIJ^2)^1/2 + DJ) / 2 + PE
    Total System Jitter     (TSJ):    0.071ns
    Total Input Jitter      (TIJ):    0.000ns
    Discrete Jitter          (DJ):    0.000ns
    Phase Error              (PE):    0.000ns

    Location             Delay type                Incr(ns)  Path(ns)    Netlist Resource(s)
  -------------------------------------------------------------------    -------------------
                         (clock sys_clk rise edge)    0.000     0.000 r  
    E3                                                0.000     0.000 r  clk_100mhz (IN)
                         net (fo=0)                   0.000     0.000    clk_100mhz
    E3                   IBUF (Prop_ibuf_I_O)         1.482     1.482 r  clk_100mhz_IBUF_inst/O
                         net (fo=1, routed)           2.025     3.506    clk_100mhz_IBUF
    BUFGCTRL_X0Y16       BUFG (Prop_bufg_I_O)         0.096     3.602 r  clk_100mhz_IBUF_BUFG_inst/O
                         net (fo=2651, routed)        1.814     5.417    clk_100mhz_IBUF_BUFG
    SLICE_X17Y14         FDCE                                         r  rst_sync_reg[3]/C
  -------------------------------------------------------------------    -------------------
    SLICE_X17Y14         FDCE (Prop_fdce_C_Q)         0.456     5.873 r  rst_sync_reg[3]/Q
                         net (fo=41, routed)          1.662     7.535    u_bridge/tx_valid_reg_0[0]
    SLICE_X31Y14         LUT1 (Prop_lut1_I0_O)        0.150     7.685 f  u_bridge/FSM_sequential_state[1]_i_2/O
                         net (fo=596, routed)         4.050    11.735    u_bridge/rst_sync_reg[3]
    SLICE_X5Y15          FDCE                                         f  u_bridge/timeout_reg[9]/CLR
  -------------------------------------------------------------------    -------------------

                         (clock sys_clk rise edge)   10.000    10.000 r  
    E3                                                0.000    10.000 r  clk_100mhz (IN)
                         net (fo=0)                   0.000    10.000    clk_100mhz
    E3                   IBUF (Prop_ibuf_I_O)         1.411    11.411 r  clk_100mhz_IBUF_inst/O
                         net (fo=1, routed)           1.920    13.331    clk_100mhz_IBUF
    BUFGCTRL_X0Y16       BUFG (Prop_bufg_I_O)         0.091    13.422 r  clk_100mhz_IBUF_BUFG_inst/O
                         net (fo=2651, routed)        1.764    15.186    u_bridge/clk_100mhz_IBUF_BUFG
    SLICE_X5Y15          FDCE                                         r  u_bridge/timeout_reg[9]/C
                         clock pessimism              0.267    15.454    
                         clock uncertainty           -0.035    15.418    
    SLICE_X5Y15          FDCE (Recov_fdce_C_CLR)     -0.607    14.811    u_bridge/timeout_reg[9]
  -------------------------------------------------------------------
                         required time                         14.811    
                         arrival time                         -11.735    
  -------------------------------------------------------------------
                         slack                                  3.076    

Slack (MET) :             3.102ns  (required time - arrival time)
  Source:                 rst_sync_reg[3]/C
                            (rising edge-triggered cell FDCE clocked by sys_clk  {rise@0.000ns fall@5.000ns period=10.000ns})
  Destination:            u_bridge/timeout_reg[11]/CLR
                            (recovery check against rising-edge clock sys_clk  {rise@0.000ns fall@5.000ns period=10.000ns})
  Path Group:             **async_default**
  Path Type:              Recovery (Max at Slow Process Corner)
  Requirement:            10.000ns  (sys_clk rise@10.000ns - sys_clk rise@0.000ns)
  Data Path Delay:        6.292ns  (logic 0.606ns (9.631%)  route 5.686ns (90.369%))
  Logic Levels:           1  (LUT1=1)
  Clock Path Skew:        0.036ns (DCD - SCD + CPR)
    Destination Clock Delay (DCD):    5.185ns = ( 15.185 - 10.000 ) 
    Source Clock Delay      (SCD):    5.417ns
    Clock Pessimism Removal (CPR):    0.267ns
  Clock Uncertainty:      0.035ns  ((TSJ^2 + TIJ^2)^1/2 + DJ) / 2 + PE
    Total System Jitter     (TSJ):    0.071ns
    Total Input Jitter      (TIJ):    0.000ns
    Discrete Jitter          (DJ):    0.000ns
    Phase Error              (PE):    0.000ns

    Location             Delay type                Incr(ns)  Path(ns)    Netlist Resource(s)
  -------------------------------------------------------------------    -------------------
                         (clock sys_clk rise edge)    0.000     0.000 r  
    E3                                                0.000     0.000 r  clk_100mhz (IN)
                         net (fo=0)                   0.000     0.000    clk_100mhz
    E3                   IBUF (Prop_ibuf_I_O)         1.482     1.482 r  clk_100mhz_IBUF_inst/O
                         net (fo=1, routed)           2.025     3.506    clk_100mhz_IBUF
    BUFGCTRL_X0Y16       BUFG (Prop_bufg_I_O)         0.096     3.602 r  clk_100mhz_IBUF_BUFG_inst/O
                         net (fo=2651, routed)        1.814     5.417    clk_100mhz_IBUF_BUFG
    SLICE_X17Y14         FDCE                                         r  rst_sync_reg[3]/C
  -------------------------------------------------------------------    -------------------
    SLICE_X17Y14         FDCE (Prop_fdce_C_Q)         0.456     5.873 r  rst_sync_reg[3]/Q
                         net (fo=41, routed)          1.662     7.535    u_bridge/tx_valid_reg_0[0]
    SLICE_X31Y14         LUT1 (Prop_lut1_I0_O)        0.150     7.685 f  u_bridge/FSM_sequential_state[1]_i_2/O
                         net (fo=596, routed)         4.023    11.709    u_bridge/rst_sync_reg[3]
    SLICE_X5Y16          FDCE                                         f  u_bridge/timeout_reg[11]/CLR
  -------------------------------------------------------------------    -------------------

                         (clock sys_clk rise edge)   10.000    10.000 r  
    E3                                                0.000    10.000 r  clk_100mhz (IN)
                         net (fo=0)                   0.000    10.000    clk_100mhz
    E3                   IBUF (Prop_ibuf_I_O)         1.411    11.411 r  clk_100mhz_IBUF_inst/O
                         net (fo=1, routed)           1.920    13.331    clk_100mhz_IBUF
    BUFGCTRL_X0Y16       BUFG (Prop_bufg_I_O)         0.091    13.422 r  clk_100mhz_IBUF_BUFG_inst/O
                         net (fo=2651, routed)        1.763    15.185    u_bridge/clk_100mhz_IBUF_BUFG
    SLICE_X5Y16          FDCE                                         r  u_bridge/timeout_reg[11]/C
                         clock pessimism              0.267    15.453    
                         clock uncertainty           -0.035    15.417    
    SLICE_X5Y16          FDCE (Recov_fdce_C_CLR)     -0.607    14.810    u_bridge/timeout_reg[11]
  -------------------------------------------------------------------
                         required time                         14.810    
                         arrival time                         -11.709    
  -------------------------------------------------------------------
                         slack                                  3.102    

Slack (MET) :             3.102ns  (required time - arrival time)
  Source:                 rst_sync_reg[3]/C
                            (rising edge-triggered cell FDCE clocked by sys_clk  {rise@0.000ns fall@5.000ns period=10.000ns})
  Destination:            u_bridge/timeout_reg[12]/CLR
                            (recovery check against rising-edge clock sys_clk  {rise@0.000ns fall@5.000ns period=10.000ns})
  Path Group:             **async_default**
  Path Type:              Recovery (Max at Slow Process Corner)
  Requirement:            10.000ns  (sys_clk rise@10.000ns - sys_clk rise@0.000ns)
  Data Path Delay:        6.292ns  (logic 0.606ns (9.631%)  route 5.686ns (90.369%))
  Logic Levels:           1  (LUT1=1)
  Clock Path Skew:        0.036ns (DCD - SCD + CPR)
    Destination Clock Delay (DCD):    5.185ns = ( 15.185 - 10.000 ) 
    Source Clock Delay      (SCD):    5.417ns
    Clock Pessimism Removal (CPR):    0.267ns
  Clock Uncertainty:      0.035ns  ((TSJ^2 + TIJ^2)^1/2 + DJ) / 2 + PE
    Total System Jitter     (TSJ):    0.071ns
    Total Input Jitter      (TIJ):    0.000ns
    Discrete Jitter          (DJ):    0.000ns
    Phase Error              (PE):    0.000ns

    Location             Delay type                Incr(ns)  Path(ns)    Netlist Resource(s)
  -------------------------------------------------------------------    -------------------
                         (clock sys_clk rise edge)    0.000     0.000 r  
    E3                                                0.000     0.000 r  clk_100mhz (IN)
                         net (fo=0)                   0.000     0.000    clk_100mhz
    E3                   IBUF (Prop_ibuf_I_O)         1.482     1.482 r  clk_100mhz_IBUF_inst/O
                         net (fo=1, routed)           2.025     3.506    clk_100mhz_IBUF
    BUFGCTRL_X0Y16       BUFG (Prop_bufg_I_O)         0.096     3.602 r  clk_100mhz_IBUF_BUFG_inst/O
                         net (fo=2651, routed)        1.814     5.417    clk_100mhz_IBUF_BUFG
    SLICE_X17Y14         FDCE                                         r  rst_sync_reg[3]/C
  -------------------------------------------------------------------    -------------------
    SLICE_X17Y14         FDCE (Prop_fdce_C_Q)         0.456     5.873 r  rst_sync_reg[3]/Q
                         net (fo=41, routed)          1.662     7.535    u_bridge/tx_valid_reg_0[0]
    SLICE_X31Y14         LUT1 (Prop_lut1_I0_O)        0.150     7.685 f  u_bridge/FSM_sequential_state[1]_i_2/O
                         net (fo=596, routed)         4.023    11.709    u_bridge/rst_sync_reg[3]
    SLICE_X5Y16          FDCE                                         f  u_bridge/timeout_reg[12]/CLR
  -------------------------------------------------------------------    -------------------

                         (clock sys_clk rise edge)   10.000    10.000 r  
    E3                                                0.000    10.000 r  clk_100mhz (IN)
                         net (fo=0)                   0.000    10.000    clk_100mhz
    E3                   IBUF (Prop_ibuf_I_O)         1.411    11.411 r  clk_100mhz_IBUF_inst/O
                         net (fo=1, routed)           1.920    13.331    clk_100mhz_IBUF
    BUFGCTRL_X0Y16       BUFG (Prop_bufg_I_O)         0.091    13.422 r  clk_100mhz_IBUF_BUFG_inst/O
                         net (fo=2651, routed)        1.763    15.185    u_bridge/clk_100mhz_IBUF_BUFG
    SLICE_X5Y16          FDCE                                         r  u_bridge/timeout_reg[12]/C
                         clock pessimism              0.267    15.453    
                         clock uncertainty           -0.035    15.417    
    SLICE_X5Y16          FDCE (Recov_fdce_C_CLR)     -0.607    14.810    u_bridge/timeout_reg[12]
  -------------------------------------------------------------------
                         required time                         14.810    
                         arrival time                         -11.709    
  -------------------------------------------------------------------
                         slack                                  3.102    

Slack (MET) :             3.107ns  (required time - arrival time)
  Source:                 rst_sync_reg[3]/C
                            (rising edge-triggered cell FDCE clocked by sys_clk  {rise@0.000ns fall@5.000ns period=10.000ns})
  Destination:            u_bridge/crc_reg[23]/PRE
                            (recovery check against rising-edge clock sys_clk  {rise@0.000ns fall@5.000ns period=10.000ns})
  Path Group:             **async_default**
  Path Type:              Recovery (Max at Slow Process Corner)
  Requirement:            10.000ns  (sys_clk rise@10.000ns - sys_clk rise@0.000ns)
  Data Path Delay:        6.320ns  (logic 0.606ns (9.588%)  route 5.714ns (90.412%))
  Logic Levels:           1  (LUT1=1)
  Clock Path Skew:        0.026ns (DCD - SCD + CPR)
    Destination Clock Delay (DCD):    5.175ns = ( 15.175 - 10.000 ) 
    Source Clock Delay      (SCD):    5.417ns
    Clock Pessimism Removal (CPR):    0.267ns
  Clock Uncertainty:      0.035ns  ((TSJ^2 + TIJ^2)^1/2 + DJ) / 2 + PE
    Total System Jitter     (TSJ):    0.071ns
    Total Input Jitter      (TIJ):    0.000ns
    Discrete Jitter          (DJ):    0.000ns
    Phase Error              (PE):    0.000ns

    Location             Delay type                Incr(ns)  Path(ns)    Netlist Resource(s)
  -------------------------------------------------------------------    -------------------
                         (clock sys_clk rise edge)    0.000     0.000 r  
    E3                                                0.000     0.000 r  clk_100mhz (IN)
                         net (fo=0)                   0.000     0.000    clk_100mhz
    E3                   IBUF (Prop_ibuf_I_O)         1.482     1.482 r  clk_100mhz_IBUF_inst/O
                         net (fo=1, routed)           2.025     3.506    clk_100mhz_IBUF
    BUFGCTRL_X0Y16       BUFG (Prop_bufg_I_O)         0.096     3.602 r  clk_100mhz_IBUF_BUFG_inst/O
                         net (fo=2651, routed)        1.814     5.417    clk_100mhz_IBUF_BUFG
    SLICE_X17Y14         FDCE                                         r  rst_sync_reg[3]/C
  -------------------------------------------------------------------    -------------------
    SLICE_X17Y14         FDCE (Prop_fdce_C_Q)         0.456     5.873 r  rst_sync_reg[3]/Q
                         net (fo=41, routed)          1.662     7.535    u_bridge/tx_valid_reg_0[0]
    SLICE_X31Y14         LUT1 (Prop_lut1_I0_O)        0.150     7.685 f  u_bridge/FSM_sequential_state[1]_i_2/O
                         net (fo=596, routed)         4.052    11.737    u_bridge/rst_sync_reg[3]
    SLICE_X6Y24          FDPE                                         f  u_bridge/crc_reg[23]/PRE
  -------------------------------------------------------------------    -------------------

                         (clock sys_clk rise edge)   10.000    10.000 r  
    E3                                                0.000    10.000 r  clk_100mhz (IN)
                         net (fo=0)                   0.000    10.000    clk_100mhz
    E3                   IBUF (Prop_ibuf_I_O)         1.411    11.411 r  clk_100mhz_IBUF_inst/O
                         net (fo=1, routed)           1.920    13.331    clk_100mhz_IBUF
    BUFGCTRL_X0Y16       BUFG (Prop_bufg_I_O)         0.091    13.422 r  clk_100mhz_IBUF_BUFG_inst/O
                         net (fo=2651, routed)        1.753    15.175    u_bridge/clk_100mhz_IBUF_BUFG
    SLICE_X6Y24          FDPE                                         r  u_bridge/crc_reg[23]/C
                         clock pessimism              0.267    15.443    
                         clock uncertainty           -0.035    15.407    
    SLICE_X6Y24          FDPE (Recov_fdpe_C_PRE)     -0.563    14.844    u_bridge/crc_reg[23]
  -------------------------------------------------------------------
                         required time                         14.844    
                         arrival time                         -11.737    
  -------------------------------------------------------------------
                         slack                                  3.107    

Slack (MET) :             3.109ns  (required time - arrival time)
  Source:                 rst_sync_reg[3]/C
                            (rising edge-triggered cell FDCE clocked by sys_clk  {rise@0.000ns fall@5.000ns period=10.000ns})
  Destination:            u_bridge/crc_reg[20]/PRE
                            (recovery check against rising-edge clock sys_clk  {rise@0.000ns fall@5.000ns period=10.000ns})
  Path Group:             **async_default**
  Path Type:              Recovery (Max at Slow Process Corner)
  Requirement:            10.000ns  (sys_clk rise@10.000ns - sys_clk rise@0.000ns)
  Data Path Delay:        6.320ns  (logic 0.606ns (9.588%)  route 5.714ns (90.412%))
  Logic Levels:           1  (LUT1=1)
  Clock Path Skew:        0.026ns (DCD - SCD + CPR)
    Destination Clock Delay (DCD):    5.175ns = ( 15.175 - 10.000 ) 
    Source Clock Delay      (SCD):    5.417ns
    Clock Pessimism Removal (CPR):    0.267ns
  Clock Uncertainty:      0.035ns  ((TSJ^2 + TIJ^2)^1/2 + DJ) / 2 + PE
    Total System Jitter     (TSJ):    0.071ns
    Total Input Jitter      (TIJ):    0.000ns
    Discrete Jitter          (DJ):    0.000ns
    Phase Error              (PE):    0.000ns

    Location             Delay type                Incr(ns)  Path(ns)    Netlist Resource(s)
  -------------------------------------------------------------------    -------------------
                         (clock sys_clk rise edge)    0.000     0.000 r  
    E3                                                0.000     0.000 r  clk_100mhz (IN)
                         net (fo=0)                   0.000     0.000    clk_100mhz
    E3                   IBUF (Prop_ibuf_I_O)         1.482     1.482 r  clk_100mhz_IBUF_inst/O
                         net (fo=1, routed)           2.025     3.506    clk_100mhz_IBUF
    BUFGCTRL_X0Y16       BUFG (Prop_bufg_I_O)         0.096     3.602 r  clk_100mhz_IBUF_BUFG_inst/O
                         net (fo=2651, routed)        1.814     5.417    clk_100mhz_IBUF_BUFG
    SLICE_X17Y14         FDCE                                         r  rst_sync_reg[3]/C
  -------------------------------------------------------------------    -------------------
    SLICE_X17Y14         FDCE (Prop_fdce_C_Q)         0.456     5.873 r  rst_sync_reg[3]/Q
                         net (fo=41, routed)          1.662     7.535    u_bridge/tx_valid_reg_0[0]
    SLICE_X31Y14         LUT1 (Prop_lut1_I0_O)        0.150     7.685 f  u_bridge/FSM_sequential_state[1]_i_2/O
                         net (fo=596, routed)         4.052    11.737    u_bridge/rst_sync_reg[3]
    SLICE_X7Y24          FDPE                                         f  u_bridge/crc_reg[20]/PRE
  -------------------------------------------------------------------    -------------------

                         (clock sys_clk rise edge)   10.000    10.000 r  
    E3                                                0.000    10.000 r  clk_100mhz (IN)
                         net (fo=0)                   0.000    10.000    clk_100mhz
    E3                   IBUF (Prop_ibuf_I_O)         1.411    11.411 r  clk_100mhz_IBUF_inst/O
                         net (fo=1, routed)           1.920    13.331    clk_100mhz_IBUF
    BUFGCTRL_X0Y16       BUFG (Prop_bufg_I_O)         0.091    13.422 r  clk_100mhz_IBUF_BUFG_inst/O
                         net (fo=2651, routed)        1.753    15.175    u_bridge/clk_100mhz_IBUF_BUFG
    SLICE_X7Y24          FDPE                                         r  u_bridge/crc_reg[20]/C
                         clock pessimism              0.267    15.443    
                         clock uncertainty           -0.035    15.407    
    SLICE_X7Y24          FDPE (Recov_fdpe_C_PRE)     -0.561    14.846    u_bridge/crc_reg[20]
  -------------------------------------------------------------------
                         required time                         14.846    
                         arrival time                         -11.737    
  -------------------------------------------------------------------
                         slack                                  3.109    





Min Delay Paths
--------------------------------------------------------------------------------------
Slack (MET) :             1.285ns  (arrival time - required time)
  Source:                 rst_sync_reg[3]/C
                            (rising edge-triggered cell FDCE clocked by sys_clk  {rise@0.000ns fall@5.000ns period=10.000ns})
  Destination:            u_bridge/resp_len_reg[0]/CLR
                            (removal check against rising-edge clock sys_clk  {rise@0.000ns fall@5.000ns period=10.000ns})
  Path Group:             **async_default**
  Path Type:              Removal (Min at Fast Process Corner)
  Requirement:            0.000ns  (sys_clk rise@0.000ns - sys_clk rise@0.000ns)
  Data Path Delay:        1.158ns  (logic 0.183ns (15.796%)  route 0.975ns (84.204%))
  Logic Levels:           1  (LUT1=1)
  Clock Path Skew:        0.027ns (DCD - SCD - CPR)
    Destination Clock Delay (DCD):    2.066ns
    Source Clock Delay      (SCD):    1.556ns
    Clock Pessimism Removal (CPR):    0.483ns

    Location             Delay type                Incr(ns)  Path(ns)    Netlist Resource(s)
  -------------------------------------------------------------------    -------------------
                         (clock sys_clk rise edge)    0.000     0.000 r  
    E3                                                0.000     0.000 r  clk_100mhz (IN)
                         net (fo=0)                   0.000     0.000    clk_100mhz
    E3                   IBUF (Prop_ibuf_I_O)         0.250     0.250 r  clk_100mhz_IBUF_inst/O
                         net (fo=1, routed)           0.644     0.894    clk_100mhz_IBUF
    BUFGCTRL_X0Y16       BUFG (Prop_bufg_I_O)         0.026     0.920 r  clk_100mhz_IBUF_BUFG_inst/O
                         net (fo=2651, routed)        0.636     1.556    clk_100mhz_IBUF_BUFG
    SLICE_X17Y14         FDCE                                         r  rst_sync_reg[3]/C
  -------------------------------------------------------------------    -------------------
    SLICE_X17Y14         FDCE (Prop_fdce_C_Q)         0.141     1.697 r  rst_sync_reg[3]/Q
                         net (fo=41, routed)          0.708     2.405    u_bridge/tx_valid_reg_0[0]
    SLICE_X31Y14         LUT1 (Prop_lut1_I0_O)        0.042     2.447 f  u_bridge/FSM_sequential_state[1]_i_2/O
                         net (fo=596, routed)         0.267     2.714    u_bridge/rst_sync_reg[3]
    SLICE_X29Y21         FDCE                                         f  u_bridge/resp_len_reg[0]/CLR
  -------------------------------------------------------------------    -------------------

                         (clock sys_clk rise edge)    0.000     0.000 r  
    E3                                                0.000     0.000 r  clk_100mhz (IN)
                         net (fo=0)                   0.000     0.000    clk_100mhz
    E3                   IBUF (Prop_ibuf_I_O)         0.438     0.438 r  clk_100mhz_IBUF_inst/O
                         net (fo=1, routed)           0.699     1.136    clk_100mhz_IBUF
    BUFGCTRL_X0Y16       BUFG (Prop_bufg_I_O)         0.029     1.165 r  clk_100mhz_IBUF_BUFG_inst/O
                         net (fo=2651, routed)        0.901     2.066    u_bridge/clk_100mhz_IBUF_BUFG
    SLICE_X29Y21         FDCE                                         r  u_bridge/resp_len_reg[0]/C
                         clock pessimism             -0.483     1.583    
    SLICE_X29Y21         FDCE (Remov_fdce_C_CLR)     -0.154     1.429    u_bridge/resp_len_reg[0]
  -------------------------------------------------------------------
                         required time                         -1.429    
                         arrival time                           2.714    
  -------------------------------------------------------------------
                         slack                                  1.285    

Slack (MET) :             1.285ns  (arrival time - required time)
  Source:                 rst_sync_reg[3]/C
                            (rising edge-triggered cell FDCE clocked by sys_clk  {rise@0.000ns fall@5.000ns period=10.000ns})
  Destination:            u_bridge/resp_len_reg[7]/CLR
                            (removal check against rising-edge clock sys_clk  {rise@0.000ns fall@5.000ns period=10.000ns})
  Path Group:             **async_default**
  Path Type:              Removal (Min at Fast Process Corner)
  Requirement:            0.000ns  (sys_clk rise@0.000ns - sys_clk rise@0.000ns)
  Data Path Delay:        1.158ns  (logic 0.183ns (15.796%)  route 0.975ns (84.204%))
  Logic Levels:           1  (LUT1=1)
  Clock Path Skew:        0.027ns (DCD - SCD - CPR)
    Destination Clock Delay (DCD):    2.066ns
    Source Clock Delay      (SCD):    1.556ns
    Clock Pessimism Removal (CPR):    0.483ns

    Location             Delay type                Incr(ns)  Path(ns)    Netlist Resource(s)
  -------------------------------------------------------------------    -------------------
                         (clock sys_clk rise edge)    0.000     0.000 r  
    E3                                                0.000     0.000 r  clk_100mhz (IN)
                         net (fo=0)                   0.000     0.000    clk_100mhz
    E3                   IBUF (Prop_ibuf_I_O)         0.250     0.250 r  clk_100mhz_IBUF_inst/O
                         net (fo=1, routed)           0.644     0.894    clk_100mhz_IBUF
    BUFGCTRL_X0Y16       BUFG (Prop_bufg_I_O)         0.026     0.920 r  clk_100mhz_IBUF_BUFG_inst/O
                         net (fo=2651, routed)        0.636     1.556    clk_100mhz_IBUF_BUFG
    SLICE_X17Y14         FDCE                                         r  rst_sync_reg[3]/C
  -------------------------------------------------------------------    -------------------
    SLICE_X17Y14         FDCE (Prop_fdce_C_Q)         0.141     1.697 r  rst_sync_reg[3]/Q
                         net (fo=41, routed)          0.708     2.405    u_bridge/tx_valid_reg_0[0]
    SLICE_X31Y14         LUT1 (Prop_lut1_I0_O)        0.042     2.447 f  u_bridge/FSM_sequential_state[1]_i_2/O
                         net (fo=596, routed)         0.267     2.714    u_bridge/rst_sync_reg[3]
    SLICE_X29Y21         FDCE                                         f  u_bridge/resp_len_reg[7]/CLR
  -------------------------------------------------------------------    -------------------

                         (clock sys_clk rise edge)    0.000     0.000 r  
    E3                                                0.000     0.000 r  clk_100mhz (IN)
                         net (fo=0)                   0.000     0.000    clk_100mhz
    E3                   IBUF (Prop_ibuf_I_O)         0.438     0.438 r  clk_100mhz_IBUF_inst/O
                         net (fo=1, routed)           0.699     1.136    clk_100mhz_IBUF
    BUFGCTRL_X0Y16       BUFG (Prop_bufg_I_O)         0.029     1.165 r  clk_100mhz_IBUF_BUFG_inst/O
                         net (fo=2651, routed)        0.901     2.066    u_bridge/clk_100mhz_IBUF_BUFG
    SLICE_X29Y21         FDCE                                         r  u_bridge/resp_len_reg[7]/C
                         clock pessimism             -0.483     1.583    
    SLICE_X29Y21         FDCE (Remov_fdce_C_CLR)     -0.154     1.429    u_bridge/resp_len_reg[7]
  -------------------------------------------------------------------
                         required time                         -1.429    
                         arrival time                           2.714    
  -------------------------------------------------------------------
                         slack                                  1.285    

Slack (MET) :             1.285ns  (arrival time - required time)
  Source:                 rst_sync_reg[3]/C
                            (rising edge-triggered cell FDCE clocked by sys_clk  {rise@0.000ns fall@5.000ns period=10.000ns})
  Destination:            u_bridge/resp_len_reg[8]/CLR
                            (removal check against rising-edge clock sys_clk  {rise@0.000ns fall@5.000ns period=10.000ns})
  Path Group:             **async_default**
  Path Type:              Removal (Min at Fast Process Corner)
  Requirement:            0.000ns  (sys_clk rise@0.000ns - sys_clk rise@0.000ns)
  Data Path Delay:        1.158ns  (logic 0.183ns (15.796%)  route 0.975ns (84.204%))
  Logic Levels:           1  (LUT1=1)
  Clock Path Skew:        0.027ns (DCD - SCD - CPR)
    Destination Clock Delay (DCD):    2.066ns
    Source Clock Delay      (SCD):    1.556ns
    Clock Pessimism Removal (CPR):    0.483ns

    Location             Delay type                Incr(ns)  Path(ns)    Netlist Resource(s)
  -------------------------------------------------------------------    -------------------
                         (clock sys_clk rise edge)    0.000     0.000 r  
    E3                                                0.000     0.000 r  clk_100mhz (IN)
                         net (fo=0)                   0.000     0.000    clk_100mhz
    E3                   IBUF (Prop_ibuf_I_O)         0.250     0.250 r  clk_100mhz_IBUF_inst/O
                         net (fo=1, routed)           0.644     0.894    clk_100mhz_IBUF
    BUFGCTRL_X0Y16       BUFG (Prop_bufg_I_O)         0.026     0.920 r  clk_100mhz_IBUF_BUFG_inst/O
                         net (fo=2651, routed)        0.636     1.556    clk_100mhz_IBUF_BUFG
    SLICE_X17Y14         FDCE                                         r  rst_sync_reg[3]/C
  -------------------------------------------------------------------    -------------------
    SLICE_X17Y14         FDCE (Prop_fdce_C_Q)         0.141     1.697 r  rst_sync_reg[3]/Q
                         net (fo=41, routed)          0.708     2.405    u_bridge/tx_valid_reg_0[0]
    SLICE_X31Y14         LUT1 (Prop_lut1_I0_O)        0.042     2.447 f  u_bridge/FSM_sequential_state[1]_i_2/O
                         net (fo=596, routed)         0.267     2.714    u_bridge/rst_sync_reg[3]
    SLICE_X29Y21         FDCE                                         f  u_bridge/resp_len_reg[8]/CLR
  -------------------------------------------------------------------    -------------------

                         (clock sys_clk rise edge)    0.000     0.000 r  
    E3                                                0.000     0.000 r  clk_100mhz (IN)
                         net (fo=0)                   0.000     0.000    clk_100mhz
    E3                   IBUF (Prop_ibuf_I_O)         0.438     0.438 r  clk_100mhz_IBUF_inst/O
                         net (fo=1, routed)           0.699     1.136    clk_100mhz_IBUF
    BUFGCTRL_X0Y16       BUFG (Prop_bufg_I_O)         0.029     1.165 r  clk_100mhz_IBUF_BUFG_inst/O
                         net (fo=2651, routed)        0.901     2.066    u_bridge/clk_100mhz_IBUF_BUFG
    SLICE_X29Y21         FDCE                                         r  u_bridge/resp_len_reg[8]/C
                         clock pessimism             -0.483     1.583    
    SLICE_X29Y21         FDCE (Remov_fdce_C_CLR)     -0.154     1.429    u_bridge/resp_len_reg[8]
  -------------------------------------------------------------------
                         required time                         -1.429    
                         arrival time                           2.714    
  -------------------------------------------------------------------
                         slack                                  1.285    

Slack (MET) :             1.360ns  (arrival time - required time)
  Source:                 rst_sync_reg[3]/C
                            (rising edge-triggered cell FDCE clocked by sys_clk  {rise@0.000ns fall@5.000ns period=10.000ns})
  Destination:            u_bridge/cnt_reg[21]/CLR
                            (removal check against rising-edge clock sys_clk  {rise@0.000ns fall@5.000ns period=10.000ns})
  Path Group:             **async_default**
  Path Type:              Removal (Min at Fast Process Corner)
  Requirement:            0.000ns  (sys_clk rise@0.000ns - sys_clk rise@0.000ns)
  Data Path Delay:        1.232ns  (logic 0.183ns (14.858%)  route 1.049ns (85.142%))
  Logic Levels:           1  (LUT1=1)
  Clock Path Skew:        0.026ns (DCD - SCD - CPR)
    Destination Clock Delay (DCD):    2.065ns
    Source Clock Delay      (SCD):    1.556ns
    Clock Pessimism Removal (CPR):    0.483ns

    Location             Delay type                Incr(ns)  Path(ns)    Netlist Resource(s)
  -------------------------------------------------------------------    -------------------
                         (clock sys_clk rise edge)    0.000     0.000 r  
    E3                                                0.000     0.000 r  clk_100mhz (IN)
                         net (fo=0)                   0.000     0.000    clk_100mhz
    E3                   IBUF (Prop_ibuf_I_O)         0.250     0.250 r  clk_100mhz_IBUF_inst/O
                         net (fo=1, routed)           0.644     0.894    clk_100mhz_IBUF
    BUFGCTRL_X0Y16       BUFG (Prop_bufg_I_O)         0.026     0.920 r  clk_100mhz_IBUF_BUFG_inst/O
                         net (fo=2651, routed)        0.636     1.556    clk_100mhz_IBUF_BUFG
    SLICE_X17Y14         FDCE                                         r  rst_sync_reg[3]/C
  -------------------------------------------------------------------    -------------------
    SLICE_X17Y14         FDCE (Prop_fdce_C_Q)         0.141     1.697 r  rst_sync_reg[3]/Q
                         net (fo=41, routed)          0.708     2.405    u_bridge/tx_valid_reg_0[0]
    SLICE_X31Y14         LUT1 (Prop_lut1_I0_O)        0.042     2.447 f  u_bridge/FSM_sequential_state[1]_i_2/O
                         net (fo=596, routed)         0.340     2.788    u_bridge/rst_sync_reg[3]
    SLICE_X29Y22         FDCE                                         f  u_bridge/cnt_reg[21]/CLR
  -------------------------------------------------------------------    -------------------

                         (clock sys_clk rise edge)    0.000     0.000 r  
    E3                                                0.000     0.000 r  clk_100mhz (IN)
                         net (fo=0)                   0.000     0.000    clk_100mhz
    E3                   IBUF (Prop_ibuf_I_O)         0.438     0.438 r  clk_100mhz_IBUF_inst/O
                         net (fo=1, routed)           0.699     1.136    clk_100mhz_IBUF
    BUFGCTRL_X0Y16       BUFG (Prop_bufg_I_O)         0.029     1.165 r  clk_100mhz_IBUF_BUFG_inst/O
                         net (fo=2651, routed)        0.900     2.065    u_bridge/clk_100mhz_IBUF_BUFG
    SLICE_X29Y22         FDCE                                         r  u_bridge/cnt_reg[21]/C
                         clock pessimism             -0.483     1.582    
    SLICE_X29Y22         FDCE (Remov_fdce_C_CLR)     -0.154     1.428    u_bridge/cnt_reg[21]
  -------------------------------------------------------------------
                         required time                         -1.428    
                         arrival time                           2.788    
  -------------------------------------------------------------------
                         slack                                  1.360    

Slack (MET) :             1.360ns  (arrival time - required time)
  Source:                 rst_sync_reg[3]/C
                            (rising edge-triggered cell FDCE clocked by sys_clk  {rise@0.000ns fall@5.000ns period=10.000ns})
  Destination:            u_bridge/cnt_reg[22]/CLR
                            (removal check against rising-edge clock sys_clk  {rise@0.000ns fall@5.000ns period=10.000ns})
  Path Group:             **async_default**
  Path Type:              Removal (Min at Fast Process Corner)
  Requirement:            0.000ns  (sys_clk rise@0.000ns - sys_clk rise@0.000ns)
  Data Path Delay:        1.232ns  (logic 0.183ns (14.858%)  route 1.049ns (85.142%))
  Logic Levels:           1  (LUT1=1)
  Clock Path Skew:        0.026ns (DCD - SCD - CPR)
    Destination Clock Delay (DCD):    2.065ns
    Source Clock Delay      (SCD):    1.556ns
    Clock Pessimism Removal (CPR):    0.483ns

    Location             Delay type                Incr(ns)  Path(ns)    Netlist Resource(s)
  -------------------------------------------------------------------    -------------------
                         (clock sys_clk rise edge)    0.000     0.000 r  
    E3                                                0.000     0.000 r  clk_100mhz (IN)
                         net (fo=0)                   0.000     0.000    clk_100mhz
    E3                   IBUF (Prop_ibuf_I_O)         0.250     0.250 r  clk_100mhz_IBUF_inst/O
                         net (fo=1, routed)           0.644     0.894    clk_100mhz_IBUF
    BUFGCTRL_X0Y16       BUFG (Prop_bufg_I_O)         0.026     0.920 r  clk_100mhz_IBUF_BUFG_inst/O
                         net (fo=2651, routed)        0.636     1.556    clk_100mhz_IBUF_BUFG
    SLICE_X17Y14         FDCE                                         r  rst_sync_reg[3]/C
  -------------------------------------------------------------------    -------------------
    SLICE_X17Y14         FDCE (Prop_fdce_C_Q)         0.141     1.697 r  rst_sync_reg[3]/Q
                         net (fo=41, routed)          0.708     2.405    u_bridge/tx_valid_reg_0[0]
    SLICE_X31Y14         LUT1 (Prop_lut1_I0_O)        0.042     2.447 f  u_bridge/FSM_sequential_state[1]_i_2/O
                         net (fo=596, routed)         0.340     2.788    u_bridge/rst_sync_reg[3]
    SLICE_X29Y22         FDCE                                         f  u_bridge/cnt_reg[22]/CLR
  -------------------------------------------------------------------    -------------------

                         (clock sys_clk rise edge)    0.000     0.000 r  
    E3                                                0.000     0.000 r  clk_100mhz (IN)
                         net (fo=0)                   0.000     0.000    clk_100mhz
    E3                   IBUF (Prop_ibuf_I_O)         0.438     0.438 r  clk_100mhz_IBUF_inst/O
                         net (fo=1, routed)           0.699     1.136    clk_100mhz_IBUF
    BUFGCTRL_X0Y16       BUFG (Prop_bufg_I_O)         0.029     1.165 r  clk_100mhz_IBUF_BUFG_inst/O
                         net (fo=2651, routed)        0.900     2.065    u_bridge/clk_100mhz_IBUF_BUFG
    SLICE_X29Y22         FDCE                                         r  u_bridge/cnt_reg[22]/C
                         clock pessimism             -0.483     1.582    
    SLICE_X29Y22         FDCE (Remov_fdce_C_CLR)     -0.154     1.428    u_bridge/cnt_reg[22]
  -------------------------------------------------------------------
                         required time                         -1.428    
                         arrival time                           2.788    
  -------------------------------------------------------------------
                         slack                                  1.360    

Slack (MET) :             1.360ns  (arrival time - required time)
  Source:                 rst_sync_reg[3]/C
                            (rising edge-triggered cell FDCE clocked by sys_clk  {rise@0.000ns fall@5.000ns period=10.000ns})
  Destination:            u_bridge/cnt_reg[23]/CLR
                            (removal check against rising-edge clock sys_clk  {rise@0.000ns fall@5.000ns period=10.000ns})
  Path Group:             **async_default**
  Path Type:              Removal (Min at Fast Process Corner)
  Requirement:            0.000ns  (sys_clk rise@0.000ns - sys_clk rise@0.000ns)
  Data Path Delay:        1.232ns  (logic 0.183ns (14.858%)  route 1.049ns (85.142%))
  Logic Levels:           1  (LUT1=1)
  Clock Path Skew:        0.026ns (DCD - SCD - CPR)
    Destination Clock Delay (DCD):    2.065ns
    Source Clock Delay      (SCD):    1.556ns
    Clock Pessimism Removal (CPR):    0.483ns

    Location             Delay type                Incr(ns)  Path(ns)    Netlist Resource(s)
  -------------------------------------------------------------------    -------------------
                         (clock sys_clk rise edge)    0.000     0.000 r  
    E3                                                0.000     0.000 r  clk_100mhz (IN)
                         net (fo=0)                   0.000     0.000    clk_100mhz
    E3                   IBUF (Prop_ibuf_I_O)         0.250     0.250 r  clk_100mhz_IBUF_inst/O
                         net (fo=1, routed)           0.644     0.894    clk_100mhz_IBUF
    BUFGCTRL_X0Y16       BUFG (Prop_bufg_I_O)         0.026     0.920 r  clk_100mhz_IBUF_BUFG_inst/O
                         net (fo=2651, routed)        0.636     1.556    clk_100mhz_IBUF_BUFG
    SLICE_X17Y14         FDCE                                         r  rst_sync_reg[3]/C
  -------------------------------------------------------------------    -------------------
    SLICE_X17Y14         FDCE (Prop_fdce_C_Q)         0.141     1.697 r  rst_sync_reg[3]/Q
                         net (fo=41, routed)          0.708     2.405    u_bridge/tx_valid_reg_0[0]
    SLICE_X31Y14         LUT1 (Prop_lut1_I0_O)        0.042     2.447 f  u_bridge/FSM_sequential_state[1]_i_2/O
                         net (fo=596, routed)         0.340     2.788    u_bridge/rst_sync_reg[3]
    SLICE_X29Y22         FDCE                                         f  u_bridge/cnt_reg[23]/CLR
  -------------------------------------------------------------------    -------------------

                         (clock sys_clk rise edge)    0.000     0.000 r  
    E3                                                0.000     0.000 r  clk_100mhz (IN)
                         net (fo=0)                   0.000     0.000    clk_100mhz
    E3                   IBUF (Prop_ibuf_I_O)         0.438     0.438 r  clk_100mhz_IBUF_inst/O
                         net (fo=1, routed)           0.699     1.136    clk_100mhz_IBUF
    BUFGCTRL_X0Y16       BUFG (Prop_bufg_I_O)         0.029     1.165 r  clk_100mhz_IBUF_BUFG_inst/O
                         net (fo=2651, routed)        0.900     2.065    u_bridge/clk_100mhz_IBUF_BUFG
    SLICE_X29Y22         FDCE                                         r  u_bridge/cnt_reg[23]/C
                         clock pessimism             -0.483     1.582    
    SLICE_X29Y22         FDCE (Remov_fdce_C_CLR)     -0.154     1.428    u_bridge/cnt_reg[23]
  -------------------------------------------------------------------
                         required time                         -1.428    
                         arrival time                           2.788    
  -------------------------------------------------------------------
                         slack                                  1.360    

Slack (MET) :             1.360ns  (arrival time - required time)
  Source:                 rst_sync_reg[3]/C
                            (rising edge-triggered cell FDCE clocked by sys_clk  {rise@0.000ns fall@5.000ns period=10.000ns})
  Destination:            u_bridge/cnt_reg[24]/CLR
                            (removal check against rising-edge clock sys_clk  {rise@0.000ns fall@5.000ns period=10.000ns})
  Path Group:             **async_default**
  Path Type:              Removal (Min at Fast Process Corner)
  Requirement:            0.000ns  (sys_clk rise@0.000ns - sys_clk rise@0.000ns)
  Data Path Delay:        1.232ns  (logic 0.183ns (14.858%)  route 1.049ns (85.142%))
  Logic Levels:           1  (LUT1=1)
  Clock Path Skew:        0.026ns (DCD - SCD - CPR)
    Destination Clock Delay (DCD):    2.065ns
    Source Clock Delay      (SCD):    1.556ns
    Clock Pessimism Removal (CPR):    0.483ns

    Location             Delay type                Incr(ns)  Path(ns)    Netlist Resource(s)
  -------------------------------------------------------------------    -------------------
                         (clock sys_clk rise edge)    0.000     0.000 r  
    E3                                                0.000     0.000 r  clk_100mhz (IN)
                         net (fo=0)                   0.000     0.000    clk_100mhz
    E3                   IBUF (Prop_ibuf_I_O)         0.250     0.250 r  clk_100mhz_IBUF_inst/O
                         net (fo=1, routed)           0.644     0.894    clk_100mhz_IBUF
    BUFGCTRL_X0Y16       BUFG (Prop_bufg_I_O)         0.026     0.920 r  clk_100mhz_IBUF_BUFG_inst/O
                         net (fo=2651, routed)        0.636     1.556    clk_100mhz_IBUF_BUFG
    SLICE_X17Y14         FDCE                                         r  rst_sync_reg[3]/C
  -------------------------------------------------------------------    -------------------
    SLICE_X17Y14         FDCE (Prop_fdce_C_Q)         0.141     1.697 r  rst_sync_reg[3]/Q
                         net (fo=41, routed)          0.708     2.405    u_bridge/tx_valid_reg_0[0]
    SLICE_X31Y14         LUT1 (Prop_lut1_I0_O)        0.042     2.447 f  u_bridge/FSM_sequential_state[1]_i_2/O
                         net (fo=596, routed)         0.340     2.788    u_bridge/rst_sync_reg[3]
    SLICE_X29Y22         FDCE                                         f  u_bridge/cnt_reg[24]/CLR
  -------------------------------------------------------------------    -------------------

                         (clock sys_clk rise edge)    0.000     0.000 r  
    E3                                                0.000     0.000 r  clk_100mhz (IN)
                         net (fo=0)                   0.000     0.000    clk_100mhz
    E3                   IBUF (Prop_ibuf_I_O)         0.438     0.438 r  clk_100mhz_IBUF_inst/O
                         net (fo=1, routed)           0.699     1.136    clk_100mhz_IBUF
    BUFGCTRL_X0Y16       BUFG (Prop_bufg_I_O)         0.029     1.165 r  clk_100mhz_IBUF_BUFG_inst/O
                         net (fo=2651, routed)        0.900     2.065    u_bridge/clk_100mhz_IBUF_BUFG
    SLICE_X29Y22         FDCE                                         r  u_bridge/cnt_reg[24]/C
                         clock pessimism             -0.483     1.582    
    SLICE_X29Y22         FDCE (Remov_fdce_C_CLR)     -0.154     1.428    u_bridge/cnt_reg[24]
  -------------------------------------------------------------------
                         required time                         -1.428    
                         arrival time                           2.788    
  -------------------------------------------------------------------
                         slack                                  1.360    

Slack (MET) :             1.360ns  (arrival time - required time)
  Source:                 rst_sync_reg[3]/C
                            (rising edge-triggered cell FDCE clocked by sys_clk  {rise@0.000ns fall@5.000ns period=10.000ns})
  Destination:            u_bridge/cnt_reg[25]/CLR
                            (removal check against rising-edge clock sys_clk  {rise@0.000ns fall@5.000ns period=10.000ns})
  Path Group:             **async_default**
  Path Type:              Removal (Min at Fast Process Corner)
  Requirement:            0.000ns  (sys_clk rise@0.000ns - sys_clk rise@0.000ns)
  Data Path Delay:        1.232ns  (logic 0.183ns (14.858%)  route 1.049ns (85.142%))
  Logic Levels:           1  (LUT1=1)
  Clock Path Skew:        0.026ns (DCD - SCD - CPR)
    Destination Clock Delay (DCD):    2.065ns
    Source Clock Delay      (SCD):    1.556ns
    Clock Pessimism Removal (CPR):    0.483ns

    Location             Delay type                Incr(ns)  Path(ns)    Netlist Resource(s)
  -------------------------------------------------------------------    -------------------
                         (clock sys_clk rise edge)    0.000     0.000 r  
    E3                                                0.000     0.000 r  clk_100mhz (IN)
                         net (fo=0)                   0.000     0.000    clk_100mhz
    E3                   IBUF (Prop_ibuf_I_O)         0.250     0.250 r  clk_100mhz_IBUF_inst/O
                         net (fo=1, routed)           0.644     0.894    clk_100mhz_IBUF
    BUFGCTRL_X0Y16       BUFG (Prop_bufg_I_O)         0.026     0.920 r  clk_100mhz_IBUF_BUFG_inst/O
                         net (fo=2651, routed)        0.636     1.556    clk_100mhz_IBUF_BUFG
    SLICE_X17Y14         FDCE                                         r  rst_sync_reg[3]/C
  -------------------------------------------------------------------    -------------------
    SLICE_X17Y14         FDCE (Prop_fdce_C_Q)         0.141     1.697 r  rst_sync_reg[3]/Q
                         net (fo=41, routed)          0.708     2.405    u_bridge/tx_valid_reg_0[0]
    SLICE_X31Y14         LUT1 (Prop_lut1_I0_O)        0.042     2.447 f  u_bridge/FSM_sequential_state[1]_i_2/O
                         net (fo=596, routed)         0.340     2.788    u_bridge/rst_sync_reg[3]
    SLICE_X29Y22         FDCE                                         f  u_bridge/cnt_reg[25]/CLR
  -------------------------------------------------------------------    -------------------

                         (clock sys_clk rise edge)    0.000     0.000 r  
    E3                                                0.000     0.000 r  clk_100mhz (IN)
                         net (fo=0)                   0.000     0.000    clk_100mhz
    E3                   IBUF (Prop_ibuf_I_O)         0.438     0.438 r  clk_100mhz_IBUF_inst/O
                         net (fo=1, routed)           0.699     1.136    clk_100mhz_IBUF
    BUFGCTRL_X0Y16       BUFG (Prop_bufg_I_O)         0.029     1.165 r  clk_100mhz_IBUF_BUFG_inst/O
                         net (fo=2651, routed)        0.900     2.065    u_bridge/clk_100mhz_IBUF_BUFG
    SLICE_X29Y22         FDCE                                         r  u_bridge/cnt_reg[25]/C
                         clock pessimism             -0.483     1.582    
    SLICE_X29Y22         FDCE (Remov_fdce_C_CLR)     -0.154     1.428    u_bridge/cnt_reg[25]
  -------------------------------------------------------------------
                         required time                         -1.428    
                         arrival time                           2.788    
  -------------------------------------------------------------------
                         slack                                  1.360    

Slack (MET) :             1.360ns  (arrival time - required time)
  Source:                 rst_sync_reg[3]/C
                            (rising edge-triggered cell FDCE clocked by sys_clk  {rise@0.000ns fall@5.000ns period=10.000ns})
  Destination:            u_bridge/cnt_reg[26]/CLR
                            (removal check against rising-edge clock sys_clk  {rise@0.000ns fall@5.000ns period=10.000ns})
  Path Group:             **async_default**
  Path Type:              Removal (Min at Fast Process Corner)
  Requirement:            0.000ns  (sys_clk rise@0.000ns - sys_clk rise@0.000ns)
  Data Path Delay:        1.232ns  (logic 0.183ns (14.858%)  route 1.049ns (85.142%))
  Logic Levels:           1  (LUT1=1)
  Clock Path Skew:        0.026ns (DCD - SCD - CPR)
    Destination Clock Delay (DCD):    2.065ns
    Source Clock Delay      (SCD):    1.556ns
    Clock Pessimism Removal (CPR):    0.483ns

    Location             Delay type                Incr(ns)  Path(ns)    Netlist Resource(s)
  -------------------------------------------------------------------    -------------------
                         (clock sys_clk rise edge)    0.000     0.000 r  
    E3                                                0.000     0.000 r  clk_100mhz (IN)
                         net (fo=0)                   0.000     0.000    clk_100mhz
    E3                   IBUF (Prop_ibuf_I_O)         0.250     0.250 r  clk_100mhz_IBUF_inst/O
                         net (fo=1, routed)           0.644     0.894    clk_100mhz_IBUF
    BUFGCTRL_X0Y16       BUFG (Prop_bufg_I_O)         0.026     0.920 r  clk_100mhz_IBUF_BUFG_inst/O
                         net (fo=2651, routed)        0.636     1.556    clk_100mhz_IBUF_BUFG
    SLICE_X17Y14         FDCE                                         r  rst_sync_reg[3]/C
  -------------------------------------------------------------------    -------------------
    SLICE_X17Y14         FDCE (Prop_fdce_C_Q)         0.141     1.697 r  rst_sync_reg[3]/Q
                         net (fo=41, routed)          0.708     2.405    u_bridge/tx_valid_reg_0[0]
    SLICE_X31Y14         LUT1 (Prop_lut1_I0_O)        0.042     2.447 f  u_bridge/FSM_sequential_state[1]_i_2/O
                         net (fo=596, routed)         0.340     2.788    u_bridge/rst_sync_reg[3]
    SLICE_X29Y22         FDCE                                         f  u_bridge/cnt_reg[26]/CLR
  -------------------------------------------------------------------    -------------------

                         (clock sys_clk rise edge)    0.000     0.000 r  
    E3                                                0.000     0.000 r  clk_100mhz (IN)
                         net (fo=0)                   0.000     0.000    clk_100mhz
    E3                   IBUF (Prop_ibuf_I_O)         0.438     0.438 r  clk_100mhz_IBUF_inst/O
                         net (fo=1, routed)           0.699     1.136    clk_100mhz_IBUF
    BUFGCTRL_X0Y16       BUFG (Prop_bufg_I_O)         0.029     1.165 r  clk_100mhz_IBUF_BUFG_inst/O
                         net (fo=2651, routed)        0.900     2.065    u_bridge/clk_100mhz_IBUF_BUFG
    SLICE_X29Y22         FDCE                                         r  u_bridge/cnt_reg[26]/C
                         clock pessimism             -0.483     1.582    
    SLICE_X29Y22         FDCE (Remov_fdce_C_CLR)     -0.154     1.428    u_bridge/cnt_reg[26]
  -------------------------------------------------------------------
                         required time                         -1.428    
                         arrival time                           2.788    
  -------------------------------------------------------------------
                         slack                                  1.360    

Slack (MET) :             1.376ns  (arrival time - required time)
  Source:                 rst_sync_reg[3]/C
                            (rising edge-triggered cell FDCE clocked by sys_clk  {rise@0.000ns fall@5.000ns period=10.000ns})
  Destination:            u_bridge/cnt_reg[19]/CLR
                            (removal check against rising-edge clock sys_clk  {rise@0.000ns fall@5.000ns period=10.000ns})
  Path Group:             **async_default**
  Path Type:              Removal (Min at Fast Process Corner)
  Requirement:            0.000ns  (sys_clk rise@0.000ns - sys_clk rise@0.000ns)
  Data Path Delay:        1.273ns  (logic 0.183ns (14.379%)  route 1.090ns (85.621%))
  Logic Levels:           1  (LUT1=1)
  Clock Path Skew:        0.026ns (DCD - SCD - CPR)
    Destination Clock Delay (DCD):    2.065ns
    Source Clock Delay      (SCD):    1.556ns
    Clock Pessimism Removal (CPR):    0.483ns

    Location             Delay type                Incr(ns)  Path(ns)    Netlist Resource(s)
  -------------------------------------------------------------------    -------------------
                         (clock sys_clk rise edge)    0.000     0.000 r  
    E3                                                0.000     0.000 r  clk_100mhz (IN)
                         net (fo=0)                   0.000     0.000    clk_100mhz
    E3                   IBUF (Prop_ibuf_I_O)         0.250     0.250 r  clk_100mhz_IBUF_inst/O
                         net (fo=1, routed)           0.644     0.894    clk_100mhz_IBUF
    BUFGCTRL_X0Y16       BUFG (Prop_bufg_I_O)         0.026     0.920 r  clk_100mhz_IBUF_BUFG_inst/O
                         net (fo=2651, routed)        0.636     1.556    clk_100mhz_IBUF_BUFG
    SLICE_X17Y14         FDCE                                         r  rst_sync_reg[3]/C
  -------------------------------------------------------------------    -------------------
    SLICE_X17Y14         FDCE (Prop_fdce_C_Q)         0.141     1.697 r  rst_sync_reg[3]/Q
                         net (fo=41, routed)          0.708     2.405    u_bridge/tx_valid_reg_0[0]
    SLICE_X31Y14         LUT1 (Prop_lut1_I0_O)        0.042     2.447 f  u_bridge/FSM_sequential_state[1]_i_2/O
                         net (fo=596, routed)         0.381     2.829    u_bridge/rst_sync_reg[3]
    SLICE_X30Y21         FDCE                                         f  u_bridge/cnt_reg[19]/CLR
  -------------------------------------------------------------------    -------------------

                         (clock sys_clk rise edge)    0.000     0.000 r  
    E3                                                0.000     0.000 r  clk_100mhz (IN)
                         net (fo=0)                   0.000     0.000    clk_100mhz
    E3                   IBUF (Prop_ibuf_I_O)         0.438     0.438 r  clk_100mhz_IBUF_inst/O
                         net (fo=1, routed)           0.699     1.136    clk_100mhz_IBUF
    BUFGCTRL_X0Y16       BUFG (Prop_bufg_I_O)         0.029     1.165 r  clk_100mhz_IBUF_BUFG_inst/O
                         net (fo=2651, routed)        0.900     2.065    u_bridge/clk_100mhz_IBUF_BUFG
    SLICE_X30Y21         FDCE                                         r  u_bridge/cnt_reg[19]/C
                         clock pessimism             -0.483     1.582    
    SLICE_X30Y21         FDCE (Remov_fdce_C_CLR)     -0.129     1.453    u_bridge/cnt_reg[19]
  -------------------------------------------------------------------
                         required time                         -1.453    
                         arrival time                           2.829    
  -------------------------------------------------------------------
                         slack                                  1.376    





