Copyright 1986-2022 Xilinx, Inc. All Rights Reserved. Copyright 2022-2024 Advanced Micro Devices, Inc. All Rights Reserved.
-----------------------------------------------------------------------------------------------------------------------------------------------------------------------------
| Tool Version : Vivado v.2024.1 (lin64) Build 5076996 Wed May 22 18:36:09 MDT 2024
| Date         : Fri Oct  2 06:06:33 2026
| Host         : 6d6c47e6128a running 64-bit unknown
| Command      : report_timing -max_paths 30 -nworst 1 -unique_pins -sort_by slack -file /home/vivadouser/project/ML_KEM_Test/ML-KEM-Testkit/reports/f206_2/timing_paths.rpt
| Design       : arty_a7_top
| Device       : 7a100t-csg324
| Speed File   : -1  PRODUCTION 1.23 2018-06-13
| Design State : Routed
-----------------------------------------------------------------------------------------------------------------------------------------------------------------------------

Timing Report

Slack (VIOLATED) :        -0.622ns  (required time - arrival time)
  Source:                 u_mlkem/u_pack/rw_reg[4]/C
                            (rising edge-triggered cell FDRE clocked by clk_core_mmcm  {rise@0.000ns fall@2.424ns period=4.848ns})
  Destination:            u_mlkem/u_alu/ksa_reg[2]/D
                            (rising edge-triggered cell FDRE clocked by clk_core_mmcm  {rise@0.000ns fall@2.424ns period=4.848ns})
  Path Group:             clk_core_mmcm
  Path Type:              Setup (Max at Slow Process Corner)
  Requirement:            4.848ns  (clk_core_mmcm rise@4.848ns - clk_core_mmcm rise@0.000ns)
  Data Path Delay:        5.435ns  (logic 2.005ns (36.890%)  route 3.430ns (63.110%))
  Logic Levels:           7  (CARRY4=2 LUT2=1 LUT3=1 LUT6=3)
  Clock Path Skew:        -0.042ns (DCD - SCD + CPR)
    Destination Clock Delay (DCD):    8.873ns = ( 13.722 - 4.848 ) 
    Source Clock Delay      (SCD):    9.416ns
    Clock Pessimism Removal (CPR):    0.500ns
  Clock Uncertainty:      0.074ns  ((TSJ^2 + DJ^2)^1/2) / 2 + PE
    Total System Jitter     (TSJ):    0.071ns
    Discrete Jitter          (DJ):    0.131ns
    Phase Error              (PE):    0.000ns

    Location             Delay type                Incr(ns)  Path(ns)    Netlist Resource(s)
  -------------------------------------------------------------------    -------------------
                         (clock clk_core_mmcm rise edge)
                                                      0.000     0.000 r  
    E3                                                0.000     0.000 r  clk_100mhz (IN)
                         net (fo=0)                   0.000     0.000    clk_100mhz
    E3                   IBUF (Prop_ibuf_I_O)         1.482     1.482 r  clk_100mhz_IBUF_inst/O
                         net (fo=1, routed)           2.025     3.506    clk_100mhz_IBUF
    BUFGCTRL_X0Y16       BUFG (Prop_bufg_I_O)         0.096     3.602 r  clk_100mhz_IBUF_BUFG_inst/O
                         net (fo=2651, routed)        1.809     5.412    clk_100mhz_IBUF_BUFG
    MMCME2_ADV_X0Y0      MMCME2_ADV (Prop_mmcme2_adv_CLKIN1_CLKOUT0)
                                                      0.088     5.500 r  u_mmcm/CLKOUT0
                         net (fo=1, routed)           2.018     7.518    clk_core_mmcm
    BUFGCTRL_X0Y0        BUFG (Prop_bufg_I_O)         0.096     7.614 r  u_bufg_core/O
                         net (fo=4633, routed)        1.801     9.416    u_mlkem/u_pack/clk_core
    SLICE_X61Y6          FDRE                                         r  u_mlkem/u_pack/rw_reg[4]/C
  -------------------------------------------------------------------    -------------------
    SLICE_X61Y6          FDRE (Prop_fdre_C_Q)         0.456     9.872 r  u_mlkem/u_pack/rw_reg[4]/Q
                         net (fo=19, routed)          0.950    10.821    u_mlkem/u_pack/rw[4]
    SLICE_X58Y10         LUT2 (Prop_lut2_I0_O)        0.124    10.945 r  u_mlkem/u_pack/ksa[7]_i_10/O
                         net (fo=1, routed)           0.000    10.945    u_mlkem/u_pack/ksa[7]_i_10_n_0
    SLICE_X58Y10         CARRY4 (Prop_carry4_S[0]_CO[3])
                                                      0.513    11.458 r  u_mlkem/u_pack/ksa_reg[7]_i_4/CO[3]
                         net (fo=1, routed)           0.000    11.458    u_mlkem/u_pack/ksa_reg[7]_i_4_n_0
    SLICE_X58Y11         CARRY4 (Prop_carry4_CI_O[2])
                                                      0.239    11.697 r  u_mlkem/u_pack/ksa_reg[11]_i_2/O[2]
                         net (fo=11, routed)          0.694    12.392    u_mlkem/u_pack/ksa_reg[11]_i_2_n_5
    SLICE_X60Y11         LUT3 (Prop_lut3_I2_O)        0.301    12.693 r  u_mlkem/u_pack/ksa[7]_i_5/O
                         net (fo=10, routed)          0.468    13.161    u_mlkem/u_pack/ksa[7]_i_5_n_0
    SLICE_X59Y11         LUT6 (Prop_lut6_I0_O)        0.124    13.285 r  u_mlkem/u_pack/ksa[3]_i_4/O
                         net (fo=2, routed)           0.647    13.932    u_mlkem/u_pack/ksa[3]_i_4_n_0
    SLICE_X60Y10         LUT6 (Prop_lut6_I5_O)        0.124    14.056 r  u_mlkem/u_pack/ksa[3]_i_2/O
                         net (fo=2, routed)           0.670    14.727    u_mlkem/u_pack/ksa[3]_i_2_n_0
    SLICE_X62Y10         LUT6 (Prop_lut6_I0_O)        0.124    14.851 r  u_mlkem/u_pack/ksa[2]_i_1/O
                         net (fo=1, routed)           0.000    14.851    u_mlkem/u_alu/ksa_reg[11]_0[2]
    SLICE_X62Y10         FDRE                                         r  u_mlkem/u_alu/ksa_reg[2]/D
  -------------------------------------------------------------------    -------------------

                         (clock clk_core_mmcm rise edge)
                                                      4.848     4.848 r  
    E3                                                0.000     4.848 r  clk_100mhz (IN)
                         net (fo=0)                   0.000     4.848    clk_100mhz
    E3                   IBUF (Prop_ibuf_I_O)         1.411     6.260 r  clk_100mhz_IBUF_inst/O
                         net (fo=1, routed)           1.920     8.180    clk_100mhz_IBUF
    BUFGCTRL_X0Y16       BUFG (Prop_bufg_I_O)         0.091     8.271 r  clk_100mhz_IBUF_BUFG_inst/O
                         net (fo=2651, routed)        1.683     9.954    clk_100mhz_IBUF_BUFG
    MMCME2_ADV_X0Y0      MMCME2_ADV (Prop_mmcme2_adv_CLKIN1_CLKOUT0)
                                                      0.083    10.037 r  u_mmcm/CLKOUT0
                         net (fo=1, routed)           1.923    11.960    clk_core_mmcm
    BUFGCTRL_X0Y0        BUFG (Prop_bufg_I_O)         0.091    12.051 r  u_bufg_core/O
                         net (fo=4633, routed)        1.671    13.722    u_mlkem/u_alu/clk_core
    SLICE_X62Y10         FDRE                                         r  u_mlkem/u_alu/ksa_reg[2]/C
                         clock pessimism              0.500    14.222    
                         clock uncertainty           -0.074    14.147    
    SLICE_X62Y10         FDRE (Setup_fdre_C_D)        0.081    14.228    u_mlkem/u_alu/ksa_reg[2]
  -------------------------------------------------------------------
                         required time                         14.228    
                         arrival time                         -14.851    
  -------------------------------------------------------------------
                         slack                                 -0.622    

Slack (VIOLATED) :        -0.595ns  (required time - arrival time)
  Source:                 u_mlkem/u_pack/rw_reg[2]/C
                            (rising edge-triggered cell FDRE clocked by clk_core_mmcm  {rise@0.000ns fall@2.424ns period=4.848ns})
  Destination:            u_mlkem/u_alu/ls_reg[9]/D
                            (rising edge-triggered cell FDRE clocked by clk_core_mmcm  {rise@0.000ns fall@2.424ns period=4.848ns})
  Path Group:             clk_core_mmcm
  Path Type:              Setup (Max at Slow Process Corner)
  Requirement:            4.848ns  (clk_core_mmcm rise@4.848ns - clk_core_mmcm rise@0.000ns)
  Data Path Delay:        5.357ns  (logic 2.854ns (53.276%)  route 2.503ns (46.724%))
  Logic Levels:           8  (CARRY4=4 LUT1=1 LUT2=1 LUT6=2)
  Clock Path Skew:        -0.043ns (DCD - SCD + CPR)
    Destination Clock Delay (DCD):    8.872ns = ( 13.721 - 4.848 ) 
    Source Clock Delay      (SCD):    9.416ns
    Clock Pessimism Removal (CPR):    0.500ns
  Clock Uncertainty:      0.074ns  ((TSJ^2 + DJ^2)^1/2) / 2 + PE
    Total System Jitter     (TSJ):    0.071ns
    Discrete Jitter          (DJ):    0.131ns
    Phase Error              (PE):    0.000ns

    Location             Delay type                Incr(ns)  Path(ns)    Netlist Resource(s)
  -------------------------------------------------------------------    -------------------
                         (clock clk_core_mmcm rise edge)
                                                      0.000     0.000 r  
    E3                                                0.000     0.000 r  clk_100mhz (IN)
                         net (fo=0)                   0.000     0.000    clk_100mhz
    E3                   IBUF (Prop_ibuf_I_O)         1.482     1.482 r  clk_100mhz_IBUF_inst/O
                         net (fo=1, routed)           2.025     3.506    clk_100mhz_IBUF
    BUFGCTRL_X0Y16       BUFG (Prop_bufg_I_O)         0.096     3.602 r  clk_100mhz_IBUF_BUFG_inst/O
                         net (fo=2651, routed)        1.809     5.412    clk_100mhz_IBUF_BUFG
    MMCME2_ADV_X0Y0      MMCME2_ADV (Prop_mmcme2_adv_CLKIN1_CLKOUT0)
                                                      0.088     5.500 r  u_mmcm/CLKOUT0
                         net (fo=1, routed)           2.018     7.518    clk_core_mmcm
    BUFGCTRL_X0Y0        BUFG (Prop_bufg_I_O)         0.096     7.614 r  u_bufg_core/O
                         net (fo=4633, routed)        1.801     9.416    u_mlkem/u_pack/clk_core
    SLICE_X60Y5          FDRE                                         r  u_mlkem/u_pack/rw_reg[2]/C
  -------------------------------------------------------------------    -------------------
    SLICE_X60Y5          FDRE (Prop_fdre_C_Q)         0.518     9.934 r  u_mlkem/u_pack/rw_reg[2]/Q
                         net (fo=19, routed)          0.641    10.574    u_mlkem/u_pack/rw[2]
    SLICE_X61Y4          LUT2 (Prop_lut2_I0_O)        0.124    10.698 r  u_mlkem/u_pack/ls[0]_i_6/O
                         net (fo=1, routed)           0.000    10.698    u_mlkem/u_pack/ls[0]_i_6_n_0
    SLICE_X61Y4          CARRY4 (Prop_carry4_S[2]_CO[3])
                                                      0.398    11.096 r  u_mlkem/u_pack/ls_reg[0]_i_2/CO[3]
                         net (fo=1, routed)           0.000    11.096    u_mlkem/u_pack/ls_reg[0]_i_2_n_0
    SLICE_X61Y5          CARRY4 (Prop_carry4_CI_O[1])
                                                      0.334    11.430 f  u_mlkem/u_pack/ls_reg[11]_i_11/O[1]
                         net (fo=7, routed)           0.726    12.156    u_mlkem/u_pack/ls_reg[11]_i_11_n_6
    SLICE_X61Y9          LUT1 (Prop_lut1_I0_O)        0.303    12.459 r  u_mlkem/u_pack/ls[8]_i_7/O
                         net (fo=1, routed)           0.000    12.459    u_mlkem/u_pack/ls[8]_i_7_n_0
    SLICE_X61Y9          CARRY4 (Prop_carry4_S[0]_CO[3])
                                                      0.532    12.991 r  u_mlkem/u_pack/ls_reg[8]_i_3/CO[3]
                         net (fo=1, routed)           0.000    12.991    u_mlkem/u_pack/ls_reg[8]_i_3_n_0
    SLICE_X61Y10         CARRY4 (Prop_carry4_CI_O[0])
                                                      0.222    13.213 r  u_mlkem/u_pack/ls_reg[11]_i_6/O[0]
                         net (fo=2, routed)           0.393    13.606    u_mlkem/u_pack/u_alu/madd_return0[9]
    SLICE_X63Y10         LUT6 (Prop_lut6_I0_O)        0.299    13.905 r  u_mlkem/u_pack/ls[9]_i_2/O
                         net (fo=1, routed)           0.743    14.648    u_mlkem/u_pack/ls[9]_i_2_n_0
    SLICE_X63Y11         LUT6 (Prop_lut6_I0_O)        0.124    14.772 r  u_mlkem/u_pack/ls[9]_i_1/O
                         net (fo=1, routed)           0.000    14.772    u_mlkem/u_alu/ls_reg[23]_0[9]
    SLICE_X63Y11         FDRE                                         r  u_mlkem/u_alu/ls_reg[9]/D
  -------------------------------------------------------------------    -------------------

                         (clock clk_core_mmcm rise edge)
                                                      4.848     4.848 r  
    E3                                                0.000     4.848 r  clk_100mhz (IN)
                         net (fo=0)                   0.000     4.848    clk_100mhz
    E3                   IBUF (Prop_ibuf_I_O)         1.411     6.260 r  clk_100mhz_IBUF_inst/O
                         net (fo=1, routed)           1.920     8.180    clk_100mhz_IBUF
    BUFGCTRL_X0Y16       BUFG (Prop_bufg_I_O)         0.091     8.271 r  clk_100mhz_IBUF_BUFG_inst/O
                         net (fo=2651, routed)        1.683     9.954    clk_100mhz_IBUF_BUFG
    MMCME2_ADV_X0Y0      MMCME2_ADV (Prop_mmcme2_adv_CLKIN1_CLKOUT0)
                                                      0.083    10.037 r  u_mmcm/CLKOUT0
                         net (fo=1, routed)           1.923    11.960    clk_core_mmcm
    BUFGCTRL_X0Y0        BUFG (Prop_bufg_I_O)         0.091    12.051 r  u_bufg_core/O
                         net (fo=4633, routed)        1.670    13.721    u_mlkem/u_alu/clk_core
    SLICE_X63Y11         FDRE                                         r  u_mlkem/u_alu/ls_reg[9]/C
                         clock pessimism              0.500    14.221    
                         clock uncertainty           -0.074    14.146    
    SLICE_X63Y11         FDRE (Setup_fdre_C_D)        0.031    14.177    u_mlkem/u_alu/ls_reg[9]
  -------------------------------------------------------------------
                         required time                         14.177    
                         arrival time                         -14.772    
  -------------------------------------------------------------------
                         slack                                 -0.595    

Slack (VIOLATED) :        -0.594ns  (required time - arrival time)
  Source:                 u_mlkem/u_unpack/g0_reg[0]/C
                            (rising edge-triggered cell FDRE clocked by clk_core_mmcm  {rise@0.000ns fall@2.424ns period=4.848ns})
  Destination:            u_mlkem/u_unpack/rq0_reg[8]/D
                            (rising edge-triggered cell FDRE clocked by clk_core_mmcm  {rise@0.000ns fall@2.424ns period=4.848ns})
  Path Group:             clk_core_mmcm
  Path Type:              Setup (Max at Slow Process Corner)
  Requirement:            4.848ns  (clk_core_mmcm rise@4.848ns - clk_core_mmcm rise@0.000ns)
  Data Path Delay:        5.359ns  (logic 2.122ns (39.595%)  route 3.237ns (60.405%))
  Logic Levels:           8  (CARRY4=3 LUT3=1 LUT5=1 LUT6=3)
  Clock Path Skew:        -0.040ns (DCD - SCD + CPR)
    Destination Clock Delay (DCD):    8.858ns = ( 13.707 - 4.848 ) 
    Source Clock Delay      (SCD):    9.399ns
    Clock Pessimism Removal (CPR):    0.500ns
  Clock Uncertainty:      0.074ns  ((TSJ^2 + DJ^2)^1/2) / 2 + PE
    Total System Jitter     (TSJ):    0.071ns
    Discrete Jitter          (DJ):    0.131ns
    Phase Error              (PE):    0.000ns

    Location             Delay type                Incr(ns)  Path(ns)    Netlist Resource(s)
  -------------------------------------------------------------------    -------------------
                         (clock clk_core_mmcm rise edge)
                                                      0.000     0.000 r  
    E3                                                0.000     0.000 r  clk_100mhz (IN)
                         net (fo=0)                   0.000     0.000    clk_100mhz
    E3                   IBUF (Prop_ibuf_I_O)         1.482     1.482 r  clk_100mhz_IBUF_inst/O
                         net (fo=1, routed)           2.025     3.506    clk_100mhz_IBUF
    BUFGCTRL_X0Y16       BUFG (Prop_bufg_I_O)         0.096     3.602 r  clk_100mhz_IBUF_BUFG_inst/O
                         net (fo=2651, routed)        1.809     5.412    clk_100mhz_IBUF_BUFG
    MMCME2_ADV_X0Y0      MMCME2_ADV (Prop_mmcme2_adv_CLKIN1_CLKOUT0)
                                                      0.088     5.500 r  u_mmcm/CLKOUT0
                         net (fo=1, routed)           2.018     7.518    clk_core_mmcm
    BUFGCTRL_X0Y0        BUFG (Prop_bufg_I_O)         0.096     7.614 r  u_bufg_core/O
                         net (fo=4633, routed)        1.784     9.399    u_mlkem/u_unpack/clk_core
    SLICE_X61Y22         FDRE                                         r  u_mlkem/u_unpack/g0_reg[0]/C
  -------------------------------------------------------------------    -------------------
    SLICE_X61Y22         FDRE (Prop_fdre_C_Q)         0.456     9.855 r  u_mlkem/u_unpack/g0_reg[0]/Q
                         net (fo=9, routed)           0.988    10.842    u_mlkem/u_unpack/g0_reg_n_0_[0]
    SLICE_X58Y22         LUT5 (Prop_lut5_I0_O)        0.124    10.966 r  u_mlkem/u_unpack/rq0[0]_i_20/O
                         net (fo=1, routed)           0.000    10.966    u_mlkem/u_unpack/rq0[0]_i_20_n_0
    SLICE_X58Y22         CARRY4 (Prop_carry4_S[0]_CO[3])
                                                      0.513    11.479 r  u_mlkem/u_unpack/rq0_reg[0]_i_12/CO[3]
                         net (fo=1, routed)           0.000    11.479    u_mlkem/u_unpack/rq0_reg[0]_i_12_n_0
    SLICE_X58Y23         CARRY4 (Prop_carry4_CI_CO[3])
                                                      0.117    11.596 r  u_mlkem/u_unpack/rq0_reg[0]_i_11/CO[3]
                         net (fo=1, routed)           0.000    11.596    u_mlkem/u_unpack/rq0_reg[0]_i_11_n_0
    SLICE_X58Y24         CARRY4 (Prop_carry4_CI_O[2])
                                                      0.239    11.835 r  u_mlkem/u_unpack/rq0_reg[9]_i_15/O[2]
                         net (fo=3, routed)           0.996    12.832    u_mlkem/u_unpack/decompress_return11_out[10]
    SLICE_X61Y27         LUT6 (Prop_lut6_I5_O)        0.301    13.133 r  u_mlkem/u_unpack/rq0[9]_i_10/O
                         net (fo=4, routed)           0.461    13.593    u_mlkem/u_unpack/rq0[9]_i_10_n_0
    SLICE_X60Y27         LUT3 (Prop_lut3_I0_O)        0.124    13.717 r  u_mlkem/u_unpack/rq0[8]_i_4/O
                         net (fo=1, routed)           0.641    14.358    u_mlkem/u_unpack/rq0[8]_i_4_n_0
    SLICE_X61Y26         LUT6 (Prop_lut6_I0_O)        0.124    14.482 r  u_mlkem/u_unpack/rq0[8]_i_3/O
                         net (fo=1, routed)           0.151    14.634    u_mlkem/u_unpack/rq0[8]_i_3_n_0
    SLICE_X61Y26         LUT6 (Prop_lut6_I5_O)        0.124    14.758 r  u_mlkem/u_unpack/rq0[8]_i_1/O
                         net (fo=1, routed)           0.000    14.758    u_mlkem/u_unpack/rq0[8]_i_1_n_0
    SLICE_X61Y26         FDRE                                         r  u_mlkem/u_unpack/rq0_reg[8]/D
  -------------------------------------------------------------------    -------------------

                         (clock clk_core_mmcm rise edge)
                                                      4.848     4.848 r  
    E3                                                0.000     4.848 r  clk_100mhz (IN)
                         net (fo=0)                   0.000     4.848    clk_100mhz
    E3                   IBUF (Prop_ibuf_I_O)         1.411     6.260 r  clk_100mhz_IBUF_inst/O
                         net (fo=1, routed)           1.920     8.180    clk_100mhz_IBUF
    BUFGCTRL_X0Y16       BUFG (Prop_bufg_I_O)         0.091     8.271 r  clk_100mhz_IBUF_BUFG_inst/O
                         net (fo=2651, routed)        1.683     9.954    clk_100mhz_IBUF_BUFG
    MMCME2_ADV_X0Y0      MMCME2_ADV (Prop_mmcme2_adv_CLKIN1_CLKOUT0)
                                                      0.083    10.037 r  u_mmcm/CLKOUT0
                         net (fo=1, routed)           1.923    11.960    clk_core_mmcm
    BUFGCTRL_X0Y0        BUFG (Prop_bufg_I_O)         0.091    12.051 r  u_bufg_core/O
                         net (fo=4633, routed)        1.656    13.707    u_mlkem/u_unpack/clk_core
    SLICE_X61Y26         FDRE                                         r  u_mlkem/u_unpack/rq0_reg[8]/C
                         clock pessimism              0.500    14.207    
                         clock uncertainty           -0.074    14.132    
    SLICE_X61Y26         FDRE (Setup_fdre_C_D)        0.031    14.163    u_mlkem/u_unpack/rq0_reg[8]
  -------------------------------------------------------------------
                         required time                         14.163    
                         arrival time                         -14.758    
  -------------------------------------------------------------------
                         slack                                 -0.594    

Slack (VIOLATED) :        -0.587ns  (required time - arrival time)
  Source:                 u_mlkem/u_pack/rw_reg[4]/C
                            (rising edge-triggered cell FDRE clocked by clk_core_mmcm  {rise@0.000ns fall@2.424ns period=4.848ns})
  Destination:            u_mlkem/u_alu/ksa_reg[3]/D
                            (rising edge-triggered cell FDRE clocked by clk_core_mmcm  {rise@0.000ns fall@2.424ns period=4.848ns})
  Path Group:             clk_core_mmcm
  Path Type:              Setup (Max at Slow Process Corner)
  Requirement:            4.848ns  (clk_core_mmcm rise@4.848ns - clk_core_mmcm rise@0.000ns)
  Data Path Delay:        5.415ns  (logic 2.005ns (37.026%)  route 3.410ns (62.974%))
  Logic Levels:           7  (CARRY4=2 LUT2=1 LUT3=1 LUT6=3)
  Clock Path Skew:        -0.027ns (DCD - SCD + CPR)
    Destination Clock Delay (DCD):    8.871ns = ( 13.720 - 4.848 ) 
    Source Clock Delay      (SCD):    9.416ns
    Clock Pessimism Removal (CPR):    0.517ns
  Clock Uncertainty:      0.074ns  ((TSJ^2 + DJ^2)^1/2) / 2 + PE
    Total System Jitter     (TSJ):    0.071ns
    Discrete Jitter          (DJ):    0.131ns
    Phase Error              (PE):    0.000ns

    Location             Delay type                Incr(ns)  Path(ns)    Netlist Resource(s)
  -------------------------------------------------------------------    -------------------
                         (clock clk_core_mmcm rise edge)
                                                      0.000     0.000 r  
    E3                                                0.000     0.000 r  clk_100mhz (IN)
                         net (fo=0)                   0.000     0.000    clk_100mhz
    E3                   IBUF (Prop_ibuf_I_O)         1.482     1.482 r  clk_100mhz_IBUF_inst/O
                         net (fo=1, routed)           2.025     3.506    clk_100mhz_IBUF
    BUFGCTRL_X0Y16       BUFG (Prop_bufg_I_O)         0.096     3.602 r  clk_100mhz_IBUF_BUFG_inst/O
                         net (fo=2651, routed)        1.809     5.412    clk_100mhz_IBUF_BUFG
    MMCME2_ADV_X0Y0      MMCME2_ADV (Prop_mmcme2_adv_CLKIN1_CLKOUT0)
                                                      0.088     5.500 r  u_mmcm/CLKOUT0
                         net (fo=1, routed)           2.018     7.518    clk_core_mmcm
    BUFGCTRL_X0Y0        BUFG (Prop_bufg_I_O)         0.096     7.614 r  u_bufg_core/O
                         net (fo=4633, routed)        1.801     9.416    u_mlkem/u_pack/clk_core
    SLICE_X61Y6          FDRE                                         r  u_mlkem/u_pack/rw_reg[4]/C
  -------------------------------------------------------------------    -------------------
    SLICE_X61Y6          FDRE (Prop_fdre_C_Q)         0.456     9.872 r  u_mlkem/u_pack/rw_reg[4]/Q
                         net (fo=19, routed)          0.950    10.821    u_mlkem/u_pack/rw[4]
    SLICE_X58Y10         LUT2 (Prop_lut2_I0_O)        0.124    10.945 r  u_mlkem/u_pack/ksa[7]_i_10/O
                         net (fo=1, routed)           0.000    10.945    u_mlkem/u_pack/ksa[7]_i_10_n_0
    SLICE_X58Y10         CARRY4 (Prop_carry4_S[0]_CO[3])
                                                      0.513    11.458 r  u_mlkem/u_pack/ksa_reg[7]_i_4/CO[3]
                         net (fo=1, routed)           0.000    11.458    u_mlkem/u_pack/ksa_reg[7]_i_4_n_0
    SLICE_X58Y11         CARRY4 (Prop_carry4_CI_O[2])
                                                      0.239    11.697 r  u_mlkem/u_pack/ksa_reg[11]_i_2/O[2]
                         net (fo=11, routed)          0.694    12.392    u_mlkem/u_pack/ksa_reg[11]_i_2_n_5
    SLICE_X60Y11         LUT3 (Prop_lut3_I2_O)        0.301    12.693 r  u_mlkem/u_pack/ksa[7]_i_5/O
                         net (fo=10, routed)          0.468    13.161    u_mlkem/u_pack/ksa[7]_i_5_n_0
    SLICE_X59Y11         LUT6 (Prop_lut6_I0_O)        0.124    13.285 r  u_mlkem/u_pack/ksa[3]_i_4/O
                         net (fo=2, routed)           0.647    13.932    u_mlkem/u_pack/ksa[3]_i_4_n_0
    SLICE_X60Y10         LUT6 (Prop_lut6_I5_O)        0.124    14.056 r  u_mlkem/u_pack/ksa[3]_i_2/O
                         net (fo=2, routed)           0.650    14.707    u_mlkem/u_pack/ksa[3]_i_2_n_0
    SLICE_X60Y10         LUT6 (Prop_lut6_I0_O)        0.124    14.831 r  u_mlkem/u_pack/ksa[3]_i_1/O
                         net (fo=1, routed)           0.000    14.831    u_mlkem/u_alu/ksa_reg[11]_0[3]
    SLICE_X60Y10         FDRE                                         r  u_mlkem/u_alu/ksa_reg[3]/D
  -------------------------------------------------------------------    -------------------

                         (clock clk_core_mmcm rise edge)
                                                      4.848     4.848 r  
    E3                                                0.000     4.848 r  clk_100mhz (IN)
                         net (fo=0)                   0.000     4.848    clk_100mhz
    E3                   IBUF (Prop_ibuf_I_O)         1.411     6.260 r  clk_100mhz_IBUF_inst/O
                         net (fo=1, routed)           1.920     8.180    clk_100mhz_IBUF
    BUFGCTRL_X0Y16       BUFG (Prop_bufg_I_O)         0.091     8.271 r  clk_100mhz_IBUF_BUFG_inst/O
                         net (fo=2651, routed)        1.683     9.954    clk_100mhz_IBUF_BUFG
    MMCME2_ADV_X0Y0      MMCME2_ADV (Prop_mmcme2_adv_CLKIN1_CLKOUT0)
                                                      0.083    10.037 r  u_mmcm/CLKOUT0
                         net (fo=1, routed)           1.923    11.960    clk_core_mmcm
    BUFGCTRL_X0Y0        BUFG (Prop_bufg_I_O)         0.091    12.051 r  u_bufg_core/O
                         net (fo=4633, routed)        1.669    13.720    u_mlkem/u_alu/clk_core
    SLICE_X60Y10         FDRE                                         r  u_mlkem/u_alu/ksa_reg[3]/C
                         clock pessimism              0.517    14.237    
                         clock uncertainty           -0.074    14.162    
    SLICE_X60Y10         FDRE (Setup_fdre_C_D)        0.081    14.243    u_mlkem/u_alu/ksa_reg[3]
  -------------------------------------------------------------------
                         required time                         14.243    
                         arrival time                         -14.831    
  -------------------------------------------------------------------
                         slack                                 -0.587    

Slack (VIOLATED) :        -0.578ns  (required time - arrival time)
  Source:                 u_mlkem/u_pack/rw_reg[4]/C
                            (rising edge-triggered cell FDRE clocked by clk_core_mmcm  {rise@0.000ns fall@2.424ns period=4.848ns})
  Destination:            u_mlkem/u_alu/ksa_reg[1]/D
                            (rising edge-triggered cell FDRE clocked by clk_core_mmcm  {rise@0.000ns fall@2.424ns period=4.848ns})
  Path Group:             clk_core_mmcm
  Path Type:              Setup (Max at Slow Process Corner)
  Requirement:            4.848ns  (clk_core_mmcm rise@4.848ns - clk_core_mmcm rise@0.000ns)
  Data Path Delay:        5.358ns  (logic 2.005ns (37.421%)  route 3.353ns (62.579%))
  Logic Levels:           7  (CARRY4=2 LUT2=1 LUT3=1 LUT6=3)
  Clock Path Skew:        -0.025ns (DCD - SCD + CPR)
    Destination Clock Delay (DCD):    8.873ns = ( 13.722 - 4.848 ) 
    Source Clock Delay      (SCD):    9.416ns
    Clock Pessimism Removal (CPR):    0.517ns
  Clock Uncertainty:      0.074ns  ((TSJ^2 + DJ^2)^1/2) / 2 + PE
    Total System Jitter     (TSJ):    0.071ns
    Discrete Jitter          (DJ):    0.131ns
    Phase Error              (PE):    0.000ns

    Location             Delay type                Incr(ns)  Path(ns)    Netlist Resource(s)
  -------------------------------------------------------------------    -------------------
                         (clock clk_core_mmcm rise edge)
                                                      0.000     0.000 r  
    E3                                                0.000     0.000 r  clk_100mhz (IN)
                         net (fo=0)                   0.000     0.000    clk_100mhz
    E3                   IBUF (Prop_ibuf_I_O)         1.482     1.482 r  clk_100mhz_IBUF_inst/O
                         net (fo=1, routed)           2.025     3.506    clk_100mhz_IBUF
    BUFGCTRL_X0Y16       BUFG (Prop_bufg_I_O)         0.096     3.602 r  clk_100mhz_IBUF_BUFG_inst/O
                         net (fo=2651, routed)        1.809     5.412    clk_100mhz_IBUF_BUFG
    MMCME2_ADV_X0Y0      MMCME2_ADV (Prop_mmcme2_adv_CLKIN1_CLKOUT0)
                                                      0.088     5.500 r  u_mmcm/CLKOUT0
                         net (fo=1, routed)           2.018     7.518    clk_core_mmcm
    BUFGCTRL_X0Y0        BUFG (Prop_bufg_I_O)         0.096     7.614 r  u_bufg_core/O
                         net (fo=4633, routed)        1.801     9.416    u_mlkem/u_pack/clk_core
    SLICE_X61Y6          FDRE                                         r  u_mlkem/u_pack/rw_reg[4]/C
  -------------------------------------------------------------------    -------------------
    SLICE_X61Y6          FDRE (Prop_fdre_C_Q)         0.456     9.872 r  u_mlkem/u_pack/rw_reg[4]/Q
                         net (fo=19, routed)          0.950    10.821    u_mlkem/u_pack/rw[4]
    SLICE_X58Y10         LUT2 (Prop_lut2_I0_O)        0.124    10.945 r  u_mlkem/u_pack/ksa[7]_i_10/O
                         net (fo=1, routed)           0.000    10.945    u_mlkem/u_pack/ksa[7]_i_10_n_0
    SLICE_X58Y10         CARRY4 (Prop_carry4_S[0]_CO[3])
                                                      0.513    11.458 r  u_mlkem/u_pack/ksa_reg[7]_i_4/CO[3]
                         net (fo=1, routed)           0.000    11.458    u_mlkem/u_pack/ksa_reg[7]_i_4_n_0
    SLICE_X58Y11         CARRY4 (Prop_carry4_CI_O[2])
                                                      0.239    11.697 r  u_mlkem/u_pack/ksa_reg[11]_i_2/O[2]
                         net (fo=11, routed)          0.694    12.392    u_mlkem/u_pack/ksa_reg[11]_i_2_n_5
    SLICE_X60Y11         LUT3 (Prop_lut3_I2_O)        0.301    12.693 r  u_mlkem/u_pack/ksa[7]_i_5/O
                         net (fo=10, routed)          0.468    13.161    u_mlkem/u_pack/ksa[7]_i_5_n_0
    SLICE_X59Y11         LUT6 (Prop_lut6_I0_O)        0.124    13.285 r  u_mlkem/u_pack/ksa[3]_i_4/O
                         net (fo=2, routed)           0.658    13.943    u_mlkem/u_pack/ksa[3]_i_4_n_0
    SLICE_X61Y2          LUT6 (Prop_lut6_I5_O)        0.124    14.067 r  u_mlkem/u_pack/ksa[1]_i_2/O
                         net (fo=2, routed)           0.583    14.650    u_mlkem/u_pack/ksa[1]_i_2_n_0
    SLICE_X61Y3          LUT6 (Prop_lut6_I0_O)        0.124    14.774 r  u_mlkem/u_pack/ksa[1]_i_1/O
                         net (fo=1, routed)           0.000    14.774    u_mlkem/u_alu/ksa_reg[11]_0[1]
    SLICE_X61Y3          FDRE                                         r  u_mlkem/u_alu/ksa_reg[1]/D
  -------------------------------------------------------------------    -------------------

                         (clock clk_core_mmcm rise edge)
                                                      4.848     4.848 r  
    E3                                                0.000     4.848 r  clk_100mhz (IN)
                         net (fo=0)                   0.000     4.848    clk_100mhz
    E3                   IBUF (Prop_ibuf_I_O)         1.411     6.260 r  clk_100mhz_IBUF_inst/O
                         net (fo=1, routed)           1.920     8.180    clk_100mhz_IBUF
    BUFGCTRL_X0Y16       BUFG (Prop_bufg_I_O)         0.091     8.271 r  clk_100mhz_IBUF_BUFG_inst/O
                         net (fo=2651, routed)        1.683     9.954    clk_100mhz_IBUF_BUFG
    MMCME2_ADV_X0Y0      MMCME2_ADV (Prop_mmcme2_adv_CLKIN1_CLKOUT0)
                                                      0.083    10.037 r  u_mmcm/CLKOUT0
                         net (fo=1, routed)           1.923    11.960    clk_core_mmcm
    BUFGCTRL_X0Y0        BUFG (Prop_bufg_I_O)         0.091    12.051 r  u_bufg_core/O
                         net (fo=4633, routed)        1.671    13.722    u_mlkem/u_alu/clk_core
    SLICE_X61Y3          FDRE                                         r  u_mlkem/u_alu/ksa_reg[1]/C
                         clock pessimism              0.517    14.239    
                         clock uncertainty           -0.074    14.164    
    SLICE_X61Y3          FDRE (Setup_fdre_C_D)        0.031    14.195    u_mlkem/u_alu/ksa_reg[1]
  -------------------------------------------------------------------
                         required time                         14.195    
                         arrival time                         -14.774    
  -------------------------------------------------------------------
                         slack                                 -0.578    

Slack (VIOLATED) :        -0.459ns  (required time - arrival time)
  Source:                 u_mlkem/u_alu/layer_reg[0]/C
                            (rising edge-triggered cell FDRE clocked by clk_core_mmcm  {rise@0.000ns fall@2.424ns period=4.848ns})
  Destination:            u_mlkem/u_alu/pz_reg[0][9]/D
                            (rising edge-triggered cell FDRE clocked by clk_core_mmcm  {rise@0.000ns fall@2.424ns period=4.848ns})
  Path Group:             clk_core_mmcm
  Path Type:              Setup (Max at Slow Process Corner)
  Requirement:            4.848ns  (clk_core_mmcm rise@4.848ns - clk_core_mmcm rise@0.000ns)
  Data Path Delay:        5.254ns  (logic 2.366ns (45.035%)  route 2.888ns (54.965%))
  Logic Levels:           8  (CARRY4=2 LUT4=1 LUT5=2 LUT6=2 MUXF7=1)
  Clock Path Skew:        -0.043ns (DCD - SCD + CPR)
    Destination Clock Delay (DCD):    8.876ns = ( 13.725 - 4.848 ) 
    Source Clock Delay      (SCD):    9.420ns
    Clock Pessimism Removal (CPR):    0.500ns
  Clock Uncertainty:      0.074ns  ((TSJ^2 + DJ^2)^1/2) / 2 + PE
    Total System Jitter     (TSJ):    0.071ns
    Discrete Jitter          (DJ):    0.131ns
    Phase Error              (PE):    0.000ns

    Location             Delay type                Incr(ns)  Path(ns)    Netlist Resource(s)
  -------------------------------------------------------------------    -------------------
                         (clock clk_core_mmcm rise edge)
                                                      0.000     0.000 r  
    E3                                                0.000     0.000 r  clk_100mhz (IN)
                         net (fo=0)                   0.000     0.000    clk_100mhz
    E3                   IBUF (Prop_ibuf_I_O)         1.482     1.482 r  clk_100mhz_IBUF_inst/O
                         net (fo=1, routed)           2.025     3.506    clk_100mhz_IBUF
    BUFGCTRL_X0Y16       BUFG (Prop_bufg_I_O)         0.096     3.602 r  clk_100mhz_IBUF_BUFG_inst/O
                         net (fo=2651, routed)        1.809     5.412    clk_100mhz_IBUF_BUFG
    MMCME2_ADV_X0Y0      MMCME2_ADV (Prop_mmcme2_adv_CLKIN1_CLKOUT0)
                                                      0.088     5.500 r  u_mmcm/CLKOUT0
                         net (fo=1, routed)           2.018     7.518    clk_core_mmcm
    BUFGCTRL_X0Y0        BUFG (Prop_bufg_I_O)         0.096     7.614 r  u_bufg_core/O
                         net (fo=4633, routed)        1.805     9.420    u_mlkem/u_alu/clk_core
    SLICE_X48Y3          FDRE                                         r  u_mlkem/u_alu/layer_reg[0]/C
  -------------------------------------------------------------------    -------------------
    SLICE_X48Y3          FDRE (Prop_fdre_C_Q)         0.456     9.876 f  u_mlkem/u_alu/layer_reg[0]/Q
                         net (fo=72, routed)          0.913    10.788    u_mlkem/u_alu/u_zetas/pjw_reg[0][3]_0
    SLICE_X48Y4          LUT4 (Prop_lut4_I1_O)        0.124    10.912 r  u_mlkem/u_alu/u_zetas/rb_addr[3]_i_5/O
                         net (fo=3, routed)           0.667    11.579    u_mlkem/u_alu/u_zetas/layer_reg[1][0]
    SLICE_X48Y3          LUT6 (Prop_lut6_I5_O)        0.124    11.703 r  u_mlkem/u_alu/u_zetas/zeta00_carry_i_18/O
                         net (fo=1, routed)           0.162    11.865    u_mlkem/u_alu/u_zetas/zeta00_carry_i_18_n_0
    SLICE_X48Y3          LUT5 (Prop_lut5_I4_O)        0.124    11.989 r  u_mlkem/u_alu/u_zetas/zeta00_carry_i_4/O
                         net (fo=2, routed)           0.304    12.293    u_mlkem/u_alu/u_zetas/zeta00_carry_i_4_n_0
    SLICE_X49Y3          LUT5 (Prop_lut5_I0_O)        0.124    12.417 r  u_mlkem/u_alu/u_zetas/zeta00_carry_i_8/O
                         net (fo=1, routed)           0.000    12.417    u_mlkem/u_alu/u_zetas/zeta00_carry_i_8_n_0
    SLICE_X49Y3          CARRY4 (Prop_carry4_S[0]_CO[3])
                                                      0.532    12.949 r  u_mlkem/u_alu/u_zetas/zeta00_carry/CO[3]
                         net (fo=1, routed)           0.000    12.949    u_mlkem/u_alu/u_zetas/zeta00_carry_n_0
    SLICE_X49Y4          CARRY4 (Prop_carry4_CI_O[1])
                                                      0.334    13.283 r  u_mlkem/u_alu/u_zetas/zeta00_carry__0/O[1]
                         net (fo=24, routed)          0.842    14.125    u_mlkem/sel[5]
    SLICE_X51Y2          LUT6 (Prop_lut6_I5_O)        0.303    14.428 r  u_mlkem/g1_b9/O
                         net (fo=1, routed)           0.000    14.428    u_mlkem/u_alu/u_zetas/pz_reg[0][9]_0
    SLICE_X51Y2          MUXF7 (Prop_muxf7_I1_O)      0.245    14.673 r  u_mlkem/u_alu/u_zetas/pz_reg[0][9]_i_1/O
                         net (fo=1, routed)           0.000    14.673    u_mlkem/u_alu/u_zetas_n_9
    SLICE_X51Y2          FDRE                                         r  u_mlkem/u_alu/pz_reg[0][9]/D
  -------------------------------------------------------------------    -------------------

                         (clock clk_core_mmcm rise edge)
                                                      4.848     4.848 r  
    E3                                                0.000     4.848 r  clk_100mhz (IN)
                         net (fo=0)                   0.000     4.848    clk_100mhz
    E3                   IBUF (Prop_ibuf_I_O)         1.411     6.260 r  clk_100mhz_IBUF_inst/O
                         net (fo=1, routed)           1.920     8.180    clk_100mhz_IBUF
    BUFGCTRL_X0Y16       BUFG (Prop_bufg_I_O)         0.091     8.271 r  clk_100mhz_IBUF_BUFG_inst/O
                         net (fo=2651, routed)        1.683     9.954    clk_100mhz_IBUF_BUFG
    MMCME2_ADV_X0Y0      MMCME2_ADV (Prop_mmcme2_adv_CLKIN1_CLKOUT0)
                                                      0.083    10.037 r  u_mmcm/CLKOUT0
                         net (fo=1, routed)           1.923    11.960    clk_core_mmcm
    BUFGCTRL_X0Y0        BUFG (Prop_bufg_I_O)         0.091    12.051 r  u_bufg_core/O
                         net (fo=4633, routed)        1.674    13.725    u_mlkem/u_alu/clk_core
    SLICE_X51Y2          FDRE                                         r  u_mlkem/u_alu/pz_reg[0][9]/C
                         clock pessimism              0.500    14.225    
                         clock uncertainty           -0.074    14.150    
    SLICE_X51Y2          FDRE (Setup_fdre_C_D)        0.064    14.214    u_mlkem/u_alu/pz_reg[0][9]
  -------------------------------------------------------------------
                         required time                         14.214    
                         arrival time                         -14.673    
  -------------------------------------------------------------------
                         slack                                 -0.459    

Slack (VIOLATED) :        -0.455ns  (required time - arrival time)
  Source:                 u_mlkem/u_unpack/param_r_reg[1]/C
                            (rising edge-triggered cell FDRE clocked by clk_core_mmcm  {rise@0.000ns fall@2.424ns period=4.848ns})
  Destination:            u_mlkem/u_unpack/rq1_reg[7]/D
                            (rising edge-triggered cell FDSE clocked by clk_core_mmcm  {rise@0.000ns fall@2.424ns period=4.848ns})
  Path Group:             clk_core_mmcm
  Path Type:              Setup (Max at Slow Process Corner)
  Requirement:            4.848ns  (clk_core_mmcm rise@4.848ns - clk_core_mmcm rise@0.000ns)
  Data Path Delay:        5.212ns  (logic 2.437ns (46.754%)  route 2.775ns (53.246%))
  Logic Levels:           10  (CARRY4=6 LUT5=1 LUT6=3)
  Clock Path Skew:        -0.049ns (DCD - SCD + CPR)
    Destination Clock Delay (DCD):    8.852ns = ( 13.701 - 4.848 ) 
    Source Clock Delay      (SCD):    9.402ns
    Clock Pessimism Removal (CPR):    0.500ns
  Clock Uncertainty:      0.074ns  ((TSJ^2 + DJ^2)^1/2) / 2 + PE
    Total System Jitter     (TSJ):    0.071ns
    Discrete Jitter          (DJ):    0.131ns
    Phase Error              (PE):    0.000ns

    Location             Delay type                Incr(ns)  Path(ns)    Netlist Resource(s)
  -------------------------------------------------------------------    -------------------
                         (clock clk_core_mmcm rise edge)
                                                      0.000     0.000 r  
    E3                                                0.000     0.000 r  clk_100mhz (IN)
                         net (fo=0)                   0.000     0.000    clk_100mhz
    E3                   IBUF (Prop_ibuf_I_O)         1.482     1.482 r  clk_100mhz_IBUF_inst/O
                         net (fo=1, routed)           2.025     3.506    clk_100mhz_IBUF
    BUFGCTRL_X0Y16       BUFG (Prop_bufg_I_O)         0.096     3.602 r  clk_100mhz_IBUF_BUFG_inst/O
                         net (fo=2651, routed)        1.809     5.412    clk_100mhz_IBUF_BUFG
    MMCME2_ADV_X0Y0      MMCME2_ADV (Prop_mmcme2_adv_CLKIN1_CLKOUT0)
                                                      0.088     5.500 r  u_mmcm/CLKOUT0
                         net (fo=1, routed)           2.018     7.518    clk_core_mmcm
    BUFGCTRL_X0Y0        BUFG (Prop_bufg_I_O)         0.096     7.614 r  u_bufg_core/O
                         net (fo=4633, routed)        1.787     9.402    u_mlkem/u_unpack/clk_core
    SLICE_X60Y21         FDRE                                         r  u_mlkem/u_unpack/param_r_reg[1]/C
  -------------------------------------------------------------------    -------------------
    SLICE_X60Y21         FDRE (Prop_fdre_C_Q)         0.518     9.920 r  u_mlkem/u_unpack/param_r_reg[1]/Q
                         net (fo=67, routed)          0.949    10.868    u_mlkem/u_unpack/param_r[1]
    SLICE_X55Y22         LUT5 (Prop_lut5_I1_O)        0.124    10.992 r  u_mlkem/u_unpack/rq1[0]_i_19/O
                         net (fo=1, routed)           0.000    10.992    u_mlkem/u_unpack/rq1[0]_i_19_n_0
    SLICE_X55Y22         CARRY4 (Prop_carry4_S[1]_CO[3])
                                                      0.550    11.542 r  u_mlkem/u_unpack/rq1_reg[0]_i_12/CO[3]
                         net (fo=1, routed)           0.000    11.542    u_mlkem/u_unpack/rq1_reg[0]_i_12_n_0
    SLICE_X55Y23         CARRY4 (Prop_carry4_CI_CO[3])
                                                      0.114    11.656 r  u_mlkem/u_unpack/rq1_reg[0]_i_11/CO[3]
                         net (fo=1, routed)           0.000    11.656    u_mlkem/u_unpack/rq1_reg[0]_i_11_n_0
    SLICE_X55Y24         CARRY4 (Prop_carry4_CI_CO[3])
                                                      0.114    11.770 r  u_mlkem/u_unpack/rq1_reg[9]_i_12/CO[3]
                         net (fo=1, routed)           0.009    11.779    u_mlkem/u_unpack/rq1_reg[9]_i_12_n_0
    SLICE_X55Y25         CARRY4 (Prop_carry4_CI_CO[3])
                                                      0.114    11.893 r  u_mlkem/u_unpack/rq1_reg[11]_i_11/CO[3]
                         net (fo=1, routed)           0.000    11.893    u_mlkem/u_unpack/rq1_reg[11]_i_11_n_0
    SLICE_X55Y26         CARRY4 (Prop_carry4_CI_CO[3])
                                                      0.114    12.007 r  u_mlkem/u_unpack/rq1_reg[11]_i_9/CO[3]
                         net (fo=1, routed)           0.000    12.007    u_mlkem/u_unpack/rq1_reg[11]_i_9_n_0
    SLICE_X55Y27         CARRY4 (Prop_carry4_CI_O[2])
                                                      0.239    12.246 r  u_mlkem/u_unpack/rq1_reg[11]_i_12/O[2]
                         net (fo=2, routed)           0.493    12.740    u_mlkem/u_unpack/decompress_return1[22]
    SLICE_X53Y26         LUT6 (Prop_lut6_I0_O)        0.302    13.042 r  u_mlkem/u_unpack/rq1[9]_i_9/O
                         net (fo=4, routed)           1.001    14.042    u_mlkem/u_unpack/rq1[9]_i_9_n_0
    SLICE_X57Y24         LUT6 (Prop_lut6_I0_O)        0.124    14.166 r  u_mlkem/u_unpack/rq1[7]_i_5/O
                         net (fo=1, routed)           0.323    14.490    u_mlkem/u_unpack/rq1[7]_i_5_n_0
    SLICE_X57Y25         LUT6 (Prop_lut6_I5_O)        0.124    14.614 r  u_mlkem/u_unpack/rq1[7]_i_2/O
                         net (fo=1, routed)           0.000    14.614    u_mlkem/u_unpack/rq1[7]_i_2_n_0
    SLICE_X57Y25         FDSE                                         r  u_mlkem/u_unpack/rq1_reg[7]/D
  -------------------------------------------------------------------    -------------------

                         (clock clk_core_mmcm rise edge)
                                                      4.848     4.848 r  
    E3                                                0.000     4.848 r  clk_100mhz (IN)
                         net (fo=0)                   0.000     4.848    clk_100mhz
    E3                   IBUF (Prop_ibuf_I_O)         1.411     6.260 r  clk_100mhz_IBUF_inst/O
                         net (fo=1, routed)           1.920     8.180    clk_100mhz_IBUF
    BUFGCTRL_X0Y16       BUFG (Prop_bufg_I_O)         0.091     8.271 r  clk_100mhz_IBUF_BUFG_inst/O
                         net (fo=2651, routed)        1.683     9.954    clk_100mhz_IBUF_BUFG
    MMCME2_ADV_X0Y0      MMCME2_ADV (Prop_mmcme2_adv_CLKIN1_CLKOUT0)
                                                      0.083    10.037 r  u_mmcm/CLKOUT0
                         net (fo=1, routed)           1.923    11.960    clk_core_mmcm
    BUFGCTRL_X0Y0        BUFG (Prop_bufg_I_O)         0.091    12.051 r  u_bufg_core/O
                         net (fo=4633, routed)        1.650    13.701    u_mlkem/u_unpack/clk_core
    SLICE_X57Y25         FDSE                                         r  u_mlkem/u_unpack/rq1_reg[7]/C
                         clock pessimism              0.500    14.201    
                         clock uncertainty           -0.074    14.126    
    SLICE_X57Y25         FDSE (Setup_fdse_C_D)        0.032    14.158    u_mlkem/u_unpack/rq1_reg[7]
  -------------------------------------------------------------------
                         required time                         14.158    
                         arrival time                         -14.614    
  -------------------------------------------------------------------
                         slack                                 -0.455    

Slack (VIOLATED) :        -0.450ns  (required time - arrival time)
  Source:                 u_mlkem/u_alu/layer_reg[0]/C
                            (rising edge-triggered cell FDRE clocked by clk_core_mmcm  {rise@0.000ns fall@2.424ns period=4.848ns})
  Destination:            u_mlkem/u_alu/pz_reg[0][5]/D
                            (rising edge-triggered cell FDRE clocked by clk_core_mmcm  {rise@0.000ns fall@2.424ns period=4.848ns})
  Path Group:             clk_core_mmcm
  Path Type:              Setup (Max at Slow Process Corner)
  Requirement:            4.848ns  (clk_core_mmcm rise@4.848ns - clk_core_mmcm rise@0.000ns)
  Data Path Delay:        5.264ns  (logic 2.250ns (42.741%)  route 3.014ns (57.259%))
  Logic Levels:           8  (CARRY4=2 LUT4=1 LUT5=2 LUT6=2 MUXF7=1)
  Clock Path Skew:        -0.024ns (DCD - SCD + CPR)
    Destination Clock Delay (DCD):    8.878ns = ( 13.727 - 4.848 ) 
    Source Clock Delay      (SCD):    9.420ns
    Clock Pessimism Removal (CPR):    0.517ns
  Clock Uncertainty:      0.074ns  ((TSJ^2 + DJ^2)^1/2) / 2 + PE
    Total System Jitter     (TSJ):    0.071ns
    Discrete Jitter          (DJ):    0.131ns
    Phase Error              (PE):    0.000ns

    Location             Delay type                Incr(ns)  Path(ns)    Netlist Resource(s)
  -------------------------------------------------------------------    -------------------
                         (clock clk_core_mmcm rise edge)
                                                      0.000     0.000 r  
    E3                                                0.000     0.000 r  clk_100mhz (IN)
                         net (fo=0)                   0.000     0.000    clk_100mhz
    E3                   IBUF (Prop_ibuf_I_O)         1.482     1.482 r  clk_100mhz_IBUF_inst/O
                         net (fo=1, routed)           2.025     3.506    clk_100mhz_IBUF
    BUFGCTRL_X0Y16       BUFG (Prop_bufg_I_O)         0.096     3.602 r  clk_100mhz_IBUF_BUFG_inst/O
                         net (fo=2651, routed)        1.809     5.412    clk_100mhz_IBUF_BUFG
    MMCME2_ADV_X0Y0      MMCME2_ADV (Prop_mmcme2_adv_CLKIN1_CLKOUT0)
                                                      0.088     5.500 r  u_mmcm/CLKOUT0
                         net (fo=1, routed)           2.018     7.518    clk_core_mmcm
    BUFGCTRL_X0Y0        BUFG (Prop_bufg_I_O)         0.096     7.614 r  u_bufg_core/O
                         net (fo=4633, routed)        1.805     9.420    u_mlkem/u_alu/clk_core
    SLICE_X48Y3          FDRE                                         r  u_mlkem/u_alu/layer_reg[0]/C
  -------------------------------------------------------------------    -------------------
    SLICE_X48Y3          FDRE (Prop_fdre_C_Q)         0.456     9.876 f  u_mlkem/u_alu/layer_reg[0]/Q
                         net (fo=72, routed)          0.913    10.788    u_mlkem/u_alu/u_zetas/pjw_reg[0][3]_0
    SLICE_X48Y4          LUT4 (Prop_lut4_I1_O)        0.124    10.912 r  u_mlkem/u_alu/u_zetas/rb_addr[3]_i_5/O
                         net (fo=3, routed)           0.667    11.579    u_mlkem/u_alu/u_zetas/layer_reg[1][0]
    SLICE_X48Y3          LUT6 (Prop_lut6_I5_O)        0.124    11.703 r  u_mlkem/u_alu/u_zetas/zeta00_carry_i_18/O
                         net (fo=1, routed)           0.162    11.865    u_mlkem/u_alu/u_zetas/zeta00_carry_i_18_n_0
    SLICE_X48Y3          LUT5 (Prop_lut5_I4_O)        0.124    11.989 r  u_mlkem/u_alu/u_zetas/zeta00_carry_i_4/O
                         net (fo=2, routed)           0.304    12.293    u_mlkem/u_alu/u_zetas/zeta00_carry_i_4_n_0
    SLICE_X49Y3          LUT5 (Prop_lut5_I0_O)        0.124    12.417 r  u_mlkem/u_alu/u_zetas/zeta00_carry_i_8/O
                         net (fo=1, routed)           0.000    12.417    u_mlkem/u_alu/u_zetas/zeta00_carry_i_8_n_0
    SLICE_X49Y3          CARRY4 (Prop_carry4_S[0]_CO[3])
                                                      0.532    12.949 r  u_mlkem/u_alu/u_zetas/zeta00_carry/CO[3]
                         net (fo=1, routed)           0.000    12.949    u_mlkem/u_alu/u_zetas/zeta00_carry_n_0
    SLICE_X49Y4          CARRY4 (Prop_carry4_CI_O[0])
                                                      0.222    13.171 r  u_mlkem/u_alu/u_zetas/zeta00_carry__0/O[0]
                         net (fo=24, routed)          0.968    14.140    u_mlkem/sel[4]
    SLICE_X48Y2          LUT6 (Prop_lut6_I4_O)        0.299    14.439 r  u_mlkem/g1_b5/O
                         net (fo=1, routed)           0.000    14.439    u_mlkem/u_alu/u_zetas/pz_reg[0][5]_0
    SLICE_X48Y2          MUXF7 (Prop_muxf7_I1_O)      0.245    14.684 r  u_mlkem/u_alu/u_zetas/pz_reg[0][5]_i_1/O
                         net (fo=1, routed)           0.000    14.684    u_mlkem/u_alu/u_zetas_n_5
    SLICE_X48Y2          FDRE                                         r  u_mlkem/u_alu/pz_reg[0][5]/D
  -------------------------------------------------------------------    -------------------

                         (clock clk_core_mmcm rise edge)
                                                      4.848     4.848 r  
    E3                                                0.000     4.848 r  clk_100mhz (IN)
                         net (fo=0)                   0.000     4.848    clk_100mhz
    E3                   IBUF (Prop_ibuf_I_O)         1.411     6.260 r  clk_100mhz_IBUF_inst/O
                         net (fo=1, routed)           1.920     8.180    clk_100mhz_IBUF
    BUFGCTRL_X0Y16       BUFG (Prop_bufg_I_O)         0.091     8.271 r  clk_100mhz_IBUF_BUFG_inst/O
                         net (fo=2651, routed)        1.683     9.954    clk_100mhz_IBUF_BUFG
    MMCME2_ADV_X0Y0      MMCME2_ADV (Prop_mmcme2_adv_CLKIN1_CLKOUT0)
                                                      0.083    10.037 r  u_mmcm/CLKOUT0
                         net (fo=1, routed)           1.923    11.960    clk_core_mmcm
    BUFGCTRL_X0Y0        BUFG (Prop_bufg_I_O)         0.091    12.051 r  u_bufg_core/O
                         net (fo=4633, routed)        1.676    13.727    u_mlkem/u_alu/clk_core
    SLICE_X48Y2          FDRE                                         r  u_mlkem/u_alu/pz_reg[0][5]/C
                         clock pessimism              0.517    14.244    
                         clock uncertainty           -0.074    14.169    
    SLICE_X48Y2          FDRE (Setup_fdre_C_D)        0.064    14.233    u_mlkem/u_alu/pz_reg[0][5]
  -------------------------------------------------------------------
                         required time                         14.233    
                         arrival time                         -14.684    
  -------------------------------------------------------------------
                         slack                                 -0.450    

Slack (VIOLATED) :        -0.443ns  (required time - arrival time)
  Source:                 u_mlkem/u_unpack/param_r_reg[1]/C
                            (rising edge-triggered cell FDRE clocked by clk_core_mmcm  {rise@0.000ns fall@2.424ns period=4.848ns})
  Destination:            u_mlkem/u_unpack/rq1_reg[1]/D
                            (rising edge-triggered cell FDRE clocked by clk_core_mmcm  {rise@0.000ns fall@2.424ns period=4.848ns})
  Path Group:             clk_core_mmcm
  Path Type:              Setup (Max at Slow Process Corner)
  Requirement:            4.848ns  (clk_core_mmcm rise@4.848ns - clk_core_mmcm rise@0.000ns)
  Data Path Delay:        5.283ns  (logic 2.517ns (47.644%)  route 2.766ns (52.356%))
  Logic Levels:           10  (CARRY4=5 LUT3=1 LUT5=2 LUT6=1 MUXF7=1)
  Clock Path Skew:        -0.047ns (DCD - SCD + CPR)
    Destination Clock Delay (DCD):    8.854ns = ( 13.703 - 4.848 ) 
    Source Clock Delay      (SCD):    9.402ns
    Clock Pessimism Removal (CPR):    0.500ns
  Clock Uncertainty:      0.074ns  ((TSJ^2 + DJ^2)^1/2) / 2 + PE
    Total System Jitter     (TSJ):    0.071ns
    Discrete Jitter          (DJ):    0.131ns
    Phase Error              (PE):    0.000ns

    Location             Delay type                Incr(ns)  Path(ns)    Netlist Resource(s)
  -------------------------------------------------------------------    -------------------
                         (clock clk_core_mmcm rise edge)
                                                      0.000     0.000 r  
    E3                                                0.000     0.000 r  clk_100mhz (IN)
                         net (fo=0)                   0.000     0.000    clk_100mhz
    E3                   IBUF (Prop_ibuf_I_O)         1.482     1.482 r  clk_100mhz_IBUF_inst/O
                         net (fo=1, routed)           2.025     3.506    clk_100mhz_IBUF
    BUFGCTRL_X0Y16       BUFG (Prop_bufg_I_O)         0.096     3.602 r  clk_100mhz_IBUF_BUFG_inst/O
                         net (fo=2651, routed)        1.809     5.412    clk_100mhz_IBUF_BUFG
    MMCME2_ADV_X0Y0      MMCME2_ADV (Prop_mmcme2_adv_CLKIN1_CLKOUT0)
                                                      0.088     5.500 r  u_mmcm/CLKOUT0
                         net (fo=1, routed)           2.018     7.518    clk_core_mmcm
    BUFGCTRL_X0Y0        BUFG (Prop_bufg_I_O)         0.096     7.614 r  u_bufg_core/O
                         net (fo=4633, routed)        1.787     9.402    u_mlkem/u_unpack/clk_core
    SLICE_X60Y21         FDRE                                         r  u_mlkem/u_unpack/param_r_reg[1]/C
  -------------------------------------------------------------------    -------------------
    SLICE_X60Y21         FDRE (Prop_fdre_C_Q)         0.518     9.920 r  u_mlkem/u_unpack/param_r_reg[1]/Q
                         net (fo=67, routed)          0.949    10.868    u_mlkem/u_unpack/param_r[1]
    SLICE_X55Y22         LUT5 (Prop_lut5_I1_O)        0.124    10.992 r  u_mlkem/u_unpack/rq1[0]_i_19/O
                         net (fo=1, routed)           0.000    10.992    u_mlkem/u_unpack/rq1[0]_i_19_n_0
    SLICE_X55Y22         CARRY4 (Prop_carry4_S[1]_CO[3])
                                                      0.550    11.542 r  u_mlkem/u_unpack/rq1_reg[0]_i_12/CO[3]
                         net (fo=1, routed)           0.000    11.542    u_mlkem/u_unpack/rq1_reg[0]_i_12_n_0
    SLICE_X55Y23         CARRY4 (Prop_carry4_CI_CO[3])
                                                      0.114    11.656 r  u_mlkem/u_unpack/rq1_reg[0]_i_11/CO[3]
                         net (fo=1, routed)           0.000    11.656    u_mlkem/u_unpack/rq1_reg[0]_i_11_n_0
    SLICE_X55Y24         CARRY4 (Prop_carry4_CI_CO[3])
                                                      0.114    11.770 r  u_mlkem/u_unpack/rq1_reg[9]_i_12/CO[3]
                         net (fo=1, routed)           0.009    11.779    u_mlkem/u_unpack/rq1_reg[9]_i_12_n_0
    SLICE_X55Y25         CARRY4 (Prop_carry4_CI_CO[3])
                                                      0.114    11.893 r  u_mlkem/u_unpack/rq1_reg[11]_i_11/CO[3]
                         net (fo=1, routed)           0.000    11.893    u_mlkem/u_unpack/rq1_reg[11]_i_11_n_0
    SLICE_X55Y26         CARRY4 (Prop_carry4_CI_O[0])
                                                      0.222    12.115 r  u_mlkem/u_unpack/rq1_reg[11]_i_9/O[0]
                         net (fo=4, routed)           0.753    12.868    u_mlkem/u_unpack/decompress_return1[16]
    SLICE_X56Y21         LUT6 (Prop_lut6_I0_O)        0.299    13.167 r  u_mlkem/u_unpack/rq1[4]_i_3/O
                         net (fo=4, routed)           0.640    13.807    u_mlkem/u_unpack/rq1[4]_i_3_n_0
    SLICE_X55Y21         LUT3 (Prop_lut3_I0_O)        0.124    13.931 r  u_mlkem/u_unpack/rq1[1]_i_4/O
                         net (fo=1, routed)           0.415    14.346    u_mlkem/u_unpack/rq1[1]_i_4_n_0
    SLICE_X54Y22         LUT5 (Prop_lut5_I2_O)        0.124    14.470 r  u_mlkem/u_unpack/rq1[1]_i_3/O
                         net (fo=1, routed)           0.000    14.470    u_mlkem/u_unpack/rq1[1]_i_3_n_0
    SLICE_X54Y22         MUXF7 (Prop_muxf7_I1_O)      0.214    14.684 r  u_mlkem/u_unpack/rq1_reg[1]_i_1/O
                         net (fo=1, routed)           0.000    14.684    u_mlkem/u_unpack/rq1_reg[1]_i_1_n_0
    SLICE_X54Y22         FDRE                                         r  u_mlkem/u_unpack/rq1_reg[1]/D
  -------------------------------------------------------------------    -------------------

                         (clock clk_core_mmcm rise edge)
                                                      4.848     4.848 r  
    E3                                                0.000     4.848 r  clk_100mhz (IN)
                         net (fo=0)                   0.000     4.848    clk_100mhz
    E3                   IBUF (Prop_ibuf_I_O)         1.411     6.260 r  clk_100mhz_IBUF_inst/O
                         net (fo=1, routed)           1.920     8.180    clk_100mhz_IBUF
    BUFGCTRL_X0Y16       BUFG (Prop_bufg_I_O)         0.091     8.271 r  clk_100mhz_IBUF_BUFG_inst/O
                         net (fo=2651, routed)        1.683     9.954    clk_100mhz_IBUF_BUFG
    MMCME2_ADV_X0Y0      MMCME2_ADV (Prop_mmcme2_adv_CLKIN1_CLKOUT0)
                                                      0.083    10.037 r  u_mmcm/CLKOUT0
                         net (fo=1, routed)           1.923    11.960    clk_core_mmcm
    BUFGCTRL_X0Y0        BUFG (Prop_bufg_I_O)         0.091    12.051 r  u_bufg_core/O
                         net (fo=4633, routed)        1.652    13.703    u_mlkem/u_unpack/clk_core
    SLICE_X54Y22         FDRE                                         r  u_mlkem/u_unpack/rq1_reg[1]/C
                         clock pessimism              0.500    14.203    
                         clock uncertainty           -0.074    14.128    
    SLICE_X54Y22         FDRE (Setup_fdre_C_D)        0.113    14.241    u_mlkem/u_unpack/rq1_reg[1]
  -------------------------------------------------------------------
                         required time                         14.241    
                         arrival time                         -14.684    
  -------------------------------------------------------------------
                         slack                                 -0.443    

Slack (VIOLATED) :        -0.401ns  (required time - arrival time)
  Source:                 u_mlkem/u_pack/rw_reg[2]/C
                            (rising edge-triggered cell FDRE clocked by clk_core_mmcm  {rise@0.000ns fall@2.424ns period=4.848ns})
  Destination:            u_mlkem/u_alu/ksa_reg[10]/D
                            (rising edge-triggered cell FDRE clocked by clk_core_mmcm  {rise@0.000ns fall@2.424ns period=4.848ns})
  Path Group:             clk_core_mmcm
  Path Type:              Setup (Max at Slow Process Corner)
  Requirement:            4.848ns  (clk_core_mmcm rise@4.848ns - clk_core_mmcm rise@0.000ns)
  Data Path Delay:        5.182ns  (logic 2.820ns (54.419%)  route 2.362ns (45.581%))
  Logic Levels:           7  (CARRY4=4 LUT1=1 LUT2=1 LUT6=1)
  Clock Path Skew:        -0.024ns (DCD - SCD + CPR)
    Destination Clock Delay (DCD):    8.874ns = ( 13.723 - 4.848 ) 
    Source Clock Delay      (SCD):    9.416ns
    Clock Pessimism Removal (CPR):    0.517ns
  Clock Uncertainty:      0.074ns  ((TSJ^2 + DJ^2)^1/2) / 2 + PE
    Total System Jitter     (TSJ):    0.071ns
    Discrete Jitter          (DJ):    0.131ns
    Phase Error              (PE):    0.000ns

    Location             Delay type                Incr(ns)  Path(ns)    Netlist Resource(s)
  -------------------------------------------------------------------    -------------------
                         (clock clk_core_mmcm rise edge)
                                                      0.000     0.000 r  
    E3                                                0.000     0.000 r  clk_100mhz (IN)
                         net (fo=0)                   0.000     0.000    clk_100mhz
    E3                   IBUF (Prop_ibuf_I_O)         1.482     1.482 r  clk_100mhz_IBUF_inst/O
                         net (fo=1, routed)           2.025     3.506    clk_100mhz_IBUF
    BUFGCTRL_X0Y16       BUFG (Prop_bufg_I_O)         0.096     3.602 r  clk_100mhz_IBUF_BUFG_inst/O
                         net (fo=2651, routed)        1.809     5.412    clk_100mhz_IBUF_BUFG
    MMCME2_ADV_X0Y0      MMCME2_ADV (Prop_mmcme2_adv_CLKIN1_CLKOUT0)
                                                      0.088     5.500 r  u_mmcm/CLKOUT0
                         net (fo=1, routed)           2.018     7.518    clk_core_mmcm
    BUFGCTRL_X0Y0        BUFG (Prop_bufg_I_O)         0.096     7.614 r  u_bufg_core/O
                         net (fo=4633, routed)        1.801     9.416    u_mlkem/u_pack/clk_core
    SLICE_X60Y5          FDRE                                         r  u_mlkem/u_pack/rw_reg[2]/C
  -------------------------------------------------------------------    -------------------
    SLICE_X60Y5          FDRE (Prop_fdre_C_Q)         0.518     9.934 r  u_mlkem/u_pack/rw_reg[2]/Q
                         net (fo=19, routed)          0.891    10.824    u_mlkem/u_pack/rw[2]
    SLICE_X58Y9          LUT2 (Prop_lut2_I0_O)        0.124    10.948 r  u_mlkem/u_pack/ksa[3]_i_6/O
                         net (fo=1, routed)           0.000    10.948    u_mlkem/u_pack/ksa[3]_i_6_n_0
    SLICE_X58Y9          CARRY4 (Prop_carry4_S[2]_CO[3])
                                                      0.380    11.328 r  u_mlkem/u_pack/ksa_reg[3]_i_3/CO[3]
                         net (fo=1, routed)           0.000    11.328    u_mlkem/u_pack/ksa_reg[3]_i_3_n_0
    SLICE_X58Y10         CARRY4 (Prop_carry4_CI_O[1])
                                                      0.323    11.651 f  u_mlkem/u_pack/ksa_reg[7]_i_4/O[1]
                         net (fo=7, routed)           0.697    12.348    u_mlkem/u_pack/ksa_reg[7]_i_4_n_6
    SLICE_X59Y9          LUT1 (Prop_lut1_I0_O)        0.306    12.654 r  u_mlkem/u_pack/ksa[8]_i_5/O
                         net (fo=1, routed)           0.000    12.654    u_mlkem/u_pack/ksa[8]_i_5_n_0
    SLICE_X59Y9          CARRY4 (Prop_carry4_S[0]_CO[3])
                                                      0.532    13.186 r  u_mlkem/u_pack/ksa_reg[8]_i_2/CO[3]
                         net (fo=1, routed)           0.000    13.186    u_mlkem/u_pack/ksa_reg[8]_i_2_n_0
    SLICE_X59Y10         CARRY4 (Prop_carry4_CI_O[1])
                                                      0.334    13.520 r  u_mlkem/u_pack/ksa_reg[11]_i_3/O[1]
                         net (fo=1, routed)           0.774    14.295    u_mlkem/u_pack/ksa_reg[11]_i_3_n_6
    SLICE_X61Y1          LUT6 (Prop_lut6_I1_O)        0.303    14.598 r  u_mlkem/u_pack/ksa[10]_i_1/O
                         net (fo=1, routed)           0.000    14.598    u_mlkem/u_alu/ksa_reg[11]_0[10]
    SLICE_X61Y1          FDRE                                         r  u_mlkem/u_alu/ksa_reg[10]/D
  -------------------------------------------------------------------    -------------------

                         (clock clk_core_mmcm rise edge)
                                                      4.848     4.848 r  
    E3                                                0.000     4.848 r  clk_100mhz (IN)
                         net (fo=0)                   0.000     4.848    clk_100mhz
    E3                   IBUF (Prop_ibuf_I_O)         1.411     6.260 r  clk_100mhz_IBUF_inst/O
                         net (fo=1, routed)           1.920     8.180    clk_100mhz_IBUF
    BUFGCTRL_X0Y16       BUFG (Prop_bufg_I_O)         0.091     8.271 r  clk_100mhz_IBUF_BUFG_inst/O
                         net (fo=2651, routed)        1.683     9.954    clk_100mhz_IBUF_BUFG
    MMCME2_ADV_X0Y0      MMCME2_ADV (Prop_mmcme2_adv_CLKIN1_CLKOUT0)
                                                      0.083    10.037 r  u_mmcm/CLKOUT0
                         net (fo=1, routed)           1.923    11.960    clk_core_mmcm
    BUFGCTRL_X0Y0        BUFG (Prop_bufg_I_O)         0.091    12.051 r  u_bufg_core/O
                         net (fo=4633, routed)        1.672    13.723    u_mlkem/u_alu/clk_core
    SLICE_X61Y1          FDRE                                         r  u_mlkem/u_alu/ksa_reg[10]/C
                         clock pessimism              0.517    14.240    
                         clock uncertainty           -0.074    14.165    
    SLICE_X61Y1          FDRE (Setup_fdre_C_D)        0.031    14.196    u_mlkem/u_alu/ksa_reg[10]
  -------------------------------------------------------------------
                         required time                         14.196    
                         arrival time                         -14.598    
  -------------------------------------------------------------------
                         slack                                 -0.401    

Slack (VIOLATED) :        -0.390ns  (required time - arrival time)
  Source:                 u_mlkem/u_unpack/g0_reg[0]/C
                            (rising edge-triggered cell FDRE clocked by clk_core_mmcm  {rise@0.000ns fall@2.424ns period=4.848ns})
  Destination:            u_mlkem/u_unpack/rq0_reg[11]/D
                            (rising edge-triggered cell FDRE clocked by clk_core_mmcm  {rise@0.000ns fall@2.424ns period=4.848ns})
  Path Group:             clk_core_mmcm
  Path Type:              Setup (Max at Slow Process Corner)
  Requirement:            4.848ns  (clk_core_mmcm rise@4.848ns - clk_core_mmcm rise@0.000ns)
  Data Path Delay:        5.206ns  (logic 2.204ns (42.333%)  route 3.002ns (57.667%))
  Logic Levels:           8  (CARRY4=3 LUT5=2 LUT6=3)
  Clock Path Skew:        -0.039ns (DCD - SCD + CPR)
    Destination Clock Delay (DCD):    8.859ns = ( 13.708 - 4.848 ) 
    Source Clock Delay      (SCD):    9.399ns
    Clock Pessimism Removal (CPR):    0.500ns
  Clock Uncertainty:      0.074ns  ((TSJ^2 + DJ^2)^1/2) / 2 + PE
    Total System Jitter     (TSJ):    0.071ns
    Discrete Jitter          (DJ):    0.131ns
    Phase Error              (PE):    0.000ns

    Location             Delay type                Incr(ns)  Path(ns)    Netlist Resource(s)
  -------------------------------------------------------------------    -------------------
                         (clock clk_core_mmcm rise edge)
                                                      0.000     0.000 r  
    E3                                                0.000     0.000 r  clk_100mhz (IN)
                         net (fo=0)                   0.000     0.000    clk_100mhz
    E3                   IBUF (Prop_ibuf_I_O)         1.482     1.482 r  clk_100mhz_IBUF_inst/O
                         net (fo=1, routed)           2.025     3.506    clk_100mhz_IBUF
    BUFGCTRL_X0Y16       BUFG (Prop_bufg_I_O)         0.096     3.602 r  clk_100mhz_IBUF_BUFG_inst/O
                         net (fo=2651, routed)        1.809     5.412    clk_100mhz_IBUF_BUFG
    MMCME2_ADV_X0Y0      MMCME2_ADV (Prop_mmcme2_adv_CLKIN1_CLKOUT0)
                                                      0.088     5.500 r  u_mmcm/CLKOUT0
                         net (fo=1, routed)           2.018     7.518    clk_core_mmcm
    BUFGCTRL_X0Y0        BUFG (Prop_bufg_I_O)         0.096     7.614 r  u_bufg_core/O
                         net (fo=4633, routed)        1.784     9.399    u_mlkem/u_unpack/clk_core
    SLICE_X61Y22         FDRE                                         r  u_mlkem/u_unpack/g0_reg[0]/C
  -------------------------------------------------------------------    -------------------
    SLICE_X61Y22         FDRE (Prop_fdre_C_Q)         0.456     9.855 r  u_mlkem/u_unpack/g0_reg[0]/Q
                         net (fo=9, routed)           0.988    10.842    u_mlkem/u_unpack/g0_reg_n_0_[0]
    SLICE_X58Y22         LUT5 (Prop_lut5_I0_O)        0.124    10.966 r  u_mlkem/u_unpack/rq0[0]_i_20/O
                         net (fo=1, routed)           0.000    10.966    u_mlkem/u_unpack/rq0[0]_i_20_n_0
    SLICE_X58Y22         CARRY4 (Prop_carry4_S[0]_CO[3])
                                                      0.513    11.479 r  u_mlkem/u_unpack/rq0_reg[0]_i_12/CO[3]
                         net (fo=1, routed)           0.000    11.479    u_mlkem/u_unpack/rq0_reg[0]_i_12_n_0
    SLICE_X58Y23         CARRY4 (Prop_carry4_CI_CO[3])
                                                      0.117    11.596 r  u_mlkem/u_unpack/rq0_reg[0]_i_11/CO[3]
                         net (fo=1, routed)           0.000    11.596    u_mlkem/u_unpack/rq0_reg[0]_i_11_n_0
    SLICE_X58Y24         CARRY4 (Prop_carry4_CI_O[3])
                                                      0.315    11.911 r  u_mlkem/u_unpack/rq0_reg[9]_i_15/O[3]
                         net (fo=3, routed)           1.051    12.962    u_mlkem/u_unpack/decompress_return11_out[11]
    SLICE_X60Y26         LUT6 (Prop_lut6_I5_O)        0.307    13.269 r  u_mlkem/u_unpack/rq0[9]_i_11/O
                         net (fo=3, routed)           0.321    13.590    u_mlkem/u_unpack/rq0[9]_i_11_n_0
    SLICE_X61Y28         LUT6 (Prop_lut6_I5_O)        0.124    13.714 r  u_mlkem/u_unpack/rq0[11]_i_7/O
                         net (fo=2, routed)           0.481    14.195    u_mlkem/u_unpack/rq0[11]_i_7_n_0
    SLICE_X60Y27         LUT6 (Prop_lut6_I0_O)        0.124    14.319 r  u_mlkem/u_unpack/rq0[11]_i_3/O
                         net (fo=1, routed)           0.162    14.481    u_mlkem/u_unpack/rq0[11]_i_3_n_0
    SLICE_X60Y27         LUT5 (Prop_lut5_I3_O)        0.124    14.605 r  u_mlkem/u_unpack/rq0[11]_i_1/O
                         net (fo=1, routed)           0.000    14.605    u_mlkem/u_unpack/rq0[11]_i_1_n_0
    SLICE_X60Y27         FDRE                                         r  u_mlkem/u_unpack/rq0_reg[11]/D
  -------------------------------------------------------------------    -------------------

                         (clock clk_core_mmcm rise edge)
                                                      4.848     4.848 r  
    E3                                                0.000     4.848 r  clk_100mhz (IN)
                         net (fo=0)                   0.000     4.848    clk_100mhz
    E3                   IBUF (Prop_ibuf_I_O)         1.411     6.260 r  clk_100mhz_IBUF_inst/O
                         net (fo=1, routed)           1.920     8.180    clk_100mhz_IBUF
    BUFGCTRL_X0Y16       BUFG (Prop_bufg_I_O)         0.091     8.271 r  clk_100mhz_IBUF_BUFG_inst/O
                         net (fo=2651, routed)        1.683     9.954    clk_100mhz_IBUF_BUFG
    MMCME2_ADV_X0Y0      MMCME2_ADV (Prop_mmcme2_adv_CLKIN1_CLKOUT0)
                                                      0.083    10.037 r  u_mmcm/CLKOUT0
                         net (fo=1, routed)           1.923    11.960    clk_core_mmcm
    BUFGCTRL_X0Y0        BUFG (Prop_bufg_I_O)         0.091    12.051 r  u_bufg_core/O
                         net (fo=4633, routed)        1.657    13.708    u_mlkem/u_unpack/clk_core
    SLICE_X60Y27         FDRE                                         r  u_mlkem/u_unpack/rq0_reg[11]/C
                         clock pessimism              0.500    14.208    
                         clock uncertainty           -0.074    14.133    
    SLICE_X60Y27         FDRE (Setup_fdre_C_D)        0.081    14.214    u_mlkem/u_unpack/rq0_reg[11]
  -------------------------------------------------------------------
                         required time                         14.214    
                         arrival time                         -14.605    
  -------------------------------------------------------------------
                         slack                                 -0.390    

Slack (VIOLATED) :        -0.376ns  (required time - arrival time)
  Source:                 u_mlkem/u_unpack/param_r_reg[1]/C
                            (rising edge-triggered cell FDRE clocked by clk_core_mmcm  {rise@0.000ns fall@2.424ns period=4.848ns})
  Destination:            u_mlkem/u_unpack/rq1_reg[5]/D
                            (rising edge-triggered cell FDSE clocked by clk_core_mmcm  {rise@0.000ns fall@2.424ns period=4.848ns})
  Path Group:             clk_core_mmcm
  Path Type:              Setup (Max at Slow Process Corner)
  Requirement:            4.848ns  (clk_core_mmcm rise@4.848ns - clk_core_mmcm rise@0.000ns)
  Data Path Delay:        5.180ns  (logic 2.209ns (42.644%)  route 2.971ns (57.356%))
  Logic Levels:           8  (CARRY4=4 LUT5=1 LUT6=3)
  Clock Path Skew:        -0.047ns (DCD - SCD + CPR)
    Destination Clock Delay (DCD):    8.854ns = ( 13.703 - 4.848 ) 
    Source Clock Delay      (SCD):    9.402ns
    Clock Pessimism Removal (CPR):    0.500ns
  Clock Uncertainty:      0.074ns  ((TSJ^2 + DJ^2)^1/2) / 2 + PE
    Total System Jitter     (TSJ):    0.071ns
    Discrete Jitter          (DJ):    0.131ns
    Phase Error              (PE):    0.000ns

    Location             Delay type                Incr(ns)  Path(ns)    Netlist Resource(s)
  -------------------------------------------------------------------    -------------------
                         (clock clk_core_mmcm rise edge)
                                                      0.000     0.000 r  
    E3                                                0.000     0.000 r  clk_100mhz (IN)
                         net (fo=0)                   0.000     0.000    clk_100mhz
    E3                   IBUF (Prop_ibuf_I_O)         1.482     1.482 r  clk_100mhz_IBUF_inst/O
                         net (fo=1, routed)           2.025     3.506    clk_100mhz_IBUF
    BUFGCTRL_X0Y16       BUFG (Prop_bufg_I_O)         0.096     3.602 r  clk_100mhz_IBUF_BUFG_inst/O
                         net (fo=2651, routed)        1.809     5.412    clk_100mhz_IBUF_BUFG
    MMCME2_ADV_X0Y0      MMCME2_ADV (Prop_mmcme2_adv_CLKIN1_CLKOUT0)
                                                      0.088     5.500 r  u_mmcm/CLKOUT0
                         net (fo=1, routed)           2.018     7.518    clk_core_mmcm
    BUFGCTRL_X0Y0        BUFG (Prop_bufg_I_O)         0.096     7.614 r  u_bufg_core/O
                         net (fo=4633, routed)        1.787     9.402    u_mlkem/u_unpack/clk_core
    SLICE_X60Y21         FDRE                                         r  u_mlkem/u_unpack/param_r_reg[1]/C
  -------------------------------------------------------------------    -------------------
    SLICE_X60Y21         FDRE (Prop_fdre_C_Q)         0.518     9.920 r  u_mlkem/u_unpack/param_r_reg[1]/Q
                         net (fo=67, routed)          0.949    10.868    u_mlkem/u_unpack/param_r[1]
    SLICE_X55Y22         LUT5 (Prop_lut5_I1_O)        0.124    10.992 r  u_mlkem/u_unpack/rq1[0]_i_19/O
                         net (fo=1, routed)           0.000    10.992    u_mlkem/u_unpack/rq1[0]_i_19_n_0
    SLICE_X55Y22         CARRY4 (Prop_carry4_S[1]_CO[3])
                                                      0.550    11.542 r  u_mlkem/u_unpack/rq1_reg[0]_i_12/CO[3]
                         net (fo=1, routed)           0.000    11.542    u_mlkem/u_unpack/rq1_reg[0]_i_12_n_0
    SLICE_X55Y23         CARRY4 (Prop_carry4_CI_CO[3])
                                                      0.114    11.656 r  u_mlkem/u_unpack/rq1_reg[0]_i_11/CO[3]
                         net (fo=1, routed)           0.000    11.656    u_mlkem/u_unpack/rq1_reg[0]_i_11_n_0
    SLICE_X55Y24         CARRY4 (Prop_carry4_CI_CO[3])
                                                      0.114    11.770 r  u_mlkem/u_unpack/rq1_reg[9]_i_12/CO[3]
                         net (fo=1, routed)           0.009    11.779    u_mlkem/u_unpack/rq1_reg[9]_i_12_n_0
    SLICE_X55Y25         CARRY4 (Prop_carry4_CI_O[2])
                                                      0.239    12.018 r  u_mlkem/u_unpack/rq1_reg[11]_i_11/O[2]
                         net (fo=4, routed)           0.925    12.943    u_mlkem/u_unpack/decompress_return1[14]
    SLICE_X57Y22         LUT6 (Prop_lut6_I3_O)        0.302    13.245 r  u_mlkem/u_unpack/rq1[6]_i_3/O
                         net (fo=4, routed)           0.673    13.919    u_mlkem/u_unpack/rq1[6]_i_3_n_0
    SLICE_X57Y22         LUT6 (Prop_lut6_I1_O)        0.124    14.043 r  u_mlkem/u_unpack/rq1[5]_i_2/O
                         net (fo=1, routed)           0.415    14.458    u_mlkem/u_unpack/rq1[5]_i_2_n_0
    SLICE_X56Y23         LUT6 (Prop_lut6_I2_O)        0.124    14.582 r  u_mlkem/u_unpack/rq1[5]_i_1/O
                         net (fo=1, routed)           0.000    14.582    u_mlkem/u_unpack/rq1[5]_i_1_n_0
    SLICE_X56Y23         FDSE                                         r  u_mlkem/u_unpack/rq1_reg[5]/D
  -------------------------------------------------------------------    -------------------

                         (clock clk_core_mmcm rise edge)
                                                      4.848     4.848 r  
    E3                                                0.000     4.848 r  clk_100mhz (IN)
                         net (fo=0)                   0.000     4.848    clk_100mhz
    E3                   IBUF (Prop_ibuf_I_O)         1.411     6.260 r  clk_100mhz_IBUF_inst/O
                         net (fo=1, routed)           1.920     8.180    clk_100mhz_IBUF
    BUFGCTRL_X0Y16       BUFG (Prop_bufg_I_O)         0.091     8.271 r  clk_100mhz_IBUF_BUFG_inst/O
                         net (fo=2651, routed)        1.683     9.954    clk_100mhz_IBUF_BUFG
    MMCME2_ADV_X0Y0      MMCME2_ADV (Prop_mmcme2_adv_CLKIN1_CLKOUT0)
                                                      0.083    10.037 r  u_mmcm/CLKOUT0
                         net (fo=1, routed)           1.923    11.960    clk_core_mmcm
    BUFGCTRL_X0Y0        BUFG (Prop_bufg_I_O)         0.091    12.051 r  u_bufg_core/O
                         net (fo=4633, routed)        1.652    13.703    u_mlkem/u_unpack/clk_core
    SLICE_X56Y23         FDSE                                         r  u_mlkem/u_unpack/rq1_reg[5]/C
                         clock pessimism              0.500    14.203    
                         clock uncertainty           -0.074    14.128    
    SLICE_X56Y23         FDSE (Setup_fdse_C_D)        0.077    14.205    u_mlkem/u_unpack/rq1_reg[5]
  -------------------------------------------------------------------
                         required time                         14.205    
                         arrival time                         -14.582    
  -------------------------------------------------------------------
                         slack                                 -0.376    

Slack (VIOLATED) :        -0.362ns  (required time - arrival time)
  Source:                 u_mlkem/u_unpack/g0_reg[0]/C
                            (rising edge-triggered cell FDRE clocked by clk_core_mmcm  {rise@0.000ns fall@2.424ns period=4.848ns})
  Destination:            u_mlkem/u_unpack/rq0_reg[6]/D
                            (rising edge-triggered cell FDSE clocked by clk_core_mmcm  {rise@0.000ns fall@2.424ns period=4.848ns})
  Path Group:             clk_core_mmcm
  Path Type:              Setup (Max at Slow Process Corner)
  Requirement:            4.848ns  (clk_core_mmcm rise@4.848ns - clk_core_mmcm rise@0.000ns)
  Data Path Delay:        5.142ns  (logic 1.998ns (38.858%)  route 3.144ns (61.142%))
  Logic Levels:           7  (CARRY4=3 LUT5=1 LUT6=3)
  Clock Path Skew:        -0.025ns (DCD - SCD + CPR)
    Destination Clock Delay (DCD):    8.856ns = ( 13.705 - 4.848 ) 
    Source Clock Delay      (SCD):    9.399ns
    Clock Pessimism Removal (CPR):    0.517ns
  Clock Uncertainty:      0.074ns  ((TSJ^2 + DJ^2)^1/2) / 2 + PE
    Total System Jitter     (TSJ):    0.071ns
    Discrete Jitter          (DJ):    0.131ns
    Phase Error              (PE):    0.000ns

    Location             Delay type                Incr(ns)  Path(ns)    Netlist Resource(s)
  -------------------------------------------------------------------    -------------------
                         (clock clk_core_mmcm rise edge)
                                                      0.000     0.000 r  
    E3                                                0.000     0.000 r  clk_100mhz (IN)
                         net (fo=0)                   0.000     0.000    clk_100mhz
    E3                   IBUF (Prop_ibuf_I_O)         1.482     1.482 r  clk_100mhz_IBUF_inst/O
                         net (fo=1, routed)           2.025     3.506    clk_100mhz_IBUF
    BUFGCTRL_X0Y16       BUFG (Prop_bufg_I_O)         0.096     3.602 r  clk_100mhz_IBUF_BUFG_inst/O
                         net (fo=2651, routed)        1.809     5.412    clk_100mhz_IBUF_BUFG
    MMCME2_ADV_X0Y0      MMCME2_ADV (Prop_mmcme2_adv_CLKIN1_CLKOUT0)
                                                      0.088     5.500 r  u_mmcm/CLKOUT0
                         net (fo=1, routed)           2.018     7.518    clk_core_mmcm
    BUFGCTRL_X0Y0        BUFG (Prop_bufg_I_O)         0.096     7.614 r  u_bufg_core/O
                         net (fo=4633, routed)        1.784     9.399    u_mlkem/u_unpack/clk_core
    SLICE_X61Y22         FDRE                                         r  u_mlkem/u_unpack/g0_reg[0]/C
  -------------------------------------------------------------------    -------------------
    SLICE_X61Y22         FDRE (Prop_fdre_C_Q)         0.456     9.855 r  u_mlkem/u_unpack/g0_reg[0]/Q
                         net (fo=9, routed)           0.988    10.842    u_mlkem/u_unpack/g0_reg_n_0_[0]
    SLICE_X58Y22         LUT5 (Prop_lut5_I0_O)        0.124    10.966 r  u_mlkem/u_unpack/rq0[0]_i_20/O
                         net (fo=1, routed)           0.000    10.966    u_mlkem/u_unpack/rq0[0]_i_20_n_0
    SLICE_X58Y22         CARRY4 (Prop_carry4_S[0]_CO[3])
                                                      0.513    11.479 r  u_mlkem/u_unpack/rq0_reg[0]_i_12/CO[3]
                         net (fo=1, routed)           0.000    11.479    u_mlkem/u_unpack/rq0_reg[0]_i_12_n_0
    SLICE_X58Y23         CARRY4 (Prop_carry4_CI_CO[3])
                                                      0.117    11.596 r  u_mlkem/u_unpack/rq0_reg[0]_i_11/CO[3]
                         net (fo=1, routed)           0.000    11.596    u_mlkem/u_unpack/rq0_reg[0]_i_11_n_0
    SLICE_X58Y24         CARRY4 (Prop_carry4_CI_O[2])
                                                      0.239    11.835 r  u_mlkem/u_unpack/rq0_reg[9]_i_15/O[2]
                         net (fo=3, routed)           0.808    12.643    u_mlkem/u_unpack/decompress_return11_out[10]
    SLICE_X61Y25         LUT6 (Prop_lut6_I1_O)        0.301    12.944 r  u_mlkem/u_unpack/rq0[6]_i_3/O
                         net (fo=4, routed)           0.904    13.848    u_mlkem/u_unpack/rq0[6]_i_3_n_0
    SLICE_X57Y24         LUT6 (Prop_lut6_I5_O)        0.124    13.972 r  u_mlkem/u_unpack/rq0[6]_i_2/O
                         net (fo=1, routed)           0.444    14.416    u_mlkem/u_unpack/rq0[6]_i_2_n_0
    SLICE_X61Y24         LUT6 (Prop_lut6_I2_O)        0.124    14.540 r  u_mlkem/u_unpack/rq0[6]_i_1/O
                         net (fo=1, routed)           0.000    14.540    u_mlkem/u_unpack/rq0[6]_i_1_n_0
    SLICE_X61Y24         FDSE                                         r  u_mlkem/u_unpack/rq0_reg[6]/D
  -------------------------------------------------------------------    -------------------

                         (clock clk_core_mmcm rise edge)
                                                      4.848     4.848 r  
    E3                                                0.000     4.848 r  clk_100mhz (IN)
                         net (fo=0)                   0.000     4.848    clk_100mhz
    E3                   IBUF (Prop_ibuf_I_O)         1.411     6.260 r  clk_100mhz_IBUF_inst/O
                         net (fo=1, routed)           1.920     8.180    clk_100mhz_IBUF
    BUFGCTRL_X0Y16       BUFG (Prop_bufg_I_O)         0.091     8.271 r  clk_100mhz_IBUF_BUFG_inst/O
                         net (fo=2651, routed)        1.683     9.954    clk_100mhz_IBUF_BUFG
    MMCME2_ADV_X0Y0      MMCME2_ADV (Prop_mmcme2_adv_CLKIN1_CLKOUT0)
                                                      0.083    10.037 r  u_mmcm/CLKOUT0
                         net (fo=1, routed)           1.923    11.960    clk_core_mmcm
    BUFGCTRL_X0Y0        BUFG (Prop_bufg_I_O)         0.091    12.051 r  u_bufg_core/O
                         net (fo=4633, routed)        1.654    13.705    u_mlkem/u_unpack/clk_core
    SLICE_X61Y24         FDSE                                         r  u_mlkem/u_unpack/rq0_reg[6]/C
                         clock pessimism              0.517    14.222    
                         clock uncertainty           -0.074    14.147    
    SLICE_X61Y24         FDSE (Setup_fdse_C_D)        0.031    14.178    u_mlkem/u_unpack/rq0_reg[6]
  -------------------------------------------------------------------
                         required time                         14.178    
                         arrival time                         -14.540    
  -------------------------------------------------------------------
                         slack                                 -0.362    

Slack (VIOLATED) :        -0.359ns  (required time - arrival time)
  Source:                 u_mlkem/u_alu/layer_reg[0]/C
                            (rising edge-triggered cell FDRE clocked by clk_core_mmcm  {rise@0.000ns fall@2.424ns period=4.848ns})
  Destination:            u_mlkem/u_alu/pz_reg[0][0]/D
                            (rising edge-triggered cell FDRE clocked by clk_core_mmcm  {rise@0.000ns fall@2.424ns period=4.848ns})
  Path Group:             clk_core_mmcm
  Path Type:              Setup (Max at Slow Process Corner)
  Requirement:            4.848ns  (clk_core_mmcm rise@4.848ns - clk_core_mmcm rise@0.000ns)
  Data Path Delay:        5.154ns  (logic 1.896ns (36.786%)  route 3.258ns (63.214%))
  Logic Levels:           7  (CARRY4=1 LUT4=1 LUT5=2 LUT6=2 MUXF7=1)
  Clock Path Skew:        -0.043ns (DCD - SCD + CPR)
    Destination Clock Delay (DCD):    8.876ns = ( 13.725 - 4.848 ) 
    Source Clock Delay      (SCD):    9.420ns
    Clock Pessimism Removal (CPR):    0.500ns
  Clock Uncertainty:      0.074ns  ((TSJ^2 + DJ^2)^1/2) / 2 + PE
    Total System Jitter     (TSJ):    0.071ns
    Discrete Jitter          (DJ):    0.131ns
    Phase Error              (PE):    0.000ns

    Location             Delay type                Incr(ns)  Path(ns)    Netlist Resource(s)
  -------------------------------------------------------------------    -------------------
                         (clock clk_core_mmcm rise edge)
                                                      0.000     0.000 r  
    E3                                                0.000     0.000 r  clk_100mhz (IN)
                         net (fo=0)                   0.000     0.000    clk_100mhz
    E3                   IBUF (Prop_ibuf_I_O)         1.482     1.482 r  clk_100mhz_IBUF_inst/O
                         net (fo=1, routed)           2.025     3.506    clk_100mhz_IBUF
    BUFGCTRL_X0Y16       BUFG (Prop_bufg_I_O)         0.096     3.602 r  clk_100mhz_IBUF_BUFG_inst/O
                         net (fo=2651, routed)        1.809     5.412    clk_100mhz_IBUF_BUFG
    MMCME2_ADV_X0Y0      MMCME2_ADV (Prop_mmcme2_adv_CLKIN1_CLKOUT0)
                                                      0.088     5.500 r  u_mmcm/CLKOUT0
                         net (fo=1, routed)           2.018     7.518    clk_core_mmcm
    BUFGCTRL_X0Y0        BUFG (Prop_bufg_I_O)         0.096     7.614 r  u_bufg_core/O
                         net (fo=4633, routed)        1.805     9.420    u_mlkem/u_alu/clk_core
    SLICE_X48Y3          FDRE                                         r  u_mlkem/u_alu/layer_reg[0]/C
  -------------------------------------------------------------------    -------------------
    SLICE_X48Y3          FDRE (Prop_fdre_C_Q)         0.456     9.876 f  u_mlkem/u_alu/layer_reg[0]/Q
                         net (fo=72, routed)          0.913    10.788    u_mlkem/u_alu/u_zetas/pjw_reg[0][3]_0
    SLICE_X48Y4          LUT4 (Prop_lut4_I1_O)        0.124    10.912 r  u_mlkem/u_alu/u_zetas/rb_addr[3]_i_5/O
                         net (fo=3, routed)           0.667    11.579    u_mlkem/u_alu/u_zetas/layer_reg[1][0]
    SLICE_X48Y3          LUT6 (Prop_lut6_I5_O)        0.124    11.703 r  u_mlkem/u_alu/u_zetas/zeta00_carry_i_18/O
                         net (fo=1, routed)           0.162    11.865    u_mlkem/u_alu/u_zetas/zeta00_carry_i_18_n_0
    SLICE_X48Y3          LUT5 (Prop_lut5_I4_O)        0.124    11.989 r  u_mlkem/u_alu/u_zetas/zeta00_carry_i_4/O
                         net (fo=2, routed)           0.304    12.293    u_mlkem/u_alu/u_zetas/zeta00_carry_i_4_n_0
    SLICE_X49Y3          LUT5 (Prop_lut5_I0_O)        0.124    12.417 r  u_mlkem/u_alu/u_zetas/zeta00_carry_i_8/O
                         net (fo=1, routed)           0.000    12.417    u_mlkem/u_alu/u_zetas/zeta00_carry_i_8_n_0
    SLICE_X49Y3          CARRY4 (Prop_carry4_S[0]_O[1])
                                                      0.424    12.841 r  u_mlkem/u_alu/u_zetas/zeta00_carry/O[1]
                         net (fo=24, routed)          1.212    14.054    u_mlkem/sel[1]
    SLICE_X51Y2          LUT6 (Prop_lut6_I1_O)        0.303    14.357 r  u_mlkem/g1_b0/O
                         net (fo=1, routed)           0.000    14.357    u_mlkem/u_alu/u_zetas/pz_reg[0][0]_0
    SLICE_X51Y2          MUXF7 (Prop_muxf7_I1_O)      0.217    14.574 r  u_mlkem/u_alu/u_zetas/pz_reg[0][0]_i_1/O
                         net (fo=1, routed)           0.000    14.574    u_mlkem/u_alu/u_zetas_n_0
    SLICE_X51Y2          FDRE                                         r  u_mlkem/u_alu/pz_reg[0][0]/D
  -------------------------------------------------------------------    -------------------

                         (clock clk_core_mmcm rise edge)
                                                      4.848     4.848 r  
    E3                                                0.000     4.848 r  clk_100mhz (IN)
                         net (fo=0)                   0.000     4.848    clk_100mhz
    E3                   IBUF (Prop_ibuf_I_O)         1.411     6.260 r  clk_100mhz_IBUF_inst/O
                         net (fo=1, routed)           1.920     8.180    clk_100mhz_IBUF
    BUFGCTRL_X0Y16       BUFG (Prop_bufg_I_O)         0.091     8.271 r  clk_100mhz_IBUF_BUFG_inst/O
                         net (fo=2651, routed)        1.683     9.954    clk_100mhz_IBUF_BUFG
    MMCME2_ADV_X0Y0      MMCME2_ADV (Prop_mmcme2_adv_CLKIN1_CLKOUT0)
                                                      0.083    10.037 r  u_mmcm/CLKOUT0
                         net (fo=1, routed)           1.923    11.960    clk_core_mmcm
    BUFGCTRL_X0Y0        BUFG (Prop_bufg_I_O)         0.091    12.051 r  u_bufg_core/O
                         net (fo=4633, routed)        1.674    13.725    u_mlkem/u_alu/clk_core
    SLICE_X51Y2          FDRE                                         r  u_mlkem/u_alu/pz_reg[0][0]/C
                         clock pessimism              0.500    14.225    
                         clock uncertainty           -0.074    14.150    
    SLICE_X51Y2          FDRE (Setup_fdre_C_D)        0.064    14.214    u_mlkem/u_alu/pz_reg[0][0]
  -------------------------------------------------------------------
                         required time                         14.214    
                         arrival time                         -14.574    
  -------------------------------------------------------------------
                         slack                                 -0.359    

Slack (VIOLATED) :        -0.347ns  (required time - arrival time)
  Source:                 u_mlkem/u_unpack/param_r_reg[1]/C
                            (rising edge-triggered cell FDRE clocked by clk_core_mmcm  {rise@0.000ns fall@2.424ns period=4.848ns})
  Destination:            u_mlkem/u_unpack/rq1_reg[10]/D
                            (rising edge-triggered cell FDRE clocked by clk_core_mmcm  {rise@0.000ns fall@2.424ns period=4.848ns})
  Path Group:             clk_core_mmcm
  Path Type:              Setup (Max at Slow Process Corner)
  Requirement:            4.848ns  (clk_core_mmcm rise@4.848ns - clk_core_mmcm rise@0.000ns)
  Data Path Delay:        5.107ns  (logic 2.427ns (47.521%)  route 2.680ns (52.479%))
  Logic Levels:           10  (CARRY4=5 LUT3=1 LUT5=3 LUT6=1)
  Clock Path Skew:        -0.045ns (DCD - SCD + CPR)
    Destination Clock Delay (DCD):    8.856ns = ( 13.705 - 4.848 ) 
    Source Clock Delay      (SCD):    9.402ns
    Clock Pessimism Removal (CPR):    0.500ns
  Clock Uncertainty:      0.074ns  ((TSJ^2 + DJ^2)^1/2) / 2 + PE
    Total System Jitter     (TSJ):    0.071ns
    Discrete Jitter          (DJ):    0.131ns
    Phase Error              (PE):    0.000ns

    Location             Delay type                Incr(ns)  Path(ns)    Netlist Resource(s)
  -------------------------------------------------------------------    -------------------
                         (clock clk_core_mmcm rise edge)
                                                      0.000     0.000 r  
    E3                                                0.000     0.000 r  clk_100mhz (IN)
                         net (fo=0)                   0.000     0.000    clk_100mhz
    E3                   IBUF (Prop_ibuf_I_O)         1.482     1.482 r  clk_100mhz_IBUF_inst/O
                         net (fo=1, routed)           2.025     3.506    clk_100mhz_IBUF
    BUFGCTRL_X0Y16       BUFG (Prop_bufg_I_O)         0.096     3.602 r  clk_100mhz_IBUF_BUFG_inst/O
                         net (fo=2651, routed)        1.809     5.412    clk_100mhz_IBUF_BUFG
    MMCME2_ADV_X0Y0      MMCME2_ADV (Prop_mmcme2_adv_CLKIN1_CLKOUT0)
                                                      0.088     5.500 r  u_mmcm/CLKOUT0
                         net (fo=1, routed)           2.018     7.518    clk_core_mmcm
    BUFGCTRL_X0Y0        BUFG (Prop_bufg_I_O)         0.096     7.614 r  u_bufg_core/O
                         net (fo=4633, routed)        1.787     9.402    u_mlkem/u_unpack/clk_core
    SLICE_X60Y21         FDRE                                         r  u_mlkem/u_unpack/param_r_reg[1]/C
  -------------------------------------------------------------------    -------------------
    SLICE_X60Y21         FDRE (Prop_fdre_C_Q)         0.518     9.920 r  u_mlkem/u_unpack/param_r_reg[1]/Q
                         net (fo=67, routed)          0.949    10.868    u_mlkem/u_unpack/param_r[1]
    SLICE_X55Y22         LUT5 (Prop_lut5_I1_O)        0.124    10.992 r  u_mlkem/u_unpack/rq1[0]_i_19/O
                         net (fo=1, routed)           0.000    10.992    u_mlkem/u_unpack/rq1[0]_i_19_n_0
    SLICE_X55Y22         CARRY4 (Prop_carry4_S[1]_CO[3])
                                                      0.550    11.542 r  u_mlkem/u_unpack/rq1_reg[0]_i_12/CO[3]
                         net (fo=1, routed)           0.000    11.542    u_mlkem/u_unpack/rq1_reg[0]_i_12_n_0
    SLICE_X55Y23         CARRY4 (Prop_carry4_CI_CO[3])
                                                      0.114    11.656 r  u_mlkem/u_unpack/rq1_reg[0]_i_11/CO[3]
                         net (fo=1, routed)           0.000    11.656    u_mlkem/u_unpack/rq1_reg[0]_i_11_n_0
    SLICE_X55Y24         CARRY4 (Prop_carry4_CI_CO[3])
                                                      0.114    11.770 r  u_mlkem/u_unpack/rq1_reg[9]_i_12/CO[3]
                         net (fo=1, routed)           0.009    11.779    u_mlkem/u_unpack/rq1_reg[9]_i_12_n_0
    SLICE_X55Y25         CARRY4 (Prop_carry4_CI_CO[3])
                                                      0.114    11.893 r  u_mlkem/u_unpack/rq1_reg[11]_i_11/CO[3]
                         net (fo=1, routed)           0.000    11.893    u_mlkem/u_unpack/rq1_reg[11]_i_11_n_0
    SLICE_X55Y26         CARRY4 (Prop_carry4_CI_O[0])
                                                      0.222    12.115 r  u_mlkem/u_unpack/rq1_reg[11]_i_9/O[0]
                         net (fo=4, routed)           0.757    12.872    u_mlkem/u_unpack/decompress_return1[16]
    SLICE_X53Y27         LUT5 (Prop_lut5_I0_O)        0.299    13.171 r  u_mlkem/u_unpack/rq1[9]_i_8/O
                         net (fo=2, routed)           0.275    13.446    u_mlkem/u_unpack/rq1[9]_i_8_n_0
    SLICE_X53Y27         LUT3 (Prop_lut3_I0_O)        0.124    13.570 r  u_mlkem/u_unpack/rq1[10]_i_3/O
                         net (fo=1, routed)           0.407    13.977    u_mlkem/u_unpack/rq1[10]_i_3_n_0
    SLICE_X54Y28         LUT6 (Prop_lut6_I0_O)        0.124    14.101 r  u_mlkem/u_unpack/rq1[10]_i_2/O
                         net (fo=1, routed)           0.283    14.385    u_mlkem/u_unpack/rq1[10]_i_2_n_0
    SLICE_X53Y28         LUT5 (Prop_lut5_I4_O)        0.124    14.509 r  u_mlkem/u_unpack/rq1[10]_i_1/O
                         net (fo=1, routed)           0.000    14.509    u_mlkem/u_unpack/rq1[10]_i_1_n_0
    SLICE_X53Y28         FDRE                                         r  u_mlkem/u_unpack/rq1_reg[10]/D
  -------------------------------------------------------------------    -------------------

                         (clock clk_core_mmcm rise edge)
                                                      4.848     4.848 r  
    E3                                                0.000     4.848 r  clk_100mhz (IN)
                         net (fo=0)                   0.000     4.848    clk_100mhz
    E3                   IBUF (Prop_ibuf_I_O)         1.411     6.260 r  clk_100mhz_IBUF_inst/O
                         net (fo=1, routed)           1.920     8.180    clk_100mhz_IBUF
    BUFGCTRL_X0Y16       BUFG (Prop_bufg_I_O)         0.091     8.271 r  clk_100mhz_IBUF_BUFG_inst/O
                         net (fo=2651, routed)        1.683     9.954    clk_100mhz_IBUF_BUFG
    MMCME2_ADV_X0Y0      MMCME2_ADV (Prop_mmcme2_adv_CLKIN1_CLKOUT0)
                                                      0.083    10.037 r  u_mmcm/CLKOUT0
                         net (fo=1, routed)           1.923    11.960    clk_core_mmcm
    BUFGCTRL_X0Y0        BUFG (Prop_bufg_I_O)         0.091    12.051 r  u_bufg_core/O
                         net (fo=4633, routed)        1.654    13.705    u_mlkem/u_unpack/clk_core
    SLICE_X53Y28         FDRE                                         r  u_mlkem/u_unpack/rq1_reg[10]/C
                         clock pessimism              0.500    14.205    
                         clock uncertainty           -0.074    14.130    
    SLICE_X53Y28         FDRE (Setup_fdre_C_D)        0.031    14.161    u_mlkem/u_unpack/rq1_reg[10]
  -------------------------------------------------------------------
                         required time                         14.161    
                         arrival time                         -14.509    
  -------------------------------------------------------------------
                         slack                                 -0.347    

Slack (VIOLATED) :        -0.343ns  (required time - arrival time)
  Source:                 u_mlkem/u_unpack/param_r_reg[1]/C
                            (rising edge-triggered cell FDRE clocked by clk_core_mmcm  {rise@0.000ns fall@2.424ns period=4.848ns})
  Destination:            u_mlkem/u_unpack/rq1_reg[8]/D
                            (rising edge-triggered cell FDRE clocked by clk_core_mmcm  {rise@0.000ns fall@2.424ns period=4.848ns})
  Path Group:             clk_core_mmcm
  Path Type:              Setup (Max at Slow Process Corner)
  Requirement:            4.848ns  (clk_core_mmcm rise@4.848ns - clk_core_mmcm rise@0.000ns)
  Data Path Delay:        5.098ns  (logic 2.305ns (45.210%)  route 2.793ns (54.790%))
  Logic Levels:           8  (CARRY4=4 LUT3=1 LUT5=1 LUT6=2)
  Clock Path Skew:        -0.050ns (DCD - SCD + CPR)
    Destination Clock Delay (DCD):    8.851ns = ( 13.700 - 4.848 ) 
    Source Clock Delay      (SCD):    9.402ns
    Clock Pessimism Removal (CPR):    0.500ns
  Clock Uncertainty:      0.074ns  ((TSJ^2 + DJ^2)^1/2) / 2 + PE
    Total System Jitter     (TSJ):    0.071ns
    Discrete Jitter          (DJ):    0.131ns
    Phase Error              (PE):    0.000ns

    Location             Delay type                Incr(ns)  Path(ns)    Netlist Resource(s)
  -------------------------------------------------------------------    -------------------
                         (clock clk_core_mmcm rise edge)
                                                      0.000     0.000 r  
    E3                                                0.000     0.000 r  clk_100mhz (IN)
                         net (fo=0)                   0.000     0.000    clk_100mhz
    E3                   IBUF (Prop_ibuf_I_O)         1.482     1.482 r  clk_100mhz_IBUF_inst/O
                         net (fo=1, routed)           2.025     3.506    clk_100mhz_IBUF
    BUFGCTRL_X0Y16       BUFG (Prop_bufg_I_O)         0.096     3.602 r  clk_100mhz_IBUF_BUFG_inst/O
                         net (fo=2651, routed)        1.809     5.412    clk_100mhz_IBUF_BUFG
    MMCME2_ADV_X0Y0      MMCME2_ADV (Prop_mmcme2_adv_CLKIN1_CLKOUT0)
                                                      0.088     5.500 r  u_mmcm/CLKOUT0
                         net (fo=1, routed)           2.018     7.518    clk_core_mmcm
    BUFGCTRL_X0Y0        BUFG (Prop_bufg_I_O)         0.096     7.614 r  u_bufg_core/O
                         net (fo=4633, routed)        1.787     9.402    u_mlkem/u_unpack/clk_core
    SLICE_X60Y21         FDRE                                         r  u_mlkem/u_unpack/param_r_reg[1]/C
  -------------------------------------------------------------------    -------------------
    SLICE_X60Y21         FDRE (Prop_fdre_C_Q)         0.518     9.920 r  u_mlkem/u_unpack/param_r_reg[1]/Q
                         net (fo=67, routed)          0.949    10.868    u_mlkem/u_unpack/param_r[1]
    SLICE_X55Y22         LUT5 (Prop_lut5_I1_O)        0.124    10.992 r  u_mlkem/u_unpack/rq1[0]_i_19/O
                         net (fo=1, routed)           0.000    10.992    u_mlkem/u_unpack/rq1[0]_i_19_n_0
    SLICE_X55Y22         CARRY4 (Prop_carry4_S[1]_CO[3])
                                                      0.550    11.542 r  u_mlkem/u_unpack/rq1_reg[0]_i_12/CO[3]
                         net (fo=1, routed)           0.000    11.542    u_mlkem/u_unpack/rq1_reg[0]_i_12_n_0
    SLICE_X55Y23         CARRY4 (Prop_carry4_CI_CO[3])
                                                      0.114    11.656 r  u_mlkem/u_unpack/rq1_reg[0]_i_11/CO[3]
                         net (fo=1, routed)           0.000    11.656    u_mlkem/u_unpack/rq1_reg[0]_i_11_n_0
    SLICE_X55Y24         CARRY4 (Prop_carry4_CI_CO[3])
                                                      0.114    11.770 r  u_mlkem/u_unpack/rq1_reg[9]_i_12/CO[3]
                         net (fo=1, routed)           0.009    11.779    u_mlkem/u_unpack/rq1_reg[9]_i_12_n_0
    SLICE_X55Y25         CARRY4 (Prop_carry4_CI_O[1])
                                                      0.334    12.113 r  u_mlkem/u_unpack/rq1_reg[11]_i_11/O[1]
                         net (fo=4, routed)           0.759    12.872    u_mlkem/u_unpack/decompress_return1[13]
    SLICE_X55Y28         LUT6 (Prop_lut6_I1_O)        0.303    13.175 r  u_mlkem/u_unpack/rq1[9]_i_11/O
                         net (fo=4, routed)           0.472    13.647    u_mlkem/u_unpack/rq1[9]_i_11_n_0
    SLICE_X52Y26         LUT3 (Prop_lut3_I2_O)        0.124    13.771 r  u_mlkem/u_unpack/rq1[8]_i_7/O
                         net (fo=1, routed)           0.605    14.376    u_mlkem/u_unpack/rq1[8]_i_7_n_0
    SLICE_X53Y24         LUT6 (Prop_lut6_I3_O)        0.124    14.500 r  u_mlkem/u_unpack/rq1[8]_i_1_comp/O
                         net (fo=1, routed)           0.000    14.500    u_mlkem/u_unpack/rq1[8]_i_1_n_0
    SLICE_X53Y24         FDRE                                         r  u_mlkem/u_unpack/rq1_reg[8]/D
  -------------------------------------------------------------------    -------------------

                         (clock clk_core_mmcm rise edge)
                                                      4.848     4.848 r  
    E3                                                0.000     4.848 r  clk_100mhz (IN)
                         net (fo=0)                   0.000     4.848    clk_100mhz
    E3                   IBUF (Prop_ibuf_I_O)         1.411     6.260 r  clk_100mhz_IBUF_inst/O
                         net (fo=1, routed)           1.920     8.180    clk_100mhz_IBUF
    BUFGCTRL_X0Y16       BUFG (Prop_bufg_I_O)         0.091     8.271 r  clk_100mhz_IBUF_BUFG_inst/O
                         net (fo=2651, routed)        1.683     9.954    clk_100mhz_IBUF_BUFG
    MMCME2_ADV_X0Y0      MMCME2_ADV (Prop_mmcme2_adv_CLKIN1_CLKOUT0)
                                                      0.083    10.037 r  u_mmcm/CLKOUT0
                         net (fo=1, routed)           1.923    11.960    clk_core_mmcm
    BUFGCTRL_X0Y0        BUFG (Prop_bufg_I_O)         0.091    12.051 r  u_bufg_core/O
                         net (fo=4633, routed)        1.649    13.700    u_mlkem/u_unpack/clk_core
    SLICE_X53Y24         FDRE                                         r  u_mlkem/u_unpack/rq1_reg[8]/C
                         clock pessimism              0.500    14.200    
                         clock uncertainty           -0.074    14.125    
    SLICE_X53Y24         FDRE (Setup_fdre_C_D)        0.031    14.156    u_mlkem/u_unpack/rq1_reg[8]
  -------------------------------------------------------------------
                         required time                         14.156    
                         arrival time                         -14.500    
  -------------------------------------------------------------------
                         slack                                 -0.343    

Slack (VIOLATED) :        -0.338ns  (required time - arrival time)
  Source:                 u_mlkem/u_sponge/st_reg[1178]/C
                            (rising edge-triggered cell FDRE clocked by clk_core_mmcm  {rise@0.000ns fall@2.424ns period=4.848ns})
  Destination:            u_mlkem/u_sponge/st_reg[296]/D
                            (rising edge-triggered cell FDRE clocked by clk_core_mmcm  {rise@0.000ns fall@2.424ns period=4.848ns})
  Path Group:             clk_core_mmcm
  Path Type:              Setup (Max at Slow Process Corner)
  Requirement:            4.848ns  (clk_core_mmcm rise@4.848ns - clk_core_mmcm rise@0.000ns)
  Data Path Delay:        5.098ns  (logic 1.014ns (19.890%)  route 4.084ns (80.110%))
  Logic Levels:           4  (LUT5=2 LUT6=2)
  Clock Path Skew:        -0.091ns (DCD - SCD + CPR)
    Destination Clock Delay (DCD):    8.725ns = ( 13.573 - 4.848 ) 
    Source Clock Delay      (SCD):    9.236ns
    Clock Pessimism Removal (CPR):    0.420ns
  Clock Uncertainty:      0.074ns  ((TSJ^2 + DJ^2)^1/2) / 2 + PE
    Total System Jitter     (TSJ):    0.071ns
    Discrete Jitter          (DJ):    0.131ns
    Phase Error              (PE):    0.000ns

    Location             Delay type                Incr(ns)  Path(ns)    Netlist Resource(s)
  -------------------------------------------------------------------    -------------------
                         (clock clk_core_mmcm rise edge)
                                                      0.000     0.000 r  
    E3                                                0.000     0.000 r  clk_100mhz (IN)
                         net (fo=0)                   0.000     0.000    clk_100mhz
    E3                   IBUF (Prop_ibuf_I_O)         1.482     1.482 r  clk_100mhz_IBUF_inst/O
                         net (fo=1, routed)           2.025     3.506    clk_100mhz_IBUF
    BUFGCTRL_X0Y16       BUFG (Prop_bufg_I_O)         0.096     3.602 r  clk_100mhz_IBUF_BUFG_inst/O
                         net (fo=2651, routed)        1.809     5.412    clk_100mhz_IBUF_BUFG
    MMCME2_ADV_X0Y0      MMCME2_ADV (Prop_mmcme2_adv_CLKIN1_CLKOUT0)
                                                      0.088     5.500 r  u_mmcm/CLKOUT0
                         net (fo=1, routed)           2.018     7.518    clk_core_mmcm
    BUFGCTRL_X0Y0        BUFG (Prop_bufg_I_O)         0.096     7.614 r  u_bufg_core/O
                         net (fo=4633, routed)        1.621     9.236    u_mlkem/u_sponge/clk_core
    SLICE_X54Y60         FDRE                                         r  u_mlkem/u_sponge/st_reg[1178]/C
  -------------------------------------------------------------------    -------------------
    SLICE_X54Y60         FDRE (Prop_fdre_C_Q)         0.518     9.754 r  u_mlkem/u_sponge/st_reg[1178]/Q
                         net (fo=7, routed)           1.230    10.984    u_mlkem/u_sponge/p_10_in[26]
    SLICE_X54Y51         LUT5 (Prop_lut5_I2_O)        0.124    11.108 r  u_mlkem/u_sponge/st[1409]_i_3/O
                         net (fo=1, routed)           0.564    11.672    u_mlkem/u_sponge/st[1409]_i_3_n_0
    SLICE_X53Y51         LUT6 (Prop_lut6_I5_O)        0.124    11.796 r  u_mlkem/u_sponge/st[1409]_i_2/O
                         net (fo=15, routed)          1.838    13.634    u_mlkem/u_sponge/st[1409]_i_2_n_0
    SLICE_X8Y51          LUT6 (Prop_lut6_I1_O)        0.124    13.758 r  u_mlkem/u_sponge/st[296]_i_2/O
                         net (fo=1, routed)           0.452    14.210    u_mlkem/u_sponge/st_round[296]
    SLICE_X8Y51          LUT5 (Prop_lut5_I0_O)        0.124    14.334 r  u_mlkem/u_sponge/st[296]_i_1/O
                         net (fo=1, routed)           0.000    14.334    u_mlkem/u_sponge/st[296]_i_1_n_0
    SLICE_X8Y51          FDRE                                         r  u_mlkem/u_sponge/st_reg[296]/D
  -------------------------------------------------------------------    -------------------

                         (clock clk_core_mmcm rise edge)
                                                      4.848     4.848 r  
    E3                                                0.000     4.848 r  clk_100mhz (IN)
                         net (fo=0)                   0.000     4.848    clk_100mhz
    E3                   IBUF (Prop_ibuf_I_O)         1.411     6.260 r  clk_100mhz_IBUF_inst/O
                         net (fo=1, routed)           1.920     8.180    clk_100mhz_IBUF
    BUFGCTRL_X0Y16       BUFG (Prop_bufg_I_O)         0.091     8.271 r  clk_100mhz_IBUF_BUFG_inst/O
                         net (fo=2651, routed)        1.683     9.954    clk_100mhz_IBUF_BUFG
    MMCME2_ADV_X0Y0      MMCME2_ADV (Prop_mmcme2_adv_CLKIN1_CLKOUT0)
                                                      0.083    10.037 r  u_mmcm/CLKOUT0
                         net (fo=1, routed)           1.923    11.960    clk_core_mmcm
    BUFGCTRL_X0Y0        BUFG (Prop_bufg_I_O)         0.091    12.051 r  u_bufg_core/O
                         net (fo=4633, routed)        1.522    13.573    u_mlkem/u_sponge/clk_core
    SLICE_X8Y51          FDRE                                         r  u_mlkem/u_sponge/st_reg[296]/C
                         clock pessimism              0.420    13.993    
                         clock uncertainty           -0.074    13.918    
    SLICE_X8Y51          FDRE (Setup_fdre_C_D)        0.077    13.995    u_mlkem/u_sponge/st_reg[296]
  -------------------------------------------------------------------
                         required time                         13.995    
                         arrival time                         -14.334    
  -------------------------------------------------------------------
                         slack                                 -0.338    

Slack (VIOLATED) :        -0.327ns  (required time - arrival time)
  Source:                 u_mlkem/u_pack/rw_reg[2]/C
                            (rising edge-triggered cell FDRE clocked by clk_core_mmcm  {rise@0.000ns fall@2.424ns period=4.848ns})
  Destination:            u_mlkem/u_alu/ls_reg[5]/D
                            (rising edge-triggered cell FDRE clocked by clk_core_mmcm  {rise@0.000ns fall@2.424ns period=4.848ns})
  Path Group:             clk_core_mmcm
  Path Type:              Setup (Max at Slow Process Corner)
  Requirement:            4.848ns  (clk_core_mmcm rise@4.848ns - clk_core_mmcm rise@0.000ns)
  Data Path Delay:        5.154ns  (logic 1.923ns (37.314%)  route 3.231ns (62.686%))
  Logic Levels:           7  (CARRY4=3 LUT2=1 LUT6=3)
  Clock Path Skew:        -0.026ns (DCD - SCD + CPR)
    Destination Clock Delay (DCD):    8.872ns = ( 13.721 - 4.848 ) 
    Source Clock Delay      (SCD):    9.416ns
    Clock Pessimism Removal (CPR):    0.517ns
  Clock Uncertainty:      0.074ns  ((TSJ^2 + DJ^2)^1/2) / 2 + PE
    Total System Jitter     (TSJ):    0.071ns
    Discrete Jitter          (DJ):    0.131ns
    Phase Error              (PE):    0.000ns

    Location             Delay type                Incr(ns)  Path(ns)    Netlist Resource(s)
  -------------------------------------------------------------------    -------------------
                         (clock clk_core_mmcm rise edge)
                                                      0.000     0.000 r  
    E3                                                0.000     0.000 r  clk_100mhz (IN)
                         net (fo=0)                   0.000     0.000    clk_100mhz
    E3                   IBUF (Prop_ibuf_I_O)         1.482     1.482 r  clk_100mhz_IBUF_inst/O
                         net (fo=1, routed)           2.025     3.506    clk_100mhz_IBUF
    BUFGCTRL_X0Y16       BUFG (Prop_bufg_I_O)         0.096     3.602 r  clk_100mhz_IBUF_BUFG_inst/O
                         net (fo=2651, routed)        1.809     5.412    clk_100mhz_IBUF_BUFG
    MMCME2_ADV_X0Y0      MMCME2_ADV (Prop_mmcme2_adv_CLKIN1_CLKOUT0)
                                                      0.088     5.500 r  u_mmcm/CLKOUT0
                         net (fo=1, routed)           2.018     7.518    clk_core_mmcm
    BUFGCTRL_X0Y0        BUFG (Prop_bufg_I_O)         0.096     7.614 r  u_bufg_core/O
                         net (fo=4633, routed)        1.801     9.416    u_mlkem/u_pack/clk_core
    SLICE_X60Y5          FDRE                                         r  u_mlkem/u_pack/rw_reg[2]/C
  -------------------------------------------------------------------    -------------------
    SLICE_X60Y5          FDRE (Prop_fdre_C_Q)         0.518     9.934 r  u_mlkem/u_pack/rw_reg[2]/Q
                         net (fo=19, routed)          0.641    10.574    u_mlkem/u_pack/rw[2]
    SLICE_X61Y4          LUT2 (Prop_lut2_I0_O)        0.124    10.698 r  u_mlkem/u_pack/ls[0]_i_6/O
                         net (fo=1, routed)           0.000    10.698    u_mlkem/u_pack/ls[0]_i_6_n_0
    SLICE_X61Y4          CARRY4 (Prop_carry4_S[2]_CO[3])
                                                      0.398    11.096 r  u_mlkem/u_pack/ls_reg[0]_i_2/CO[3]
                         net (fo=1, routed)           0.000    11.096    u_mlkem/u_pack/ls_reg[0]_i_2_n_0
    SLICE_X61Y5          CARRY4 (Prop_carry4_CI_CO[3])
                                                      0.114    11.210 r  u_mlkem/u_pack/ls_reg[11]_i_11/CO[3]
                         net (fo=1, routed)           0.000    11.210    u_mlkem/u_pack/ls_reg[11]_i_11_n_0
    SLICE_X61Y6          CARRY4 (Prop_carry4_CI_O[0])
                                                      0.222    11.432 f  u_mlkem/u_pack/ls_reg[11]_i_3/O[0]
                         net (fo=9, routed)           1.236    12.668    u_mlkem/u_pack/ls_reg[11]_i_3_n_7
    SLICE_X62Y5          LUT6 (Prop_lut6_I4_O)        0.299    12.967 r  u_mlkem/u_pack/ls[0]_i_3/O
                         net (fo=10, routed)          0.758    13.725    u_mlkem/u_pack/ls[0]_i_3_n_0
    SLICE_X60Y9          LUT6 (Prop_lut6_I5_O)        0.124    13.849 r  u_mlkem/u_pack/ls[5]_i_2/O
                         net (fo=1, routed)           0.596    14.445    u_mlkem/u_pack/ls[5]_i_2_n_0
    SLICE_X58Y8          LUT6 (Prop_lut6_I3_O)        0.124    14.569 r  u_mlkem/u_pack/ls[5]_i_1_comp/O
                         net (fo=1, routed)           0.000    14.569    u_mlkem/u_alu/ls_reg[23]_0[5]
    SLICE_X58Y8          FDRE                                         r  u_mlkem/u_alu/ls_reg[5]/D
  -------------------------------------------------------------------    -------------------

                         (clock clk_core_mmcm rise edge)
                                                      4.848     4.848 r  
    E3                                                0.000     4.848 r  clk_100mhz (IN)
                         net (fo=0)                   0.000     4.848    clk_100mhz
    E3                   IBUF (Prop_ibuf_I_O)         1.411     6.260 r  clk_100mhz_IBUF_inst/O
                         net (fo=1, routed)           1.920     8.180    clk_100mhz_IBUF
    BUFGCTRL_X0Y16       BUFG (Prop_bufg_I_O)         0.091     8.271 r  clk_100mhz_IBUF_BUFG_inst/O
                         net (fo=2651, routed)        1.683     9.954    clk_100mhz_IBUF_BUFG
    MMCME2_ADV_X0Y0      MMCME2_ADV (Prop_mmcme2_adv_CLKIN1_CLKOUT0)
                                                      0.083    10.037 r  u_mmcm/CLKOUT0
                         net (fo=1, routed)           1.923    11.960    clk_core_mmcm
    BUFGCTRL_X0Y0        BUFG (Prop_bufg_I_O)         0.091    12.051 r  u_bufg_core/O
                         net (fo=4633, routed)        1.670    13.721    u_mlkem/u_alu/clk_core
    SLICE_X58Y8          FDRE                                         r  u_mlkem/u_alu/ls_reg[5]/C
                         clock pessimism              0.517    14.238    
                         clock uncertainty           -0.074    14.163    
    SLICE_X58Y8          FDRE (Setup_fdre_C_D)        0.079    14.242    u_mlkem/u_alu/ls_reg[5]
  -------------------------------------------------------------------
                         required time                         14.242    
                         arrival time                         -14.569    
  -------------------------------------------------------------------
                         slack                                 -0.327    

Slack (VIOLATED) :        -0.326ns  (required time - arrival time)
  Source:                 u_mlkem/u_pack/rw_reg[2]/C
                            (rising edge-triggered cell FDRE clocked by clk_core_mmcm  {rise@0.000ns fall@2.424ns period=4.848ns})
  Destination:            u_mlkem/u_alu/ls_reg[0]/D
                            (rising edge-triggered cell FDRE clocked by clk_core_mmcm  {rise@0.000ns fall@2.424ns period=4.848ns})
  Path Group:             clk_core_mmcm
  Path Type:              Setup (Max at Slow Process Corner)
  Requirement:            4.848ns  (clk_core_mmcm rise@4.848ns - clk_core_mmcm rise@0.000ns)
  Data Path Delay:        5.140ns  (logic 2.145ns (41.735%)  route 2.995ns (58.265%))
  Logic Levels:           8  (CARRY4=3 LUT2=1 LUT4=2 LUT6=2)
  Clock Path Skew:        -0.041ns (DCD - SCD + CPR)
    Destination Clock Delay (DCD):    8.874ns = ( 13.723 - 4.848 ) 
    Source Clock Delay      (SCD):    9.416ns
    Clock Pessimism Removal (CPR):    0.500ns
  Clock Uncertainty:      0.074ns  ((TSJ^2 + DJ^2)^1/2) / 2 + PE
    Total System Jitter     (TSJ):    0.071ns
    Discrete Jitter          (DJ):    0.131ns
    Phase Error              (PE):    0.000ns

    Location             Delay type                Incr(ns)  Path(ns)    Netlist Resource(s)
  -------------------------------------------------------------------    -------------------
                         (clock clk_core_mmcm rise edge)
                                                      0.000     0.000 r  
    E3                                                0.000     0.000 r  clk_100mhz (IN)
                         net (fo=0)                   0.000     0.000    clk_100mhz
    E3                   IBUF (Prop_ibuf_I_O)         1.482     1.482 r  clk_100mhz_IBUF_inst/O
                         net (fo=1, routed)           2.025     3.506    clk_100mhz_IBUF
    BUFGCTRL_X0Y16       BUFG (Prop_bufg_I_O)         0.096     3.602 r  clk_100mhz_IBUF_BUFG_inst/O
                         net (fo=2651, routed)        1.809     5.412    clk_100mhz_IBUF_BUFG
    MMCME2_ADV_X0Y0      MMCME2_ADV (Prop_mmcme2_adv_CLKIN1_CLKOUT0)
                                                      0.088     5.500 r  u_mmcm/CLKOUT0
                         net (fo=1, routed)           2.018     7.518    clk_core_mmcm
    BUFGCTRL_X0Y0        BUFG (Prop_bufg_I_O)         0.096     7.614 r  u_bufg_core/O
                         net (fo=4633, routed)        1.801     9.416    u_mlkem/u_pack/clk_core
    SLICE_X60Y5          FDRE                                         r  u_mlkem/u_pack/rw_reg[2]/C
  -------------------------------------------------------------------    -------------------
    SLICE_X60Y5          FDRE (Prop_fdre_C_Q)         0.518     9.934 r  u_mlkem/u_pack/rw_reg[2]/Q
                         net (fo=19, routed)          0.641    10.574    u_mlkem/u_pack/rw[2]
    SLICE_X61Y4          LUT2 (Prop_lut2_I0_O)        0.124    10.698 r  u_mlkem/u_pack/ls[0]_i_6/O
                         net (fo=1, routed)           0.000    10.698    u_mlkem/u_pack/ls[0]_i_6_n_0
    SLICE_X61Y4          CARRY4 (Prop_carry4_S[2]_CO[3])
                                                      0.398    11.096 r  u_mlkem/u_pack/ls_reg[0]_i_2/CO[3]
                         net (fo=1, routed)           0.000    11.096    u_mlkem/u_pack/ls_reg[0]_i_2_n_0
    SLICE_X61Y5          CARRY4 (Prop_carry4_CI_CO[3])
                                                      0.114    11.210 r  u_mlkem/u_pack/ls_reg[11]_i_11/CO[3]
                         net (fo=1, routed)           0.000    11.210    u_mlkem/u_pack/ls_reg[11]_i_11_n_0
    SLICE_X61Y6          CARRY4 (Prop_carry4_CI_O[3])
                                                      0.313    11.523 r  u_mlkem/u_pack/ls_reg[11]_i_3/O[3]
                         net (fo=10, routed)          0.894    12.417    u_mlkem/u_pack/ls_reg[11]_i_3_n_4
    SLICE_X64Y7          LUT4 (Prop_lut4_I2_O)        0.306    12.723 r  u_mlkem/u_pack/ls[9]_i_4/O
                         net (fo=16, routed)          0.648    13.371    u_mlkem/u_pack/ls[9]_i_4_n_0
    SLICE_X62Y5          LUT6 (Prop_lut6_I0_O)        0.124    13.495 r  u_mlkem/u_pack/ls[3]_i_7/O
                         net (fo=3, routed)           0.517    14.012    u_mlkem/u_pack/ls[3]_i_7_n_0
    SLICE_X65Y10         LUT4 (Prop_lut4_I3_O)        0.124    14.136 r  u_mlkem/u_pack/ls[1]_i_3/O
                         net (fo=1, routed)           0.295    14.431    u_mlkem/u_pack/ls[1]_i_3_n_0
    SLICE_X66Y10         LUT6 (Prop_lut6_I2_O)        0.124    14.555 r  u_mlkem/u_pack/ls[0]_i_1/O
                         net (fo=1, routed)           0.000    14.555    u_mlkem/u_alu/ls_reg[23]_0[0]
    SLICE_X66Y10         FDRE                                         r  u_mlkem/u_alu/ls_reg[0]/D
  -------------------------------------------------------------------    -------------------

                         (clock clk_core_mmcm rise edge)
                                                      4.848     4.848 r  
    E3                                                0.000     4.848 r  clk_100mhz (IN)
                         net (fo=0)                   0.000     4.848    clk_100mhz
    E3                   IBUF (Prop_ibuf_I_O)         1.411     6.260 r  clk_100mhz_IBUF_inst/O
                         net (fo=1, routed)           1.920     8.180    clk_100mhz_IBUF
    BUFGCTRL_X0Y16       BUFG (Prop_bufg_I_O)         0.091     8.271 r  clk_100mhz_IBUF_BUFG_inst/O
                         net (fo=2651, routed)        1.683     9.954    clk_100mhz_IBUF_BUFG
    MMCME2_ADV_X0Y0      MMCME2_ADV (Prop_mmcme2_adv_CLKIN1_CLKOUT0)
                                                      0.083    10.037 r  u_mmcm/CLKOUT0
                         net (fo=1, routed)           1.923    11.960    clk_core_mmcm
    BUFGCTRL_X0Y0        BUFG (Prop_bufg_I_O)         0.091    12.051 r  u_bufg_core/O
                         net (fo=4633, routed)        1.672    13.723    u_mlkem/u_alu/clk_core
    SLICE_X66Y10         FDRE                                         r  u_mlkem/u_alu/ls_reg[0]/C
                         clock pessimism              0.500    14.223    
                         clock uncertainty           -0.074    14.148    
    SLICE_X66Y10         FDRE (Setup_fdre_C_D)        0.081    14.229    u_mlkem/u_alu/ls_reg[0]
  -------------------------------------------------------------------
                         required time                         14.229    
                         arrival time                         -14.555    
  -------------------------------------------------------------------
                         slack                                 -0.326    

Slack (VIOLATED) :        -0.322ns  (required time - arrival time)
  Source:                 u_mlkem/u_alu/layer_reg[0]/C
                            (rising edge-triggered cell FDRE clocked by clk_core_mmcm  {rise@0.000ns fall@2.424ns period=4.848ns})
  Destination:            u_mlkem/u_alu/pz_reg[0][1]/D
                            (rising edge-triggered cell FDRE clocked by clk_core_mmcm  {rise@0.000ns fall@2.424ns period=4.848ns})
  Path Group:             clk_core_mmcm
  Path Type:              Setup (Max at Slow Process Corner)
  Requirement:            4.848ns  (clk_core_mmcm rise@4.848ns - clk_core_mmcm rise@0.000ns)
  Data Path Delay:        5.116ns  (logic 2.222ns (43.433%)  route 2.894ns (56.567%))
  Logic Levels:           8  (CARRY4=2 LUT4=1 LUT5=2 LUT6=2 MUXF7=1)
  Clock Path Skew:        -0.044ns (DCD - SCD + CPR)
    Destination Clock Delay (DCD):    8.875ns = ( 13.724 - 4.848 ) 
    Source Clock Delay      (SCD):    9.420ns
    Clock Pessimism Removal (CPR):    0.500ns
  Clock Uncertainty:      0.074ns  ((TSJ^2 + DJ^2)^1/2) / 2 + PE
    Total System Jitter     (TSJ):    0.071ns
    Discrete Jitter          (DJ):    0.131ns
    Phase Error              (PE):    0.000ns

    Location             Delay type                Incr(ns)  Path(ns)    Netlist Resource(s)
  -------------------------------------------------------------------    -------------------
                         (clock clk_core_mmcm rise edge)
                                                      0.000     0.000 r  
    E3                                                0.000     0.000 r  clk_100mhz (IN)
                         net (fo=0)                   0.000     0.000    clk_100mhz
    E3                   IBUF (Prop_ibuf_I_O)         1.482     1.482 r  clk_100mhz_IBUF_inst/O
                         net (fo=1, routed)           2.025     3.506    clk_100mhz_IBUF
    BUFGCTRL_X0Y16       BUFG (Prop_bufg_I_O)         0.096     3.602 r  clk_100mhz_IBUF_BUFG_inst/O
                         net (fo=2651, routed)        1.809     5.412    clk_100mhz_IBUF_BUFG
    MMCME2_ADV_X0Y0      MMCME2_ADV (Prop_mmcme2_adv_CLKIN1_CLKOUT0)
                                                      0.088     5.500 r  u_mmcm/CLKOUT0
                         net (fo=1, routed)           2.018     7.518    clk_core_mmcm
    BUFGCTRL_X0Y0        BUFG (Prop_bufg_I_O)         0.096     7.614 r  u_bufg_core/O
                         net (fo=4633, routed)        1.805     9.420    u_mlkem/u_alu/clk_core
    SLICE_X48Y3          FDRE                                         r  u_mlkem/u_alu/layer_reg[0]/C
  -------------------------------------------------------------------    -------------------
    SLICE_X48Y3          FDRE (Prop_fdre_C_Q)         0.456     9.876 f  u_mlkem/u_alu/layer_reg[0]/Q
                         net (fo=72, routed)          0.913    10.788    u_mlkem/u_alu/u_zetas/pjw_reg[0][3]_0
    SLICE_X48Y4          LUT4 (Prop_lut4_I1_O)        0.124    10.912 r  u_mlkem/u_alu/u_zetas/rb_addr[3]_i_5/O
                         net (fo=3, routed)           0.667    11.579    u_mlkem/u_alu/u_zetas/layer_reg[1][0]
    SLICE_X48Y3          LUT6 (Prop_lut6_I5_O)        0.124    11.703 r  u_mlkem/u_alu/u_zetas/zeta00_carry_i_18/O
                         net (fo=1, routed)           0.162    11.865    u_mlkem/u_alu/u_zetas/zeta00_carry_i_18_n_0
    SLICE_X48Y3          LUT5 (Prop_lut5_I4_O)        0.124    11.989 r  u_mlkem/u_alu/u_zetas/zeta00_carry_i_4/O
                         net (fo=2, routed)           0.304    12.293    u_mlkem/u_alu/u_zetas/zeta00_carry_i_4_n_0
    SLICE_X49Y3          LUT5 (Prop_lut5_I0_O)        0.124    12.417 r  u_mlkem/u_alu/u_zetas/zeta00_carry_i_8/O
                         net (fo=1, routed)           0.000    12.417    u_mlkem/u_alu/u_zetas/zeta00_carry_i_8_n_0
    SLICE_X49Y3          CARRY4 (Prop_carry4_S[0]_CO[3])
                                                      0.532    12.949 r  u_mlkem/u_alu/u_zetas/zeta00_carry/CO[3]
                         net (fo=1, routed)           0.000    12.949    u_mlkem/u_alu/u_zetas/zeta00_carry_n_0
    SLICE_X49Y4          CARRY4 (Prop_carry4_CI_O[0])
                                                      0.222    13.171 r  u_mlkem/u_alu/u_zetas/zeta00_carry__0/O[0]
                         net (fo=24, routed)          0.848    14.019    u_mlkem/sel[4]
    SLICE_X51Y3          LUT6 (Prop_lut6_I4_O)        0.299    14.318 r  u_mlkem/g1_b1/O
                         net (fo=1, routed)           0.000    14.318    u_mlkem/u_alu/u_zetas/pz_reg[0][1]_0
    SLICE_X51Y3          MUXF7 (Prop_muxf7_I1_O)      0.217    14.535 r  u_mlkem/u_alu/u_zetas/pz_reg[0][1]_i_1/O
                         net (fo=1, routed)           0.000    14.535    u_mlkem/u_alu/u_zetas_n_1
    SLICE_X51Y3          FDRE                                         r  u_mlkem/u_alu/pz_reg[0][1]/D
  -------------------------------------------------------------------    -------------------

                         (clock clk_core_mmcm rise edge)
                                                      4.848     4.848 r  
    E3                                                0.000     4.848 r  clk_100mhz (IN)
                         net (fo=0)                   0.000     4.848    clk_100mhz
    E3                   IBUF (Prop_ibuf_I_O)         1.411     6.260 r  clk_100mhz_IBUF_inst/O
                         net (fo=1, routed)           1.920     8.180    clk_100mhz_IBUF
    BUFGCTRL_X0Y16       BUFG (Prop_bufg_I_O)         0.091     8.271 r  clk_100mhz_IBUF_BUFG_inst/O
                         net (fo=2651, routed)        1.683     9.954    clk_100mhz_IBUF_BUFG
    MMCME2_ADV_X0Y0      MMCME2_ADV (Prop_mmcme2_adv_CLKIN1_CLKOUT0)
                                                      0.083    10.037 r  u_mmcm/CLKOUT0
                         net (fo=1, routed)           1.923    11.960    clk_core_mmcm
    BUFGCTRL_X0Y0        BUFG (Prop_bufg_I_O)         0.091    12.051 r  u_bufg_core/O
                         net (fo=4633, routed)        1.673    13.724    u_mlkem/u_alu/clk_core
    SLICE_X51Y3          FDRE                                         r  u_mlkem/u_alu/pz_reg[0][1]/C
                         clock pessimism              0.500    14.224    
                         clock uncertainty           -0.074    14.149    
    SLICE_X51Y3          FDRE (Setup_fdre_C_D)        0.064    14.213    u_mlkem/u_alu/pz_reg[0][1]
  -------------------------------------------------------------------
                         required time                         14.213    
                         arrival time                         -14.535    
  -------------------------------------------------------------------
                         slack                                 -0.322    

Slack (VIOLATED) :        -0.321ns  (required time - arrival time)
  Source:                 u_mlkem/u_pack/rw_reg[2]/C
                            (rising edge-triggered cell FDRE clocked by clk_core_mmcm  {rise@0.000ns fall@2.424ns period=4.848ns})
  Destination:            u_mlkem/u_alu/ls_reg[3]/D
                            (rising edge-triggered cell FDRE clocked by clk_core_mmcm  {rise@0.000ns fall@2.424ns period=4.848ns})
  Path Group:             clk_core_mmcm
  Path Type:              Setup (Max at Slow Process Corner)
  Requirement:            4.848ns  (clk_core_mmcm rise@4.848ns - clk_core_mmcm rise@0.000ns)
  Data Path Delay:        5.088ns  (logic 2.145ns (42.158%)  route 2.943ns (57.842%))
  Logic Levels:           8  (CARRY4=3 LUT2=1 LUT4=2 LUT6=2)
  Clock Path Skew:        -0.039ns (DCD - SCD + CPR)
    Destination Clock Delay (DCD):    8.876ns = ( 13.725 - 4.848 ) 
    Source Clock Delay      (SCD):    9.416ns
    Clock Pessimism Removal (CPR):    0.500ns
  Clock Uncertainty:      0.074ns  ((TSJ^2 + DJ^2)^1/2) / 2 + PE
    Total System Jitter     (TSJ):    0.071ns
    Discrete Jitter          (DJ):    0.131ns
    Phase Error              (PE):    0.000ns

    Location             Delay type                Incr(ns)  Path(ns)    Netlist Resource(s)
  -------------------------------------------------------------------    -------------------
                         (clock clk_core_mmcm rise edge)
                                                      0.000     0.000 r  
    E3                                                0.000     0.000 r  clk_100mhz (IN)
                         net (fo=0)                   0.000     0.000    clk_100mhz
    E3                   IBUF (Prop_ibuf_I_O)         1.482     1.482 r  clk_100mhz_IBUF_inst/O
                         net (fo=1, routed)           2.025     3.506    clk_100mhz_IBUF
    BUFGCTRL_X0Y16       BUFG (Prop_bufg_I_O)         0.096     3.602 r  clk_100mhz_IBUF_BUFG_inst/O
                         net (fo=2651, routed)        1.809     5.412    clk_100mhz_IBUF_BUFG
    MMCME2_ADV_X0Y0      MMCME2_ADV (Prop_mmcme2_adv_CLKIN1_CLKOUT0)
                                                      0.088     5.500 r  u_mmcm/CLKOUT0
                         net (fo=1, routed)           2.018     7.518    clk_core_mmcm
    BUFGCTRL_X0Y0        BUFG (Prop_bufg_I_O)         0.096     7.614 r  u_bufg_core/O
                         net (fo=4633, routed)        1.801     9.416    u_mlkem/u_pack/clk_core
    SLICE_X60Y5          FDRE                                         r  u_mlkem/u_pack/rw_reg[2]/C
  -------------------------------------------------------------------    -------------------
    SLICE_X60Y5          FDRE (Prop_fdre_C_Q)         0.518     9.934 r  u_mlkem/u_pack/rw_reg[2]/Q
                         net (fo=19, routed)          0.641    10.574    u_mlkem/u_pack/rw[2]
    SLICE_X61Y4          LUT2 (Prop_lut2_I0_O)        0.124    10.698 r  u_mlkem/u_pack/ls[0]_i_6/O
                         net (fo=1, routed)           0.000    10.698    u_mlkem/u_pack/ls[0]_i_6_n_0
    SLICE_X61Y4          CARRY4 (Prop_carry4_S[2]_CO[3])
                                                      0.398    11.096 r  u_mlkem/u_pack/ls_reg[0]_i_2/CO[3]
                         net (fo=1, routed)           0.000    11.096    u_mlkem/u_pack/ls_reg[0]_i_2_n_0
    SLICE_X61Y5          CARRY4 (Prop_carry4_CI_CO[3])
                                                      0.114    11.210 r  u_mlkem/u_pack/ls_reg[11]_i_11/CO[3]
                         net (fo=1, routed)           0.000    11.210    u_mlkem/u_pack/ls_reg[11]_i_11_n_0
    SLICE_X61Y6          CARRY4 (Prop_carry4_CI_O[3])
                                                      0.313    11.523 r  u_mlkem/u_pack/ls_reg[11]_i_3/O[3]
                         net (fo=10, routed)          0.894    12.417    u_mlkem/u_pack/ls_reg[11]_i_3_n_4
    SLICE_X64Y7          LUT4 (Prop_lut4_I2_O)        0.306    12.723 r  u_mlkem/u_pack/ls[9]_i_4/O
                         net (fo=16, routed)          0.648    13.371    u_mlkem/u_pack/ls[9]_i_4_n_0
    SLICE_X62Y5          LUT6 (Prop_lut6_I0_O)        0.124    13.495 r  u_mlkem/u_pack/ls[3]_i_7/O
                         net (fo=3, routed)           0.312    13.808    u_mlkem/u_pack/ls[3]_i_7_n_0
    SLICE_X63Y3          LUT4 (Prop_lut4_I3_O)        0.124    13.932 r  u_mlkem/u_pack/ls[3]_i_4/O
                         net (fo=2, routed)           0.448    14.379    u_mlkem/u_pack/ls[3]_i_4_n_0
    SLICE_X63Y2          LUT6 (Prop_lut6_I2_O)        0.124    14.503 r  u_mlkem/u_pack/ls[3]_i_1_comp/O
                         net (fo=1, routed)           0.000    14.503    u_mlkem/u_alu/ls_reg[23]_0[3]
    SLICE_X63Y2          FDRE                                         r  u_mlkem/u_alu/ls_reg[3]/D
  -------------------------------------------------------------------    -------------------

                         (clock clk_core_mmcm rise edge)
                                                      4.848     4.848 r  
    E3                                                0.000     4.848 r  clk_100mhz (IN)
                         net (fo=0)                   0.000     4.848    clk_100mhz
    E3                   IBUF (Prop_ibuf_I_O)         1.411     6.260 r  clk_100mhz_IBUF_inst/O
                         net (fo=1, routed)           1.920     8.180    clk_100mhz_IBUF
    BUFGCTRL_X0Y16       BUFG (Prop_bufg_I_O)         0.091     8.271 r  clk_100mhz_IBUF_BUFG_inst/O
                         net (fo=2651, routed)        1.683     9.954    clk_100mhz_IBUF_BUFG
    MMCME2_ADV_X0Y0      MMCME2_ADV (Prop_mmcme2_adv_CLKIN1_CLKOUT0)
                                                      0.083    10.037 r  u_mmcm/CLKOUT0
                         net (fo=1, routed)           1.923    11.960    clk_core_mmcm
    BUFGCTRL_X0Y0        BUFG (Prop_bufg_I_O)         0.091    12.051 r  u_bufg_core/O
                         net (fo=4633, routed)        1.674    13.725    u_mlkem/u_alu/clk_core
    SLICE_X63Y2          FDRE                                         r  u_mlkem/u_alu/ls_reg[3]/C
                         clock pessimism              0.500    14.225    
                         clock uncertainty           -0.074    14.150    
    SLICE_X63Y2          FDRE (Setup_fdre_C_D)        0.032    14.182    u_mlkem/u_alu/ls_reg[3]
  -------------------------------------------------------------------
                         required time                         14.182    
                         arrival time                         -14.503    
  -------------------------------------------------------------------
                         slack                                 -0.321    

Slack (VIOLATED) :        -0.316ns  (required time - arrival time)
  Source:                 u_mlkem/u_pack/rw_reg[2]/C
                            (rising edge-triggered cell FDRE clocked by clk_core_mmcm  {rise@0.000ns fall@2.424ns period=4.848ns})
  Destination:            u_mlkem/u_alu/ls_reg[10]/D
                            (rising edge-triggered cell FDRE clocked by clk_core_mmcm  {rise@0.000ns fall@2.424ns period=4.848ns})
  Path Group:             clk_core_mmcm
  Path Type:              Setup (Max at Slow Process Corner)
  Requirement:            4.848ns  (clk_core_mmcm rise@4.848ns - clk_core_mmcm rise@0.000ns)
  Data Path Delay:        5.125ns  (logic 2.049ns (39.982%)  route 3.076ns (60.018%))
  Logic Levels:           7  (CARRY4=2 LUT2=1 LUT4=2 LUT5=1 LUT6=1)
  Clock Path Skew:        -0.042ns (DCD - SCD + CPR)
    Destination Clock Delay (DCD):    8.873ns = ( 13.722 - 4.848 ) 
    Source Clock Delay      (SCD):    9.416ns
    Clock Pessimism Removal (CPR):    0.500ns
  Clock Uncertainty:      0.074ns  ((TSJ^2 + DJ^2)^1/2) / 2 + PE
    Total System Jitter     (TSJ):    0.071ns
    Discrete Jitter          (DJ):    0.131ns
    Phase Error              (PE):    0.000ns

    Location             Delay type                Incr(ns)  Path(ns)    Netlist Resource(s)
  -------------------------------------------------------------------    -------------------
                         (clock clk_core_mmcm rise edge)
                                                      0.000     0.000 r  
    E3                                                0.000     0.000 r  clk_100mhz (IN)
                         net (fo=0)                   0.000     0.000    clk_100mhz
    E3                   IBUF (Prop_ibuf_I_O)         1.482     1.482 r  clk_100mhz_IBUF_inst/O
                         net (fo=1, routed)           2.025     3.506    clk_100mhz_IBUF
    BUFGCTRL_X0Y16       BUFG (Prop_bufg_I_O)         0.096     3.602 r  clk_100mhz_IBUF_BUFG_inst/O
                         net (fo=2651, routed)        1.809     5.412    clk_100mhz_IBUF_BUFG
    MMCME2_ADV_X0Y0      MMCME2_ADV (Prop_mmcme2_adv_CLKIN1_CLKOUT0)
                                                      0.088     5.500 r  u_mmcm/CLKOUT0
                         net (fo=1, routed)           2.018     7.518    clk_core_mmcm
    BUFGCTRL_X0Y0        BUFG (Prop_bufg_I_O)         0.096     7.614 r  u_bufg_core/O
                         net (fo=4633, routed)        1.801     9.416    u_mlkem/u_pack/clk_core
    SLICE_X60Y5          FDRE                                         r  u_mlkem/u_pack/rw_reg[2]/C
  -------------------------------------------------------------------    -------------------
    SLICE_X60Y5          FDRE (Prop_fdre_C_Q)         0.518     9.934 r  u_mlkem/u_pack/rw_reg[2]/Q
                         net (fo=19, routed)          0.641    10.574    u_mlkem/u_pack/rw[2]
    SLICE_X61Y4          LUT2 (Prop_lut2_I0_O)        0.124    10.698 r  u_mlkem/u_pack/ls[0]_i_6/O
                         net (fo=1, routed)           0.000    10.698    u_mlkem/u_pack/ls[0]_i_6_n_0
    SLICE_X61Y4          CARRY4 (Prop_carry4_S[2]_CO[3])
                                                      0.398    11.096 r  u_mlkem/u_pack/ls_reg[0]_i_2/CO[3]
                         net (fo=1, routed)           0.000    11.096    u_mlkem/u_pack/ls_reg[0]_i_2_n_0
    SLICE_X61Y5          CARRY4 (Prop_carry4_CI_O[1])
                                                      0.334    11.430 f  u_mlkem/u_pack/ls_reg[11]_i_11/O[1]
                         net (fo=7, routed)           0.857    12.288    u_mlkem/u_pack/ls_reg[11]_i_11_n_6
    SLICE_X60Y9          LUT4 (Prop_lut4_I0_O)        0.303    12.591 f  u_mlkem/u_pack/ls[9]_i_5/O
                         net (fo=1, routed)           0.302    12.893    u_mlkem/u_pack/ls[9]_i_5_n_0
    SLICE_X60Y10         LUT5 (Prop_lut5_I4_O)        0.124    13.017 r  u_mlkem/u_pack/ls[9]_i_3/O
                         net (fo=4, routed)           0.596    13.612    u_mlkem/u_pack/ls[9]_i_3_n_0
    SLICE_X62Y10         LUT4 (Prop_lut4_I1_O)        0.124    13.736 r  u_mlkem/u_pack/ls[10]_i_2/O
                         net (fo=1, routed)           0.680    14.416    u_mlkem/u_pack/ls[10]_i_2_n_0
    SLICE_X62Y10         LUT6 (Prop_lut6_I4_O)        0.124    14.540 r  u_mlkem/u_pack/ls[10]_i_1/O
                         net (fo=1, routed)           0.000    14.540    u_mlkem/u_alu/ls_reg[23]_0[10]
    SLICE_X62Y10         FDRE                                         r  u_mlkem/u_alu/ls_reg[10]/D
  -------------------------------------------------------------------    -------------------

                         (clock clk_core_mmcm rise edge)
                                                      4.848     4.848 r  
    E3                                                0.000     4.848 r  clk_100mhz (IN)
                         net (fo=0)                   0.000     4.848    clk_100mhz
    E3                   IBUF (Prop_ibuf_I_O)         1.411     6.260 r  clk_100mhz_IBUF_inst/O
                         net (fo=1, routed)           1.920     8.180    clk_100mhz_IBUF
    BUFGCTRL_X0Y16       BUFG (Prop_bufg_I_O)         0.091     8.271 r  clk_100mhz_IBUF_BUFG_inst/O
                         net (fo=2651, routed)        1.683     9.954    clk_100mhz_IBUF_BUFG
    MMCME2_ADV_X0Y0      MMCME2_ADV (Prop_mmcme2_adv_CLKIN1_CLKOUT0)
                                                      0.083    10.037 r  u_mmcm/CLKOUT0
                         net (fo=1, routed)           1.923    11.960    clk_core_mmcm
    BUFGCTRL_X0Y0        BUFG (Prop_bufg_I_O)         0.091    12.051 r  u_bufg_core/O
                         net (fo=4633, routed)        1.671    13.722    u_mlkem/u_alu/clk_core
    SLICE_X62Y10         FDRE                                         r  u_mlkem/u_alu/ls_reg[10]/C
                         clock pessimism              0.500    14.222    
                         clock uncertainty           -0.074    14.147    
    SLICE_X62Y10         FDRE (Setup_fdre_C_D)        0.077    14.224    u_mlkem/u_alu/ls_reg[10]
  -------------------------------------------------------------------
                         required time                         14.224    
                         arrival time                         -14.540    
  -------------------------------------------------------------------
                         slack                                 -0.316    

Slack (VIOLATED) :        -0.310ns  (required time - arrival time)
  Source:                 u_mlkem/u_sponge/st_reg[575]/C
                            (rising edge-triggered cell FDRE clocked by clk_core_mmcm  {rise@0.000ns fall@2.424ns period=4.848ns})
  Destination:            u_mlkem/u_sponge/st_reg[839]/D
                            (rising edge-triggered cell FDRE clocked by clk_core_mmcm  {rise@0.000ns fall@2.424ns period=4.848ns})
  Path Group:             clk_core_mmcm
  Path Type:              Setup (Max at Slow Process Corner)
  Requirement:            4.848ns  (clk_core_mmcm rise@4.848ns - clk_core_mmcm rise@0.000ns)
  Data Path Delay:        4.866ns  (logic 0.952ns (19.566%)  route 3.914ns (80.434%))
  Logic Levels:           4  (LUT5=2 LUT6=2)
  Clock Path Skew:        -0.295ns (DCD - SCD + CPR)
    Destination Clock Delay (DCD):    8.709ns = ( 13.557 - 4.848 ) 
    Source Clock Delay      (SCD):    9.424ns
    Clock Pessimism Removal (CPR):    0.420ns
  Clock Uncertainty:      0.074ns  ((TSJ^2 + DJ^2)^1/2) / 2 + PE
    Total System Jitter     (TSJ):    0.071ns
    Discrete Jitter          (DJ):    0.131ns
    Phase Error              (PE):    0.000ns

    Location             Delay type                Incr(ns)  Path(ns)    Netlist Resource(s)
  -------------------------------------------------------------------    -------------------
                         (clock clk_core_mmcm rise edge)
                                                      0.000     0.000 r  
    E3                                                0.000     0.000 r  clk_100mhz (IN)
                         net (fo=0)                   0.000     0.000    clk_100mhz
    E3                   IBUF (Prop_ibuf_I_O)         1.482     1.482 r  clk_100mhz_IBUF_inst/O
                         net (fo=1, routed)           2.025     3.506    clk_100mhz_IBUF
    BUFGCTRL_X0Y16       BUFG (Prop_bufg_I_O)         0.096     3.602 r  clk_100mhz_IBUF_BUFG_inst/O
                         net (fo=2651, routed)        1.809     5.412    clk_100mhz_IBUF_BUFG
    MMCME2_ADV_X0Y0      MMCME2_ADV (Prop_mmcme2_adv_CLKIN1_CLKOUT0)
                                                      0.088     5.500 r  u_mmcm/CLKOUT0
                         net (fo=1, routed)           2.018     7.518    clk_core_mmcm
    BUFGCTRL_X0Y0        BUFG (Prop_bufg_I_O)         0.096     7.614 r  u_bufg_core/O
                         net (fo=4633, routed)        1.809     9.424    u_mlkem/u_sponge/clk_core
    SLICE_X44Y47         FDRE                                         r  u_mlkem/u_sponge/st_reg[575]/C
  -------------------------------------------------------------------    -------------------
    SLICE_X44Y47         FDRE (Prop_fdre_C_Q)         0.456     9.880 r  u_mlkem/u_sponge/st_reg[575]/Q
                         net (fo=7, routed)           1.264    11.144    u_mlkem/u_sponge/p_0_in21_in[63]
    SLICE_X39Y46         LUT5 (Prop_lut5_I0_O)        0.124    11.268 r  u_mlkem/u_sponge/st[1446]_i_3/O
                         net (fo=1, routed)           0.587    11.855    u_mlkem/u_sponge/st[1446]_i_3_n_0
    SLICE_X31Y48         LUT6 (Prop_lut6_I5_O)        0.124    11.979 r  u_mlkem/u_sponge/st[1446]_i_2/O
                         net (fo=15, routed)          1.566    13.545    u_mlkem/u_sponge/st[1446]_i_2_n_0
    SLICE_X58Y53         LUT6 (Prop_lut6_I1_O)        0.124    13.669 r  u_mlkem/u_sponge/st[839]_i_2/O
                         net (fo=1, routed)           0.496    14.165    u_mlkem/u_sponge/st_round[839]
    SLICE_X58Y53         LUT5 (Prop_lut5_I0_O)        0.124    14.289 r  u_mlkem/u_sponge/st[839]_i_1/O
                         net (fo=1, routed)           0.000    14.289    u_mlkem/u_sponge/st[839]_i_1_n_0
    SLICE_X58Y53         FDRE                                         r  u_mlkem/u_sponge/st_reg[839]/D
  -------------------------------------------------------------------    -------------------

                         (clock clk_core_mmcm rise edge)
                                                      4.848     4.848 r  
    E3                                                0.000     4.848 r  clk_100mhz (IN)
                         net (fo=0)                   0.000     4.848    clk_100mhz
    E3                   IBUF (Prop_ibuf_I_O)         1.411     6.260 r  clk_100mhz_IBUF_inst/O
                         net (fo=1, routed)           1.920     8.180    clk_100mhz_IBUF
    BUFGCTRL_X0Y16       BUFG (Prop_bufg_I_O)         0.091     8.271 r  clk_100mhz_IBUF_BUFG_inst/O
                         net (fo=2651, routed)        1.683     9.954    clk_100mhz_IBUF_BUFG
    MMCME2_ADV_X0Y0      MMCME2_ADV (Prop_mmcme2_adv_CLKIN1_CLKOUT0)
                                                      0.083    10.037 r  u_mmcm/CLKOUT0
                         net (fo=1, routed)           1.923    11.960    clk_core_mmcm
    BUFGCTRL_X0Y0        BUFG (Prop_bufg_I_O)         0.091    12.051 r  u_bufg_core/O
                         net (fo=4633, routed)        1.506    13.557    u_mlkem/u_sponge/clk_core
    SLICE_X58Y53         FDRE                                         r  u_mlkem/u_sponge/st_reg[839]/C
                         clock pessimism              0.420    13.977    
                         clock uncertainty           -0.074    13.902    
    SLICE_X58Y53         FDRE (Setup_fdre_C_D)        0.077    13.979    u_mlkem/u_sponge/st_reg[839]
  -------------------------------------------------------------------
                         required time                         13.979    
                         arrival time                         -14.289    
  -------------------------------------------------------------------
                         slack                                 -0.310    

Slack (VIOLATED) :        -0.309ns  (required time - arrival time)
  Source:                 u_mlkem/u_pack/rw_reg[4]/C
                            (rising edge-triggered cell FDRE clocked by clk_core_mmcm  {rise@0.000ns fall@2.424ns period=4.848ns})
  Destination:            u_mlkem/u_alu/ksa_reg[6]/D
                            (rising edge-triggered cell FDRE clocked by clk_core_mmcm  {rise@0.000ns fall@2.424ns period=4.848ns})
  Path Group:             clk_core_mmcm
  Path Type:              Setup (Max at Slow Process Corner)
  Requirement:            4.848ns  (clk_core_mmcm rise@4.848ns - clk_core_mmcm rise@0.000ns)
  Data Path Delay:        5.065ns  (logic 2.005ns (39.584%)  route 3.060ns (60.416%))
  Logic Levels:           7  (CARRY4=2 LUT2=1 LUT3=1 LUT6=3)
  Clock Path Skew:        -0.049ns (DCD - SCD + CPR)
    Destination Clock Delay (DCD):    8.866ns = ( 13.715 - 4.848 ) 
    Source Clock Delay      (SCD):    9.416ns
    Clock Pessimism Removal (CPR):    0.500ns
  Clock Uncertainty:      0.074ns  ((TSJ^2 + DJ^2)^1/2) / 2 + PE
    Total System Jitter     (TSJ):    0.071ns
    Discrete Jitter          (DJ):    0.131ns
    Phase Error              (PE):    0.000ns

    Location             Delay type                Incr(ns)  Path(ns)    Netlist Resource(s)
  -------------------------------------------------------------------    -------------------
                         (clock clk_core_mmcm rise edge)
                                                      0.000     0.000 r  
    E3                                                0.000     0.000 r  clk_100mhz (IN)
                         net (fo=0)                   0.000     0.000    clk_100mhz
    E3                   IBUF (Prop_ibuf_I_O)         1.482     1.482 r  clk_100mhz_IBUF_inst/O
                         net (fo=1, routed)           2.025     3.506    clk_100mhz_IBUF
    BUFGCTRL_X0Y16       BUFG (Prop_bufg_I_O)         0.096     3.602 r  clk_100mhz_IBUF_BUFG_inst/O
                         net (fo=2651, routed)        1.809     5.412    clk_100mhz_IBUF_BUFG
    MMCME2_ADV_X0Y0      MMCME2_ADV (Prop_mmcme2_adv_CLKIN1_CLKOUT0)
                                                      0.088     5.500 r  u_mmcm/CLKOUT0
                         net (fo=1, routed)           2.018     7.518    clk_core_mmcm
    BUFGCTRL_X0Y0        BUFG (Prop_bufg_I_O)         0.096     7.614 r  u_bufg_core/O
                         net (fo=4633, routed)        1.801     9.416    u_mlkem/u_pack/clk_core
    SLICE_X61Y6          FDRE                                         r  u_mlkem/u_pack/rw_reg[4]/C
  -------------------------------------------------------------------    -------------------
    SLICE_X61Y6          FDRE (Prop_fdre_C_Q)         0.456     9.872 r  u_mlkem/u_pack/rw_reg[4]/Q
                         net (fo=19, routed)          0.950    10.821    u_mlkem/u_pack/rw[4]
    SLICE_X58Y10         LUT2 (Prop_lut2_I0_O)        0.124    10.945 r  u_mlkem/u_pack/ksa[7]_i_10/O
                         net (fo=1, routed)           0.000    10.945    u_mlkem/u_pack/ksa[7]_i_10_n_0
    SLICE_X58Y10         CARRY4 (Prop_carry4_S[0]_CO[3])
                                                      0.513    11.458 r  u_mlkem/u_pack/ksa_reg[7]_i_4/CO[3]
                         net (fo=1, routed)           0.000    11.458    u_mlkem/u_pack/ksa_reg[7]_i_4_n_0
    SLICE_X58Y11         CARRY4 (Prop_carry4_CI_O[2])
                                                      0.239    11.697 r  u_mlkem/u_pack/ksa_reg[11]_i_2/O[2]
                         net (fo=11, routed)          0.694    12.392    u_mlkem/u_pack/ksa_reg[11]_i_2_n_5
    SLICE_X60Y11         LUT3 (Prop_lut3_I2_O)        0.301    12.693 r  u_mlkem/u_pack/ksa[7]_i_5/O
                         net (fo=10, routed)          0.636    13.329    u_mlkem/u_pack/ksa[7]_i_5_n_0
    SLICE_X59Y11         LUT6 (Prop_lut6_I0_O)        0.124    13.453 r  u_mlkem/u_pack/ksa[7]_i_6/O
                         net (fo=2, routed)           0.469    13.922    u_mlkem/u_pack/ksa[7]_i_6_n_0
    SLICE_X57Y10         LUT6 (Prop_lut6_I5_O)        0.124    14.046 r  u_mlkem/u_pack/ksa[7]_i_2/O
                         net (fo=2, routed)           0.310    14.357    u_mlkem/u_pack/ksa[7]_i_2_n_0
    SLICE_X55Y10         LUT6 (Prop_lut6_I0_O)        0.124    14.481 r  u_mlkem/u_pack/ksa[6]_i_1/O
                         net (fo=1, routed)           0.000    14.481    u_mlkem/u_alu/ksa_reg[11]_0[6]
    SLICE_X55Y10         FDRE                                         r  u_mlkem/u_alu/ksa_reg[6]/D
  -------------------------------------------------------------------    -------------------

                         (clock clk_core_mmcm rise edge)
                                                      4.848     4.848 r  
    E3                                                0.000     4.848 r  clk_100mhz (IN)
                         net (fo=0)                   0.000     4.848    clk_100mhz
    E3                   IBUF (Prop_ibuf_I_O)         1.411     6.260 r  clk_100mhz_IBUF_inst/O
                         net (fo=1, routed)           1.920     8.180    clk_100mhz_IBUF
    BUFGCTRL_X0Y16       BUFG (Prop_bufg_I_O)         0.091     8.271 r  clk_100mhz_IBUF_BUFG_inst/O
                         net (fo=2651, routed)        1.683     9.954    clk_100mhz_IBUF_BUFG
    MMCME2_ADV_X0Y0      MMCME2_ADV (Prop_mmcme2_adv_CLKIN1_CLKOUT0)
                                                      0.083    10.037 r  u_mmcm/CLKOUT0
                         net (fo=1, routed)           1.923    11.960    clk_core_mmcm
    BUFGCTRL_X0Y0        BUFG (Prop_bufg_I_O)         0.091    12.051 r  u_bufg_core/O
                         net (fo=4633, routed)        1.664    13.715    u_mlkem/u_alu/clk_core
    SLICE_X55Y10         FDRE                                         r  u_mlkem/u_alu/ksa_reg[6]/C
                         clock pessimism              0.500    14.215    
                         clock uncertainty           -0.074    14.140    
    SLICE_X55Y10         FDRE (Setup_fdre_C_D)        0.031    14.171    u_mlkem/u_alu/ksa_reg[6]
  -------------------------------------------------------------------
                         required time                         14.171    
                         arrival time                         -14.481    
  -------------------------------------------------------------------
                         slack                                 -0.309    

Slack (VIOLATED) :        -0.308ns  (required time - arrival time)
  Source:                 u_mlkem/u_pack/rw_reg[4]/C
                            (rising edge-triggered cell FDRE clocked by clk_core_mmcm  {rise@0.000ns fall@2.424ns period=4.848ns})
  Destination:            u_mlkem/u_alu/ksa_reg[7]/D
                            (rising edge-triggered cell FDRE clocked by clk_core_mmcm  {rise@0.000ns fall@2.424ns period=4.848ns})
  Path Group:             clk_core_mmcm
  Path Type:              Setup (Max at Slow Process Corner)
  Requirement:            4.848ns  (clk_core_mmcm rise@4.848ns - clk_core_mmcm rise@0.000ns)
  Data Path Delay:        5.063ns  (logic 2.005ns (39.604%)  route 3.058ns (60.396%))
  Logic Levels:           7  (CARRY4=2 LUT2=1 LUT3=1 LUT6=3)
  Clock Path Skew:        -0.048ns (DCD - SCD + CPR)
    Destination Clock Delay (DCD):    8.867ns = ( 13.716 - 4.848 ) 
    Source Clock Delay      (SCD):    9.416ns
    Clock Pessimism Removal (CPR):    0.500ns
  Clock Uncertainty:      0.074ns  ((TSJ^2 + DJ^2)^1/2) / 2 + PE
    Total System Jitter     (TSJ):    0.071ns
    Discrete Jitter          (DJ):    0.131ns
    Phase Error              (PE):    0.000ns

    Location             Delay type                Incr(ns)  Path(ns)    Netlist Resource(s)
  -------------------------------------------------------------------    -------------------
                         (clock clk_core_mmcm rise edge)
                                                      0.000     0.000 r  
    E3                                                0.000     0.000 r  clk_100mhz (IN)
                         net (fo=0)                   0.000     0.000    clk_100mhz
    E3                   IBUF (Prop_ibuf_I_O)         1.482     1.482 r  clk_100mhz_IBUF_inst/O
                         net (fo=1, routed)           2.025     3.506    clk_100mhz_IBUF
    BUFGCTRL_X0Y16       BUFG (Prop_bufg_I_O)         0.096     3.602 r  clk_100mhz_IBUF_BUFG_inst/O
                         net (fo=2651, routed)        1.809     5.412    clk_100mhz_IBUF_BUFG
    MMCME2_ADV_X0Y0      MMCME2_ADV (Prop_mmcme2_adv_CLKIN1_CLKOUT0)
                                                      0.088     5.500 r  u_mmcm/CLKOUT0
                         net (fo=1, routed)           2.018     7.518    clk_core_mmcm
    BUFGCTRL_X0Y0        BUFG (Prop_bufg_I_O)         0.096     7.614 r  u_bufg_core/O
                         net (fo=4633, routed)        1.801     9.416    u_mlkem/u_pack/clk_core
    SLICE_X61Y6          FDRE                                         r  u_mlkem/u_pack/rw_reg[4]/C
  -------------------------------------------------------------------    -------------------
    SLICE_X61Y6          FDRE (Prop_fdre_C_Q)         0.456     9.872 r  u_mlkem/u_pack/rw_reg[4]/Q
                         net (fo=19, routed)          0.950    10.821    u_mlkem/u_pack/rw[4]
    SLICE_X58Y10         LUT2 (Prop_lut2_I0_O)        0.124    10.945 r  u_mlkem/u_pack/ksa[7]_i_10/O
                         net (fo=1, routed)           0.000    10.945    u_mlkem/u_pack/ksa[7]_i_10_n_0
    SLICE_X58Y10         CARRY4 (Prop_carry4_S[0]_CO[3])
                                                      0.513    11.458 r  u_mlkem/u_pack/ksa_reg[7]_i_4/CO[3]
                         net (fo=1, routed)           0.000    11.458    u_mlkem/u_pack/ksa_reg[7]_i_4_n_0
    SLICE_X58Y11         CARRY4 (Prop_carry4_CI_O[2])
                                                      0.239    11.697 r  u_mlkem/u_pack/ksa_reg[11]_i_2/O[2]
                         net (fo=11, routed)          0.694    12.392    u_mlkem/u_pack/ksa_reg[11]_i_2_n_5
    SLICE_X60Y11         LUT3 (Prop_lut3_I2_O)        0.301    12.693 r  u_mlkem/u_pack/ksa[7]_i_5/O
                         net (fo=10, routed)          0.636    13.329    u_mlkem/u_pack/ksa[7]_i_5_n_0
    SLICE_X59Y11         LUT6 (Prop_lut6_I0_O)        0.124    13.453 r  u_mlkem/u_pack/ksa[7]_i_6/O
                         net (fo=2, routed)           0.469    13.922    u_mlkem/u_pack/ksa[7]_i_6_n_0
    SLICE_X57Y10         LUT6 (Prop_lut6_I5_O)        0.124    14.046 r  u_mlkem/u_pack/ksa[7]_i_2/O
                         net (fo=2, routed)           0.308    14.354    u_mlkem/u_pack/ksa[7]_i_2_n_0
    SLICE_X57Y9          LUT6 (Prop_lut6_I0_O)        0.124    14.478 r  u_mlkem/u_pack/ksa[7]_i_1/O
                         net (fo=1, routed)           0.000    14.478    u_mlkem/u_alu/ksa_reg[11]_0[7]
    SLICE_X57Y9          FDRE                                         r  u_mlkem/u_alu/ksa_reg[7]/D
  -------------------------------------------------------------------    -------------------

                         (clock clk_core_mmcm rise edge)
                                                      4.848     4.848 r  
    E3                                                0.000     4.848 r  clk_100mhz (IN)
                         net (fo=0)                   0.000     4.848    clk_100mhz
    E3                   IBUF (Prop_ibuf_I_O)         1.411     6.260 r  clk_100mhz_IBUF_inst/O
                         net (fo=1, routed)           1.920     8.180    clk_100mhz_IBUF
    BUFGCTRL_X0Y16       BUFG (Prop_bufg_I_O)         0.091     8.271 r  clk_100mhz_IBUF_BUFG_inst/O
                         net (fo=2651, routed)        1.683     9.954    clk_100mhz_IBUF_BUFG
    MMCME2_ADV_X0Y0      MMCME2_ADV (Prop_mmcme2_adv_CLKIN1_CLKOUT0)
                                                      0.083    10.037 r  u_mmcm/CLKOUT0
                         net (fo=1, routed)           1.923    11.960    clk_core_mmcm
    BUFGCTRL_X0Y0        BUFG (Prop_bufg_I_O)         0.091    12.051 r  u_bufg_core/O
                         net (fo=4633, routed)        1.665    13.716    u_mlkem/u_alu/clk_core
    SLICE_X57Y9          FDRE                                         r  u_mlkem/u_alu/ksa_reg[7]/C
                         clock pessimism              0.500    14.216    
                         clock uncertainty           -0.074    14.141    
    SLICE_X57Y9          FDRE (Setup_fdre_C_D)        0.029    14.170    u_mlkem/u_alu/ksa_reg[7]
  -------------------------------------------------------------------
                         required time                         14.170    
                         arrival time                         -14.478    
  -------------------------------------------------------------------
                         slack                                 -0.308    

Slack (VIOLATED) :        -0.304ns  (required time - arrival time)
  Source:                 u_mlkem/u_unpack/param_r_reg[1]/C
                            (rising edge-triggered cell FDRE clocked by clk_core_mmcm  {rise@0.000ns fall@2.424ns period=4.848ns})
  Destination:            u_mlkem/u_unpack/rq1_reg[3]/D
                            (rising edge-triggered cell FDSE clocked by clk_core_mmcm  {rise@0.000ns fall@2.424ns period=4.848ns})
  Path Group:             clk_core_mmcm
  Path Type:              Setup (Max at Slow Process Corner)
  Requirement:            4.848ns  (clk_core_mmcm rise@4.848ns - clk_core_mmcm rise@0.000ns)
  Data Path Delay:        5.064ns  (logic 2.191ns (43.262%)  route 2.873ns (56.738%))
  Logic Levels:           7  (CARRY4=3 LUT5=1 LUT6=3)
  Clock Path Skew:        -0.045ns (DCD - SCD + CPR)
    Destination Clock Delay (DCD):    8.856ns = ( 13.705 - 4.848 ) 
    Source Clock Delay      (SCD):    9.402ns
    Clock Pessimism Removal (CPR):    0.500ns
  Clock Uncertainty:      0.074ns  ((TSJ^2 + DJ^2)^1/2) / 2 + PE
    Total System Jitter     (TSJ):    0.071ns
    Discrete Jitter          (DJ):    0.131ns
    Phase Error              (PE):    0.000ns

    Location             Delay type                Incr(ns)  Path(ns)    Netlist Resource(s)
  -------------------------------------------------------------------    -------------------
                         (clock clk_core_mmcm rise edge)
                                                      0.000     0.000 r  
    E3                                                0.000     0.000 r  clk_100mhz (IN)
                         net (fo=0)                   0.000     0.000    clk_100mhz
    E3                   IBUF (Prop_ibuf_I_O)         1.482     1.482 r  clk_100mhz_IBUF_inst/O
                         net (fo=1, routed)           2.025     3.506    clk_100mhz_IBUF
    BUFGCTRL_X0Y16       BUFG (Prop_bufg_I_O)         0.096     3.602 r  clk_100mhz_IBUF_BUFG_inst/O
                         net (fo=2651, routed)        1.809     5.412    clk_100mhz_IBUF_BUFG
    MMCME2_ADV_X0Y0      MMCME2_ADV (Prop_mmcme2_adv_CLKIN1_CLKOUT0)
                                                      0.088     5.500 r  u_mmcm/CLKOUT0
                         net (fo=1, routed)           2.018     7.518    clk_core_mmcm
    BUFGCTRL_X0Y0        BUFG (Prop_bufg_I_O)         0.096     7.614 r  u_bufg_core/O
                         net (fo=4633, routed)        1.787     9.402    u_mlkem/u_unpack/clk_core
    SLICE_X60Y21         FDRE                                         r  u_mlkem/u_unpack/param_r_reg[1]/C
  -------------------------------------------------------------------    -------------------
    SLICE_X60Y21         FDRE (Prop_fdre_C_Q)         0.518     9.920 r  u_mlkem/u_unpack/param_r_reg[1]/Q
                         net (fo=67, routed)          0.949    10.868    u_mlkem/u_unpack/param_r[1]
    SLICE_X55Y22         LUT5 (Prop_lut5_I1_O)        0.124    10.992 r  u_mlkem/u_unpack/rq1[0]_i_19/O
                         net (fo=1, routed)           0.000    10.992    u_mlkem/u_unpack/rq1[0]_i_19_n_0
    SLICE_X55Y22         CARRY4 (Prop_carry4_S[1]_CO[3])
                                                      0.550    11.542 r  u_mlkem/u_unpack/rq1_reg[0]_i_12/CO[3]
                         net (fo=1, routed)           0.000    11.542    u_mlkem/u_unpack/rq1_reg[0]_i_12_n_0
    SLICE_X55Y23         CARRY4 (Prop_carry4_CI_CO[3])
                                                      0.114    11.656 r  u_mlkem/u_unpack/rq1_reg[0]_i_11/CO[3]
                         net (fo=1, routed)           0.000    11.656    u_mlkem/u_unpack/rq1_reg[0]_i_11_n_0
    SLICE_X55Y24         CARRY4 (Prop_carry4_CI_O[1])
                                                      0.334    11.990 r  u_mlkem/u_unpack/rq1_reg[9]_i_12/O[1]
                         net (fo=3, routed)           0.838    12.828    u_mlkem/u_unpack/decompress_return1[9]
    SLICE_X53Y26         LUT6 (Prop_lut6_I1_O)        0.303    13.131 r  u_mlkem/u_unpack/rq1[5]_i_3/O
                         net (fo=4, routed)           0.795    13.927    u_mlkem/u_unpack/rq1[5]_i_3_n_0
    SLICE_X54Y21         LUT6 (Prop_lut6_I3_O)        0.124    14.051 r  u_mlkem/u_unpack/rq1[3]_i_2/O
                         net (fo=1, routed)           0.291    14.342    u_mlkem/u_unpack/rq1[3]_i_2_n_0
    SLICE_X55Y21         LUT6 (Prop_lut6_I2_O)        0.124    14.466 r  u_mlkem/u_unpack/rq1[3]_i_1/O
                         net (fo=1, routed)           0.000    14.466    u_mlkem/u_unpack/rq1[3]_i_1_n_0
    SLICE_X55Y21         FDSE                                         r  u_mlkem/u_unpack/rq1_reg[3]/D
  -------------------------------------------------------------------    -------------------

                         (clock clk_core_mmcm rise edge)
                                                      4.848     4.848 r  
    E3                                                0.000     4.848 r  clk_100mhz (IN)
                         net (fo=0)                   0.000     4.848    clk_100mhz
    E3                   IBUF (Prop_ibuf_I_O)         1.411     6.260 r  clk_100mhz_IBUF_inst/O
                         net (fo=1, routed)           1.920     8.180    clk_100mhz_IBUF
    BUFGCTRL_X0Y16       BUFG (Prop_bufg_I_O)         0.091     8.271 r  clk_100mhz_IBUF_BUFG_inst/O
                         net (fo=2651, routed)        1.683     9.954    clk_100mhz_IBUF_BUFG
    MMCME2_ADV_X0Y0      MMCME2_ADV (Prop_mmcme2_adv_CLKIN1_CLKOUT0)
                                                      0.083    10.037 r  u_mmcm/CLKOUT0
                         net (fo=1, routed)           1.923    11.960    clk_core_mmcm
    BUFGCTRL_X0Y0        BUFG (Prop_bufg_I_O)         0.091    12.051 r  u_bufg_core/O
                         net (fo=4633, routed)        1.654    13.705    u_mlkem/u_unpack/clk_core
    SLICE_X55Y21         FDSE                                         r  u_mlkem/u_unpack/rq1_reg[3]/C
                         clock pessimism              0.500    14.205    
                         clock uncertainty           -0.074    14.130    
    SLICE_X55Y21         FDSE (Setup_fdse_C_D)        0.031    14.161    u_mlkem/u_unpack/rq1_reg[3]
  -------------------------------------------------------------------
                         required time                         14.161    
                         arrival time                         -14.466    
  -------------------------------------------------------------------
                         slack                                 -0.304    

Slack (VIOLATED) :        -0.297ns  (required time - arrival time)
  Source:                 u_mlkem/u_unpack/param_r_reg[1]/C
                            (rising edge-triggered cell FDRE clocked by clk_core_mmcm  {rise@0.000ns fall@2.424ns period=4.848ns})
  Destination:            u_mlkem/u_unpack/rq1_reg[2]/D
                            (rising edge-triggered cell FDSE clocked by clk_core_mmcm  {rise@0.000ns fall@2.424ns period=4.848ns})
  Path Group:             clk_core_mmcm
  Path Type:              Setup (Max at Slow Process Corner)
  Requirement:            4.848ns  (clk_core_mmcm rise@4.848ns - clk_core_mmcm rise@0.000ns)
  Data Path Delay:        5.103ns  (logic 2.191ns (42.933%)  route 2.912ns (57.067%))
  Logic Levels:           7  (CARRY4=3 LUT5=1 LUT6=3)
  Clock Path Skew:        -0.047ns (DCD - SCD + CPR)
    Destination Clock Delay (DCD):    8.854ns = ( 13.703 - 4.848 ) 
    Source Clock Delay      (SCD):    9.402ns
    Clock Pessimism Removal (CPR):    0.500ns
  Clock Uncertainty:      0.074ns  ((TSJ^2 + DJ^2)^1/2) / 2 + PE
    Total System Jitter     (TSJ):    0.071ns
    Discrete Jitter          (DJ):    0.131ns
    Phase Error              (PE):    0.000ns

    Location             Delay type                Incr(ns)  Path(ns)    Netlist Resource(s)
  -------------------------------------------------------------------    -------------------
                         (clock clk_core_mmcm rise edge)
                                                      0.000     0.000 r  
    E3                                                0.000     0.000 r  clk_100mhz (IN)
                         net (fo=0)                   0.000     0.000    clk_100mhz
    E3                   IBUF (Prop_ibuf_I_O)         1.482     1.482 r  clk_100mhz_IBUF_inst/O
                         net (fo=1, routed)           2.025     3.506    clk_100mhz_IBUF
    BUFGCTRL_X0Y16       BUFG (Prop_bufg_I_O)         0.096     3.602 r  clk_100mhz_IBUF_BUFG_inst/O
                         net (fo=2651, routed)        1.809     5.412    clk_100mhz_IBUF_BUFG
    MMCME2_ADV_X0Y0      MMCME2_ADV (Prop_mmcme2_adv_CLKIN1_CLKOUT0)
                                                      0.088     5.500 r  u_mmcm/CLKOUT0
                         net (fo=1, routed)           2.018     7.518    clk_core_mmcm
    BUFGCTRL_X0Y0        BUFG (Prop_bufg_I_O)         0.096     7.614 r  u_bufg_core/O
                         net (fo=4633, routed)        1.787     9.402    u_mlkem/u_unpack/clk_core
    SLICE_X60Y21         FDRE                                         r  u_mlkem/u_unpack/param_r_reg[1]/C
  -------------------------------------------------------------------    -------------------
    SLICE_X60Y21         FDRE (Prop_fdre_C_Q)         0.518     9.920 r  u_mlkem/u_unpack/param_r_reg[1]/Q
                         net (fo=67, routed)          0.949    10.868    u_mlkem/u_unpack/param_r[1]
    SLICE_X55Y22         LUT5 (Prop_lut5_I1_O)        0.124    10.992 r  u_mlkem/u_unpack/rq1[0]_i_19/O
                         net (fo=1, routed)           0.000    10.992    u_mlkem/u_unpack/rq1[0]_i_19_n_0
    SLICE_X55Y22         CARRY4 (Prop_carry4_S[1]_CO[3])
                                                      0.550    11.542 r  u_mlkem/u_unpack/rq1_reg[0]_i_12/CO[3]
                         net (fo=1, routed)           0.000    11.542    u_mlkem/u_unpack/rq1_reg[0]_i_12_n_0
    SLICE_X55Y23         CARRY4 (Prop_carry4_CI_CO[3])
                                                      0.114    11.656 r  u_mlkem/u_unpack/rq1_reg[0]_i_11/CO[3]
                         net (fo=1, routed)           0.000    11.656    u_mlkem/u_unpack/rq1_reg[0]_i_11_n_0
    SLICE_X55Y24         CARRY4 (Prop_carry4_CI_O[1])
                                                      0.334    11.990 r  u_mlkem/u_unpack/rq1_reg[9]_i_12/O[1]
                         net (fo=3, routed)           0.838    12.828    u_mlkem/u_unpack/decompress_return1[9]
    SLICE_X53Y26         LUT6 (Prop_lut6_I1_O)        0.303    13.131 r  u_mlkem/u_unpack/rq1[5]_i_3/O
                         net (fo=4, routed)           0.813    13.945    u_mlkem/u_unpack/rq1[5]_i_3_n_0
    SLICE_X56Y22         LUT6 (Prop_lut6_I0_O)        0.124    14.069 r  u_mlkem/u_unpack/rq1[2]_i_2/O
                         net (fo=1, routed)           0.312    14.381    u_mlkem/u_unpack/rq1[2]_i_2_n_0
    SLICE_X56Y23         LUT6 (Prop_lut6_I2_O)        0.124    14.505 r  u_mlkem/u_unpack/rq1[2]_i_1/O
                         net (fo=1, routed)           0.000    14.505    u_mlkem/u_unpack/rq1[2]_i_1_n_0
    SLICE_X56Y23         FDSE                                         r  u_mlkem/u_unpack/rq1_reg[2]/D
  -------------------------------------------------------------------    -------------------

                         (clock clk_core_mmcm rise edge)
                                                      4.848     4.848 r  
    E3                                                0.000     4.848 r  clk_100mhz (IN)
                         net (fo=0)                   0.000     4.848    clk_100mhz
    E3                   IBUF (Prop_ibuf_I_O)         1.411     6.260 r  clk_100mhz_IBUF_inst/O
                         net (fo=1, routed)           1.920     8.180    clk_100mhz_IBUF
    BUFGCTRL_X0Y16       BUFG (Prop_bufg_I_O)         0.091     8.271 r  clk_100mhz_IBUF_BUFG_inst/O
                         net (fo=2651, routed)        1.683     9.954    clk_100mhz_IBUF_BUFG
    MMCME2_ADV_X0Y0      MMCME2_ADV (Prop_mmcme2_adv_CLKIN1_CLKOUT0)
                                                      0.083    10.037 r  u_mmcm/CLKOUT0
                         net (fo=1, routed)           1.923    11.960    clk_core_mmcm
    BUFGCTRL_X0Y0        BUFG (Prop_bufg_I_O)         0.091    12.051 r  u_bufg_core/O
                         net (fo=4633, routed)        1.652    13.703    u_mlkem/u_unpack/clk_core
    SLICE_X56Y23         FDSE                                         r  u_mlkem/u_unpack/rq1_reg[2]/C
                         clock pessimism              0.500    14.203    
                         clock uncertainty           -0.074    14.128    
    SLICE_X56Y23         FDSE (Setup_fdse_C_D)        0.079    14.207    u_mlkem/u_unpack/rq1_reg[2]
  -------------------------------------------------------------------
                         required time                         14.207    
                         arrival time                         -14.505    
  -------------------------------------------------------------------
                         slack                                 -0.297    

Slack (VIOLATED) :        -0.293ns  (required time - arrival time)
  Source:                 u_mlkem/u_unpack/g0_reg[0]/C
                            (rising edge-triggered cell FDRE clocked by clk_core_mmcm  {rise@0.000ns fall@2.424ns period=4.848ns})
  Destination:            u_mlkem/u_unpack/rq0_reg[0]/D
                            (rising edge-triggered cell FDRE clocked by clk_core_mmcm  {rise@0.000ns fall@2.424ns period=4.848ns})
  Path Group:             clk_core_mmcm
  Path Type:              Setup (Max at Slow Process Corner)
  Requirement:            4.848ns  (clk_core_mmcm rise@4.848ns - clk_core_mmcm rise@0.000ns)
  Data Path Delay:        5.076ns  (logic 2.204ns (43.421%)  route 2.872ns (56.579%))
  Logic Levels:           8  (CARRY4=3 LUT3=1 LUT5=3 LUT6=1)
  Clock Path Skew:        -0.020ns (DCD - SCD + CPR)
    Destination Clock Delay (DCD):    8.861ns = ( 13.710 - 4.848 ) 
    Source Clock Delay      (SCD):    9.399ns
    Clock Pessimism Removal (CPR):    0.517ns
  Clock Uncertainty:      0.074ns  ((TSJ^2 + DJ^2)^1/2) / 2 + PE
    Total System Jitter     (TSJ):    0.071ns
    Discrete Jitter          (DJ):    0.131ns
    Phase Error              (PE):    0.000ns

    Location             Delay type                Incr(ns)  Path(ns)    Netlist Resource(s)
  -------------------------------------------------------------------    -------------------
                         (clock clk_core_mmcm rise edge)
                                                      0.000     0.000 r  
    E3                                                0.000     0.000 r  clk_100mhz (IN)
                         net (fo=0)                   0.000     0.000    clk_100mhz
    E3                   IBUF (Prop_ibuf_I_O)         1.482     1.482 r  clk_100mhz_IBUF_inst/O
                         net (fo=1, routed)           2.025     3.506    clk_100mhz_IBUF
    BUFGCTRL_X0Y16       BUFG (Prop_bufg_I_O)         0.096     3.602 r  clk_100mhz_IBUF_BUFG_inst/O
                         net (fo=2651, routed)        1.809     5.412    clk_100mhz_IBUF_BUFG
    MMCME2_ADV_X0Y0      MMCME2_ADV (Prop_mmcme2_adv_CLKIN1_CLKOUT0)
                                                      0.088     5.500 r  u_mmcm/CLKOUT0
                         net (fo=1, routed)           2.018     7.518    clk_core_mmcm
    BUFGCTRL_X0Y0        BUFG (Prop_bufg_I_O)         0.096     7.614 r  u_bufg_core/O
                         net (fo=4633, routed)        1.784     9.399    u_mlkem/u_unpack/clk_core
    SLICE_X61Y22         FDRE                                         r  u_mlkem/u_unpack/g0_reg[0]/C
  -------------------------------------------------------------------    -------------------
    SLICE_X61Y22         FDRE (Prop_fdre_C_Q)         0.456     9.855 r  u_mlkem/u_unpack/g0_reg[0]/Q
                         net (fo=9, routed)           0.988    10.842    u_mlkem/u_unpack/g0_reg_n_0_[0]
    SLICE_X58Y22         LUT5 (Prop_lut5_I0_O)        0.124    10.966 r  u_mlkem/u_unpack/rq0[0]_i_20/O
                         net (fo=1, routed)           0.000    10.966    u_mlkem/u_unpack/rq0[0]_i_20_n_0
    SLICE_X58Y22         CARRY4 (Prop_carry4_S[0]_CO[3])
                                                      0.513    11.479 r  u_mlkem/u_unpack/rq0_reg[0]_i_12/CO[3]
                         net (fo=1, routed)           0.000    11.479    u_mlkem/u_unpack/rq0_reg[0]_i_12_n_0
    SLICE_X58Y23         CARRY4 (Prop_carry4_CI_CO[3])
                                                      0.117    11.596 r  u_mlkem/u_unpack/rq0_reg[0]_i_11/CO[3]
                         net (fo=1, routed)           0.000    11.596    u_mlkem/u_unpack/rq0_reg[0]_i_11_n_0
    SLICE_X58Y24         CARRY4 (Prop_carry4_CI_O[3])
                                                      0.315    11.911 r  u_mlkem/u_unpack/rq0_reg[9]_i_15/O[3]
                         net (fo=3, routed)           0.723    12.634    u_mlkem/u_unpack/decompress_return11_out[11]
    SLICE_X59Y22         LUT6 (Prop_lut6_I3_O)        0.307    12.941 r  u_mlkem/u_unpack/rq0[3]_i_3/O
                         net (fo=3, routed)           0.574    13.515    u_mlkem/u_unpack/rq0[3]_i_3_n_0
    SLICE_X60Y21         LUT3 (Prop_lut3_I0_O)        0.124    13.639 r  u_mlkem/u_unpack/rq0[1]_i_6/O
                         net (fo=2, routed)           0.301    13.939    u_mlkem/u_unpack/rq0[1]_i_6_n_0
    SLICE_X59Y21         LUT5 (Prop_lut5_I0_O)        0.124    14.063 r  u_mlkem/u_unpack/rq0[0]_i_3/O
                         net (fo=1, routed)           0.287    14.350    u_mlkem/u_unpack/rq0[0]_i_3_n_0
    SLICE_X61Y21         LUT5 (Prop_lut5_I2_O)        0.124    14.474 r  u_mlkem/u_unpack/rq0[0]_i_1/O
                         net (fo=1, routed)           0.000    14.474    u_mlkem/u_unpack/rq0[0]_i_1_n_0
    SLICE_X61Y21         FDRE                                         r  u_mlkem/u_unpack/rq0_reg[0]/D
  -------------------------------------------------------------------    -------------------

                         (clock clk_core_mmcm rise edge)
                                                      4.848     4.848 r  
    E3                                                0.000     4.848 r  clk_100mhz (IN)
                         net (fo=0)                   0.000     4.848    clk_100mhz
    E3                   IBUF (Prop_ibuf_I_O)         1.411     6.260 r  clk_100mhz_IBUF_inst/O
                         net (fo=1, routed)           1.920     8.180    clk_100mhz_IBUF
    BUFGCTRL_X0Y16       BUFG (Prop_bufg_I_O)         0.091     8.271 r  clk_100mhz_IBUF_BUFG_inst/O
                         net (fo=2651, routed)        1.683     9.954    clk_100mhz_IBUF_BUFG
    MMCME2_ADV_X0Y0      MMCME2_ADV (Prop_mmcme2_adv_CLKIN1_CLKOUT0)
                                                      0.083    10.037 r  u_mmcm/CLKOUT0
                         net (fo=1, routed)           1.923    11.960    clk_core_mmcm
    BUFGCTRL_X0Y0        BUFG (Prop_bufg_I_O)         0.091    12.051 r  u_bufg_core/O
                         net (fo=4633, routed)        1.659    13.710    u_mlkem/u_unpack/clk_core
    SLICE_X61Y21         FDRE                                         r  u_mlkem/u_unpack/rq0_reg[0]/C
                         clock pessimism              0.517    14.227    
                         clock uncertainty           -0.074    14.152    
    SLICE_X61Y21         FDRE (Setup_fdre_C_D)        0.029    14.181    u_mlkem/u_unpack/rq0_reg[0]
  -------------------------------------------------------------------
                         required time                         14.181    
                         arrival time                         -14.474    
  -------------------------------------------------------------------
                         slack                                 -0.293    

Slack (VIOLATED) :        -0.291ns  (required time - arrival time)
  Source:                 u_mlkem/u_unpack/g0_reg[0]/C
                            (rising edge-triggered cell FDRE clocked by clk_core_mmcm  {rise@0.000ns fall@2.424ns period=4.848ns})
  Destination:            u_mlkem/u_unpack/rq0_reg[7]/D
                            (rising edge-triggered cell FDSE clocked by clk_core_mmcm  {rise@0.000ns fall@2.424ns period=4.848ns})
  Path Group:             clk_core_mmcm
  Path Type:              Setup (Max at Slow Process Corner)
  Requirement:            4.848ns  (clk_core_mmcm rise@4.848ns - clk_core_mmcm rise@0.000ns)
  Data Path Delay:        5.071ns  (logic 2.089ns (41.197%)  route 2.982ns (58.803%))
  Logic Levels:           8  (CARRY4=4 LUT5=1 LUT6=3)
  Clock Path Skew:        -0.025ns (DCD - SCD + CPR)
    Destination Clock Delay (DCD):    8.856ns = ( 13.705 - 4.848 ) 
    Source Clock Delay      (SCD):    9.399ns
    Clock Pessimism Removal (CPR):    0.517ns
  Clock Uncertainty:      0.074ns  ((TSJ^2 + DJ^2)^1/2) / 2 + PE
    Total System Jitter     (TSJ):    0.071ns
    Discrete Jitter          (DJ):    0.131ns
    Phase Error              (PE):    0.000ns

    Location             Delay type                Incr(ns)  Path(ns)    Netlist Resource(s)
  -------------------------------------------------------------------    -------------------
                         (clock clk_core_mmcm rise edge)
                                                      0.000     0.000 r  
    E3                                                0.000     0.000 r  clk_100mhz (IN)
                         net (fo=0)                   0.000     0.000    clk_100mhz
    E3                   IBUF (Prop_ibuf_I_O)         1.482     1.482 r  clk_100mhz_IBUF_inst/O
                         net (fo=1, routed)           2.025     3.506    clk_100mhz_IBUF
    BUFGCTRL_X0Y16       BUFG (Prop_bufg_I_O)         0.096     3.602 r  clk_100mhz_IBUF_BUFG_inst/O
                         net (fo=2651, routed)        1.809     5.412    clk_100mhz_IBUF_BUFG
    MMCME2_ADV_X0Y0      MMCME2_ADV (Prop_mmcme2_adv_CLKIN1_CLKOUT0)
                                                      0.088     5.500 r  u_mmcm/CLKOUT0
                         net (fo=1, routed)           2.018     7.518    clk_core_mmcm
    BUFGCTRL_X0Y0        BUFG (Prop_bufg_I_O)         0.096     7.614 r  u_bufg_core/O
                         net (fo=4633, routed)        1.784     9.399    u_mlkem/u_unpack/clk_core
    SLICE_X61Y22         FDRE                                         r  u_mlkem/u_unpack/g0_reg[0]/C
  -------------------------------------------------------------------    -------------------
    SLICE_X61Y22         FDRE (Prop_fdre_C_Q)         0.456     9.855 r  u_mlkem/u_unpack/g0_reg[0]/Q
                         net (fo=9, routed)           0.988    10.842    u_mlkem/u_unpack/g0_reg_n_0_[0]
    SLICE_X58Y22         LUT5 (Prop_lut5_I0_O)        0.124    10.966 r  u_mlkem/u_unpack/rq0[0]_i_20/O
                         net (fo=1, routed)           0.000    10.966    u_mlkem/u_unpack/rq0[0]_i_20_n_0
    SLICE_X58Y22         CARRY4 (Prop_carry4_S[0]_CO[3])
                                                      0.513    11.479 r  u_mlkem/u_unpack/rq0_reg[0]_i_12/CO[3]
                         net (fo=1, routed)           0.000    11.479    u_mlkem/u_unpack/rq0_reg[0]_i_12_n_0
    SLICE_X58Y23         CARRY4 (Prop_carry4_CI_CO[3])
                                                      0.117    11.596 r  u_mlkem/u_unpack/rq0_reg[0]_i_11/CO[3]
                         net (fo=1, routed)           0.000    11.596    u_mlkem/u_unpack/rq0_reg[0]_i_11_n_0
    SLICE_X58Y24         CARRY4 (Prop_carry4_CI_CO[3])
                                                      0.117    11.713 r  u_mlkem/u_unpack/rq0_reg[9]_i_15/CO[3]
                         net (fo=1, routed)           0.009    11.722    u_mlkem/u_unpack/rq0_reg[9]_i_15_n_0
    SLICE_X58Y25         CARRY4 (Prop_carry4_CI_O[0])
                                                      0.219    11.941 r  u_mlkem/u_unpack/rq0_reg[9]_i_14/O[0]
                         net (fo=4, routed)           0.803    12.744    u_mlkem/u_unpack/decompress_return11_out[12]
    SLICE_X61Y26         LUT6 (Prop_lut6_I1_O)        0.295    13.039 r  u_mlkem/u_unpack/rq0[7]_i_9/O
                         net (fo=4, routed)           0.718    13.757    u_mlkem/u_unpack/rq0[7]_i_9_n_0
    SLICE_X61Y27         LUT6 (Prop_lut6_I1_O)        0.124    13.881 r  u_mlkem/u_unpack/rq0[7]_i_4/O
                         net (fo=1, routed)           0.464    14.345    u_mlkem/u_unpack/rq0[7]_i_4_n_0
    SLICE_X61Y24         LUT6 (Prop_lut6_I2_O)        0.124    14.469 r  u_mlkem/u_unpack/rq0[7]_i_2/O
                         net (fo=1, routed)           0.000    14.469    u_mlkem/u_unpack/rq0[7]_i_2_n_0
    SLICE_X61Y24         FDSE                                         r  u_mlkem/u_unpack/rq0_reg[7]/D
  -------------------------------------------------------------------    -------------------

                         (clock clk_core_mmcm rise edge)
                                                      4.848     4.848 r  
    E3                                                0.000     4.848 r  clk_100mhz (IN)
                         net (fo=0)                   0.000     4.848    clk_100mhz
    E3                   IBUF (Prop_ibuf_I_O)         1.411     6.260 r  clk_100mhz_IBUF_inst/O
                         net (fo=1, routed)           1.920     8.180    clk_100mhz_IBUF
    BUFGCTRL_X0Y16       BUFG (Prop_bufg_I_O)         0.091     8.271 r  clk_100mhz_IBUF_BUFG_inst/O
                         net (fo=2651, routed)        1.683     9.954    clk_100mhz_IBUF_BUFG
    MMCME2_ADV_X0Y0      MMCME2_ADV (Prop_mmcme2_adv_CLKIN1_CLKOUT0)
                                                      0.083    10.037 r  u_mmcm/CLKOUT0
                         net (fo=1, routed)           1.923    11.960    clk_core_mmcm
    BUFGCTRL_X0Y0        BUFG (Prop_bufg_I_O)         0.091    12.051 r  u_bufg_core/O
                         net (fo=4633, routed)        1.654    13.705    u_mlkem/u_unpack/clk_core
    SLICE_X61Y24         FDSE                                         r  u_mlkem/u_unpack/rq0_reg[7]/C
                         clock pessimism              0.517    14.222    
                         clock uncertainty           -0.074    14.147    
    SLICE_X61Y24         FDSE (Setup_fdse_C_D)        0.031    14.178    u_mlkem/u_unpack/rq0_reg[7]
  -------------------------------------------------------------------
                         required time                         14.178    
                         arrival time                         -14.469    
  -------------------------------------------------------------------
                         slack                                 -0.291    

Slack (VIOLATED) :        -0.290ns  (required time - arrival time)
  Source:                 u_mlkem/u_pack/rw_reg[2]/C
                            (rising edge-triggered cell FDRE clocked by clk_core_mmcm  {rise@0.000ns fall@2.424ns period=4.848ns})
  Destination:            u_mlkem/u_alu/ls_reg[6]/D
                            (rising edge-triggered cell FDRE clocked by clk_core_mmcm  {rise@0.000ns fall@2.424ns period=4.848ns})
  Path Group:             clk_core_mmcm
  Path Type:              Setup (Max at Slow Process Corner)
  Requirement:            4.848ns  (clk_core_mmcm rise@4.848ns - clk_core_mmcm rise@0.000ns)
  Data Path Delay:        5.051ns  (logic 1.923ns (38.070%)  route 3.128ns (61.930%))
  Logic Levels:           7  (CARRY4=3 LUT2=1 LUT5=1 LUT6=2)
  Clock Path Skew:        -0.042ns (DCD - SCD + CPR)
    Destination Clock Delay (DCD):    8.873ns = ( 13.722 - 4.848 ) 
    Source Clock Delay      (SCD):    9.416ns
    Clock Pessimism Removal (CPR):    0.500ns
  Clock Uncertainty:      0.074ns  ((TSJ^2 + DJ^2)^1/2) / 2 + PE
    Total System Jitter     (TSJ):    0.071ns
    Discrete Jitter          (DJ):    0.131ns
    Phase Error              (PE):    0.000ns

    Location             Delay type                Incr(ns)  Path(ns)    Netlist Resource(s)
  -------------------------------------------------------------------    -------------------
                         (clock clk_core_mmcm rise edge)
                                                      0.000     0.000 r  
    E3                                                0.000     0.000 r  clk_100mhz (IN)
                         net (fo=0)                   0.000     0.000    clk_100mhz
    E3                   IBUF (Prop_ibuf_I_O)         1.482     1.482 r  clk_100mhz_IBUF_inst/O
                         net (fo=1, routed)           2.025     3.506    clk_100mhz_IBUF
    BUFGCTRL_X0Y16       BUFG (Prop_bufg_I_O)         0.096     3.602 r  clk_100mhz_IBUF_BUFG_inst/O
                         net (fo=2651, routed)        1.809     5.412    clk_100mhz_IBUF_BUFG
    MMCME2_ADV_X0Y0      MMCME2_ADV (Prop_mmcme2_adv_CLKIN1_CLKOUT0)
                                                      0.088     5.500 r  u_mmcm/CLKOUT0
                         net (fo=1, routed)           2.018     7.518    clk_core_mmcm
    BUFGCTRL_X0Y0        BUFG (Prop_bufg_I_O)         0.096     7.614 r  u_bufg_core/O
                         net (fo=4633, routed)        1.801     9.416    u_mlkem/u_pack/clk_core
    SLICE_X60Y5          FDRE                                         r  u_mlkem/u_pack/rw_reg[2]/C
  -------------------------------------------------------------------    -------------------
    SLICE_X60Y5          FDRE (Prop_fdre_C_Q)         0.518     9.934 r  u_mlkem/u_pack/rw_reg[2]/Q
                         net (fo=19, routed)          0.641    10.574    u_mlkem/u_pack/rw[2]
    SLICE_X61Y4          LUT2 (Prop_lut2_I0_O)        0.124    10.698 r  u_mlkem/u_pack/ls[0]_i_6/O
                         net (fo=1, routed)           0.000    10.698    u_mlkem/u_pack/ls[0]_i_6_n_0
    SLICE_X61Y4          CARRY4 (Prop_carry4_S[2]_CO[3])
                                                      0.398    11.096 r  u_mlkem/u_pack/ls_reg[0]_i_2/CO[3]
                         net (fo=1, routed)           0.000    11.096    u_mlkem/u_pack/ls_reg[0]_i_2_n_0
    SLICE_X61Y5          CARRY4 (Prop_carry4_CI_CO[3])
                                                      0.114    11.210 r  u_mlkem/u_pack/ls_reg[11]_i_11/CO[3]
                         net (fo=1, routed)           0.000    11.210    u_mlkem/u_pack/ls_reg[11]_i_11_n_0
    SLICE_X61Y6          CARRY4 (Prop_carry4_CI_O[0])
                                                      0.222    11.432 f  u_mlkem/u_pack/ls_reg[11]_i_3/O[0]
                         net (fo=9, routed)           1.236    12.668    u_mlkem/u_pack/ls_reg[11]_i_3_n_7
    SLICE_X62Y5          LUT6 (Prop_lut6_I4_O)        0.299    12.967 r  u_mlkem/u_pack/ls[0]_i_3/O
                         net (fo=10, routed)          0.819    13.786    u_mlkem/u_pack/ls[0]_i_3_n_0
    SLICE_X63Y9          LUT6 (Prop_lut6_I5_O)        0.124    13.910 r  u_mlkem/u_pack/ls[6]_i_2/O
                         net (fo=1, routed)           0.433    14.343    u_mlkem/u_pack/ls[6]_i_2_n_0
    SLICE_X63Y9          LUT5 (Prop_lut5_I0_O)        0.124    14.467 r  u_mlkem/u_pack/ls[6]_i_1/O
                         net (fo=1, routed)           0.000    14.467    u_mlkem/u_alu/ls_reg[23]_0[6]
    SLICE_X63Y9          FDRE                                         r  u_mlkem/u_alu/ls_reg[6]/D
  -------------------------------------------------------------------    -------------------

                         (clock clk_core_mmcm rise edge)
                                                      4.848     4.848 r  
    E3                                                0.000     4.848 r  clk_100mhz (IN)
                         net (fo=0)                   0.000     4.848    clk_100mhz
    E3                   IBUF (Prop_ibuf_I_O)         1.411     6.260 r  clk_100mhz_IBUF_inst/O
                         net (fo=1, routed)           1.920     8.180    clk_100mhz_IBUF
    BUFGCTRL_X0Y16       BUFG (Prop_bufg_I_O)         0.091     8.271 r  clk_100mhz_IBUF_BUFG_inst/O
                         net (fo=2651, routed)        1.683     9.954    clk_100mhz_IBUF_BUFG
    MMCME2_ADV_X0Y0      MMCME2_ADV (Prop_mmcme2_adv_CLKIN1_CLKOUT0)
                                                      0.083    10.037 r  u_mmcm/CLKOUT0
                         net (fo=1, routed)           1.923    11.960    clk_core_mmcm
    BUFGCTRL_X0Y0        BUFG (Prop_bufg_I_O)         0.091    12.051 r  u_bufg_core/O
                         net (fo=4633, routed)        1.671    13.722    u_mlkem/u_alu/clk_core
    SLICE_X63Y9          FDRE                                         r  u_mlkem/u_alu/ls_reg[6]/C
                         clock pessimism              0.500    14.222    
                         clock uncertainty           -0.074    14.147    
    SLICE_X63Y9          FDRE (Setup_fdre_C_D)        0.029    14.176    u_mlkem/u_alu/ls_reg[6]
  -------------------------------------------------------------------
                         required time                         14.176    
                         arrival time                         -14.467    
  -------------------------------------------------------------------
                         slack                                 -0.290    




