Copyright 1986-2022 Xilinx, Inc. All Rights Reserved. Copyright 2022-2024 Advanced Micro Devices, Inc. All Rights Reserved.
-------------------------------------------------------------------------------------------------------------------------------------------------
| Tool Version : Vivado v.2024.1 (lin64) Build 5076996 Wed May 22 18:36:09 MDT 2024
| Date         : Fri Oct  2 06:26:57 2026
| Host         : 74058d3208e5 running 64-bit unknown
| Command      : report_timing_summary -max_paths 10 -file /home/vivadouser/project/ML_KEM_Test/ML-KEM-Testkit/reports/f206_3/timing_summary.rpt
| Design       : arty_a7_top
| Device       : 7a100t-csg324
| Speed File   : -1  PRODUCTION 1.23 2018-06-13
| Design State : Physopt postRoute
-------------------------------------------------------------------------------------------------------------------------------------------------

Timing Summary Report

------------------------------------------------------------------------------------------------
| Timer Settings
| --------------
------------------------------------------------------------------------------------------------

  Enable Multi Corner Analysis               :  Yes
  Enable Pessimism Removal                   :  Yes
  Pessimism Removal Resolution               :  Nearest Common Node
  Enable Input Delay Default Clock           :  No
  Enable Preset / Clear Arcs                 :  No
  Disable Flight Delays                      :  No
  Ignore I/O Paths                           :  No
  Timing Early Launch at Borrowing Latches   :  No
  Borrow Time for Max Delay Exceptions       :  Yes
  Merge Timing Exceptions                    :  Yes
  Inter-SLR Compensation                     :  Conservative

  Corner  Analyze    Analyze    
  Name    Max Paths  Min Paths  
  ------  ---------  ---------  
  Slow    Yes        Yes        
  Fast    Yes        Yes        


------------------------------------------------------------------------------------------------
| Report Methodology
| ------------------
------------------------------------------------------------------------------------------------

No report available as report_methodology has not been run prior. Run report_methodology on the current design for the summary of methodology violations.



check_timing report

Table of Contents
-----------------
1. checking no_clock (0)
2. checking constant_clock (0)
3. checking pulse_width_clock (0)
4. checking unconstrained_internal_endpoints (0)
5. checking no_input_delay (2)
6. checking no_output_delay (5)
7. checking multiple_clock (0)
8. checking generated_clocks (0)
9. checking loops (0)
10. checking partial_input_delay (0)
11. checking partial_output_delay (0)
12. checking latch_loops (0)

1. checking no_clock (0)
------------------------
 There are 0 register/latch pins with no clock.


2. checking constant_clock (0)
------------------------------
 There are 0 register/latch pins with constant_clock.


3. checking pulse_width_clock (0)
---------------------------------
 There are 0 register/latch pins which need pulse_width check


4. checking unconstrained_internal_endpoints (0)
------------------------------------------------
 There are 0 pins that are not constrained for maximum delay.

 There are 0 pins that are not constrained for maximum delay due to constant clock.


5. checking no_input_delay (2)
------------------------------
 There are 0 input ports with no input delay specified.

 There are 2 input ports with no input delay but user has a false path constraint. (MEDIUM)


6. checking no_output_delay (5)
-------------------------------
 There are 0 ports with no output delay specified.

 There are 5 ports with no output delay but user has a false path constraint (MEDIUM)

 There are 0 ports with no output delay but with a timing clock defined on it or propagating through it


7. checking multiple_clock (0)
------------------------------
 There are 0 register/latch pins with multiple clocks.


8. checking generated_clocks (0)
--------------------------------
 There are 0 generated clocks that are not connected to a clock source.


9. checking loops (0)
---------------------
 There are 0 combinational loops in the design.


10. checking partial_input_delay (0)
------------------------------------
 There are 0 input ports with partial input delay specified.


11. checking partial_output_delay (0)
-------------------------------------
 There are 0 ports with partial output delay specified.


12. checking latch_loops (0)
----------------------------
 There are 0 combinational latch loops in the design through latch input



------------------------------------------------------------------------------------------------
| Design Timing Summary
| ---------------------
------------------------------------------------------------------------------------------------

    WNS(ns)      TNS(ns)  TNS Failing Endpoints  TNS Total Endpoints      WHS(ns)      THS(ns)  THS Failing Endpoints  THS Total Endpoints     WPWS(ns)     TPWS(ns)  TPWS Failing Endpoints  TPWS Total Endpoints  
    -------      -------  ---------------------  -------------------      -------      -------  ---------------------  -------------------     --------     --------  ----------------------  --------------------  
      0.012        0.000                      0                15234        0.034        0.000                      0                15234        1.444        0.000                       0                  7673  


All user specified timing constraints are met.


------------------------------------------------------------------------------------------------
| Clock Summary
| -------------
------------------------------------------------------------------------------------------------

Clock            Waveform(ns)         Period(ns)      Frequency(MHz)
-----            ------------         ----------      --------------
sys_clk          {0.000 5.000}        10.000          100.000         
  clk_core_mmcm  {0.000 2.424}        4.848           206.250         
  mmcm_fb        {0.000 10.000}       20.000          50.000          


------------------------------------------------------------------------------------------------
| Intra Clock Table
| -----------------
------------------------------------------------------------------------------------------------

Clock                WNS(ns)      TNS(ns)  TNS Failing Endpoints  TNS Total Endpoints      WHS(ns)      THS(ns)  THS Failing Endpoints  THS Total Endpoints     WPWS(ns)     TPWS(ns)  TPWS Failing Endpoints  TPWS Total Endpoints  
-----                -------      -------  ---------------------  -------------------      -------      -------  ---------------------  -------------------     --------     --------  ----------------------  --------------------  
sys_clk                1.175        0.000                      0                 5160        0.122        0.000                      0                 5160        3.000        0.000                       0                  2652  
  clk_core_mmcm        0.012        0.000                      0                 9478        0.034        0.000                      0                 9478        1.444        0.000                       0                  5019  
  mmcm_fb                                                                                                                                                         18.751        0.000                       0                     2  


------------------------------------------------------------------------------------------------
| Inter Clock Table
| -----------------
------------------------------------------------------------------------------------------------

From Clock    To Clock          WNS(ns)      TNS(ns)  TNS Failing Endpoints  TNS Total Endpoints      WHS(ns)      THS(ns)  THS Failing Endpoints  THS Total Endpoints  
----------    --------          -------      -------  ---------------------  -------------------      -------      -------  ---------------------  -------------------  


------------------------------------------------------------------------------------------------
| Other Path Groups Table
| -----------------------
------------------------------------------------------------------------------------------------

Path Group         From Clock         To Clock               WNS(ns)      TNS(ns)  TNS Failing Endpoints  TNS Total Endpoints      WHS(ns)      THS(ns)  THS Failing Endpoints  THS Total Endpoints  
----------         ----------         --------               -------      -------  ---------------------  -------------------      -------      -------  ---------------------  -------------------  
**async_default**  sys_clk            sys_clk                  3.625        0.000                      0                  596        0.809        0.000                      0                  596  


------------------------------------------------------------------------------------------------
| Timing Details
| --------------
------------------------------------------------------------------------------------------------


---------------------------------------------------------------------------------------------------
From Clock:  sys_clk
  To Clock:  sys_clk

Setup :            0  Failing Endpoints,  Worst Slack        1.175ns,  Total Violation        0.000ns
Hold  :            0  Failing Endpoints,  Worst Slack        0.122ns,  Total Violation        0.000ns
PW    :            0  Failing Endpoints,  Worst Slack        3.000ns,  Total Violation        0.000ns
---------------------------------------------------------------------------------------------------


Max Delay Paths
--------------------------------------------------------------------------------------
Slack (MET) :             1.175ns  (required time - arrival time)
  Source:                 u_bridge/len_reg[2]/C
                            (rising edge-triggered cell FDCE clocked by sys_clk  {rise@0.000ns fall@5.000ns period=10.000ns})
  Destination:            u_bridge/cnt_reg[0]_rep__3/D
                            (rising edge-triggered cell FDCE clocked by sys_clk  {rise@0.000ns fall@5.000ns period=10.000ns})
  Path Group:             sys_clk
  Path Type:              Setup (Max at Slow Process Corner)
  Requirement:            10.000ns  (sys_clk rise@10.000ns - sys_clk rise@0.000ns)
  Data Path Delay:        8.470ns  (logic 3.858ns (45.550%)  route 4.612ns (54.450%))
  Logic Levels:           13  (CARRY4=8 LUT1=1 LUT3=1 LUT4=1 LUT5=1 LUT6=1)
  Clock Path Skew:        -0.045ns (DCD - SCD + CPR)
    Destination Clock Delay (DCD):    5.097ns = ( 15.097 - 10.000 ) 
    Source Clock Delay      (SCD):    5.410ns
    Clock Pessimism Removal (CPR):    0.267ns
  Clock Uncertainty:      0.035ns  ((TSJ^2 + TIJ^2)^1/2 + DJ) / 2 + PE
    Total System Jitter     (TSJ):    0.071ns
    Total Input Jitter      (TIJ):    0.000ns
    Discrete Jitter          (DJ):    0.000ns
    Phase Error              (PE):    0.000ns

    Location             Delay type                Incr(ns)  Path(ns)    Netlist Resource(s)
  -------------------------------------------------------------------    -------------------
                         (clock sys_clk rise edge)    0.000     0.000 r  
    E3                                                0.000     0.000 r  clk_100mhz (IN)
                         net (fo=0)                   0.000     0.000    clk_100mhz
    E3                   IBUF (Prop_ibuf_I_O)         1.482     1.482 r  clk_100mhz_IBUF_inst/O
                         net (fo=1, routed)           2.025     3.506    clk_100mhz_IBUF
    BUFGCTRL_X0Y16       BUFG (Prop_bufg_I_O)         0.096     3.602 r  clk_100mhz_IBUF_BUFG_inst/O
                         net (fo=2651, routed)        1.807     5.410    u_bridge/clk_100mhz_IBUF_BUFG
    SLICE_X32Y16         FDCE                                         r  u_bridge/len_reg[2]/C
  -------------------------------------------------------------------    -------------------
    SLICE_X32Y16         FDCE (Prop_fdce_C_Q)         0.456     5.866 f  u_bridge/len_reg[2]/Q
                         net (fo=7, routed)           0.608     6.474    u_bridge/p_1_in[2]
    SLICE_X35Y13         LUT1 (Prop_lut1_I0_O)        0.124     6.598 r  u_bridge/state[3]_i_201/O
                         net (fo=1, routed)           0.000     6.598    u_bridge/state[3]_i_201_n_0
    SLICE_X35Y13         CARRY4 (Prop_carry4_S[1]_CO[3])
                                                      0.550     7.148 r  u_bridge/state_reg[3]_i_143/CO[3]
                         net (fo=1, routed)           0.000     7.148    u_bridge/state_reg[3]_i_143_n_0
    SLICE_X35Y14         CARRY4 (Prop_carry4_CI_CO[3])
                                                      0.114     7.262 r  u_bridge/state_reg[3]_i_142/CO[3]
                         net (fo=1, routed)           0.000     7.262    u_bridge/state_reg[3]_i_142_n_0
    SLICE_X35Y15         CARRY4 (Prop_carry4_CI_CO[3])
                                                      0.114     7.376 r  u_bridge/state_reg[3]_i_97/CO[3]
                         net (fo=1, routed)           0.000     7.376    u_bridge/state_reg[3]_i_97_n_0
    SLICE_X35Y16         CARRY4 (Prop_carry4_CI_CO[3])
                                                      0.114     7.490 r  u_bridge/state_reg[3]_i_96/CO[3]
                         net (fo=1, routed)           0.000     7.490    u_bridge/state_reg[3]_i_96_n_0
    SLICE_X35Y17         CARRY4 (Prop_carry4_CI_CO[3])
                                                      0.114     7.604 r  u_bridge/state_reg[3]_i_95/CO[3]
                         net (fo=1, routed)           0.000     7.604    u_bridge/state_reg[3]_i_95_n_0
    SLICE_X35Y18         CARRY4 (Prop_carry4_CI_CO[3])
                                                      0.114     7.718 r  u_bridge/state_reg[3]_i_58/CO[3]
                         net (fo=1, routed)           0.000     7.718    u_bridge/state_reg[3]_i_58_n_0
    SLICE_X35Y19         CARRY4 (Prop_carry4_CI_O[3])
                                                      0.313     8.031 r  u_bridge/state_reg[3]_i_57/O[3]
                         net (fo=2, routed)           0.739     8.770    u_bridge/state2[28]
    SLICE_X37Y17         LUT6 (Prop_lut6_I3_O)        0.306     9.076 r  u_bridge/state[3]_i_89/O
                         net (fo=1, routed)           0.000     9.076    u_bridge/state[3]_i_89_n_0
    SLICE_X37Y17         CARRY4 (Prop_carry4_S[1]_CO[2])
                                                      0.570     9.646 r  u_bridge/state_reg[3]_i_50/CO[2]
                         net (fo=1, routed)           0.577    10.223    u_bridge/state_reg[3]_i_50_n_1
    SLICE_X34Y17         LUT4 (Prop_lut4_I2_O)        0.306    10.529 f  u_bridge/state[3]_i_29/O
                         net (fo=7, routed)           0.933    11.461    u_bridge/state[3]_i_29_n_0
    SLICE_X25Y16         LUT5 (Prop_lut5_I0_O)        0.342    11.803 r  u_bridge/cnt[0]_i_2/O
                         net (fo=7, routed)           1.278    13.082    u_bridge/cnt[0]_i_2_n_0
    SLICE_X43Y14         LUT3 (Prop_lut3_I1_O)        0.321    13.403 r  u_bridge/cnt[0]_rep__3_i_1/O
                         net (fo=1, routed)           0.477    13.879    u_bridge/cnt[0]_rep__3_i_1_n_0
    SLICE_X43Y13         FDCE                                         r  u_bridge/cnt_reg[0]_rep__3/D
  -------------------------------------------------------------------    -------------------

                         (clock sys_clk rise edge)   10.000    10.000 r  
    E3                                                0.000    10.000 r  clk_100mhz (IN)
                         net (fo=0)                   0.000    10.000    clk_100mhz
    E3                   IBUF (Prop_ibuf_I_O)         1.411    11.411 r  clk_100mhz_IBUF_inst/O
                         net (fo=1, routed)           1.920    13.331    clk_100mhz_IBUF
    BUFGCTRL_X0Y16       BUFG (Prop_bufg_I_O)         0.091    13.422 r  clk_100mhz_IBUF_BUFG_inst/O
                         net (fo=2651, routed)        1.675    15.097    u_bridge/clk_100mhz_IBUF_BUFG
    SLICE_X43Y13         FDCE                                         r  u_bridge/cnt_reg[0]_rep__3/C
                         clock pessimism              0.267    15.365    
                         clock uncertainty           -0.035    15.329    
    SLICE_X43Y13         FDCE (Setup_fdce_C_D)       -0.275    15.054    u_bridge/cnt_reg[0]_rep__3
  -------------------------------------------------------------------
                         required time                         15.054    
                         arrival time                         -13.879    
  -------------------------------------------------------------------
                         slack                                  1.175    

Slack (MET) :             1.497ns  (required time - arrival time)
  Source:                 u_bridge/len_reg[2]/C
                            (rising edge-triggered cell FDCE clocked by sys_clk  {rise@0.000ns fall@5.000ns period=10.000ns})
  Destination:            u_bridge/cnt_reg[0]_rep__0/D
                            (rising edge-triggered cell FDCE clocked by sys_clk  {rise@0.000ns fall@5.000ns period=10.000ns})
  Path Group:             sys_clk
  Path Type:              Setup (Max at Slow Process Corner)
  Requirement:            10.000ns  (sys_clk rise@10.000ns - sys_clk rise@0.000ns)
  Data Path Delay:        8.380ns  (logic 3.863ns (46.095%)  route 4.517ns (53.905%))
  Logic Levels:           13  (CARRY4=8 LUT1=1 LUT3=1 LUT4=1 LUT5=1 LUT6=1)
  Clock Path Skew:        -0.042ns (DCD - SCD + CPR)
    Destination Clock Delay (DCD):    5.100ns = ( 15.100 - 10.000 ) 
    Source Clock Delay      (SCD):    5.410ns
    Clock Pessimism Removal (CPR):    0.267ns
  Clock Uncertainty:      0.035ns  ((TSJ^2 + TIJ^2)^1/2 + DJ) / 2 + PE
    Total System Jitter     (TSJ):    0.071ns
    Total Input Jitter      (TIJ):    0.000ns
    Discrete Jitter          (DJ):    0.000ns
    Phase Error              (PE):    0.000ns

    Location             Delay type                Incr(ns)  Path(ns)    Netlist Resource(s)
  -------------------------------------------------------------------    -------------------
                         (clock sys_clk rise edge)    0.000     0.000 r  
    E3                                                0.000     0.000 r  clk_100mhz (IN)
                         net (fo=0)                   0.000     0.000    clk_100mhz
    E3                   IBUF (Prop_ibuf_I_O)         1.482     1.482 r  clk_100mhz_IBUF_inst/O
                         net (fo=1, routed)           2.025     3.506    clk_100mhz_IBUF
    BUFGCTRL_X0Y16       BUFG (Prop_bufg_I_O)         0.096     3.602 r  clk_100mhz_IBUF_BUFG_inst/O
                         net (fo=2651, routed)        1.807     5.410    u_bridge/clk_100mhz_IBUF_BUFG
    SLICE_X32Y16         FDCE                                         r  u_bridge/len_reg[2]/C
  -------------------------------------------------------------------    -------------------
    SLICE_X32Y16         FDCE (Prop_fdce_C_Q)         0.456     5.866 f  u_bridge/len_reg[2]/Q
                         net (fo=7, routed)           0.608     6.474    u_bridge/p_1_in[2]
    SLICE_X35Y13         LUT1 (Prop_lut1_I0_O)        0.124     6.598 r  u_bridge/state[3]_i_201/O
                         net (fo=1, routed)           0.000     6.598    u_bridge/state[3]_i_201_n_0
    SLICE_X35Y13         CARRY4 (Prop_carry4_S[1]_CO[3])
                                                      0.550     7.148 r  u_bridge/state_reg[3]_i_143/CO[3]
                         net (fo=1, routed)           0.000     7.148    u_bridge/state_reg[3]_i_143_n_0
    SLICE_X35Y14         CARRY4 (Prop_carry4_CI_CO[3])
                                                      0.114     7.262 r  u_bridge/state_reg[3]_i_142/CO[3]
                         net (fo=1, routed)           0.000     7.262    u_bridge/state_reg[3]_i_142_n_0
    SLICE_X35Y15         CARRY4 (Prop_carry4_CI_CO[3])
                                                      0.114     7.376 r  u_bridge/state_reg[3]_i_97/CO[3]
                         net (fo=1, routed)           0.000     7.376    u_bridge/state_reg[3]_i_97_n_0
    SLICE_X35Y16         CARRY4 (Prop_carry4_CI_CO[3])
                                                      0.114     7.490 r  u_bridge/state_reg[3]_i_96/CO[3]
                         net (fo=1, routed)           0.000     7.490    u_bridge/state_reg[3]_i_96_n_0
    SLICE_X35Y17         CARRY4 (Prop_carry4_CI_CO[3])
                                                      0.114     7.604 r  u_bridge/state_reg[3]_i_95/CO[3]
                         net (fo=1, routed)           0.000     7.604    u_bridge/state_reg[3]_i_95_n_0
    SLICE_X35Y18         CARRY4 (Prop_carry4_CI_CO[3])
                                                      0.114     7.718 r  u_bridge/state_reg[3]_i_58/CO[3]
                         net (fo=1, routed)           0.000     7.718    u_bridge/state_reg[3]_i_58_n_0
    SLICE_X35Y19         CARRY4 (Prop_carry4_CI_O[3])
                                                      0.313     8.031 r  u_bridge/state_reg[3]_i_57/O[3]
                         net (fo=2, routed)           0.739     8.770    u_bridge/state2[28]
    SLICE_X37Y17         LUT6 (Prop_lut6_I3_O)        0.306     9.076 r  u_bridge/state[3]_i_89/O
                         net (fo=1, routed)           0.000     9.076    u_bridge/state[3]_i_89_n_0
    SLICE_X37Y17         CARRY4 (Prop_carry4_S[1]_CO[2])
                                                      0.570     9.646 r  u_bridge/state_reg[3]_i_50/CO[2]
                         net (fo=1, routed)           0.577    10.223    u_bridge/state_reg[3]_i_50_n_1
    SLICE_X34Y17         LUT4 (Prop_lut4_I2_O)        0.306    10.529 f  u_bridge/state[3]_i_29/O
                         net (fo=7, routed)           0.933    11.461    u_bridge/state[3]_i_29_n_0
    SLICE_X25Y16         LUT5 (Prop_lut5_I0_O)        0.342    11.803 r  u_bridge/cnt[0]_i_2/O
                         net (fo=7, routed)           1.140    12.944    u_bridge/cnt[0]_i_2_n_0
    SLICE_X38Y14         LUT3 (Prop_lut3_I1_O)        0.326    13.270 r  u_bridge/cnt[0]_rep__0_i_1/O
                         net (fo=1, routed)           0.521    13.790    u_bridge/cnt[0]_rep__0_i_1_n_0
    SLICE_X38Y14         FDCE                                         r  u_bridge/cnt_reg[0]_rep__0/D
  -------------------------------------------------------------------    -------------------

                         (clock sys_clk rise edge)   10.000    10.000 r  
    E3                                                0.000    10.000 r  clk_100mhz (IN)
                         net (fo=0)                   0.000    10.000    clk_100mhz
    E3                   IBUF (Prop_ibuf_I_O)         1.411    11.411 r  clk_100mhz_IBUF_inst/O
                         net (fo=1, routed)           1.920    13.331    clk_100mhz_IBUF
    BUFGCTRL_X0Y16       BUFG (Prop_bufg_I_O)         0.091    13.422 r  clk_100mhz_IBUF_BUFG_inst/O
                         net (fo=2651, routed)        1.678    15.100    u_bridge/clk_100mhz_IBUF_BUFG
    SLICE_X38Y14         FDCE                                         r  u_bridge/cnt_reg[0]_rep__0/C
                         clock pessimism              0.267    15.368    
                         clock uncertainty           -0.035    15.332    
    SLICE_X38Y14         FDCE (Setup_fdce_C_D)       -0.045    15.287    u_bridge/cnt_reg[0]_rep__0
  -------------------------------------------------------------------
                         required time                         15.287    
                         arrival time                         -13.790    
  -------------------------------------------------------------------
                         slack                                  1.497    

Slack (MET) :             1.500ns  (required time - arrival time)
  Source:                 u_rx/data_reg[3]/C
                            (rising edge-triggered cell FDCE clocked by sys_clk  {rise@0.000ns fall@5.000ns period=10.000ns})
  Destination:            u_bridge/payload_reg[36][3]/D
                            (rising edge-triggered cell FDRE clocked by sys_clk  {rise@0.000ns fall@5.000ns period=10.000ns})
  Path Group:             sys_clk
  Path Type:              Setup (Max at Slow Process Corner)
  Requirement:            10.000ns  (sys_clk rise@10.000ns - sys_clk rise@0.000ns)
  Data Path Delay:        8.269ns  (logic 0.456ns (5.515%)  route 7.813ns (94.485%))
  Logic Levels:           0  
  Clock Path Skew:        -0.129ns (DCD - SCD + CPR)
    Destination Clock Delay (DCD):    5.097ns = ( 15.097 - 10.000 ) 
    Source Clock Delay      (SCD):    5.422ns
    Clock Pessimism Removal (CPR):    0.195ns
  Clock Uncertainty:      0.035ns  ((TSJ^2 + TIJ^2)^1/2 + DJ) / 2 + PE
    Total System Jitter     (TSJ):    0.071ns
    Total Input Jitter      (TIJ):    0.000ns
    Discrete Jitter          (DJ):    0.000ns
    Phase Error              (PE):    0.000ns

    Location             Delay type                Incr(ns)  Path(ns)    Netlist Resource(s)
  -------------------------------------------------------------------    -------------------
                         (clock sys_clk rise edge)    0.000     0.000 r  
    E3                                                0.000     0.000 r  clk_100mhz (IN)
                         net (fo=0)                   0.000     0.000    clk_100mhz
    E3                   IBUF (Prop_ibuf_I_O)         1.482     1.482 r  clk_100mhz_IBUF_inst/O
                         net (fo=1, routed)           2.025     3.506    clk_100mhz_IBUF
    BUFGCTRL_X0Y16       BUFG (Prop_bufg_I_O)         0.096     3.602 r  clk_100mhz_IBUF_BUFG_inst/O
                         net (fo=2651, routed)        1.819     5.422    u_rx/clk_100mhz_IBUF_BUFG
    SLICE_X18Y5          FDCE                                         r  u_rx/data_reg[3]/C
  -------------------------------------------------------------------    -------------------
    SLICE_X18Y5          FDCE (Prop_fdce_C_Q)         0.456     5.878 r  u_rx/data_reg[3]/Q
                         net (fo=152, routed)         7.813    13.690    u_bridge/payload_reg[254][7]_0[3]
    SLICE_X68Y9          FDRE                                         r  u_bridge/payload_reg[36][3]/D
  -------------------------------------------------------------------    -------------------

                         (clock sys_clk rise edge)   10.000    10.000 r  
    E3                                                0.000    10.000 r  clk_100mhz (IN)
                         net (fo=0)                   0.000    10.000    clk_100mhz
    E3                   IBUF (Prop_ibuf_I_O)         1.411    11.411 r  clk_100mhz_IBUF_inst/O
                         net (fo=1, routed)           1.920    13.331    clk_100mhz_IBUF
    BUFGCTRL_X0Y16       BUFG (Prop_bufg_I_O)         0.091    13.422 r  clk_100mhz_IBUF_BUFG_inst/O
                         net (fo=2651, routed)        1.675    15.097    u_bridge/clk_100mhz_IBUF_BUFG
    SLICE_X68Y9          FDRE                                         r  u_bridge/payload_reg[36][3]/C
                         clock pessimism              0.195    15.293    
                         clock uncertainty           -0.035    15.257    
    SLICE_X68Y9          FDRE (Setup_fdre_C_D)       -0.067    15.190    u_bridge/payload_reg[36][3]
  -------------------------------------------------------------------
                         required time                         15.190    
                         arrival time                         -13.690    
  -------------------------------------------------------------------
                         slack                                  1.500    

Slack (MET) :             1.505ns  (required time - arrival time)
  Source:                 u_bridge/len_reg[2]/C
                            (rising edge-triggered cell FDCE clocked by sys_clk  {rise@0.000ns fall@5.000ns period=10.000ns})
  Destination:            u_bridge/cnt_reg[0]_rep__2/D
                            (rising edge-triggered cell FDCE clocked by sys_clk  {rise@0.000ns fall@5.000ns period=10.000ns})
  Path Group:             sys_clk
  Path Type:              Setup (Max at Slow Process Corner)
  Requirement:            10.000ns  (sys_clk rise@10.000ns - sys_clk rise@0.000ns)
  Data Path Delay:        8.390ns  (logic 3.863ns (46.043%)  route 4.527ns (53.957%))
  Logic Levels:           13  (CARRY4=8 LUT1=1 LUT3=1 LUT4=1 LUT5=1 LUT6=1)
  Clock Path Skew:        -0.042ns (DCD - SCD + CPR)
    Destination Clock Delay (DCD):    5.100ns = ( 15.100 - 10.000 ) 
    Source Clock Delay      (SCD):    5.410ns
    Clock Pessimism Removal (CPR):    0.267ns
  Clock Uncertainty:      0.035ns  ((TSJ^2 + TIJ^2)^1/2 + DJ) / 2 + PE
    Total System Jitter     (TSJ):    0.071ns
    Total Input Jitter      (TIJ):    0.000ns
    Discrete Jitter          (DJ):    0.000ns
    Phase Error              (PE):    0.000ns

    Location             Delay type                Incr(ns)  Path(ns)    Netlist Resource(s)
  -------------------------------------------------------------------    -------------------
                         (clock sys_clk rise edge)    0.000     0.000 r  
    E3                                                0.000     0.000 r  clk_100mhz (IN)
                         net (fo=0)                   0.000     0.000    clk_100mhz
    E3                   IBUF (Prop_ibuf_I_O)         1.482     1.482 r  clk_100mhz_IBUF_inst/O
                         net (fo=1, routed)           2.025     3.506    clk_100mhz_IBUF
    BUFGCTRL_X0Y16       BUFG (Prop_bufg_I_O)         0.096     3.602 r  clk_100mhz_IBUF_BUFG_inst/O
                         net (fo=2651, routed)        1.807     5.410    u_bridge/clk_100mhz_IBUF_BUFG
    SLICE_X32Y16         FDCE                                         r  u_bridge/len_reg[2]/C
  -------------------------------------------------------------------    -------------------
    SLICE_X32Y16         FDCE (Prop_fdce_C_Q)         0.456     5.866 f  u_bridge/len_reg[2]/Q
                         net (fo=7, routed)           0.608     6.474    u_bridge/p_1_in[2]
    SLICE_X35Y13         LUT1 (Prop_lut1_I0_O)        0.124     6.598 r  u_bridge/state[3]_i_201/O
                         net (fo=1, routed)           0.000     6.598    u_bridge/state[3]_i_201_n_0
    SLICE_X35Y13         CARRY4 (Prop_carry4_S[1]_CO[3])
                                                      0.550     7.148 r  u_bridge/state_reg[3]_i_143/CO[3]
                         net (fo=1, routed)           0.000     7.148    u_bridge/state_reg[3]_i_143_n_0
    SLICE_X35Y14         CARRY4 (Prop_carry4_CI_CO[3])
                                                      0.114     7.262 r  u_bridge/state_reg[3]_i_142/CO[3]
                         net (fo=1, routed)           0.000     7.262    u_bridge/state_reg[3]_i_142_n_0
    SLICE_X35Y15         CARRY4 (Prop_carry4_CI_CO[3])
                                                      0.114     7.376 r  u_bridge/state_reg[3]_i_97/CO[3]
                         net (fo=1, routed)           0.000     7.376    u_bridge/state_reg[3]_i_97_n_0
    SLICE_X35Y16         CARRY4 (Prop_carry4_CI_CO[3])
                                                      0.114     7.490 r  u_bridge/state_reg[3]_i_96/CO[3]
                         net (fo=1, routed)           0.000     7.490    u_bridge/state_reg[3]_i_96_n_0
    SLICE_X35Y17         CARRY4 (Prop_carry4_CI_CO[3])
                                                      0.114     7.604 r  u_bridge/state_reg[3]_i_95/CO[3]
                         net (fo=1, routed)           0.000     7.604    u_bridge/state_reg[3]_i_95_n_0
    SLICE_X35Y18         CARRY4 (Prop_carry4_CI_CO[3])
                                                      0.114     7.718 r  u_bridge/state_reg[3]_i_58/CO[3]
                         net (fo=1, routed)           0.000     7.718    u_bridge/state_reg[3]_i_58_n_0
    SLICE_X35Y19         CARRY4 (Prop_carry4_CI_O[3])
                                                      0.313     8.031 r  u_bridge/state_reg[3]_i_57/O[3]
                         net (fo=2, routed)           0.739     8.770    u_bridge/state2[28]
    SLICE_X37Y17         LUT6 (Prop_lut6_I3_O)        0.306     9.076 r  u_bridge/state[3]_i_89/O
                         net (fo=1, routed)           0.000     9.076    u_bridge/state[3]_i_89_n_0
    SLICE_X37Y17         CARRY4 (Prop_carry4_S[1]_CO[2])
                                                      0.570     9.646 r  u_bridge/state_reg[3]_i_50/CO[2]
                         net (fo=1, routed)           0.577    10.223    u_bridge/state_reg[3]_i_50_n_1
    SLICE_X34Y17         LUT4 (Prop_lut4_I2_O)        0.306    10.529 f  u_bridge/state[3]_i_29/O
                         net (fo=7, routed)           0.933    11.461    u_bridge/state[3]_i_29_n_0
    SLICE_X25Y16         LUT5 (Prop_lut5_I0_O)        0.342    11.803 r  u_bridge/cnt[0]_i_2/O
                         net (fo=7, routed)           1.151    12.955    u_bridge/cnt[0]_i_2_n_0
    SLICE_X38Y14         LUT3 (Prop_lut3_I1_O)        0.326    13.281 r  u_bridge/cnt[0]_rep__2_i_1/O
                         net (fo=1, routed)           0.519    13.800    u_bridge/cnt[0]_rep__2_i_1_n_0
    SLICE_X38Y14         FDCE                                         r  u_bridge/cnt_reg[0]_rep__2/D
  -------------------------------------------------------------------    -------------------

                         (clock sys_clk rise edge)   10.000    10.000 r  
    E3                                                0.000    10.000 r  clk_100mhz (IN)
                         net (fo=0)                   0.000    10.000    clk_100mhz
    E3                   IBUF (Prop_ibuf_I_O)         1.411    11.411 r  clk_100mhz_IBUF_inst/O
                         net (fo=1, routed)           1.920    13.331    clk_100mhz_IBUF
    BUFGCTRL_X0Y16       BUFG (Prop_bufg_I_O)         0.091    13.422 r  clk_100mhz_IBUF_BUFG_inst/O
                         net (fo=2651, routed)        1.678    15.100    u_bridge/clk_100mhz_IBUF_BUFG
    SLICE_X38Y14         FDCE                                         r  u_bridge/cnt_reg[0]_rep__2/C
                         clock pessimism              0.267    15.368    
                         clock uncertainty           -0.035    15.332    
    SLICE_X38Y14         FDCE (Setup_fdce_C_D)       -0.028    15.304    u_bridge/cnt_reg[0]_rep__2
  -------------------------------------------------------------------
                         required time                         15.304    
                         arrival time                         -13.800    
  -------------------------------------------------------------------
                         slack                                  1.505    

Slack (MET) :             1.528ns  (required time - arrival time)
  Source:                 u_bridge/len_reg[2]/C
                            (rising edge-triggered cell FDCE clocked by sys_clk  {rise@0.000ns fall@5.000ns period=10.000ns})
  Destination:            u_bridge/cnt_reg[0]_rep__4/D
                            (rising edge-triggered cell FDCE clocked by sys_clk  {rise@0.000ns fall@5.000ns period=10.000ns})
  Path Group:             sys_clk
  Path Type:              Setup (Max at Slow Process Corner)
  Requirement:            10.000ns  (sys_clk rise@10.000ns - sys_clk rise@0.000ns)
  Data Path Delay:        8.335ns  (logic 3.863ns (46.348%)  route 4.472ns (53.652%))
  Logic Levels:           13  (CARRY4=8 LUT1=1 LUT3=1 LUT4=1 LUT5=1 LUT6=1)
  Clock Path Skew:        -0.046ns (DCD - SCD + CPR)
    Destination Clock Delay (DCD):    5.096ns = ( 15.096 - 10.000 ) 
    Source Clock Delay      (SCD):    5.410ns
    Clock Pessimism Removal (CPR):    0.267ns
  Clock Uncertainty:      0.035ns  ((TSJ^2 + TIJ^2)^1/2 + DJ) / 2 + PE
    Total System Jitter     (TSJ):    0.071ns
    Total Input Jitter      (TIJ):    0.000ns
    Discrete Jitter          (DJ):    0.000ns
    Phase Error              (PE):    0.000ns

    Location             Delay type                Incr(ns)  Path(ns)    Netlist Resource(s)
  -------------------------------------------------------------------    -------------------
                         (clock sys_clk rise edge)    0.000     0.000 r  
    E3                                                0.000     0.000 r  clk_100mhz (IN)
                         net (fo=0)                   0.000     0.000    clk_100mhz
    E3                   IBUF (Prop_ibuf_I_O)         1.482     1.482 r  clk_100mhz_IBUF_inst/O
                         net (fo=1, routed)           2.025     3.506    clk_100mhz_IBUF
    BUFGCTRL_X0Y16       BUFG (Prop_bufg_I_O)         0.096     3.602 r  clk_100mhz_IBUF_BUFG_inst/O
                         net (fo=2651, routed)        1.807     5.410    u_bridge/clk_100mhz_IBUF_BUFG
    SLICE_X32Y16         FDCE                                         r  u_bridge/len_reg[2]/C
  -------------------------------------------------------------------    -------------------
    SLICE_X32Y16         FDCE (Prop_fdce_C_Q)         0.456     5.866 f  u_bridge/len_reg[2]/Q
                         net (fo=7, routed)           0.608     6.474    u_bridge/p_1_in[2]
    SLICE_X35Y13         LUT1 (Prop_lut1_I0_O)        0.124     6.598 r  u_bridge/state[3]_i_201/O
                         net (fo=1, routed)           0.000     6.598    u_bridge/state[3]_i_201_n_0
    SLICE_X35Y13         CARRY4 (Prop_carry4_S[1]_CO[3])
                                                      0.550     7.148 r  u_bridge/state_reg[3]_i_143/CO[3]
                         net (fo=1, routed)           0.000     7.148    u_bridge/state_reg[3]_i_143_n_0
    SLICE_X35Y14         CARRY4 (Prop_carry4_CI_CO[3])
                                                      0.114     7.262 r  u_bridge/state_reg[3]_i_142/CO[3]
                         net (fo=1, routed)           0.000     7.262    u_bridge/state_reg[3]_i_142_n_0
    SLICE_X35Y15         CARRY4 (Prop_carry4_CI_CO[3])
                                                      0.114     7.376 r  u_bridge/state_reg[3]_i_97/CO[3]
                         net (fo=1, routed)           0.000     7.376    u_bridge/state_reg[3]_i_97_n_0
    SLICE_X35Y16         CARRY4 (Prop_carry4_CI_CO[3])
                                                      0.114     7.490 r  u_bridge/state_reg[3]_i_96/CO[3]
                         net (fo=1, routed)           0.000     7.490    u_bridge/state_reg[3]_i_96_n_0
    SLICE_X35Y17         CARRY4 (Prop_carry4_CI_CO[3])
                                                      0.114     7.604 r  u_bridge/state_reg[3]_i_95/CO[3]
                         net (fo=1, routed)           0.000     7.604    u_bridge/state_reg[3]_i_95_n_0
    SLICE_X35Y18         CARRY4 (Prop_carry4_CI_CO[3])
                                                      0.114     7.718 r  u_bridge/state_reg[3]_i_58/CO[3]
                         net (fo=1, routed)           0.000     7.718    u_bridge/state_reg[3]_i_58_n_0
    SLICE_X35Y19         CARRY4 (Prop_carry4_CI_O[3])
                                                      0.313     8.031 r  u_bridge/state_reg[3]_i_57/O[3]
                         net (fo=2, routed)           0.739     8.770    u_bridge/state2[28]
    SLICE_X37Y17         LUT6 (Prop_lut6_I3_O)        0.306     9.076 r  u_bridge/state[3]_i_89/O
                         net (fo=1, routed)           0.000     9.076    u_bridge/state[3]_i_89_n_0
    SLICE_X37Y17         CARRY4 (Prop_carry4_S[1]_CO[2])
                                                      0.570     9.646 r  u_bridge/state_reg[3]_i_50/CO[2]
                         net (fo=1, routed)           0.577    10.223    u_bridge/state_reg[3]_i_50_n_1
    SLICE_X34Y17         LUT4 (Prop_lut4_I2_O)        0.306    10.529 f  u_bridge/state[3]_i_29/O
                         net (fo=7, routed)           0.933    11.461    u_bridge/state[3]_i_29_n_0
    SLICE_X25Y16         LUT5 (Prop_lut5_I0_O)        0.342    11.803 r  u_bridge/cnt[0]_i_2/O
                         net (fo=7, routed)           0.952    12.755    u_bridge/cnt[0]_i_2_n_0
    SLICE_X43Y15         LUT3 (Prop_lut3_I1_O)        0.326    13.081 r  u_bridge/cnt[0]_rep__4_i_1/O
                         net (fo=1, routed)           0.663    13.744    u_bridge/cnt[0]_rep__4_i_1_n_0
    SLICE_X42Y15         FDCE                                         r  u_bridge/cnt_reg[0]_rep__4/D
  -------------------------------------------------------------------    -------------------

                         (clock sys_clk rise edge)   10.000    10.000 r  
    E3                                                0.000    10.000 r  clk_100mhz (IN)
                         net (fo=0)                   0.000    10.000    clk_100mhz
    E3                   IBUF (Prop_ibuf_I_O)         1.411    11.411 r  clk_100mhz_IBUF_inst/O
                         net (fo=1, routed)           1.920    13.331    clk_100mhz_IBUF
    BUFGCTRL_X0Y16       BUFG (Prop_bufg_I_O)         0.091    13.422 r  clk_100mhz_IBUF_BUFG_inst/O
                         net (fo=2651, routed)        1.674    15.096    u_bridge/clk_100mhz_IBUF_BUFG
    SLICE_X42Y15         FDCE                                         r  u_bridge/cnt_reg[0]_rep__4/C
                         clock pessimism              0.267    15.364    
                         clock uncertainty           -0.035    15.328    
    SLICE_X42Y15         FDCE (Setup_fdce_C_D)       -0.056    15.272    u_bridge/cnt_reg[0]_rep__4
  -------------------------------------------------------------------
                         required time                         15.272    
                         arrival time                         -13.744    
  -------------------------------------------------------------------
                         slack                                  1.528    

Slack (MET) :             1.626ns  (required time - arrival time)
  Source:                 u_bridge/addr_reg[0]/C
                            (rising edge-triggered cell FDCE clocked by sys_clk  {rise@0.000ns fall@5.000ns period=10.000ns})
  Destination:            u_bridge/m_axi_wdata_reg[11]/CE
                            (rising edge-triggered cell FDCE clocked by sys_clk  {rise@0.000ns fall@5.000ns period=10.000ns})
  Path Group:             sys_clk
  Path Type:              Setup (Max at Slow Process Corner)
  Requirement:            10.000ns  (sys_clk rise@10.000ns - sys_clk rise@0.000ns)
  Data Path Delay:        8.085ns  (logic 3.282ns (40.595%)  route 4.803ns (59.405%))
  Logic Levels:           15  (CARRY4=9 LUT1=1 LUT4=1 LUT6=4)
  Clock Path Skew:        -0.049ns (DCD - SCD + CPR)
    Destination Clock Delay (DCD):    5.096ns = ( 15.096 - 10.000 ) 
    Source Clock Delay      (SCD):    5.413ns
    Clock Pessimism Removal (CPR):    0.267ns
  Clock Uncertainty:      0.035ns  ((TSJ^2 + TIJ^2)^1/2 + DJ) / 2 + PE
    Total System Jitter     (TSJ):    0.071ns
    Total Input Jitter      (TIJ):    0.000ns
    Discrete Jitter          (DJ):    0.000ns
    Phase Error              (PE):    0.000ns

    Location             Delay type                Incr(ns)  Path(ns)    Netlist Resource(s)
  -------------------------------------------------------------------    -------------------
                         (clock sys_clk rise edge)    0.000     0.000 r  
    E3                                                0.000     0.000 r  clk_100mhz (IN)
                         net (fo=0)                   0.000     0.000    clk_100mhz
    E3                   IBUF (Prop_ibuf_I_O)         1.482     1.482 r  clk_100mhz_IBUF_inst/O
                         net (fo=1, routed)           2.025     3.506    clk_100mhz_IBUF
    BUFGCTRL_X0Y16       BUFG (Prop_bufg_I_O)         0.096     3.602 r  clk_100mhz_IBUF_BUFG_inst/O
                         net (fo=2651, routed)        1.810     5.413    u_bridge/clk_100mhz_IBUF_BUFG
    SLICE_X32Y13         FDCE                                         r  u_bridge/addr_reg[0]/C
  -------------------------------------------------------------------    -------------------
    SLICE_X32Y13         FDCE (Prop_fdce_C_Q)         0.456     5.869 f  u_bridge/addr_reg[0]/Q
                         net (fo=10, routed)          0.168     6.037    u_bridge/addr_reg_n_0_[0]
    SLICE_X33Y13         LUT1 (Prop_lut1_I0_O)        0.124     6.161 r  u_bridge/state[3]_i_247/O
                         net (fo=1, routed)           0.338     6.499    u_bridge/p_0_in[0]
    SLICE_X32Y13         CARRY4 (Prop_carry4_CYINIT_CO[3])
                                                      0.580     7.079 r  u_bridge/state_reg[3]_i_230/CO[3]
                         net (fo=1, routed)           0.000     7.079    u_bridge/state_reg[3]_i_230_n_0
    SLICE_X32Y14         CARRY4 (Prop_carry4_CI_CO[3])
                                                      0.114     7.193 r  u_bridge/state_reg[3]_i_212/CO[3]
                         net (fo=1, routed)           0.000     7.193    u_bridge/state_reg[3]_i_212_n_0
    SLICE_X32Y15         CARRY4 (Prop_carry4_CI_CO[3])
                                                      0.114     7.307 r  u_bridge/state_reg[3]_i_211/CO[3]
                         net (fo=1, routed)           0.000     7.307    u_bridge/state_reg[3]_i_211_n_0
    SLICE_X32Y16         CARRY4 (Prop_carry4_CI_CO[3])
                                                      0.114     7.421 r  u_bridge/state_reg[3]_i_166/CO[3]
                         net (fo=1, routed)           0.000     7.421    u_bridge/state_reg[3]_i_166_n_0
    SLICE_X32Y17         CARRY4 (Prop_carry4_CI_CO[3])
                                                      0.114     7.535 r  u_bridge/state_reg[3]_i_165/CO[3]
                         net (fo=1, routed)           0.000     7.535    u_bridge/state_reg[3]_i_165_n_0
    SLICE_X32Y18         CARRY4 (Prop_carry4_CI_CO[3])
                                                      0.114     7.649 r  u_bridge/state_reg[3]_i_122/CO[3]
                         net (fo=1, routed)           0.000     7.649    u_bridge/state_reg[3]_i_122_n_0
    SLICE_X32Y19         CARRY4 (Prop_carry4_CI_CO[3])
                                                      0.114     7.763 r  u_bridge/state_reg[3]_i_121/CO[3]
                         net (fo=1, routed)           0.000     7.763    u_bridge/state_reg[3]_i_121_n_0
    SLICE_X32Y20         CARRY4 (Prop_carry4_CI_O[2])
                                                      0.239     8.002 r  u_bridge/state_reg[3]_i_120/O[2]
                         net (fo=4, routed)           0.782     8.784    u_bridge/state_reg[3]_i_120_n_5
    SLICE_X31Y18         LUT4 (Prop_lut4_I1_O)        0.302     9.086 r  u_bridge/state[3]_i_128/O
                         net (fo=1, routed)           0.000     9.086    u_bridge/state[3]_i_128_n_0
    SLICE_X31Y18         CARRY4 (Prop_carry4_S[3]_CO[3])
                                                      0.401     9.487 r  u_bridge/state_reg[3]_i_82/CO[3]
                         net (fo=1, routed)           0.965    10.452    u_bridge/frame_ok115_in
    SLICE_X38Y13         LUT6 (Prop_lut6_I3_O)        0.124    10.576 r  u_bridge/state[3]_i_47/O
                         net (fo=1, routed)           0.282    10.858    u_bridge/state[3]_i_47_n_0
    SLICE_X38Y13         LUT6 (Prop_lut6_I1_O)        0.124    10.982 f  u_bridge/state[3]_i_27/O
                         net (fo=1, routed)           0.490    11.472    u_bridge/state[3]_i_27_n_0
    SLICE_X38Y14         LUT6 (Prop_lut6_I4_O)        0.124    11.596 f  u_bridge/state[3]_i_10/O
                         net (fo=41, routed)          0.757    12.353    u_bridge/state[3]_i_10_n_0
    SLICE_X25Y16         LUT6 (Prop_lut6_I4_O)        0.124    12.477 r  u_bridge/m_axi_awaddr[15]_i_1/O
                         net (fo=50, routed)          1.020    13.498    u_bridge/m_axi_awaddr[15]_i_1_n_0
    SLICE_X36Y19         FDCE                                         r  u_bridge/m_axi_wdata_reg[11]/CE
  -------------------------------------------------------------------    -------------------

                         (clock sys_clk rise edge)   10.000    10.000 r  
    E3                                                0.000    10.000 r  clk_100mhz (IN)
                         net (fo=0)                   0.000    10.000    clk_100mhz
    E3                   IBUF (Prop_ibuf_I_O)         1.411    11.411 r  clk_100mhz_IBUF_inst/O
                         net (fo=1, routed)           1.920    13.331    clk_100mhz_IBUF
    BUFGCTRL_X0Y16       BUFG (Prop_bufg_I_O)         0.091    13.422 r  clk_100mhz_IBUF_BUFG_inst/O
                         net (fo=2651, routed)        1.674    15.096    u_bridge/clk_100mhz_IBUF_BUFG
    SLICE_X36Y19         FDCE                                         r  u_bridge/m_axi_wdata_reg[11]/C
                         clock pessimism              0.267    15.364    
                         clock uncertainty           -0.035    15.328    
    SLICE_X36Y19         FDCE (Setup_fdce_C_CE)      -0.205    15.123    u_bridge/m_axi_wdata_reg[11]
  -------------------------------------------------------------------
                         required time                         15.123    
                         arrival time                         -13.498    
  -------------------------------------------------------------------
                         slack                                  1.626    

Slack (MET) :             1.626ns  (required time - arrival time)
  Source:                 u_bridge/addr_reg[0]/C
                            (rising edge-triggered cell FDCE clocked by sys_clk  {rise@0.000ns fall@5.000ns period=10.000ns})
  Destination:            u_bridge/m_axi_wdata_reg[16]/CE
                            (rising edge-triggered cell FDCE clocked by sys_clk  {rise@0.000ns fall@5.000ns period=10.000ns})
  Path Group:             sys_clk
  Path Type:              Setup (Max at Slow Process Corner)
  Requirement:            10.000ns  (sys_clk rise@10.000ns - sys_clk rise@0.000ns)
  Data Path Delay:        8.085ns  (logic 3.282ns (40.595%)  route 4.803ns (59.405%))
  Logic Levels:           15  (CARRY4=9 LUT1=1 LUT4=1 LUT6=4)
  Clock Path Skew:        -0.049ns (DCD - SCD + CPR)
    Destination Clock Delay (DCD):    5.096ns = ( 15.096 - 10.000 ) 
    Source Clock Delay      (SCD):    5.413ns
    Clock Pessimism Removal (CPR):    0.267ns
  Clock Uncertainty:      0.035ns  ((TSJ^2 + TIJ^2)^1/2 + DJ) / 2 + PE
    Total System Jitter     (TSJ):    0.071ns
    Total Input Jitter      (TIJ):    0.000ns
    Discrete Jitter          (DJ):    0.000ns
    Phase Error              (PE):    0.000ns

    Location             Delay type                Incr(ns)  Path(ns)    Netlist Resource(s)
  -------------------------------------------------------------------    -------------------
                         (clock sys_clk rise edge)    0.000     0.000 r  
    E3                                                0.000     0.000 r  clk_100mhz (IN)
                         net (fo=0)                   0.000     0.000    clk_100mhz
    E3                   IBUF (Prop_ibuf_I_O)         1.482     1.482 r  clk_100mhz_IBUF_inst/O
                         net (fo=1, routed)           2.025     3.506    clk_100mhz_IBUF
    BUFGCTRL_X0Y16       BUFG (Prop_bufg_I_O)         0.096     3.602 r  clk_100mhz_IBUF_BUFG_inst/O
                         net (fo=2651, routed)        1.810     5.413    u_bridge/clk_100mhz_IBUF_BUFG
    SLICE_X32Y13         FDCE                                         r  u_bridge/addr_reg[0]/C
  -------------------------------------------------------------------    -------------------
    SLICE_X32Y13         FDCE (Prop_fdce_C_Q)         0.456     5.869 f  u_bridge/addr_reg[0]/Q
                         net (fo=10, routed)          0.168     6.037    u_bridge/addr_reg_n_0_[0]
    SLICE_X33Y13         LUT1 (Prop_lut1_I0_O)        0.124     6.161 r  u_bridge/state[3]_i_247/O
                         net (fo=1, routed)           0.338     6.499    u_bridge/p_0_in[0]
    SLICE_X32Y13         CARRY4 (Prop_carry4_CYINIT_CO[3])
                                                      0.580     7.079 r  u_bridge/state_reg[3]_i_230/CO[3]
                         net (fo=1, routed)           0.000     7.079    u_bridge/state_reg[3]_i_230_n_0
    SLICE_X32Y14         CARRY4 (Prop_carry4_CI_CO[3])
                                                      0.114     7.193 r  u_bridge/state_reg[3]_i_212/CO[3]
                         net (fo=1, routed)           0.000     7.193    u_bridge/state_reg[3]_i_212_n_0
    SLICE_X32Y15         CARRY4 (Prop_carry4_CI_CO[3])
                                                      0.114     7.307 r  u_bridge/state_reg[3]_i_211/CO[3]
                         net (fo=1, routed)           0.000     7.307    u_bridge/state_reg[3]_i_211_n_0
    SLICE_X32Y16         CARRY4 (Prop_carry4_CI_CO[3])
                                                      0.114     7.421 r  u_bridge/state_reg[3]_i_166/CO[3]
                         net (fo=1, routed)           0.000     7.421    u_bridge/state_reg[3]_i_166_n_0
    SLICE_X32Y17         CARRY4 (Prop_carry4_CI_CO[3])
                                                      0.114     7.535 r  u_bridge/state_reg[3]_i_165/CO[3]
                         net (fo=1, routed)           0.000     7.535    u_bridge/state_reg[3]_i_165_n_0
    SLICE_X32Y18         CARRY4 (Prop_carry4_CI_CO[3])
                                                      0.114     7.649 r  u_bridge/state_reg[3]_i_122/CO[3]
                         net (fo=1, routed)           0.000     7.649    u_bridge/state_reg[3]_i_122_n_0
    SLICE_X32Y19         CARRY4 (Prop_carry4_CI_CO[3])
                                                      0.114     7.763 r  u_bridge/state_reg[3]_i_121/CO[3]
                         net (fo=1, routed)           0.000     7.763    u_bridge/state_reg[3]_i_121_n_0
    SLICE_X32Y20         CARRY4 (Prop_carry4_CI_O[2])
                                                      0.239     8.002 r  u_bridge/state_reg[3]_i_120/O[2]
                         net (fo=4, routed)           0.782     8.784    u_bridge/state_reg[3]_i_120_n_5
    SLICE_X31Y18         LUT4 (Prop_lut4_I1_O)        0.302     9.086 r  u_bridge/state[3]_i_128/O
                         net (fo=1, routed)           0.000     9.086    u_bridge/state[3]_i_128_n_0
    SLICE_X31Y18         CARRY4 (Prop_carry4_S[3]_CO[3])
                                                      0.401     9.487 r  u_bridge/state_reg[3]_i_82/CO[3]
                         net (fo=1, routed)           0.965    10.452    u_bridge/frame_ok115_in
    SLICE_X38Y13         LUT6 (Prop_lut6_I3_O)        0.124    10.576 r  u_bridge/state[3]_i_47/O
                         net (fo=1, routed)           0.282    10.858    u_bridge/state[3]_i_47_n_0
    SLICE_X38Y13         LUT6 (Prop_lut6_I1_O)        0.124    10.982 f  u_bridge/state[3]_i_27/O
                         net (fo=1, routed)           0.490    11.472    u_bridge/state[3]_i_27_n_0
    SLICE_X38Y14         LUT6 (Prop_lut6_I4_O)        0.124    11.596 f  u_bridge/state[3]_i_10/O
                         net (fo=41, routed)          0.757    12.353    u_bridge/state[3]_i_10_n_0
    SLICE_X25Y16         LUT6 (Prop_lut6_I4_O)        0.124    12.477 r  u_bridge/m_axi_awaddr[15]_i_1/O
                         net (fo=50, routed)          1.020    13.498    u_bridge/m_axi_awaddr[15]_i_1_n_0
    SLICE_X36Y19         FDCE                                         r  u_bridge/m_axi_wdata_reg[16]/CE
  -------------------------------------------------------------------    -------------------

                         (clock sys_clk rise edge)   10.000    10.000 r  
    E3                                                0.000    10.000 r  clk_100mhz (IN)
                         net (fo=0)                   0.000    10.000    clk_100mhz
    E3                   IBUF (Prop_ibuf_I_O)         1.411    11.411 r  clk_100mhz_IBUF_inst/O
                         net (fo=1, routed)           1.920    13.331    clk_100mhz_IBUF
    BUFGCTRL_X0Y16       BUFG (Prop_bufg_I_O)         0.091    13.422 r  clk_100mhz_IBUF_BUFG_inst/O
                         net (fo=2651, routed)        1.674    15.096    u_bridge/clk_100mhz_IBUF_BUFG
    SLICE_X36Y19         FDCE                                         r  u_bridge/m_axi_wdata_reg[16]/C
                         clock pessimism              0.267    15.364    
                         clock uncertainty           -0.035    15.328    
    SLICE_X36Y19         FDCE (Setup_fdce_C_CE)      -0.205    15.123    u_bridge/m_axi_wdata_reg[16]
  -------------------------------------------------------------------
                         required time                         15.123    
                         arrival time                         -13.498    
  -------------------------------------------------------------------
                         slack                                  1.626    

Slack (MET) :             1.626ns  (required time - arrival time)
  Source:                 u_bridge/addr_reg[0]/C
                            (rising edge-triggered cell FDCE clocked by sys_clk  {rise@0.000ns fall@5.000ns period=10.000ns})
  Destination:            u_bridge/m_axi_wdata_reg[1]/CE
                            (rising edge-triggered cell FDCE clocked by sys_clk  {rise@0.000ns fall@5.000ns period=10.000ns})
  Path Group:             sys_clk
  Path Type:              Setup (Max at Slow Process Corner)
  Requirement:            10.000ns  (sys_clk rise@10.000ns - sys_clk rise@0.000ns)
  Data Path Delay:        8.085ns  (logic 3.282ns (40.595%)  route 4.803ns (59.405%))
  Logic Levels:           15  (CARRY4=9 LUT1=1 LUT4=1 LUT6=4)
  Clock Path Skew:        -0.049ns (DCD - SCD + CPR)
    Destination Clock Delay (DCD):    5.096ns = ( 15.096 - 10.000 ) 
    Source Clock Delay      (SCD):    5.413ns
    Clock Pessimism Removal (CPR):    0.267ns
  Clock Uncertainty:      0.035ns  ((TSJ^2 + TIJ^2)^1/2 + DJ) / 2 + PE
    Total System Jitter     (TSJ):    0.071ns
    Total Input Jitter      (TIJ):    0.000ns
    Discrete Jitter          (DJ):    0.000ns
    Phase Error              (PE):    0.000ns

    Location             Delay type                Incr(ns)  Path(ns)    Netlist Resource(s)
  -------------------------------------------------------------------    -------------------
                         (clock sys_clk rise edge)    0.000     0.000 r  
    E3                                                0.000     0.000 r  clk_100mhz (IN)
                         net (fo=0)                   0.000     0.000    clk_100mhz
    E3                   IBUF (Prop_ibuf_I_O)         1.482     1.482 r  clk_100mhz_IBUF_inst/O
                         net (fo=1, routed)           2.025     3.506    clk_100mhz_IBUF
    BUFGCTRL_X0Y16       BUFG (Prop_bufg_I_O)         0.096     3.602 r  clk_100mhz_IBUF_BUFG_inst/O
                         net (fo=2651, routed)        1.810     5.413    u_bridge/clk_100mhz_IBUF_BUFG
    SLICE_X32Y13         FDCE                                         r  u_bridge/addr_reg[0]/C
  -------------------------------------------------------------------    -------------------
    SLICE_X32Y13         FDCE (Prop_fdce_C_Q)         0.456     5.869 f  u_bridge/addr_reg[0]/Q
                         net (fo=10, routed)          0.168     6.037    u_bridge/addr_reg_n_0_[0]
    SLICE_X33Y13         LUT1 (Prop_lut1_I0_O)        0.124     6.161 r  u_bridge/state[3]_i_247/O
                         net (fo=1, routed)           0.338     6.499    u_bridge/p_0_in[0]
    SLICE_X32Y13         CARRY4 (Prop_carry4_CYINIT_CO[3])
                                                      0.580     7.079 r  u_bridge/state_reg[3]_i_230/CO[3]
                         net (fo=1, routed)           0.000     7.079    u_bridge/state_reg[3]_i_230_n_0
    SLICE_X32Y14         CARRY4 (Prop_carry4_CI_CO[3])
                                                      0.114     7.193 r  u_bridge/state_reg[3]_i_212/CO[3]
                         net (fo=1, routed)           0.000     7.193    u_bridge/state_reg[3]_i_212_n_0
    SLICE_X32Y15         CARRY4 (Prop_carry4_CI_CO[3])
                                                      0.114     7.307 r  u_bridge/state_reg[3]_i_211/CO[3]
                         net (fo=1, routed)           0.000     7.307    u_bridge/state_reg[3]_i_211_n_0
    SLICE_X32Y16         CARRY4 (Prop_carry4_CI_CO[3])
                                                      0.114     7.421 r  u_bridge/state_reg[3]_i_166/CO[3]
                         net (fo=1, routed)           0.000     7.421    u_bridge/state_reg[3]_i_166_n_0
    SLICE_X32Y17         CARRY4 (Prop_carry4_CI_CO[3])
                                                      0.114     7.535 r  u_bridge/state_reg[3]_i_165/CO[3]
                         net (fo=1, routed)           0.000     7.535    u_bridge/state_reg[3]_i_165_n_0
    SLICE_X32Y18         CARRY4 (Prop_carry4_CI_CO[3])
                                                      0.114     7.649 r  u_bridge/state_reg[3]_i_122/CO[3]
                         net (fo=1, routed)           0.000     7.649    u_bridge/state_reg[3]_i_122_n_0
    SLICE_X32Y19         CARRY4 (Prop_carry4_CI_CO[3])
                                                      0.114     7.763 r  u_bridge/state_reg[3]_i_121/CO[3]
                         net (fo=1, routed)           0.000     7.763    u_bridge/state_reg[3]_i_121_n_0
    SLICE_X32Y20         CARRY4 (Prop_carry4_CI_O[2])
                                                      0.239     8.002 r  u_bridge/state_reg[3]_i_120/O[2]
                         net (fo=4, routed)           0.782     8.784    u_bridge/state_reg[3]_i_120_n_5
    SLICE_X31Y18         LUT4 (Prop_lut4_I1_O)        0.302     9.086 r  u_bridge/state[3]_i_128/O
                         net (fo=1, routed)           0.000     9.086    u_bridge/state[3]_i_128_n_0
    SLICE_X31Y18         CARRY4 (Prop_carry4_S[3]_CO[3])
                                                      0.401     9.487 r  u_bridge/state_reg[3]_i_82/CO[3]
                         net (fo=1, routed)           0.965    10.452    u_bridge/frame_ok115_in
    SLICE_X38Y13         LUT6 (Prop_lut6_I3_O)        0.124    10.576 r  u_bridge/state[3]_i_47/O
                         net (fo=1, routed)           0.282    10.858    u_bridge/state[3]_i_47_n_0
    SLICE_X38Y13         LUT6 (Prop_lut6_I1_O)        0.124    10.982 f  u_bridge/state[3]_i_27/O
                         net (fo=1, routed)           0.490    11.472    u_bridge/state[3]_i_27_n_0
    SLICE_X38Y14         LUT6 (Prop_lut6_I4_O)        0.124    11.596 f  u_bridge/state[3]_i_10/O
                         net (fo=41, routed)          0.757    12.353    u_bridge/state[3]_i_10_n_0
    SLICE_X25Y16         LUT6 (Prop_lut6_I4_O)        0.124    12.477 r  u_bridge/m_axi_awaddr[15]_i_1/O
                         net (fo=50, routed)          1.020    13.498    u_bridge/m_axi_awaddr[15]_i_1_n_0
    SLICE_X36Y19         FDCE                                         r  u_bridge/m_axi_wdata_reg[1]/CE
  -------------------------------------------------------------------    -------------------

                         (clock sys_clk rise edge)   10.000    10.000 r  
    E3                                                0.000    10.000 r  clk_100mhz (IN)
                         net (fo=0)                   0.000    10.000    clk_100mhz
    E3                   IBUF (Prop_ibuf_I_O)         1.411    11.411 r  clk_100mhz_IBUF_inst/O
                         net (fo=1, routed)           1.920    13.331    clk_100mhz_IBUF
    BUFGCTRL_X0Y16       BUFG (Prop_bufg_I_O)         0.091    13.422 r  clk_100mhz_IBUF_BUFG_inst/O
                         net (fo=2651, routed)        1.674    15.096    u_bridge/clk_100mhz_IBUF_BUFG
    SLICE_X36Y19         FDCE                                         r  u_bridge/m_axi_wdata_reg[1]/C
                         clock pessimism              0.267    15.364    
                         clock uncertainty           -0.035    15.328    
    SLICE_X36Y19         FDCE (Setup_fdce_C_CE)      -0.205    15.123    u_bridge/m_axi_wdata_reg[1]
  -------------------------------------------------------------------
                         required time                         15.123    
                         arrival time                         -13.498    
  -------------------------------------------------------------------
                         slack                                  1.626    

Slack (MET) :             1.626ns  (required time - arrival time)
  Source:                 u_bridge/addr_reg[0]/C
                            (rising edge-triggered cell FDCE clocked by sys_clk  {rise@0.000ns fall@5.000ns period=10.000ns})
  Destination:            u_bridge/m_axi_wdata_reg[24]/CE
                            (rising edge-triggered cell FDCE clocked by sys_clk  {rise@0.000ns fall@5.000ns period=10.000ns})
  Path Group:             sys_clk
  Path Type:              Setup (Max at Slow Process Corner)
  Requirement:            10.000ns  (sys_clk rise@10.000ns - sys_clk rise@0.000ns)
  Data Path Delay:        8.085ns  (logic 3.282ns (40.595%)  route 4.803ns (59.405%))
  Logic Levels:           15  (CARRY4=9 LUT1=1 LUT4=1 LUT6=4)
  Clock Path Skew:        -0.049ns (DCD - SCD + CPR)
    Destination Clock Delay (DCD):    5.096ns = ( 15.096 - 10.000 ) 
    Source Clock Delay      (SCD):    5.413ns
    Clock Pessimism Removal (CPR):    0.267ns
  Clock Uncertainty:      0.035ns  ((TSJ^2 + TIJ^2)^1/2 + DJ) / 2 + PE
    Total System Jitter     (TSJ):    0.071ns
    Total Input Jitter      (TIJ):    0.000ns
    Discrete Jitter          (DJ):    0.000ns
    Phase Error              (PE):    0.000ns

    Location             Delay type                Incr(ns)  Path(ns)    Netlist Resource(s)
  -------------------------------------------------------------------    -------------------
                         (clock sys_clk rise edge)    0.000     0.000 r  
    E3                                                0.000     0.000 r  clk_100mhz (IN)
                         net (fo=0)                   0.000     0.000    clk_100mhz
    E3                   IBUF (Prop_ibuf_I_O)         1.482     1.482 r  clk_100mhz_IBUF_inst/O
                         net (fo=1, routed)           2.025     3.506    clk_100mhz_IBUF
    BUFGCTRL_X0Y16       BUFG (Prop_bufg_I_O)         0.096     3.602 r  clk_100mhz_IBUF_BUFG_inst/O
                         net (fo=2651, routed)        1.810     5.413    u_bridge/clk_100mhz_IBUF_BUFG
    SLICE_X32Y13         FDCE                                         r  u_bridge/addr_reg[0]/C
  -------------------------------------------------------------------    -------------------
    SLICE_X32Y13         FDCE (Prop_fdce_C_Q)         0.456     5.869 f  u_bridge/addr_reg[0]/Q
                         net (fo=10, routed)          0.168     6.037    u_bridge/addr_reg_n_0_[0]
    SLICE_X33Y13         LUT1 (Prop_lut1_I0_O)        0.124     6.161 r  u_bridge/state[3]_i_247/O
                         net (fo=1, routed)           0.338     6.499    u_bridge/p_0_in[0]
    SLICE_X32Y13         CARRY4 (Prop_carry4_CYINIT_CO[3])
                                                      0.580     7.079 r  u_bridge/state_reg[3]_i_230/CO[3]
                         net (fo=1, routed)           0.000     7.079    u_bridge/state_reg[3]_i_230_n_0
    SLICE_X32Y14         CARRY4 (Prop_carry4_CI_CO[3])
                                                      0.114     7.193 r  u_bridge/state_reg[3]_i_212/CO[3]
                         net (fo=1, routed)           0.000     7.193    u_bridge/state_reg[3]_i_212_n_0
    SLICE_X32Y15         CARRY4 (Prop_carry4_CI_CO[3])
                                                      0.114     7.307 r  u_bridge/state_reg[3]_i_211/CO[3]
                         net (fo=1, routed)           0.000     7.307    u_bridge/state_reg[3]_i_211_n_0
    SLICE_X32Y16         CARRY4 (Prop_carry4_CI_CO[3])
                                                      0.114     7.421 r  u_bridge/state_reg[3]_i_166/CO[3]
                         net (fo=1, routed)           0.000     7.421    u_bridge/state_reg[3]_i_166_n_0
    SLICE_X32Y17         CARRY4 (Prop_carry4_CI_CO[3])
                                                      0.114     7.535 r  u_bridge/state_reg[3]_i_165/CO[3]
                         net (fo=1, routed)           0.000     7.535    u_bridge/state_reg[3]_i_165_n_0
    SLICE_X32Y18         CARRY4 (Prop_carry4_CI_CO[3])
                                                      0.114     7.649 r  u_bridge/state_reg[3]_i_122/CO[3]
                         net (fo=1, routed)           0.000     7.649    u_bridge/state_reg[3]_i_122_n_0
    SLICE_X32Y19         CARRY4 (Prop_carry4_CI_CO[3])
                                                      0.114     7.763 r  u_bridge/state_reg[3]_i_121/CO[3]
                         net (fo=1, routed)           0.000     7.763    u_bridge/state_reg[3]_i_121_n_0
    SLICE_X32Y20         CARRY4 (Prop_carry4_CI_O[2])
                                                      0.239     8.002 r  u_bridge/state_reg[3]_i_120/O[2]
                         net (fo=4, routed)           0.782     8.784    u_bridge/state_reg[3]_i_120_n_5
    SLICE_X31Y18         LUT4 (Prop_lut4_I1_O)        0.302     9.086 r  u_bridge/state[3]_i_128/O
                         net (fo=1, routed)           0.000     9.086    u_bridge/state[3]_i_128_n_0
    SLICE_X31Y18         CARRY4 (Prop_carry4_S[3]_CO[3])
                                                      0.401     9.487 r  u_bridge/state_reg[3]_i_82/CO[3]
                         net (fo=1, routed)           0.965    10.452    u_bridge/frame_ok115_in
    SLICE_X38Y13         LUT6 (Prop_lut6_I3_O)        0.124    10.576 r  u_bridge/state[3]_i_47/O
                         net (fo=1, routed)           0.282    10.858    u_bridge/state[3]_i_47_n_0
    SLICE_X38Y13         LUT6 (Prop_lut6_I1_O)        0.124    10.982 f  u_bridge/state[3]_i_27/O
                         net (fo=1, routed)           0.490    11.472    u_bridge/state[3]_i_27_n_0
    SLICE_X38Y14         LUT6 (Prop_lut6_I4_O)        0.124    11.596 f  u_bridge/state[3]_i_10/O
                         net (fo=41, routed)          0.757    12.353    u_bridge/state[3]_i_10_n_0
    SLICE_X25Y16         LUT6 (Prop_lut6_I4_O)        0.124    12.477 r  u_bridge/m_axi_awaddr[15]_i_1/O
                         net (fo=50, routed)          1.020    13.498    u_bridge/m_axi_awaddr[15]_i_1_n_0
    SLICE_X36Y19         FDCE                                         r  u_bridge/m_axi_wdata_reg[24]/CE
  -------------------------------------------------------------------    -------------------

                         (clock sys_clk rise edge)   10.000    10.000 r  
    E3                                                0.000    10.000 r  clk_100mhz (IN)
                         net (fo=0)                   0.000    10.000    clk_100mhz
    E3                   IBUF (Prop_ibuf_I_O)         1.411    11.411 r  clk_100mhz_IBUF_inst/O
                         net (fo=1, routed)           1.920    13.331    clk_100mhz_IBUF
    BUFGCTRL_X0Y16       BUFG (Prop_bufg_I_O)         0.091    13.422 r  clk_100mhz_IBUF_BUFG_inst/O
                         net (fo=2651, routed)        1.674    15.096    u_bridge/clk_100mhz_IBUF_BUFG
    SLICE_X36Y19         FDCE                                         r  u_bridge/m_axi_wdata_reg[24]/C
                         clock pessimism              0.267    15.364    
                         clock uncertainty           -0.035    15.328    
    SLICE_X36Y19         FDCE (Setup_fdce_C_CE)      -0.205    15.123    u_bridge/m_axi_wdata_reg[24]
  -------------------------------------------------------------------
                         required time                         15.123    
                         arrival time                         -13.498    
  -------------------------------------------------------------------
                         slack                                  1.626    

Slack (MET) :             1.626ns  (required time - arrival time)
  Source:                 u_bridge/addr_reg[0]/C
                            (rising edge-triggered cell FDCE clocked by sys_clk  {rise@0.000ns fall@5.000ns period=10.000ns})
  Destination:            u_bridge/m_axi_wdata_reg[3]/CE
                            (rising edge-triggered cell FDCE clocked by sys_clk  {rise@0.000ns fall@5.000ns period=10.000ns})
  Path Group:             sys_clk
  Path Type:              Setup (Max at Slow Process Corner)
  Requirement:            10.000ns  (sys_clk rise@10.000ns - sys_clk rise@0.000ns)
  Data Path Delay:        8.085ns  (logic 3.282ns (40.595%)  route 4.803ns (59.405%))
  Logic Levels:           15  (CARRY4=9 LUT1=1 LUT4=1 LUT6=4)
  Clock Path Skew:        -0.049ns (DCD - SCD + CPR)
    Destination Clock Delay (DCD):    5.096ns = ( 15.096 - 10.000 ) 
    Source Clock Delay      (SCD):    5.413ns
    Clock Pessimism Removal (CPR):    0.267ns
  Clock Uncertainty:      0.035ns  ((TSJ^2 + TIJ^2)^1/2 + DJ) / 2 + PE
    Total System Jitter     (TSJ):    0.071ns
    Total Input Jitter      (TIJ):    0.000ns
    Discrete Jitter          (DJ):    0.000ns
    Phase Error              (PE):    0.000ns

    Location             Delay type                Incr(ns)  Path(ns)    Netlist Resource(s)
  -------------------------------------------------------------------    -------------------
                         (clock sys_clk rise edge)    0.000     0.000 r  
    E3                                                0.000     0.000 r  clk_100mhz (IN)
                         net (fo=0)                   0.000     0.000    clk_100mhz
    E3                   IBUF (Prop_ibuf_I_O)         1.482     1.482 r  clk_100mhz_IBUF_inst/O
                         net (fo=1, routed)           2.025     3.506    clk_100mhz_IBUF
    BUFGCTRL_X0Y16       BUFG (Prop_bufg_I_O)         0.096     3.602 r  clk_100mhz_IBUF_BUFG_inst/O
                         net (fo=2651, routed)        1.810     5.413    u_bridge/clk_100mhz_IBUF_BUFG
    SLICE_X32Y13         FDCE                                         r  u_bridge/addr_reg[0]/C
  -------------------------------------------------------------------    -------------------
    SLICE_X32Y13         FDCE (Prop_fdce_C_Q)         0.456     5.869 f  u_bridge/addr_reg[0]/Q
                         net (fo=10, routed)          0.168     6.037    u_bridge/addr_reg_n_0_[0]
    SLICE_X33Y13         LUT1 (Prop_lut1_I0_O)        0.124     6.161 r  u_bridge/state[3]_i_247/O
                         net (fo=1, routed)           0.338     6.499    u_bridge/p_0_in[0]
    SLICE_X32Y13         CARRY4 (Prop_carry4_CYINIT_CO[3])
                                                      0.580     7.079 r  u_bridge/state_reg[3]_i_230/CO[3]
                         net (fo=1, routed)           0.000     7.079    u_bridge/state_reg[3]_i_230_n_0
    SLICE_X32Y14         CARRY4 (Prop_carry4_CI_CO[3])
                                                      0.114     7.193 r  u_bridge/state_reg[3]_i_212/CO[3]
                         net (fo=1, routed)           0.000     7.193    u_bridge/state_reg[3]_i_212_n_0
    SLICE_X32Y15         CARRY4 (Prop_carry4_CI_CO[3])
                                                      0.114     7.307 r  u_bridge/state_reg[3]_i_211/CO[3]
                         net (fo=1, routed)           0.000     7.307    u_bridge/state_reg[3]_i_211_n_0
    SLICE_X32Y16         CARRY4 (Prop_carry4_CI_CO[3])
                                                      0.114     7.421 r  u_bridge/state_reg[3]_i_166/CO[3]
                         net (fo=1, routed)           0.000     7.421    u_bridge/state_reg[3]_i_166_n_0
    SLICE_X32Y17         CARRY4 (Prop_carry4_CI_CO[3])
                                                      0.114     7.535 r  u_bridge/state_reg[3]_i_165/CO[3]
                         net (fo=1, routed)           0.000     7.535    u_bridge/state_reg[3]_i_165_n_0
    SLICE_X32Y18         CARRY4 (Prop_carry4_CI_CO[3])
                                                      0.114     7.649 r  u_bridge/state_reg[3]_i_122/CO[3]
                         net (fo=1, routed)           0.000     7.649    u_bridge/state_reg[3]_i_122_n_0
    SLICE_X32Y19         CARRY4 (Prop_carry4_CI_CO[3])
                                                      0.114     7.763 r  u_bridge/state_reg[3]_i_121/CO[3]
                         net (fo=1, routed)           0.000     7.763    u_bridge/state_reg[3]_i_121_n_0
    SLICE_X32Y20         CARRY4 (Prop_carry4_CI_O[2])
                                                      0.239     8.002 r  u_bridge/state_reg[3]_i_120/O[2]
                         net (fo=4, routed)           0.782     8.784    u_bridge/state_reg[3]_i_120_n_5
    SLICE_X31Y18         LUT4 (Prop_lut4_I1_O)        0.302     9.086 r  u_bridge/state[3]_i_128/O
                         net (fo=1, routed)           0.000     9.086    u_bridge/state[3]_i_128_n_0
    SLICE_X31Y18         CARRY4 (Prop_carry4_S[3]_CO[3])
                                                      0.401     9.487 r  u_bridge/state_reg[3]_i_82/CO[3]
                         net (fo=1, routed)           0.965    10.452    u_bridge/frame_ok115_in
    SLICE_X38Y13         LUT6 (Prop_lut6_I3_O)        0.124    10.576 r  u_bridge/state[3]_i_47/O
                         net (fo=1, routed)           0.282    10.858    u_bridge/state[3]_i_47_n_0
    SLICE_X38Y13         LUT6 (Prop_lut6_I1_O)        0.124    10.982 f  u_bridge/state[3]_i_27/O
                         net (fo=1, routed)           0.490    11.472    u_bridge/state[3]_i_27_n_0
    SLICE_X38Y14         LUT6 (Prop_lut6_I4_O)        0.124    11.596 f  u_bridge/state[3]_i_10/O
                         net (fo=41, routed)          0.757    12.353    u_bridge/state[3]_i_10_n_0
    SLICE_X25Y16         LUT6 (Prop_lut6_I4_O)        0.124    12.477 r  u_bridge/m_axi_awaddr[15]_i_1/O
                         net (fo=50, routed)          1.020    13.498    u_bridge/m_axi_awaddr[15]_i_1_n_0
    SLICE_X36Y19         FDCE                                         r  u_bridge/m_axi_wdata_reg[3]/CE
  -------------------------------------------------------------------    -------------------

                         (clock sys_clk rise edge)   10.000    10.000 r  
    E3                                                0.000    10.000 r  clk_100mhz (IN)
                         net (fo=0)                   0.000    10.000    clk_100mhz
    E3                   IBUF (Prop_ibuf_I_O)         1.411    11.411 r  clk_100mhz_IBUF_inst/O
                         net (fo=1, routed)           1.920    13.331    clk_100mhz_IBUF
    BUFGCTRL_X0Y16       BUFG (Prop_bufg_I_O)         0.091    13.422 r  clk_100mhz_IBUF_BUFG_inst/O
                         net (fo=2651, routed)        1.674    15.096    u_bridge/clk_100mhz_IBUF_BUFG
    SLICE_X36Y19         FDCE                                         r  u_bridge/m_axi_wdata_reg[3]/C
                         clock pessimism              0.267    15.364    
                         clock uncertainty           -0.035    15.328    
    SLICE_X36Y19         FDCE (Setup_fdce_C_CE)      -0.205    15.123    u_bridge/m_axi_wdata_reg[3]
  -------------------------------------------------------------------
                         required time                         15.123    
                         arrival time                         -13.498    
  -------------------------------------------------------------------
                         slack                                  1.626    





Min Delay Paths
--------------------------------------------------------------------------------------
Slack (MET) :             0.122ns  (arrival time - required time)
  Source:                 u_cdc/s_wack_sync_reg[0]/C
                            (rising edge-triggered cell FDCE clocked by sys_clk  {rise@0.000ns fall@5.000ns period=10.000ns})
  Destination:            u_cdc/s_wack_sync_reg[1]/D
                            (rising edge-triggered cell FDCE clocked by sys_clk  {rise@0.000ns fall@5.000ns period=10.000ns})
  Path Group:             sys_clk
  Path Type:              Hold (Min at Fast Process Corner)
  Requirement:            0.000ns  (sys_clk rise@0.000ns - sys_clk rise@0.000ns)
  Data Path Delay:        0.197ns  (logic 0.141ns (71.611%)  route 0.056ns (28.389%))
  Logic Levels:           0  
  Clock Path Skew:        0.000ns (DCD - SCD - CPR)
    Destination Clock Delay (DCD):    2.070ns
    Source Clock Delay      (SCD):    1.551ns
    Clock Pessimism Removal (CPR):    0.519ns

    Location             Delay type                Incr(ns)  Path(ns)    Netlist Resource(s)
  -------------------------------------------------------------------    -------------------
                         (clock sys_clk rise edge)    0.000     0.000 r  
    E3                                                0.000     0.000 r  clk_100mhz (IN)
                         net (fo=0)                   0.000     0.000    clk_100mhz
    E3                   IBUF (Prop_ibuf_I_O)         0.250     0.250 r  clk_100mhz_IBUF_inst/O
                         net (fo=1, routed)           0.644     0.894    clk_100mhz_IBUF
    BUFGCTRL_X0Y16       BUFG (Prop_bufg_I_O)         0.026     0.920 r  clk_100mhz_IBUF_BUFG_inst/O
                         net (fo=2651, routed)        0.631     1.551    u_cdc/clk_100mhz_IBUF_BUFG
    SLICE_X19Y20         FDCE                                         r  u_cdc/s_wack_sync_reg[0]/C
  -------------------------------------------------------------------    -------------------
    SLICE_X19Y20         FDCE (Prop_fdce_C_Q)         0.141     1.692 r  u_cdc/s_wack_sync_reg[0]/Q
                         net (fo=1, routed)           0.056     1.748    u_cdc/s_wack_sync[0]
    SLICE_X19Y20         FDCE                                         r  u_cdc/s_wack_sync_reg[1]/D
  -------------------------------------------------------------------    -------------------

                         (clock sys_clk rise edge)    0.000     0.000 r  
    E3                                                0.000     0.000 r  clk_100mhz (IN)
                         net (fo=0)                   0.000     0.000    clk_100mhz
    E3                   IBUF (Prop_ibuf_I_O)         0.438     0.438 r  clk_100mhz_IBUF_inst/O
                         net (fo=1, routed)           0.699     1.136    clk_100mhz_IBUF
    BUFGCTRL_X0Y16       BUFG (Prop_bufg_I_O)         0.029     1.165 r  clk_100mhz_IBUF_BUFG_inst/O
                         net (fo=2651, routed)        0.905     2.070    u_cdc/clk_100mhz_IBUF_BUFG
    SLICE_X19Y20         FDCE                                         r  u_cdc/s_wack_sync_reg[1]/C
                         clock pessimism             -0.519     1.551    
    SLICE_X19Y20         FDCE (Hold_fdce_C_D)         0.075     1.626    u_cdc/s_wack_sync_reg[1]
  -------------------------------------------------------------------
                         required time                         -1.626    
                         arrival time                           1.748    
  -------------------------------------------------------------------
                         slack                                  0.122    

Slack (MET) :             0.150ns  (arrival time - required time)
  Source:                 u_bridge/m_axi_awaddr_reg[11]/C
                            (rising edge-triggered cell FDCE clocked by sys_clk  {rise@0.000ns fall@5.000ns period=10.000ns})
  Destination:            u_cdc/s_awaddr_q_reg[11]/D
                            (rising edge-triggered cell FDCE clocked by sys_clk  {rise@0.000ns fall@5.000ns period=10.000ns})
  Path Group:             sys_clk
  Path Type:              Hold (Min at Fast Process Corner)
  Requirement:            0.000ns  (sys_clk rise@0.000ns - sys_clk rise@0.000ns)
  Data Path Delay:        0.256ns  (logic 0.141ns (54.997%)  route 0.115ns (45.003%))
  Logic Levels:           0  
  Clock Path Skew:        0.036ns (DCD - SCD - CPR)
    Destination Clock Delay (DCD):    2.071ns
    Source Clock Delay      (SCD):    1.552ns
    Clock Pessimism Removal (CPR):    0.483ns

    Location             Delay type                Incr(ns)  Path(ns)    Netlist Resource(s)
  -------------------------------------------------------------------    -------------------
                         (clock sys_clk rise edge)    0.000     0.000 r  
    E3                                                0.000     0.000 r  clk_100mhz (IN)
                         net (fo=0)                   0.000     0.000    clk_100mhz
    E3                   IBUF (Prop_ibuf_I_O)         0.250     0.250 r  clk_100mhz_IBUF_inst/O
                         net (fo=1, routed)           0.644     0.894    clk_100mhz_IBUF
    BUFGCTRL_X0Y16       BUFG (Prop_bufg_I_O)         0.026     0.920 r  clk_100mhz_IBUF_BUFG_inst/O
                         net (fo=2651, routed)        0.632     1.552    u_bridge/clk_100mhz_IBUF_BUFG
    SLICE_X21Y19         FDCE                                         r  u_bridge/m_axi_awaddr_reg[11]/C
  -------------------------------------------------------------------    -------------------
    SLICE_X21Y19         FDCE (Prop_fdce_C_Q)         0.141     1.693 r  u_bridge/m_axi_awaddr_reg[11]/Q
                         net (fo=1, routed)           0.115     1.808    u_cdc/D[9]
    SLICE_X19Y19         FDCE                                         r  u_cdc/s_awaddr_q_reg[11]/D
  -------------------------------------------------------------------    -------------------

                         (clock sys_clk rise edge)    0.000     0.000 r  
    E3                                                0.000     0.000 r  clk_100mhz (IN)
                         net (fo=0)                   0.000     0.000    clk_100mhz
    E3                   IBUF (Prop_ibuf_I_O)         0.438     0.438 r  clk_100mhz_IBUF_inst/O
                         net (fo=1, routed)           0.699     1.136    clk_100mhz_IBUF
    BUFGCTRL_X0Y16       BUFG (Prop_bufg_I_O)         0.029     1.165 r  clk_100mhz_IBUF_BUFG_inst/O
                         net (fo=2651, routed)        0.906     2.071    u_cdc/clk_100mhz_IBUF_BUFG
    SLICE_X19Y19         FDCE                                         r  u_cdc/s_awaddr_q_reg[11]/C
                         clock pessimism             -0.483     1.588    
    SLICE_X19Y19         FDCE (Hold_fdce_C_D)         0.070     1.658    u_cdc/s_awaddr_q_reg[11]
  -------------------------------------------------------------------
                         required time                         -1.658    
                         arrival time                           1.808    
  -------------------------------------------------------------------
                         slack                                  0.150    

Slack (MET) :             0.157ns  (arrival time - required time)
  Source:                 u_rx/shift_reg_reg[1]/C
                            (rising edge-triggered cell FDCE clocked by sys_clk  {rise@0.000ns fall@5.000ns period=10.000ns})
  Destination:            u_rx/data_reg[1]/D
                            (rising edge-triggered cell FDCE clocked by sys_clk  {rise@0.000ns fall@5.000ns period=10.000ns})
  Path Group:             sys_clk
  Path Type:              Hold (Min at Fast Process Corner)
  Requirement:            0.000ns  (sys_clk rise@0.000ns - sys_clk rise@0.000ns)
  Data Path Delay:        0.217ns  (logic 0.141ns (64.997%)  route 0.076ns (35.003%))
  Logic Levels:           0  
  Clock Path Skew:        0.013ns (DCD - SCD - CPR)
    Destination Clock Delay (DCD):    2.081ns
    Source Clock Delay      (SCD):    1.560ns
    Clock Pessimism Removal (CPR):    0.508ns

    Location             Delay type                Incr(ns)  Path(ns)    Netlist Resource(s)
  -------------------------------------------------------------------    -------------------
                         (clock sys_clk rise edge)    0.000     0.000 r  
    E3                                                0.000     0.000 r  clk_100mhz (IN)
                         net (fo=0)                   0.000     0.000    clk_100mhz
    E3                   IBUF (Prop_ibuf_I_O)         0.250     0.250 r  clk_100mhz_IBUF_inst/O
                         net (fo=1, routed)           0.644     0.894    clk_100mhz_IBUF
    BUFGCTRL_X0Y16       BUFG (Prop_bufg_I_O)         0.026     0.920 r  clk_100mhz_IBUF_BUFG_inst/O
                         net (fo=2651, routed)        0.640     1.560    u_rx/clk_100mhz_IBUF_BUFG
    SLICE_X20Y5          FDCE                                         r  u_rx/shift_reg_reg[1]/C
  -------------------------------------------------------------------    -------------------
    SLICE_X20Y5          FDCE (Prop_fdce_C_Q)         0.141     1.701 r  u_rx/shift_reg_reg[1]/Q
                         net (fo=4, routed)           0.076     1.777    u_rx/shift_reg_reg_n_0_[1]
    SLICE_X21Y5          FDCE                                         r  u_rx/data_reg[1]/D
  -------------------------------------------------------------------    -------------------

                         (clock sys_clk rise edge)    0.000     0.000 r  
    E3                                                0.000     0.000 r  clk_100mhz (IN)
                         net (fo=0)                   0.000     0.000    clk_100mhz
    E3                   IBUF (Prop_ibuf_I_O)         0.438     0.438 r  clk_100mhz_IBUF_inst/O
                         net (fo=1, routed)           0.699     1.136    clk_100mhz_IBUF
    BUFGCTRL_X0Y16       BUFG (Prop_bufg_I_O)         0.029     1.165 r  clk_100mhz_IBUF_BUFG_inst/O
                         net (fo=2651, routed)        0.916     2.081    u_rx/clk_100mhz_IBUF_BUFG
    SLICE_X21Y5          FDCE                                         r  u_rx/data_reg[1]/C
                         clock pessimism             -0.508     1.573    
    SLICE_X21Y5          FDCE (Hold_fdce_C_D)         0.047     1.620    u_rx/data_reg[1]
  -------------------------------------------------------------------
                         required time                         -1.620    
                         arrival time                           1.777    
  -------------------------------------------------------------------
                         slack                                  0.157    

Slack (MET) :             0.159ns  (arrival time - required time)
  Source:                 u_bridge/m_axi_awaddr_reg[10]/C
                            (rising edge-triggered cell FDCE clocked by sys_clk  {rise@0.000ns fall@5.000ns period=10.000ns})
  Destination:            u_cdc/s_awaddr_q_reg[10]/D
                            (rising edge-triggered cell FDCE clocked by sys_clk  {rise@0.000ns fall@5.000ns period=10.000ns})
  Path Group:             sys_clk
  Path Type:              Hold (Min at Fast Process Corner)
  Requirement:            0.000ns  (sys_clk rise@0.000ns - sys_clk rise@0.000ns)
  Data Path Delay:        0.265ns  (logic 0.141ns (53.187%)  route 0.124ns (46.813%))
  Logic Levels:           0  
  Clock Path Skew:        0.036ns (DCD - SCD - CPR)
    Destination Clock Delay (DCD):    2.071ns
    Source Clock Delay      (SCD):    1.552ns
    Clock Pessimism Removal (CPR):    0.483ns

    Location             Delay type                Incr(ns)  Path(ns)    Netlist Resource(s)
  -------------------------------------------------------------------    -------------------
                         (clock sys_clk rise edge)    0.000     0.000 r  
    E3                                                0.000     0.000 r  clk_100mhz (IN)
                         net (fo=0)                   0.000     0.000    clk_100mhz
    E3                   IBUF (Prop_ibuf_I_O)         0.250     0.250 r  clk_100mhz_IBUF_inst/O
                         net (fo=1, routed)           0.644     0.894    clk_100mhz_IBUF
    BUFGCTRL_X0Y16       BUFG (Prop_bufg_I_O)         0.026     0.920 r  clk_100mhz_IBUF_BUFG_inst/O
                         net (fo=2651, routed)        0.632     1.552    u_bridge/clk_100mhz_IBUF_BUFG
    SLICE_X21Y19         FDCE                                         r  u_bridge/m_axi_awaddr_reg[10]/C
  -------------------------------------------------------------------    -------------------
    SLICE_X21Y19         FDCE (Prop_fdce_C_Q)         0.141     1.693 r  u_bridge/m_axi_awaddr_reg[10]/Q
                         net (fo=1, routed)           0.124     1.817    u_cdc/D[8]
    SLICE_X16Y19         FDCE                                         r  u_cdc/s_awaddr_q_reg[10]/D
  -------------------------------------------------------------------    -------------------

                         (clock sys_clk rise edge)    0.000     0.000 r  
    E3                                                0.000     0.000 r  clk_100mhz (IN)
                         net (fo=0)                   0.000     0.000    clk_100mhz
    E3                   IBUF (Prop_ibuf_I_O)         0.438     0.438 r  clk_100mhz_IBUF_inst/O
                         net (fo=1, routed)           0.699     1.136    clk_100mhz_IBUF
    BUFGCTRL_X0Y16       BUFG (Prop_bufg_I_O)         0.029     1.165 r  clk_100mhz_IBUF_BUFG_inst/O
                         net (fo=2651, routed)        0.906     2.071    u_cdc/clk_100mhz_IBUF_BUFG
    SLICE_X16Y19         FDCE                                         r  u_cdc/s_awaddr_q_reg[10]/C
                         clock pessimism             -0.483     1.588    
    SLICE_X16Y19         FDCE (Hold_fdce_C_D)         0.070     1.658    u_cdc/s_awaddr_q_reg[10]
  -------------------------------------------------------------------
                         required time                         -1.658    
                         arrival time                           1.817    
  -------------------------------------------------------------------
                         slack                                  0.159    

Slack (MET) :             0.161ns  (arrival time - required time)
  Source:                 u_bridge/m_axi_wdata_reg[14]/C
                            (rising edge-triggered cell FDCE clocked by sys_clk  {rise@0.000ns fall@5.000ns period=10.000ns})
  Destination:            u_cdc/s_wdata_q_reg[14]/D
                            (rising edge-triggered cell FDCE clocked by sys_clk  {rise@0.000ns fall@5.000ns period=10.000ns})
  Path Group:             sys_clk
  Path Type:              Hold (Min at Fast Process Corner)
  Requirement:            0.000ns  (sys_clk rise@0.000ns - sys_clk rise@0.000ns)
  Data Path Delay:        0.244ns  (logic 0.141ns (57.830%)  route 0.103ns (42.170%))
  Logic Levels:           0  
  Clock Path Skew:        0.013ns (DCD - SCD - CPR)
    Destination Clock Delay (DCD):    2.064ns
    Source Clock Delay      (SCD):    1.548ns
    Clock Pessimism Removal (CPR):    0.503ns

    Location             Delay type                Incr(ns)  Path(ns)    Netlist Resource(s)
  -------------------------------------------------------------------    -------------------
                         (clock sys_clk rise edge)    0.000     0.000 r  
    E3                                                0.000     0.000 r  clk_100mhz (IN)
                         net (fo=0)                   0.000     0.000    clk_100mhz
    E3                   IBUF (Prop_ibuf_I_O)         0.250     0.250 r  clk_100mhz_IBUF_inst/O
                         net (fo=1, routed)           0.644     0.894    clk_100mhz_IBUF
    BUFGCTRL_X0Y16       BUFG (Prop_bufg_I_O)         0.026     0.920 r  clk_100mhz_IBUF_BUFG_inst/O
                         net (fo=2651, routed)        0.628     1.548    u_bridge/clk_100mhz_IBUF_BUFG
    SLICE_X36Y20         FDCE                                         r  u_bridge/m_axi_wdata_reg[14]/C
  -------------------------------------------------------------------    -------------------
    SLICE_X36Y20         FDCE (Prop_fdce_C_Q)         0.141     1.689 r  u_bridge/m_axi_wdata_reg[14]/Q
                         net (fo=1, routed)           0.103     1.792    u_cdc/s_wdata_q_reg[31]_0[14]
    SLICE_X35Y21         FDCE                                         r  u_cdc/s_wdata_q_reg[14]/D
  -------------------------------------------------------------------    -------------------

                         (clock sys_clk rise edge)    0.000     0.000 r  
    E3                                                0.000     0.000 r  clk_100mhz (IN)
                         net (fo=0)                   0.000     0.000    clk_100mhz
    E3                   IBUF (Prop_ibuf_I_O)         0.438     0.438 r  clk_100mhz_IBUF_inst/O
                         net (fo=1, routed)           0.699     1.136    clk_100mhz_IBUF
    BUFGCTRL_X0Y16       BUFG (Prop_bufg_I_O)         0.029     1.165 r  clk_100mhz_IBUF_BUFG_inst/O
                         net (fo=2651, routed)        0.899     2.064    u_cdc/clk_100mhz_IBUF_BUFG
    SLICE_X35Y21         FDCE                                         r  u_cdc/s_wdata_q_reg[14]/C
                         clock pessimism             -0.503     1.561    
    SLICE_X35Y21         FDCE (Hold_fdce_C_D)         0.070     1.631    u_cdc/s_wdata_q_reg[14]
  -------------------------------------------------------------------
                         required time                         -1.631    
                         arrival time                           1.792    
  -------------------------------------------------------------------
                         slack                                  0.161    

Slack (MET) :             0.168ns  (arrival time - required time)
  Source:                 u_bridge/m_axi_araddr_reg[10]/C
                            (rising edge-triggered cell FDCE clocked by sys_clk  {rise@0.000ns fall@5.000ns period=10.000ns})
  Destination:            u_cdc/s_araddr_q_reg[10]/D
                            (rising edge-triggered cell FDCE clocked by sys_clk  {rise@0.000ns fall@5.000ns period=10.000ns})
  Path Group:             sys_clk
  Path Type:              Hold (Min at Fast Process Corner)
  Requirement:            0.000ns  (sys_clk rise@0.000ns - sys_clk rise@0.000ns)
  Data Path Delay:        0.238ns  (logic 0.141ns (59.277%)  route 0.097ns (40.723%))
  Logic Levels:           0  
  Clock Path Skew:        0.013ns (DCD - SCD - CPR)
    Destination Clock Delay (DCD):    2.072ns
    Source Clock Delay      (SCD):    1.553ns
    Clock Pessimism Removal (CPR):    0.506ns

    Location             Delay type                Incr(ns)  Path(ns)    Netlist Resource(s)
  -------------------------------------------------------------------    -------------------
                         (clock sys_clk rise edge)    0.000     0.000 r  
    E3                                                0.000     0.000 r  clk_100mhz (IN)
                         net (fo=0)                   0.000     0.000    clk_100mhz
    E3                   IBUF (Prop_ibuf_I_O)         0.250     0.250 r  clk_100mhz_IBUF_inst/O
                         net (fo=1, routed)           0.644     0.894    clk_100mhz_IBUF
    BUFGCTRL_X0Y16       BUFG (Prop_bufg_I_O)         0.026     0.920 r  clk_100mhz_IBUF_BUFG_inst/O
                         net (fo=2651, routed)        0.633     1.553    u_bridge/clk_100mhz_IBUF_BUFG
    SLICE_X21Y18         FDCE                                         r  u_bridge/m_axi_araddr_reg[10]/C
  -------------------------------------------------------------------    -------------------
    SLICE_X21Y18         FDCE (Prop_fdce_C_Q)         0.141     1.694 r  u_bridge/m_axi_araddr_reg[10]/Q
                         net (fo=1, routed)           0.097     1.791    u_cdc/s_araddr_q_reg[15]_0[8]
    SLICE_X20Y18         FDCE                                         r  u_cdc/s_araddr_q_reg[10]/D
  -------------------------------------------------------------------    -------------------

                         (clock sys_clk rise edge)    0.000     0.000 r  
    E3                                                0.000     0.000 r  clk_100mhz (IN)
                         net (fo=0)                   0.000     0.000    clk_100mhz
    E3                   IBUF (Prop_ibuf_I_O)         0.438     0.438 r  clk_100mhz_IBUF_inst/O
                         net (fo=1, routed)           0.699     1.136    clk_100mhz_IBUF
    BUFGCTRL_X0Y16       BUFG (Prop_bufg_I_O)         0.029     1.165 r  clk_100mhz_IBUF_BUFG_inst/O
                         net (fo=2651, routed)        0.907     2.072    u_cdc/clk_100mhz_IBUF_BUFG
    SLICE_X20Y18         FDCE                                         r  u_cdc/s_araddr_q_reg[10]/C
                         clock pessimism             -0.506     1.566    
    SLICE_X20Y18         FDCE (Hold_fdce_C_D)         0.057     1.623    u_cdc/s_araddr_q_reg[10]
  -------------------------------------------------------------------
                         required time                         -1.623    
                         arrival time                           1.791    
  -------------------------------------------------------------------
                         slack                                  0.168    

Slack (MET) :             0.175ns  (arrival time - required time)
  Source:                 u_rx/shift_reg_reg[5]/C
                            (rising edge-triggered cell FDCE clocked by sys_clk  {rise@0.000ns fall@5.000ns period=10.000ns})
  Destination:            u_rx/data_reg[5]_rep/D
                            (rising edge-triggered cell FDCE clocked by sys_clk  {rise@0.000ns fall@5.000ns period=10.000ns})
  Path Group:             sys_clk
  Path Type:              Hold (Min at Fast Process Corner)
  Requirement:            0.000ns  (sys_clk rise@0.000ns - sys_clk rise@0.000ns)
  Data Path Delay:        0.262ns  (logic 0.141ns (53.821%)  route 0.121ns (46.179%))
  Logic Levels:           0  
  Clock Path Skew:        0.016ns (DCD - SCD - CPR)
    Destination Clock Delay (DCD):    2.081ns
    Source Clock Delay      (SCD):    1.560ns
    Clock Pessimism Removal (CPR):    0.505ns

    Location             Delay type                Incr(ns)  Path(ns)    Netlist Resource(s)
  -------------------------------------------------------------------    -------------------
                         (clock sys_clk rise edge)    0.000     0.000 r  
    E3                                                0.000     0.000 r  clk_100mhz (IN)
                         net (fo=0)                   0.000     0.000    clk_100mhz
    E3                   IBUF (Prop_ibuf_I_O)         0.250     0.250 r  clk_100mhz_IBUF_inst/O
                         net (fo=1, routed)           0.644     0.894    clk_100mhz_IBUF
    BUFGCTRL_X0Y16       BUFG (Prop_bufg_I_O)         0.026     0.920 r  clk_100mhz_IBUF_BUFG_inst/O
                         net (fo=2651, routed)        0.640     1.560    u_rx/clk_100mhz_IBUF_BUFG
    SLICE_X17Y5          FDCE                                         r  u_rx/shift_reg_reg[5]/C
  -------------------------------------------------------------------    -------------------
    SLICE_X17Y5          FDCE (Prop_fdce_C_Q)         0.141     1.701 r  u_rx/shift_reg_reg[5]/Q
                         net (fo=4, routed)           0.121     1.822    u_rx/shift_reg_reg_n_0_[5]
    SLICE_X18Y5          FDCE                                         r  u_rx/data_reg[5]_rep/D
  -------------------------------------------------------------------    -------------------

                         (clock sys_clk rise edge)    0.000     0.000 r  
    E3                                                0.000     0.000 r  clk_100mhz (IN)
                         net (fo=0)                   0.000     0.000    clk_100mhz
    E3                   IBUF (Prop_ibuf_I_O)         0.438     0.438 r  clk_100mhz_IBUF_inst/O
                         net (fo=1, routed)           0.699     1.136    clk_100mhz_IBUF
    BUFGCTRL_X0Y16       BUFG (Prop_bufg_I_O)         0.029     1.165 r  clk_100mhz_IBUF_BUFG_inst/O
                         net (fo=2651, routed)        0.916     2.081    u_rx/clk_100mhz_IBUF_BUFG
    SLICE_X18Y5          FDCE                                         r  u_rx/data_reg[5]_rep/C
                         clock pessimism             -0.505     1.576    
    SLICE_X18Y5          FDCE (Hold_fdce_C_D)         0.071     1.647    u_rx/data_reg[5]_rep
  -------------------------------------------------------------------
                         required time                         -1.647    
                         arrival time                           1.822    
  -------------------------------------------------------------------
                         slack                                  0.175    

Slack (MET) :             0.175ns  (arrival time - required time)
  Source:                 u_bridge/m_axi_wdata_reg[21]/C
                            (rising edge-triggered cell FDCE clocked by sys_clk  {rise@0.000ns fall@5.000ns period=10.000ns})
  Destination:            u_cdc/s_wdata_q_reg[21]/D
                            (rising edge-triggered cell FDCE clocked by sys_clk  {rise@0.000ns fall@5.000ns period=10.000ns})
  Path Group:             sys_clk
  Path Type:              Hold (Min at Fast Process Corner)
  Requirement:            0.000ns  (sys_clk rise@0.000ns - sys_clk rise@0.000ns)
  Data Path Delay:        0.257ns  (logic 0.141ns (54.812%)  route 0.116ns (45.188%))
  Logic Levels:           0  
  Clock Path Skew:        0.011ns (DCD - SCD - CPR)
    Destination Clock Delay (DCD):    2.062ns
    Source Clock Delay      (SCD):    1.548ns
    Clock Pessimism Removal (CPR):    0.503ns

    Location             Delay type                Incr(ns)  Path(ns)    Netlist Resource(s)
  -------------------------------------------------------------------    -------------------
                         (clock sys_clk rise edge)    0.000     0.000 r  
    E3                                                0.000     0.000 r  clk_100mhz (IN)
                         net (fo=0)                   0.000     0.000    clk_100mhz
    E3                   IBUF (Prop_ibuf_I_O)         0.250     0.250 r  clk_100mhz_IBUF_inst/O
                         net (fo=1, routed)           0.644     0.894    clk_100mhz_IBUF
    BUFGCTRL_X0Y16       BUFG (Prop_bufg_I_O)         0.026     0.920 r  clk_100mhz_IBUF_BUFG_inst/O
                         net (fo=2651, routed)        0.628     1.548    u_bridge/clk_100mhz_IBUF_BUFG
    SLICE_X33Y21         FDCE                                         r  u_bridge/m_axi_wdata_reg[21]/C
  -------------------------------------------------------------------    -------------------
    SLICE_X33Y21         FDCE (Prop_fdce_C_Q)         0.141     1.689 r  u_bridge/m_axi_wdata_reg[21]/Q
                         net (fo=1, routed)           0.116     1.805    u_cdc/s_wdata_q_reg[31]_0[21]
    SLICE_X33Y23         FDCE                                         r  u_cdc/s_wdata_q_reg[21]/D
  -------------------------------------------------------------------    -------------------

                         (clock sys_clk rise edge)    0.000     0.000 r  
    E3                                                0.000     0.000 r  clk_100mhz (IN)
                         net (fo=0)                   0.000     0.000    clk_100mhz
    E3                   IBUF (Prop_ibuf_I_O)         0.438     0.438 r  clk_100mhz_IBUF_inst/O
                         net (fo=1, routed)           0.699     1.136    clk_100mhz_IBUF
    BUFGCTRL_X0Y16       BUFG (Prop_bufg_I_O)         0.029     1.165 r  clk_100mhz_IBUF_BUFG_inst/O
                         net (fo=2651, routed)        0.897     2.062    u_cdc/clk_100mhz_IBUF_BUFG
    SLICE_X33Y23         FDCE                                         r  u_cdc/s_wdata_q_reg[21]/C
                         clock pessimism             -0.503     1.559    
    SLICE_X33Y23         FDCE (Hold_fdce_C_D)         0.071     1.630    u_cdc/s_wdata_q_reg[21]
  -------------------------------------------------------------------
                         required time                         -1.630    
                         arrival time                           1.805    
  -------------------------------------------------------------------
                         slack                                  0.175    

Slack (MET) :             0.176ns  (arrival time - required time)
  Source:                 u_bridge/m_axi_wdata_reg[25]/C
                            (rising edge-triggered cell FDCE clocked by sys_clk  {rise@0.000ns fall@5.000ns period=10.000ns})
  Destination:            u_cdc/s_wdata_q_reg[25]/D
                            (rising edge-triggered cell FDCE clocked by sys_clk  {rise@0.000ns fall@5.000ns period=10.000ns})
  Path Group:             sys_clk
  Path Type:              Hold (Min at Fast Process Corner)
  Requirement:            0.000ns  (sys_clk rise@0.000ns - sys_clk rise@0.000ns)
  Data Path Delay:        0.259ns  (logic 0.141ns (54.469%)  route 0.118ns (45.531%))
  Logic Levels:           0  
  Clock Path Skew:        0.013ns (DCD - SCD - CPR)
    Destination Clock Delay (DCD):    2.064ns
    Source Clock Delay      (SCD):    1.548ns
    Clock Pessimism Removal (CPR):    0.503ns

    Location             Delay type                Incr(ns)  Path(ns)    Netlist Resource(s)
  -------------------------------------------------------------------    -------------------
                         (clock sys_clk rise edge)    0.000     0.000 r  
    E3                                                0.000     0.000 r  clk_100mhz (IN)
                         net (fo=0)                   0.000     0.000    clk_100mhz
    E3                   IBUF (Prop_ibuf_I_O)         0.250     0.250 r  clk_100mhz_IBUF_inst/O
                         net (fo=1, routed)           0.644     0.894    clk_100mhz_IBUF
    BUFGCTRL_X0Y16       BUFG (Prop_bufg_I_O)         0.026     0.920 r  clk_100mhz_IBUF_BUFG_inst/O
                         net (fo=2651, routed)        0.628     1.548    u_bridge/clk_100mhz_IBUF_BUFG
    SLICE_X37Y20         FDCE                                         r  u_bridge/m_axi_wdata_reg[25]/C
  -------------------------------------------------------------------    -------------------
    SLICE_X37Y20         FDCE (Prop_fdce_C_Q)         0.141     1.689 r  u_bridge/m_axi_wdata_reg[25]/Q
                         net (fo=1, routed)           0.118     1.807    u_cdc/s_wdata_q_reg[31]_0[25]
    SLICE_X36Y21         FDCE                                         r  u_cdc/s_wdata_q_reg[25]/D
  -------------------------------------------------------------------    -------------------

                         (clock sys_clk rise edge)    0.000     0.000 r  
    E3                                                0.000     0.000 r  clk_100mhz (IN)
                         net (fo=0)                   0.000     0.000    clk_100mhz
    E3                   IBUF (Prop_ibuf_I_O)         0.438     0.438 r  clk_100mhz_IBUF_inst/O
                         net (fo=1, routed)           0.699     1.136    clk_100mhz_IBUF
    BUFGCTRL_X0Y16       BUFG (Prop_bufg_I_O)         0.029     1.165 r  clk_100mhz_IBUF_BUFG_inst/O
                         net (fo=2651, routed)        0.899     2.064    u_cdc/clk_100mhz_IBUF_BUFG
    SLICE_X36Y21         FDCE                                         r  u_cdc/s_wdata_q_reg[25]/C
                         clock pessimism             -0.503     1.561    
    SLICE_X36Y21         FDCE (Hold_fdce_C_D)         0.070     1.631    u_cdc/s_wdata_q_reg[25]
  -------------------------------------------------------------------
                         required time                         -1.631    
                         arrival time                           1.807    
  -------------------------------------------------------------------
                         slack                                  0.176    

Slack (MET) :             0.176ns  (arrival time - required time)
  Source:                 u_rx/shift_reg_reg[4]/C
                            (rising edge-triggered cell FDCE clocked by sys_clk  {rise@0.000ns fall@5.000ns period=10.000ns})
  Destination:            u_rx/data_reg[4]_rep__0/D
                            (rising edge-triggered cell FDCE clocked by sys_clk  {rise@0.000ns fall@5.000ns period=10.000ns})
  Path Group:             sys_clk
  Path Type:              Hold (Min at Fast Process Corner)
  Requirement:            0.000ns  (sys_clk rise@0.000ns - sys_clk rise@0.000ns)
  Data Path Delay:        0.267ns  (logic 0.141ns (52.754%)  route 0.126ns (47.246%))
  Logic Levels:           0  
  Clock Path Skew:        0.016ns (DCD - SCD - CPR)
    Destination Clock Delay (DCD):    2.081ns
    Source Clock Delay      (SCD):    1.560ns
    Clock Pessimism Removal (CPR):    0.505ns

    Location             Delay type                Incr(ns)  Path(ns)    Netlist Resource(s)
  -------------------------------------------------------------------    -------------------
                         (clock sys_clk rise edge)    0.000     0.000 r  
    E3                                                0.000     0.000 r  clk_100mhz (IN)
                         net (fo=0)                   0.000     0.000    clk_100mhz
    E3                   IBUF (Prop_ibuf_I_O)         0.250     0.250 r  clk_100mhz_IBUF_inst/O
                         net (fo=1, routed)           0.644     0.894    clk_100mhz_IBUF
    BUFGCTRL_X0Y16       BUFG (Prop_bufg_I_O)         0.026     0.920 r  clk_100mhz_IBUF_BUFG_inst/O
                         net (fo=2651, routed)        0.640     1.560    u_rx/clk_100mhz_IBUF_BUFG
    SLICE_X17Y5          FDCE                                         r  u_rx/shift_reg_reg[4]/C
  -------------------------------------------------------------------    -------------------
    SLICE_X17Y5          FDCE (Prop_fdce_C_Q)         0.141     1.701 r  u_rx/shift_reg_reg[4]/Q
                         net (fo=4, routed)           0.126     1.827    u_rx/shift_reg_reg_n_0_[4]
    SLICE_X18Y6          FDCE                                         r  u_rx/data_reg[4]_rep__0/D
  -------------------------------------------------------------------    -------------------

                         (clock sys_clk rise edge)    0.000     0.000 r  
    E3                                                0.000     0.000 r  clk_100mhz (IN)
                         net (fo=0)                   0.000     0.000    clk_100mhz
    E3                   IBUF (Prop_ibuf_I_O)         0.438     0.438 r  clk_100mhz_IBUF_inst/O
                         net (fo=1, routed)           0.699     1.136    clk_100mhz_IBUF
    BUFGCTRL_X0Y16       BUFG (Prop_bufg_I_O)         0.029     1.165 r  clk_100mhz_IBUF_BUFG_inst/O
                         net (fo=2651, routed)        0.916     2.081    u_rx/clk_100mhz_IBUF_BUFG
    SLICE_X18Y6          FDCE                                         r  u_rx/data_reg[4]_rep__0/C
                         clock pessimism             -0.505     1.576    
    SLICE_X18Y6          FDCE (Hold_fdce_C_D)         0.075     1.651    u_rx/data_reg[4]_rep__0
  -------------------------------------------------------------------
                         required time                         -1.651    
                         arrival time                           1.827    
  -------------------------------------------------------------------
                         slack                                  0.176    





Pulse Width Checks
--------------------------------------------------------------------------------------
Clock Name:         sys_clk
Waveform(ns):       { 0.000 5.000 }
Period(ns):         10.000
Sources:            { clk_100mhz }

Check Type        Corner  Lib Pin            Reference Pin  Required(ns)  Actual(ns)  Slack(ns)  Location         Pin
Min Period        n/a     BUFG/I             n/a            2.155         10.000      7.845      BUFGCTRL_X0Y16   clk_100mhz_IBUF_BUFG_inst/I
Min Period        n/a     MMCME2_ADV/CLKIN1  n/a            1.249         10.000      8.751      MMCME2_ADV_X0Y0  u_mmcm/CLKIN1
Min Period        n/a     FDCE/C             n/a            1.000         10.000      9.000      SLICE_X4Y26      heartbeat_cnt_reg[0]/C
Min Period        n/a     FDCE/C             n/a            1.000         10.000      9.000      SLICE_X4Y28      heartbeat_cnt_reg[10]/C
Min Period        n/a     FDCE/C             n/a            1.000         10.000      9.000      SLICE_X4Y28      heartbeat_cnt_reg[11]/C
Min Period        n/a     FDCE/C             n/a            1.000         10.000      9.000      SLICE_X4Y29      heartbeat_cnt_reg[12]/C
Min Period        n/a     FDCE/C             n/a            1.000         10.000      9.000      SLICE_X4Y29      heartbeat_cnt_reg[13]/C
Min Period        n/a     FDCE/C             n/a            1.000         10.000      9.000      SLICE_X4Y29      heartbeat_cnt_reg[14]/C
Min Period        n/a     FDCE/C             n/a            1.000         10.000      9.000      SLICE_X4Y29      heartbeat_cnt_reg[15]/C
Min Period        n/a     FDCE/C             n/a            1.000         10.000      9.000      SLICE_X4Y30      heartbeat_cnt_reg[16]/C
Max Period        n/a     MMCME2_ADV/CLKIN1  n/a            100.000       10.000      90.000     MMCME2_ADV_X0Y0  u_mmcm/CLKIN1
Low Pulse Width   Slow    MMCME2_ADV/CLKIN1  n/a            2.000         5.000       3.000      MMCME2_ADV_X0Y0  u_mmcm/CLKIN1
Low Pulse Width   Fast    MMCME2_ADV/CLKIN1  n/a            2.000         5.000       3.000      MMCME2_ADV_X0Y0  u_mmcm/CLKIN1
Low Pulse Width   Slow    FDCE/C             n/a            0.500         5.000       4.500      SLICE_X4Y26      heartbeat_cnt_reg[0]/C
Low Pulse Width   Fast    FDCE/C             n/a            0.500         5.000       4.500      SLICE_X4Y26      heartbeat_cnt_reg[0]/C
Low Pulse Width   Slow    FDCE/C             n/a            0.500         5.000       4.500      SLICE_X4Y28      heartbeat_cnt_reg[10]/C
Low Pulse Width   Fast    FDCE/C             n/a            0.500         5.000       4.500      SLICE_X4Y28      heartbeat_cnt_reg[10]/C
Low Pulse Width   Slow    FDCE/C             n/a            0.500         5.000       4.500      SLICE_X4Y28      heartbeat_cnt_reg[11]/C
Low Pulse Width   Fast    FDCE/C             n/a            0.500         5.000       4.500      SLICE_X4Y28      heartbeat_cnt_reg[11]/C
Low Pulse Width   Slow    FDCE/C             n/a            0.500         5.000       4.500      SLICE_X4Y29      heartbeat_cnt_reg[12]/C
Low Pulse Width   Fast    FDCE/C             n/a            0.500         5.000       4.500      SLICE_X4Y29      heartbeat_cnt_reg[12]/C
High Pulse Width  Slow    MMCME2_ADV/CLKIN1  n/a            2.000         5.000       3.000      MMCME2_ADV_X0Y0  u_mmcm/CLKIN1
High Pulse Width  Fast    MMCME2_ADV/CLKIN1  n/a            2.000         5.000       3.000      MMCME2_ADV_X0Y0  u_mmcm/CLKIN1
High Pulse Width  Slow    FDCE/C             n/a            0.500         5.000       4.500      SLICE_X4Y26      heartbeat_cnt_reg[0]/C
High Pulse Width  Fast    FDCE/C             n/a            0.500         5.000       4.500      SLICE_X4Y26      heartbeat_cnt_reg[0]/C
High Pulse Width  Slow    FDCE/C             n/a            0.500         5.000       4.500      SLICE_X4Y28      heartbeat_cnt_reg[10]/C
High Pulse Width  Fast    FDCE/C             n/a            0.500         5.000       4.500      SLICE_X4Y28      heartbeat_cnt_reg[10]/C
High Pulse Width  Slow    FDCE/C             n/a            0.500         5.000       4.500      SLICE_X4Y28      heartbeat_cnt_reg[11]/C
High Pulse Width  Fast    FDCE/C             n/a            0.500         5.000       4.500      SLICE_X4Y28      heartbeat_cnt_reg[11]/C
High Pulse Width  Slow    FDCE/C             n/a            0.500         5.000       4.500      SLICE_X4Y29      heartbeat_cnt_reg[12]/C
High Pulse Width  Fast    FDCE/C             n/a            0.500         5.000       4.500      SLICE_X4Y29      heartbeat_cnt_reg[12]/C



---------------------------------------------------------------------------------------------------
From Clock:  clk_core_mmcm
  To Clock:  clk_core_mmcm

Setup :            0  Failing Endpoints,  Worst Slack        0.012ns,  Total Violation        0.000ns
Hold  :            0  Failing Endpoints,  Worst Slack        0.034ns,  Total Violation        0.000ns
PW    :            0  Failing Endpoints,  Worst Slack        1.444ns,  Total Violation        0.000ns
---------------------------------------------------------------------------------------------------


Max Delay Paths
--------------------------------------------------------------------------------------
Slack (MET) :             0.012ns  (required time - arrival time)
  Source:                 u_mlkem/u_sponge/st_reg[125]/C
                            (rising edge-triggered cell FDRE clocked by clk_core_mmcm  {rise@0.000ns fall@2.424ns period=4.848ns})
  Destination:            u_mlkem/u_sponge/st_reg[385]/D
                            (rising edge-triggered cell FDRE clocked by clk_core_mmcm  {rise@0.000ns fall@2.424ns period=4.848ns})
  Path Group:             clk_core_mmcm
  Path Type:              Setup (Max at Slow Process Corner)
  Requirement:            4.848ns  (clk_core_mmcm rise@4.848ns - clk_core_mmcm rise@0.000ns)
  Data Path Delay:        4.686ns  (logic 1.014ns (21.640%)  route 3.672ns (78.360%))
  Logic Levels:           4  (LUT5=2 LUT6=2)
  Clock Path Skew:        -0.105ns (DCD - SCD + CPR)
    Destination Clock Delay (DCD):    8.928ns = ( 13.776 - 4.848 ) 
    Source Clock Delay      (SCD):    9.465ns
    Clock Pessimism Removal (CPR):    0.432ns
  Clock Uncertainty:      0.074ns  ((TSJ^2 + DJ^2)^1/2) / 2 + PE
    Total System Jitter     (TSJ):    0.071ns
    Discrete Jitter          (DJ):    0.131ns
    Phase Error              (PE):    0.000ns

    Location             Delay type                Incr(ns)  Path(ns)    Netlist Resource(s)
  -------------------------------------------------------------------    -------------------
                         (clock clk_core_mmcm rise edge)
                                                      0.000     0.000 r  
    E3                                                0.000     0.000 r  clk_100mhz (IN)
                         net (fo=0)                   0.000     0.000    clk_100mhz
    E3                   IBUF (Prop_ibuf_I_O)         1.482     1.482 r  clk_100mhz_IBUF_inst/O
                         net (fo=1, routed)           2.025     3.506    clk_100mhz_IBUF
    BUFGCTRL_X0Y16       BUFG (Prop_bufg_I_O)         0.096     3.602 r  clk_100mhz_IBUF_BUFG_inst/O
                         net (fo=2651, routed)        1.809     5.412    clk_100mhz_IBUF_BUFG
    MMCME2_ADV_X0Y0      MMCME2_ADV (Prop_mmcme2_adv_CLKIN1_CLKOUT0)
                                                      0.088     5.500 r  u_mmcm/CLKOUT0
                         net (fo=1, routed)           2.018     7.518    clk_core_mmcm
    BUFGCTRL_X0Y1        BUFG (Prop_bufg_I_O)         0.096     7.614 r  u_bufg_core_replica/O
                         net (fo=2, routed)           0.140     7.754    clk_core_repN
    BUFGCTRL_X0Y0        BUFG (Prop_bufg_I_O)         0.096     7.850 r  u_bufg_core/O
                         net (fo=5015, routed)        1.614     9.465    u_mlkem/u_sponge/clk_core
    SLICE_X54Y82         FDRE                                         r  u_mlkem/u_sponge/st_reg[125]/C
  -------------------------------------------------------------------    -------------------
    SLICE_X54Y82         FDRE (Prop_fdre_C_Q)         0.518     9.983 r  u_mlkem/u_sponge/st_reg[125]/Q
                         net (fo=8, routed)           1.426    11.409    u_mlkem/u_sponge/st_reg_n_0_[125]
    SLICE_X72Y91         LUT5 (Prop_lut5_I4_O)        0.124    11.533 r  u_mlkem/u_sponge/st[1511]_i_3/O
                         net (fo=1, routed)           0.600    12.133    u_mlkem/u_sponge/st[1511]_i_3_n_0
    SLICE_X70Y85         LUT6 (Prop_lut6_I5_O)        0.124    12.257 r  u_mlkem/u_sponge/st[1511]_i_2/O
                         net (fo=15, routed)          1.186    13.443    u_mlkem/u_sponge/st[1511]_i_2_n_0
    SLICE_X53Y84         LUT6 (Prop_lut6_I2_O)        0.124    13.567 r  u_mlkem/u_sponge/st[385]_i_2/O
                         net (fo=1, routed)           0.459    14.026    u_mlkem/u_sponge/st_round[385]
    SLICE_X51Y83         LUT5 (Prop_lut5_I0_O)        0.124    14.150 r  u_mlkem/u_sponge/st[385]_i_1/O
                         net (fo=1, routed)           0.000    14.150    u_mlkem/u_sponge/st[385]_i_1_n_0
    SLICE_X51Y83         FDRE                                         r  u_mlkem/u_sponge/st_reg[385]/D
  -------------------------------------------------------------------    -------------------

                         (clock clk_core_mmcm rise edge)
                                                      4.848     4.848 r  
    E3                                                0.000     4.848 r  clk_100mhz (IN)
                         net (fo=0)                   0.000     4.848    clk_100mhz
    E3                   IBUF (Prop_ibuf_I_O)         1.411     6.260 r  clk_100mhz_IBUF_inst/O
                         net (fo=1, routed)           1.920     8.180    clk_100mhz_IBUF
    BUFGCTRL_X0Y16       BUFG (Prop_bufg_I_O)         0.091     8.271 r  clk_100mhz_IBUF_BUFG_inst/O
                         net (fo=2651, routed)        1.683     9.954    clk_100mhz_IBUF_BUFG
    MMCME2_ADV_X0Y0      MMCME2_ADV (Prop_mmcme2_adv_CLKIN1_CLKOUT0)
                                                      0.083    10.037 r  u_mmcm/CLKOUT0
                         net (fo=1, routed)           1.923    11.960    clk_core_mmcm
    BUFGCTRL_X0Y1        BUFG (Prop_bufg_I_O)         0.091    12.051 r  u_bufg_core_replica/O
                         net (fo=2, routed)           0.133    12.184    clk_core_repN
    BUFGCTRL_X0Y0        BUFG (Prop_bufg_I_O)         0.091    12.275 r  u_bufg_core/O
                         net (fo=5015, routed)        1.501    13.776    u_mlkem/u_sponge/clk_core
    SLICE_X51Y83         FDRE                                         r  u_mlkem/u_sponge/st_reg[385]/C
                         clock pessimism              0.432    14.208    
                         clock uncertainty           -0.074    14.133    
    SLICE_X51Y83         FDRE (Setup_fdre_C_D)        0.029    14.162    u_mlkem/u_sponge/st_reg[385]
  -------------------------------------------------------------------
                         required time                         14.162    
                         arrival time                         -14.150    
  -------------------------------------------------------------------
                         slack                                  0.012    

Slack (MET) :             0.017ns  (required time - arrival time)
  Source:                 u_mlkem/u_sponge/st_reg[677]/C
                            (rising edge-triggered cell FDRE clocked by clk_core_mmcm  {rise@0.000ns fall@2.424ns period=4.848ns})
  Destination:            u_mlkem/u_sponge/st_reg[814]/D
                            (rising edge-triggered cell FDRE clocked by clk_core_mmcm  {rise@0.000ns fall@2.424ns period=4.848ns})
  Path Group:             clk_core_mmcm
  Path Type:              Setup (Max at Slow Process Corner)
  Requirement:            4.848ns  (clk_core_mmcm rise@4.848ns - clk_core_mmcm rise@0.000ns)
  Data Path Delay:        4.743ns  (logic 1.014ns (21.380%)  route 3.729ns (78.620%))
  Logic Levels:           4  (LUT5=2 LUT6=2)
  Clock Path Skew:        -0.045ns (DCD - SCD + CPR)
    Destination Clock Delay (DCD):    8.934ns = ( 13.782 - 4.848 ) 
    Source Clock Delay      (SCD):    9.483ns
    Clock Pessimism Removal (CPR):    0.504ns
  Clock Uncertainty:      0.074ns  ((TSJ^2 + DJ^2)^1/2) / 2 + PE
    Total System Jitter     (TSJ):    0.071ns
    Discrete Jitter          (DJ):    0.131ns
    Phase Error              (PE):    0.000ns

    Location             Delay type                Incr(ns)  Path(ns)    Netlist Resource(s)
  -------------------------------------------------------------------    -------------------
                         (clock clk_core_mmcm rise edge)
                                                      0.000     0.000 r  
    E3                                                0.000     0.000 r  clk_100mhz (IN)
                         net (fo=0)                   0.000     0.000    clk_100mhz
    E3                   IBUF (Prop_ibuf_I_O)         1.482     1.482 r  clk_100mhz_IBUF_inst/O
                         net (fo=1, routed)           2.025     3.506    clk_100mhz_IBUF
    BUFGCTRL_X0Y16       BUFG (Prop_bufg_I_O)         0.096     3.602 r  clk_100mhz_IBUF_BUFG_inst/O
                         net (fo=2651, routed)        1.809     5.412    clk_100mhz_IBUF_BUFG
    MMCME2_ADV_X0Y0      MMCME2_ADV (Prop_mmcme2_adv_CLKIN1_CLKOUT0)
                                                      0.088     5.500 r  u_mmcm/CLKOUT0
                         net (fo=1, routed)           2.018     7.518    clk_core_mmcm
    BUFGCTRL_X0Y1        BUFG (Prop_bufg_I_O)         0.096     7.614 r  u_bufg_core_replica/O
                         net (fo=2, routed)           0.140     7.754    clk_core_repN
    BUFGCTRL_X0Y0        BUFG (Prop_bufg_I_O)         0.096     7.850 r  u_bufg_core/O
                         net (fo=5015, routed)        1.632     9.483    u_mlkem/u_sponge/clk_core
    SLICE_X70Y99         FDRE                                         r  u_mlkem/u_sponge/st_reg[677]/C
  -------------------------------------------------------------------    -------------------
    SLICE_X70Y99         FDRE (Prop_fdre_C_Q)         0.518    10.001 r  u_mlkem/u_sponge/st_reg[677]/Q
                         net (fo=7, routed)           1.443    11.443    u_mlkem/u_sponge/p_0_in27_in[37]
    SLICE_X58Y97         LUT5 (Prop_lut5_I1_O)        0.124    11.567 r  u_mlkem/u_sponge/st[1421]_i_3/O
                         net (fo=1, routed)           0.541    12.108    u_mlkem/u_sponge/st[1421]_i_3_n_0
    SLICE_X58Y97         LUT6 (Prop_lut6_I5_O)        0.124    12.232 r  u_mlkem/u_sponge/st[1421]_i_2/O
                         net (fo=15, routed)          1.029    13.261    u_mlkem/u_sponge/st[1421]_i_2_n_0
    SLICE_X56Y90         LUT6 (Prop_lut6_I2_O)        0.124    13.385 r  u_mlkem/u_sponge/st[814]_i_2/O
                         net (fo=1, routed)           0.716    14.101    u_mlkem/u_sponge/st_round[814]
    SLICE_X63Y92         LUT5 (Prop_lut5_I0_O)        0.124    14.225 r  u_mlkem/u_sponge/st[814]_i_1/O
                         net (fo=1, routed)           0.000    14.225    u_mlkem/u_sponge/st[814]_i_1_n_0
    SLICE_X63Y92         FDRE                                         r  u_mlkem/u_sponge/st_reg[814]/D
  -------------------------------------------------------------------    -------------------

                         (clock clk_core_mmcm rise edge)
                                                      4.848     4.848 r  
    E3                                                0.000     4.848 r  clk_100mhz (IN)
                         net (fo=0)                   0.000     4.848    clk_100mhz
    E3                   IBUF (Prop_ibuf_I_O)         1.411     6.260 r  clk_100mhz_IBUF_inst/O
                         net (fo=1, routed)           1.920     8.180    clk_100mhz_IBUF
    BUFGCTRL_X0Y16       BUFG (Prop_bufg_I_O)         0.091     8.271 r  clk_100mhz_IBUF_BUFG_inst/O
                         net (fo=2651, routed)        1.683     9.954    clk_100mhz_IBUF_BUFG
    MMCME2_ADV_X0Y0      MMCME2_ADV (Prop_mmcme2_adv_CLKIN1_CLKOUT0)
                                                      0.083    10.037 r  u_mmcm/CLKOUT0
                         net (fo=1, routed)           1.923    11.960    clk_core_mmcm
    BUFGCTRL_X0Y1        BUFG (Prop_bufg_I_O)         0.091    12.051 r  u_bufg_core_replica/O
                         net (fo=2, routed)           0.133    12.184    clk_core_repN
    BUFGCTRL_X0Y0        BUFG (Prop_bufg_I_O)         0.091    12.275 r  u_bufg_core/O
                         net (fo=5015, routed)        1.507    13.782    u_mlkem/u_sponge/clk_core
    SLICE_X63Y92         FDRE                                         r  u_mlkem/u_sponge/st_reg[814]/C
                         clock pessimism              0.504    14.286    
                         clock uncertainty           -0.074    14.211    
    SLICE_X63Y92         FDRE (Setup_fdre_C_D)        0.031    14.242    u_mlkem/u_sponge/st_reg[814]
  -------------------------------------------------------------------
                         required time                         14.242    
                         arrival time                         -14.225    
  -------------------------------------------------------------------
                         slack                                  0.017    

Slack (MET) :             0.019ns  (required time - arrival time)
  Source:                 u_mlkem/u_sponge/st_reg[1150]/C
                            (rising edge-triggered cell FDRE clocked by clk_core_mmcm  {rise@0.000ns fall@2.424ns period=4.848ns})
  Destination:            u_mlkem/u_sponge/st_reg[83]/D
                            (rising edge-triggered cell FDRE clocked by clk_core_mmcm  {rise@0.000ns fall@2.424ns period=4.848ns})
  Path Group:             clk_core_mmcm
  Path Type:              Setup (Max at Slow Process Corner)
  Requirement:            4.848ns  (clk_core_mmcm rise@4.848ns - clk_core_mmcm rise@0.000ns)
  Data Path Delay:        4.579ns  (logic 1.014ns (22.143%)  route 3.565ns (77.857%))
  Logic Levels:           4  (LUT5=2 LUT6=2)
  Clock Path Skew:        -0.205ns (DCD - SCD + CPR)
    Destination Clock Delay (DCD):    8.928ns = ( 13.776 - 4.848 ) 
    Source Clock Delay      (SCD):    9.565ns
    Clock Pessimism Removal (CPR):    0.432ns
  Clock Uncertainty:      0.074ns  ((TSJ^2 + DJ^2)^1/2) / 2 + PE
    Total System Jitter     (TSJ):    0.071ns
    Discrete Jitter          (DJ):    0.131ns
    Phase Error              (PE):    0.000ns

    Location             Delay type                Incr(ns)  Path(ns)    Netlist Resource(s)
  -------------------------------------------------------------------    -------------------
                         (clock clk_core_mmcm rise edge)
                                                      0.000     0.000 r  
    E3                                                0.000     0.000 r  clk_100mhz (IN)
                         net (fo=0)                   0.000     0.000    clk_100mhz
    E3                   IBUF (Prop_ibuf_I_O)         1.482     1.482 r  clk_100mhz_IBUF_inst/O
                         net (fo=1, routed)           2.025     3.506    clk_100mhz_IBUF
    BUFGCTRL_X0Y16       BUFG (Prop_bufg_I_O)         0.096     3.602 r  clk_100mhz_IBUF_BUFG_inst/O
                         net (fo=2651, routed)        1.809     5.412    clk_100mhz_IBUF_BUFG
    MMCME2_ADV_X0Y0      MMCME2_ADV (Prop_mmcme2_adv_CLKIN1_CLKOUT0)
                                                      0.088     5.500 r  u_mmcm/CLKOUT0
                         net (fo=1, routed)           2.018     7.518    clk_core_mmcm
    BUFGCTRL_X0Y1        BUFG (Prop_bufg_I_O)         0.096     7.614 r  u_bufg_core_replica/O
                         net (fo=2, routed)           0.140     7.754    clk_core_repN
    BUFGCTRL_X0Y0        BUFG (Prop_bufg_I_O)         0.096     7.850 r  u_bufg_core/O
                         net (fo=5015, routed)        1.714     9.565    u_mlkem/u_sponge/clk_core
    SLICE_X76Y91         FDRE                                         r  u_mlkem/u_sponge/st_reg[1150]/C
  -------------------------------------------------------------------    -------------------
    SLICE_X76Y91         FDRE (Prop_fdre_C_Q)         0.518    10.083 r  u_mlkem/u_sponge/st_reg[1150]/Q
                         net (fo=6, routed)           1.226    11.308    u_mlkem/u_sponge/p_8_in[62]
    SLICE_X70Y90         LUT5 (Prop_lut5_I2_O)        0.124    11.432 r  u_mlkem/u_sponge/st[1589]_i_7/O
                         net (fo=2, routed)           0.495    11.928    u_mlkem/u_sponge/st[1589]_i_7_n_0
    SLICE_X62Y91         LUT6 (Prop_lut6_I5_O)        0.124    12.052 r  u_mlkem/u_sponge/st[1589]_i_4/O
                         net (fo=15, routed)          1.441    13.493    u_mlkem/u_sponge/st[1589]_i_4_n_0
    SLICE_X40Y77         LUT6 (Prop_lut6_I4_O)        0.124    13.617 r  u_mlkem/u_sponge/st[83]_i_2/O
                         net (fo=1, routed)           0.403    14.020    u_mlkem/u_sponge/st_round[83]
    SLICE_X41Y77         LUT5 (Prop_lut5_I0_O)        0.124    14.144 r  u_mlkem/u_sponge/st[83]_i_1/O
                         net (fo=1, routed)           0.000    14.144    u_mlkem/u_sponge/st[83]_i_1_n_0
    SLICE_X41Y77         FDRE                                         r  u_mlkem/u_sponge/st_reg[83]/D
  -------------------------------------------------------------------    -------------------

                         (clock clk_core_mmcm rise edge)
                                                      4.848     4.848 r  
    E3                                                0.000     4.848 r  clk_100mhz (IN)
                         net (fo=0)                   0.000     4.848    clk_100mhz
    E3                   IBUF (Prop_ibuf_I_O)         1.411     6.260 r  clk_100mhz_IBUF_inst/O
                         net (fo=1, routed)           1.920     8.180    clk_100mhz_IBUF
    BUFGCTRL_X0Y16       BUFG (Prop_bufg_I_O)         0.091     8.271 r  clk_100mhz_IBUF_BUFG_inst/O
                         net (fo=2651, routed)        1.683     9.954    clk_100mhz_IBUF_BUFG
    MMCME2_ADV_X0Y0      MMCME2_ADV (Prop_mmcme2_adv_CLKIN1_CLKOUT0)
                                                      0.083    10.037 r  u_mmcm/CLKOUT0
                         net (fo=1, routed)           1.923    11.960    clk_core_mmcm
    BUFGCTRL_X0Y1        BUFG (Prop_bufg_I_O)         0.091    12.051 r  u_bufg_core_replica/O
                         net (fo=2, routed)           0.133    12.184    clk_core_repN
    BUFGCTRL_X0Y0        BUFG (Prop_bufg_I_O)         0.091    12.275 r  u_bufg_core/O
                         net (fo=5015, routed)        1.501    13.776    u_mlkem/u_sponge/clk_core
    SLICE_X41Y77         FDRE                                         r  u_mlkem/u_sponge/st_reg[83]/C
                         clock pessimism              0.432    14.208    
                         clock uncertainty           -0.074    14.133    
    SLICE_X41Y77         FDRE (Setup_fdre_C_D)        0.029    14.162    u_mlkem/u_sponge/st_reg[83]
  -------------------------------------------------------------------
                         required time                         14.162    
                         arrival time                         -14.144    
  -------------------------------------------------------------------
                         slack                                  0.019    

Slack (MET) :             0.036ns  (required time - arrival time)
  Source:                 u_mlkem/u_ctrl/fcnt_reg[1]/C
                            (rising edge-triggered cell FDRE clocked by clk_core_mmcm  {rise@0.000ns fall@2.424ns period=4.848ns})
  Destination:            u_mlkem/u_ctrl/fq_reg[4][21]/CE
                            (rising edge-triggered cell FDRE clocked by clk_core_mmcm  {rise@0.000ns fall@2.424ns period=4.848ns})
  Path Group:             clk_core_mmcm
  Path Type:              Setup (Max at Slow Process Corner)
  Requirement:            4.848ns  (clk_core_mmcm rise@4.848ns - clk_core_mmcm rise@0.000ns)
  Data Path Delay:        4.590ns  (logic 1.076ns (23.443%)  route 3.514ns (76.557%))
  Logic Levels:           5  (LUT2=1 LUT3=1 LUT6=3)
  Clock Path Skew:        0.057ns (DCD - SCD + CPR)
    Destination Clock Delay (DCD):    9.115ns = ( 13.964 - 4.848 ) 
    Source Clock Delay      (SCD):    9.491ns
    Clock Pessimism Removal (CPR):    0.432ns
  Clock Uncertainty:      0.074ns  ((TSJ^2 + DJ^2)^1/2) / 2 + PE
    Total System Jitter     (TSJ):    0.071ns
    Discrete Jitter          (DJ):    0.131ns
    Phase Error              (PE):    0.000ns

    Location             Delay type                Incr(ns)  Path(ns)    Netlist Resource(s)
  -------------------------------------------------------------------    -------------------
                         (clock clk_core_mmcm rise edge)
                                                      0.000     0.000 r  
    E3                                                0.000     0.000 r  clk_100mhz (IN)
                         net (fo=0)                   0.000     0.000    clk_100mhz
    E3                   IBUF (Prop_ibuf_I_O)         1.482     1.482 r  clk_100mhz_IBUF_inst/O
                         net (fo=1, routed)           2.025     3.506    clk_100mhz_IBUF
    BUFGCTRL_X0Y16       BUFG (Prop_bufg_I_O)         0.096     3.602 r  clk_100mhz_IBUF_BUFG_inst/O
                         net (fo=2651, routed)        1.809     5.412    clk_100mhz_IBUF_BUFG
    MMCME2_ADV_X0Y0      MMCME2_ADV (Prop_mmcme2_adv_CLKIN1_CLKOUT0)
                                                      0.088     5.500 r  u_mmcm/CLKOUT0
                         net (fo=1, routed)           2.018     7.518    clk_core_mmcm
    BUFGCTRL_X0Y1        BUFG (Prop_bufg_I_O)         0.096     7.614 r  u_bufg_core_replica/O
                         net (fo=2, routed)           0.140     7.754    clk_core_repN
    BUFGCTRL_X0Y0        BUFG (Prop_bufg_I_O)         0.096     7.850 r  u_bufg_core/O
                         net (fo=5015, routed)        1.640     9.491    u_mlkem/u_ctrl/clk_core
    SLICE_X32Y51         FDRE                                         r  u_mlkem/u_ctrl/fcnt_reg[1]/C
  -------------------------------------------------------------------    -------------------
    SLICE_X32Y51         FDRE (Prop_fdre_C_Q)         0.456     9.947 r  u_mlkem/u_ctrl/fcnt_reg[1]/Q
                         net (fo=13, routed)          0.465    10.412    u_mlkem/u_ctrl/fcnt_reg_n_0_[1]
    SLICE_X33Y51         LUT2 (Prop_lut2_I0_O)        0.124    10.536 r  u_mlkem/u_ctrl/pos[7]_i_4/O
                         net (fo=2, routed)           0.318    10.854    u_mlkem/u_unpack/q2_reg[63]_2
    SLICE_X34Y51         LUT6 (Prop_lut6_I2_O)        0.124    10.978 r  u_mlkem/u_unpack/q2[63]_i_4/O
                         net (fo=20, routed)          0.876    11.854    u_mlkem/u_ctrl/up_src_take
    SLICE_X25Y46         LUT6 (Prop_lut6_I0_O)        0.124    11.978 r  u_mlkem/u_ctrl/FSM_onehot_state[8]_i_2/O
                         net (fo=145, routed)         0.609    12.587    u_mlkem/u_ctrl/FSM_onehot_state[8]_i_2_n_0
    SLICE_X25Y44         LUT6 (Prop_lut6_I3_O)        0.124    12.711 r  u_mlkem/u_ctrl/fq[4][31]_i_3/O
                         net (fo=33, routed)          0.517    13.227    u_mlkem/u_ctrl/fq[4][31]_i_3_n_0
    SLICE_X24Y44         LUT3 (Prop_lut3_I1_O)        0.124    13.351 r  u_mlkem/u_ctrl/fq[4][31]_i_1/O
                         net (fo=32, routed)          0.729    14.080    u_mlkem/u_ctrl/fq[4][31]_i_1_n_0
    SLICE_X15Y44         FDRE                                         r  u_mlkem/u_ctrl/fq_reg[4][21]/CE
  -------------------------------------------------------------------    -------------------

                         (clock clk_core_mmcm rise edge)
                                                      4.848     4.848 r  
    E3                                                0.000     4.848 r  clk_100mhz (IN)
                         net (fo=0)                   0.000     4.848    clk_100mhz
    E3                   IBUF (Prop_ibuf_I_O)         1.411     6.260 r  clk_100mhz_IBUF_inst/O
                         net (fo=1, routed)           1.920     8.180    clk_100mhz_IBUF
    BUFGCTRL_X0Y16       BUFG (Prop_bufg_I_O)         0.091     8.271 r  clk_100mhz_IBUF_BUFG_inst/O
                         net (fo=2651, routed)        1.683     9.954    clk_100mhz_IBUF_BUFG
    MMCME2_ADV_X0Y0      MMCME2_ADV (Prop_mmcme2_adv_CLKIN1_CLKOUT0)
                                                      0.083    10.037 r  u_mmcm/CLKOUT0
                         net (fo=1, routed)           1.923    11.960    clk_core_mmcm
    BUFGCTRL_X0Y1        BUFG (Prop_bufg_I_O)         0.091    12.051 r  u_bufg_core_replica/O
                         net (fo=2, routed)           0.133    12.184    clk_core_repN
    BUFGCTRL_X0Y0        BUFG (Prop_bufg_I_O)         0.091    12.275 r  u_bufg_core/O
                         net (fo=5015, routed)        1.689    13.964    u_mlkem/u_ctrl/clk_core
    SLICE_X15Y44         FDRE                                         r  u_mlkem/u_ctrl/fq_reg[4][21]/C
                         clock pessimism              0.432    14.396    
                         clock uncertainty           -0.074    14.321    
    SLICE_X15Y44         FDRE (Setup_fdre_C_CE)      -0.205    14.116    u_mlkem/u_ctrl/fq_reg[4][21]
  -------------------------------------------------------------------
                         required time                         14.116    
                         arrival time                         -14.080    
  -------------------------------------------------------------------
                         slack                                  0.036    

Slack (MET) :             0.036ns  (required time - arrival time)
  Source:                 u_mlkem/u_ctrl/fcnt_reg[1]/C
                            (rising edge-triggered cell FDRE clocked by clk_core_mmcm  {rise@0.000ns fall@2.424ns period=4.848ns})
  Destination:            u_mlkem/u_ctrl/fq_reg[4][27]/CE
                            (rising edge-triggered cell FDRE clocked by clk_core_mmcm  {rise@0.000ns fall@2.424ns period=4.848ns})
  Path Group:             clk_core_mmcm
  Path Type:              Setup (Max at Slow Process Corner)
  Requirement:            4.848ns  (clk_core_mmcm rise@4.848ns - clk_core_mmcm rise@0.000ns)
  Data Path Delay:        4.590ns  (logic 1.076ns (23.443%)  route 3.514ns (76.557%))
  Logic Levels:           5  (LUT2=1 LUT3=1 LUT6=3)
  Clock Path Skew:        0.057ns (DCD - SCD + CPR)
    Destination Clock Delay (DCD):    9.115ns = ( 13.964 - 4.848 ) 
    Source Clock Delay      (SCD):    9.491ns
    Clock Pessimism Removal (CPR):    0.432ns
  Clock Uncertainty:      0.074ns  ((TSJ^2 + DJ^2)^1/2) / 2 + PE
    Total System Jitter     (TSJ):    0.071ns
    Discrete Jitter          (DJ):    0.131ns
    Phase Error              (PE):    0.000ns

    Location             Delay type                Incr(ns)  Path(ns)    Netlist Resource(s)
  -------------------------------------------------------------------    -------------------
                         (clock clk_core_mmcm rise edge)
                                                      0.000     0.000 r  
    E3                                                0.000     0.000 r  clk_100mhz (IN)
                         net (fo=0)                   0.000     0.000    clk_100mhz
    E3                   IBUF (Prop_ibuf_I_O)         1.482     1.482 r  clk_100mhz_IBUF_inst/O
                         net (fo=1, routed)           2.025     3.506    clk_100mhz_IBUF
    BUFGCTRL_X0Y16       BUFG (Prop_bufg_I_O)         0.096     3.602 r  clk_100mhz_IBUF_BUFG_inst/O
                         net (fo=2651, routed)        1.809     5.412    clk_100mhz_IBUF_BUFG
    MMCME2_ADV_X0Y0      MMCME2_ADV (Prop_mmcme2_adv_CLKIN1_CLKOUT0)
                                                      0.088     5.500 r  u_mmcm/CLKOUT0
                         net (fo=1, routed)           2.018     7.518    clk_core_mmcm
    BUFGCTRL_X0Y1        BUFG (Prop_bufg_I_O)         0.096     7.614 r  u_bufg_core_replica/O
                         net (fo=2, routed)           0.140     7.754    clk_core_repN
    BUFGCTRL_X0Y0        BUFG (Prop_bufg_I_O)         0.096     7.850 r  u_bufg_core/O
                         net (fo=5015, routed)        1.640     9.491    u_mlkem/u_ctrl/clk_core
    SLICE_X32Y51         FDRE                                         r  u_mlkem/u_ctrl/fcnt_reg[1]/C
  -------------------------------------------------------------------    -------------------
    SLICE_X32Y51         FDRE (Prop_fdre_C_Q)         0.456     9.947 r  u_mlkem/u_ctrl/fcnt_reg[1]/Q
                         net (fo=13, routed)          0.465    10.412    u_mlkem/u_ctrl/fcnt_reg_n_0_[1]
    SLICE_X33Y51         LUT2 (Prop_lut2_I0_O)        0.124    10.536 r  u_mlkem/u_ctrl/pos[7]_i_4/O
                         net (fo=2, routed)           0.318    10.854    u_mlkem/u_unpack/q2_reg[63]_2
    SLICE_X34Y51         LUT6 (Prop_lut6_I2_O)        0.124    10.978 r  u_mlkem/u_unpack/q2[63]_i_4/O
                         net (fo=20, routed)          0.876    11.854    u_mlkem/u_ctrl/up_src_take
    SLICE_X25Y46         LUT6 (Prop_lut6_I0_O)        0.124    11.978 r  u_mlkem/u_ctrl/FSM_onehot_state[8]_i_2/O
                         net (fo=145, routed)         0.609    12.587    u_mlkem/u_ctrl/FSM_onehot_state[8]_i_2_n_0
    SLICE_X25Y44         LUT6 (Prop_lut6_I3_O)        0.124    12.711 r  u_mlkem/u_ctrl/fq[4][31]_i_3/O
                         net (fo=33, routed)          0.517    13.227    u_mlkem/u_ctrl/fq[4][31]_i_3_n_0
    SLICE_X24Y44         LUT3 (Prop_lut3_I1_O)        0.124    13.351 r  u_mlkem/u_ctrl/fq[4][31]_i_1/O
                         net (fo=32, routed)          0.729    14.080    u_mlkem/u_ctrl/fq[4][31]_i_1_n_0
    SLICE_X15Y44         FDRE                                         r  u_mlkem/u_ctrl/fq_reg[4][27]/CE
  -------------------------------------------------------------------    -------------------

                         (clock clk_core_mmcm rise edge)
                                                      4.848     4.848 r  
    E3                                                0.000     4.848 r  clk_100mhz (IN)
                         net (fo=0)                   0.000     4.848    clk_100mhz
    E3                   IBUF (Prop_ibuf_I_O)         1.411     6.260 r  clk_100mhz_IBUF_inst/O
                         net (fo=1, routed)           1.920     8.180    clk_100mhz_IBUF
    BUFGCTRL_X0Y16       BUFG (Prop_bufg_I_O)         0.091     8.271 r  clk_100mhz_IBUF_BUFG_inst/O
                         net (fo=2651, routed)        1.683     9.954    clk_100mhz_IBUF_BUFG
    MMCME2_ADV_X0Y0      MMCME2_ADV (Prop_mmcme2_adv_CLKIN1_CLKOUT0)
                                                      0.083    10.037 r  u_mmcm/CLKOUT0
                         net (fo=1, routed)           1.923    11.960    clk_core_mmcm
    BUFGCTRL_X0Y1        BUFG (Prop_bufg_I_O)         0.091    12.051 r  u_bufg_core_replica/O
                         net (fo=2, routed)           0.133    12.184    clk_core_repN
    BUFGCTRL_X0Y0        BUFG (Prop_bufg_I_O)         0.091    12.275 r  u_bufg_core/O
                         net (fo=5015, routed)        1.689    13.964    u_mlkem/u_ctrl/clk_core
    SLICE_X15Y44         FDRE                                         r  u_mlkem/u_ctrl/fq_reg[4][27]/C
                         clock pessimism              0.432    14.396    
                         clock uncertainty           -0.074    14.321    
    SLICE_X15Y44         FDRE (Setup_fdre_C_CE)      -0.205    14.116    u_mlkem/u_ctrl/fq_reg[4][27]
  -------------------------------------------------------------------
                         required time                         14.116    
                         arrival time                         -14.080    
  -------------------------------------------------------------------
                         slack                                  0.036    

Slack (MET) :             0.036ns  (required time - arrival time)
  Source:                 u_mlkem/u_ctrl/fcnt_reg[1]/C
                            (rising edge-triggered cell FDRE clocked by clk_core_mmcm  {rise@0.000ns fall@2.424ns period=4.848ns})
  Destination:            u_mlkem/u_ctrl/fq_reg[4][3]/CE
                            (rising edge-triggered cell FDRE clocked by clk_core_mmcm  {rise@0.000ns fall@2.424ns period=4.848ns})
  Path Group:             clk_core_mmcm
  Path Type:              Setup (Max at Slow Process Corner)
  Requirement:            4.848ns  (clk_core_mmcm rise@4.848ns - clk_core_mmcm rise@0.000ns)
  Data Path Delay:        4.590ns  (logic 1.076ns (23.443%)  route 3.514ns (76.557%))
  Logic Levels:           5  (LUT2=1 LUT3=1 LUT6=3)
  Clock Path Skew:        0.057ns (DCD - SCD + CPR)
    Destination Clock Delay (DCD):    9.115ns = ( 13.964 - 4.848 ) 
    Source Clock Delay      (SCD):    9.491ns
    Clock Pessimism Removal (CPR):    0.432ns
  Clock Uncertainty:      0.074ns  ((TSJ^2 + DJ^2)^1/2) / 2 + PE
    Total System Jitter     (TSJ):    0.071ns
    Discrete Jitter          (DJ):    0.131ns
    Phase Error              (PE):    0.000ns

    Location             Delay type                Incr(ns)  Path(ns)    Netlist Resource(s)
  -------------------------------------------------------------------    -------------------
                         (clock clk_core_mmcm rise edge)
                                                      0.000     0.000 r  
    E3                                                0.000     0.000 r  clk_100mhz (IN)
                         net (fo=0)                   0.000     0.000    clk_100mhz
    E3                   IBUF (Prop_ibuf_I_O)         1.482     1.482 r  clk_100mhz_IBUF_inst/O
                         net (fo=1, routed)           2.025     3.506    clk_100mhz_IBUF
    BUFGCTRL_X0Y16       BUFG (Prop_bufg_I_O)         0.096     3.602 r  clk_100mhz_IBUF_BUFG_inst/O
                         net (fo=2651, routed)        1.809     5.412    clk_100mhz_IBUF_BUFG
    MMCME2_ADV_X0Y0      MMCME2_ADV (Prop_mmcme2_adv_CLKIN1_CLKOUT0)
                                                      0.088     5.500 r  u_mmcm/CLKOUT0
                         net (fo=1, routed)           2.018     7.518    clk_core_mmcm
    BUFGCTRL_X0Y1        BUFG (Prop_bufg_I_O)         0.096     7.614 r  u_bufg_core_replica/O
                         net (fo=2, routed)           0.140     7.754    clk_core_repN
    BUFGCTRL_X0Y0        BUFG (Prop_bufg_I_O)         0.096     7.850 r  u_bufg_core/O
                         net (fo=5015, routed)        1.640     9.491    u_mlkem/u_ctrl/clk_core
    SLICE_X32Y51         FDRE                                         r  u_mlkem/u_ctrl/fcnt_reg[1]/C
  -------------------------------------------------------------------    -------------------
    SLICE_X32Y51         FDRE (Prop_fdre_C_Q)         0.456     9.947 r  u_mlkem/u_ctrl/fcnt_reg[1]/Q
                         net (fo=13, routed)          0.465    10.412    u_mlkem/u_ctrl/fcnt_reg_n_0_[1]
    SLICE_X33Y51         LUT2 (Prop_lut2_I0_O)        0.124    10.536 r  u_mlkem/u_ctrl/pos[7]_i_4/O
                         net (fo=2, routed)           0.318    10.854    u_mlkem/u_unpack/q2_reg[63]_2
    SLICE_X34Y51         LUT6 (Prop_lut6_I2_O)        0.124    10.978 r  u_mlkem/u_unpack/q2[63]_i_4/O
                         net (fo=20, routed)          0.876    11.854    u_mlkem/u_ctrl/up_src_take
    SLICE_X25Y46         LUT6 (Prop_lut6_I0_O)        0.124    11.978 r  u_mlkem/u_ctrl/FSM_onehot_state[8]_i_2/O
                         net (fo=145, routed)         0.609    12.587    u_mlkem/u_ctrl/FSM_onehot_state[8]_i_2_n_0
    SLICE_X25Y44         LUT6 (Prop_lut6_I3_O)        0.124    12.711 r  u_mlkem/u_ctrl/fq[4][31]_i_3/O
                         net (fo=33, routed)          0.517    13.227    u_mlkem/u_ctrl/fq[4][31]_i_3_n_0
    SLICE_X24Y44         LUT3 (Prop_lut3_I1_O)        0.124    13.351 r  u_mlkem/u_ctrl/fq[4][31]_i_1/O
                         net (fo=32, routed)          0.729    14.080    u_mlkem/u_ctrl/fq[4][31]_i_1_n_0
    SLICE_X15Y44         FDRE                                         r  u_mlkem/u_ctrl/fq_reg[4][3]/CE
  -------------------------------------------------------------------    -------------------

                         (clock clk_core_mmcm rise edge)
                                                      4.848     4.848 r  
    E3                                                0.000     4.848 r  clk_100mhz (IN)
                         net (fo=0)                   0.000     4.848    clk_100mhz
    E3                   IBUF (Prop_ibuf_I_O)         1.411     6.260 r  clk_100mhz_IBUF_inst/O
                         net (fo=1, routed)           1.920     8.180    clk_100mhz_IBUF
    BUFGCTRL_X0Y16       BUFG (Prop_bufg_I_O)         0.091     8.271 r  clk_100mhz_IBUF_BUFG_inst/O
                         net (fo=2651, routed)        1.683     9.954    clk_100mhz_IBUF_BUFG
    MMCME2_ADV_X0Y0      MMCME2_ADV (Prop_mmcme2_adv_CLKIN1_CLKOUT0)
                                                      0.083    10.037 r  u_mmcm/CLKOUT0
                         net (fo=1, routed)           1.923    11.960    clk_core_mmcm
    BUFGCTRL_X0Y1        BUFG (Prop_bufg_I_O)         0.091    12.051 r  u_bufg_core_replica/O
                         net (fo=2, routed)           0.133    12.184    clk_core_repN
    BUFGCTRL_X0Y0        BUFG (Prop_bufg_I_O)         0.091    12.275 r  u_bufg_core/O
                         net (fo=5015, routed)        1.689    13.964    u_mlkem/u_ctrl/clk_core
    SLICE_X15Y44         FDRE                                         r  u_mlkem/u_ctrl/fq_reg[4][3]/C
                         clock pessimism              0.432    14.396    
                         clock uncertainty           -0.074    14.321    
    SLICE_X15Y44         FDRE (Setup_fdre_C_CE)      -0.205    14.116    u_mlkem/u_ctrl/fq_reg[4][3]
  -------------------------------------------------------------------
                         required time                         14.116    
                         arrival time                         -14.080    
  -------------------------------------------------------------------
                         slack                                  0.036    

Slack (MET) :             0.036ns  (required time - arrival time)
  Source:                 u_mlkem/u_ctrl/fcnt_reg[1]/C
                            (rising edge-triggered cell FDRE clocked by clk_core_mmcm  {rise@0.000ns fall@2.424ns period=4.848ns})
  Destination:            u_mlkem/u_ctrl/fq_reg[4][8]/CE
                            (rising edge-triggered cell FDRE clocked by clk_core_mmcm  {rise@0.000ns fall@2.424ns period=4.848ns})
  Path Group:             clk_core_mmcm
  Path Type:              Setup (Max at Slow Process Corner)
  Requirement:            4.848ns  (clk_core_mmcm rise@4.848ns - clk_core_mmcm rise@0.000ns)
  Data Path Delay:        4.590ns  (logic 1.076ns (23.443%)  route 3.514ns (76.557%))
  Logic Levels:           5  (LUT2=1 LUT3=1 LUT6=3)
  Clock Path Skew:        0.057ns (DCD - SCD + CPR)
    Destination Clock Delay (DCD):    9.115ns = ( 13.964 - 4.848 ) 
    Source Clock Delay      (SCD):    9.491ns
    Clock Pessimism Removal (CPR):    0.432ns
  Clock Uncertainty:      0.074ns  ((TSJ^2 + DJ^2)^1/2) / 2 + PE
    Total System Jitter     (TSJ):    0.071ns
    Discrete Jitter          (DJ):    0.131ns
    Phase Error              (PE):    0.000ns

    Location             Delay type                Incr(ns)  Path(ns)    Netlist Resource(s)
  -------------------------------------------------------------------    -------------------
                         (clock clk_core_mmcm rise edge)
                                                      0.000     0.000 r  
    E3                                                0.000     0.000 r  clk_100mhz (IN)
                         net (fo=0)                   0.000     0.000    clk_100mhz
    E3                   IBUF (Prop_ibuf_I_O)         1.482     1.482 r  clk_100mhz_IBUF_inst/O
                         net (fo=1, routed)           2.025     3.506    clk_100mhz_IBUF
    BUFGCTRL_X0Y16       BUFG (Prop_bufg_I_O)         0.096     3.602 r  clk_100mhz_IBUF_BUFG_inst/O
                         net (fo=2651, routed)        1.809     5.412    clk_100mhz_IBUF_BUFG
    MMCME2_ADV_X0Y0      MMCME2_ADV (Prop_mmcme2_adv_CLKIN1_CLKOUT0)
                                                      0.088     5.500 r  u_mmcm/CLKOUT0
                         net (fo=1, routed)           2.018     7.518    clk_core_mmcm
    BUFGCTRL_X0Y1        BUFG (Prop_bufg_I_O)         0.096     7.614 r  u_bufg_core_replica/O
                         net (fo=2, routed)           0.140     7.754    clk_core_repN
    BUFGCTRL_X0Y0        BUFG (Prop_bufg_I_O)         0.096     7.850 r  u_bufg_core/O
                         net (fo=5015, routed)        1.640     9.491    u_mlkem/u_ctrl/clk_core
    SLICE_X32Y51         FDRE                                         r  u_mlkem/u_ctrl/fcnt_reg[1]/C
  -------------------------------------------------------------------    -------------------
    SLICE_X32Y51         FDRE (Prop_fdre_C_Q)         0.456     9.947 r  u_mlkem/u_ctrl/fcnt_reg[1]/Q
                         net (fo=13, routed)          0.465    10.412    u_mlkem/u_ctrl/fcnt_reg_n_0_[1]
    SLICE_X33Y51         LUT2 (Prop_lut2_I0_O)        0.124    10.536 r  u_mlkem/u_ctrl/pos[7]_i_4/O
                         net (fo=2, routed)           0.318    10.854    u_mlkem/u_unpack/q2_reg[63]_2
    SLICE_X34Y51         LUT6 (Prop_lut6_I2_O)        0.124    10.978 r  u_mlkem/u_unpack/q2[63]_i_4/O
                         net (fo=20, routed)          0.876    11.854    u_mlkem/u_ctrl/up_src_take
    SLICE_X25Y46         LUT6 (Prop_lut6_I0_O)        0.124    11.978 r  u_mlkem/u_ctrl/FSM_onehot_state[8]_i_2/O
                         net (fo=145, routed)         0.609    12.587    u_mlkem/u_ctrl/FSM_onehot_state[8]_i_2_n_0
    SLICE_X25Y44         LUT6 (Prop_lut6_I3_O)        0.124    12.711 r  u_mlkem/u_ctrl/fq[4][31]_i_3/O
                         net (fo=33, routed)          0.517    13.227    u_mlkem/u_ctrl/fq[4][31]_i_3_n_0
    SLICE_X24Y44         LUT3 (Prop_lut3_I1_O)        0.124    13.351 r  u_mlkem/u_ctrl/fq[4][31]_i_1/O
                         net (fo=32, routed)          0.729    14.080    u_mlkem/u_ctrl/fq[4][31]_i_1_n_0
    SLICE_X15Y44         FDRE                                         r  u_mlkem/u_ctrl/fq_reg[4][8]/CE
  -------------------------------------------------------------------    -------------------

                         (clock clk_core_mmcm rise edge)
                                                      4.848     4.848 r  
    E3                                                0.000     4.848 r  clk_100mhz (IN)
                         net (fo=0)                   0.000     4.848    clk_100mhz
    E3                   IBUF (Prop_ibuf_I_O)         1.411     6.260 r  clk_100mhz_IBUF_inst/O
                         net (fo=1, routed)           1.920     8.180    clk_100mhz_IBUF
    BUFGCTRL_X0Y16       BUFG (Prop_bufg_I_O)         0.091     8.271 r  clk_100mhz_IBUF_BUFG_inst/O
                         net (fo=2651, routed)        1.683     9.954    clk_100mhz_IBUF_BUFG
    MMCME2_ADV_X0Y0      MMCME2_ADV (Prop_mmcme2_adv_CLKIN1_CLKOUT0)
                                                      0.083    10.037 r  u_mmcm/CLKOUT0
                         net (fo=1, routed)           1.923    11.960    clk_core_mmcm
    BUFGCTRL_X0Y1        BUFG (Prop_bufg_I_O)         0.091    12.051 r  u_bufg_core_replica/O
                         net (fo=2, routed)           0.133    12.184    clk_core_repN
    BUFGCTRL_X0Y0        BUFG (Prop_bufg_I_O)         0.091    12.275 r  u_bufg_core/O
                         net (fo=5015, routed)        1.689    13.964    u_mlkem/u_ctrl/clk_core
    SLICE_X15Y44         FDRE                                         r  u_mlkem/u_ctrl/fq_reg[4][8]/C
                         clock pessimism              0.432    14.396    
                         clock uncertainty           -0.074    14.321    
    SLICE_X15Y44         FDRE (Setup_fdre_C_CE)      -0.205    14.116    u_mlkem/u_ctrl/fq_reg[4][8]
  -------------------------------------------------------------------
                         required time                         14.116    
                         arrival time                         -14.080    
  -------------------------------------------------------------------
                         slack                                  0.036    

Slack (MET) :             0.038ns  (required time - arrival time)
  Source:                 u_mlkem/u_ctrl/fcnt_reg[1]/C
                            (rising edge-triggered cell FDRE clocked by clk_core_mmcm  {rise@0.000ns fall@2.424ns period=4.848ns})
  Destination:            u_mlkem/u_ctrl/fq_reg[4][12]/CE
                            (rising edge-triggered cell FDRE clocked by clk_core_mmcm  {rise@0.000ns fall@2.424ns period=4.848ns})
  Path Group:             clk_core_mmcm
  Path Type:              Setup (Max at Slow Process Corner)
  Requirement:            4.848ns  (clk_core_mmcm rise@4.848ns - clk_core_mmcm rise@0.000ns)
  Data Path Delay:        4.585ns  (logic 1.076ns (23.468%)  route 3.509ns (76.532%))
  Logic Levels:           5  (LUT2=1 LUT3=1 LUT6=3)
  Clock Path Skew:        0.054ns (DCD - SCD + CPR)
    Destination Clock Delay (DCD):    9.112ns = ( 13.961 - 4.848 ) 
    Source Clock Delay      (SCD):    9.491ns
    Clock Pessimism Removal (CPR):    0.432ns
  Clock Uncertainty:      0.074ns  ((TSJ^2 + DJ^2)^1/2) / 2 + PE
    Total System Jitter     (TSJ):    0.071ns
    Discrete Jitter          (DJ):    0.131ns
    Phase Error              (PE):    0.000ns

    Location             Delay type                Incr(ns)  Path(ns)    Netlist Resource(s)
  -------------------------------------------------------------------    -------------------
                         (clock clk_core_mmcm rise edge)
                                                      0.000     0.000 r  
    E3                                                0.000     0.000 r  clk_100mhz (IN)
                         net (fo=0)                   0.000     0.000    clk_100mhz
    E3                   IBUF (Prop_ibuf_I_O)         1.482     1.482 r  clk_100mhz_IBUF_inst/O
                         net (fo=1, routed)           2.025     3.506    clk_100mhz_IBUF
    BUFGCTRL_X0Y16       BUFG (Prop_bufg_I_O)         0.096     3.602 r  clk_100mhz_IBUF_BUFG_inst/O
                         net (fo=2651, routed)        1.809     5.412    clk_100mhz_IBUF_BUFG
    MMCME2_ADV_X0Y0      MMCME2_ADV (Prop_mmcme2_adv_CLKIN1_CLKOUT0)
                                                      0.088     5.500 r  u_mmcm/CLKOUT0
                         net (fo=1, routed)           2.018     7.518    clk_core_mmcm
    BUFGCTRL_X0Y1        BUFG (Prop_bufg_I_O)         0.096     7.614 r  u_bufg_core_replica/O
                         net (fo=2, routed)           0.140     7.754    clk_core_repN
    BUFGCTRL_X0Y0        BUFG (Prop_bufg_I_O)         0.096     7.850 r  u_bufg_core/O
                         net (fo=5015, routed)        1.640     9.491    u_mlkem/u_ctrl/clk_core
    SLICE_X32Y51         FDRE                                         r  u_mlkem/u_ctrl/fcnt_reg[1]/C
  -------------------------------------------------------------------    -------------------
    SLICE_X32Y51         FDRE (Prop_fdre_C_Q)         0.456     9.947 r  u_mlkem/u_ctrl/fcnt_reg[1]/Q
                         net (fo=13, routed)          0.465    10.412    u_mlkem/u_ctrl/fcnt_reg_n_0_[1]
    SLICE_X33Y51         LUT2 (Prop_lut2_I0_O)        0.124    10.536 r  u_mlkem/u_ctrl/pos[7]_i_4/O
                         net (fo=2, routed)           0.318    10.854    u_mlkem/u_unpack/q2_reg[63]_2
    SLICE_X34Y51         LUT6 (Prop_lut6_I2_O)        0.124    10.978 r  u_mlkem/u_unpack/q2[63]_i_4/O
                         net (fo=20, routed)          0.876    11.854    u_mlkem/u_ctrl/up_src_take
    SLICE_X25Y46         LUT6 (Prop_lut6_I0_O)        0.124    11.978 r  u_mlkem/u_ctrl/FSM_onehot_state[8]_i_2/O
                         net (fo=145, routed)         0.609    12.587    u_mlkem/u_ctrl/FSM_onehot_state[8]_i_2_n_0
    SLICE_X25Y44         LUT6 (Prop_lut6_I3_O)        0.124    12.711 r  u_mlkem/u_ctrl/fq[4][31]_i_3/O
                         net (fo=33, routed)          0.517    13.227    u_mlkem/u_ctrl/fq[4][31]_i_3_n_0
    SLICE_X24Y44         LUT3 (Prop_lut3_I1_O)        0.124    13.351 r  u_mlkem/u_ctrl/fq[4][31]_i_1/O
                         net (fo=32, routed)          0.724    14.075    u_mlkem/u_ctrl/fq[4][31]_i_1_n_0
    SLICE_X17Y45         FDRE                                         r  u_mlkem/u_ctrl/fq_reg[4][12]/CE
  -------------------------------------------------------------------    -------------------

                         (clock clk_core_mmcm rise edge)
                                                      4.848     4.848 r  
    E3                                                0.000     4.848 r  clk_100mhz (IN)
                         net (fo=0)                   0.000     4.848    clk_100mhz
    E3                   IBUF (Prop_ibuf_I_O)         1.411     6.260 r  clk_100mhz_IBUF_inst/O
                         net (fo=1, routed)           1.920     8.180    clk_100mhz_IBUF
    BUFGCTRL_X0Y16       BUFG (Prop_bufg_I_O)         0.091     8.271 r  clk_100mhz_IBUF_BUFG_inst/O
                         net (fo=2651, routed)        1.683     9.954    clk_100mhz_IBUF_BUFG
    MMCME2_ADV_X0Y0      MMCME2_ADV (Prop_mmcme2_adv_CLKIN1_CLKOUT0)
                                                      0.083    10.037 r  u_mmcm/CLKOUT0
                         net (fo=1, routed)           1.923    11.960    clk_core_mmcm
    BUFGCTRL_X0Y1        BUFG (Prop_bufg_I_O)         0.091    12.051 r  u_bufg_core_replica/O
                         net (fo=2, routed)           0.133    12.184    clk_core_repN
    BUFGCTRL_X0Y0        BUFG (Prop_bufg_I_O)         0.091    12.275 r  u_bufg_core/O
                         net (fo=5015, routed)        1.686    13.961    u_mlkem/u_ctrl/clk_core
    SLICE_X17Y45         FDRE                                         r  u_mlkem/u_ctrl/fq_reg[4][12]/C
                         clock pessimism              0.432    14.393    
                         clock uncertainty           -0.074    14.318    
    SLICE_X17Y45         FDRE (Setup_fdre_C_CE)      -0.205    14.113    u_mlkem/u_ctrl/fq_reg[4][12]
  -------------------------------------------------------------------
                         required time                         14.113    
                         arrival time                         -14.075    
  -------------------------------------------------------------------
                         slack                                  0.038    

Slack (MET) :             0.038ns  (required time - arrival time)
  Source:                 u_mlkem/u_ctrl/fcnt_reg[1]/C
                            (rising edge-triggered cell FDRE clocked by clk_core_mmcm  {rise@0.000ns fall@2.424ns period=4.848ns})
  Destination:            u_mlkem/u_ctrl/fq_reg[4][17]/CE
                            (rising edge-triggered cell FDRE clocked by clk_core_mmcm  {rise@0.000ns fall@2.424ns period=4.848ns})
  Path Group:             clk_core_mmcm
  Path Type:              Setup (Max at Slow Process Corner)
  Requirement:            4.848ns  (clk_core_mmcm rise@4.848ns - clk_core_mmcm rise@0.000ns)
  Data Path Delay:        4.585ns  (logic 1.076ns (23.468%)  route 3.509ns (76.532%))
  Logic Levels:           5  (LUT2=1 LUT3=1 LUT6=3)
  Clock Path Skew:        0.054ns (DCD - SCD + CPR)
    Destination Clock Delay (DCD):    9.112ns = ( 13.961 - 4.848 ) 
    Source Clock Delay      (SCD):    9.491ns
    Clock Pessimism Removal (CPR):    0.432ns
  Clock Uncertainty:      0.074ns  ((TSJ^2 + DJ^2)^1/2) / 2 + PE
    Total System Jitter     (TSJ):    0.071ns
    Discrete Jitter          (DJ):    0.131ns
    Phase Error              (PE):    0.000ns

    Location             Delay type                Incr(ns)  Path(ns)    Netlist Resource(s)
  -------------------------------------------------------------------    -------------------
                         (clock clk_core_mmcm rise edge)
                                                      0.000     0.000 r  
    E3                                                0.000     0.000 r  clk_100mhz (IN)
                         net (fo=0)                   0.000     0.000    clk_100mhz
    E3                   IBUF (Prop_ibuf_I_O)         1.482     1.482 r  clk_100mhz_IBUF_inst/O
                         net (fo=1, routed)           2.025     3.506    clk_100mhz_IBUF
    BUFGCTRL_X0Y16       BUFG (Prop_bufg_I_O)         0.096     3.602 r  clk_100mhz_IBUF_BUFG_inst/O
                         net (fo=2651, routed)        1.809     5.412    clk_100mhz_IBUF_BUFG
    MMCME2_ADV_X0Y0      MMCME2_ADV (Prop_mmcme2_adv_CLKIN1_CLKOUT0)
                                                      0.088     5.500 r  u_mmcm/CLKOUT0
                         net (fo=1, routed)           2.018     7.518    clk_core_mmcm
    BUFGCTRL_X0Y1        BUFG (Prop_bufg_I_O)         0.096     7.614 r  u_bufg_core_replica/O
                         net (fo=2, routed)           0.140     7.754    clk_core_repN
    BUFGCTRL_X0Y0        BUFG (Prop_bufg_I_O)         0.096     7.850 r  u_bufg_core/O
                         net (fo=5015, routed)        1.640     9.491    u_mlkem/u_ctrl/clk_core
    SLICE_X32Y51         FDRE                                         r  u_mlkem/u_ctrl/fcnt_reg[1]/C
  -------------------------------------------------------------------    -------------------
    SLICE_X32Y51         FDRE (Prop_fdre_C_Q)         0.456     9.947 r  u_mlkem/u_ctrl/fcnt_reg[1]/Q
                         net (fo=13, routed)          0.465    10.412    u_mlkem/u_ctrl/fcnt_reg_n_0_[1]
    SLICE_X33Y51         LUT2 (Prop_lut2_I0_O)        0.124    10.536 r  u_mlkem/u_ctrl/pos[7]_i_4/O
                         net (fo=2, routed)           0.318    10.854    u_mlkem/u_unpack/q2_reg[63]_2
    SLICE_X34Y51         LUT6 (Prop_lut6_I2_O)        0.124    10.978 r  u_mlkem/u_unpack/q2[63]_i_4/O
                         net (fo=20, routed)          0.876    11.854    u_mlkem/u_ctrl/up_src_take
    SLICE_X25Y46         LUT6 (Prop_lut6_I0_O)        0.124    11.978 r  u_mlkem/u_ctrl/FSM_onehot_state[8]_i_2/O
                         net (fo=145, routed)         0.609    12.587    u_mlkem/u_ctrl/FSM_onehot_state[8]_i_2_n_0
    SLICE_X25Y44         LUT6 (Prop_lut6_I3_O)        0.124    12.711 r  u_mlkem/u_ctrl/fq[4][31]_i_3/O
                         net (fo=33, routed)          0.517    13.227    u_mlkem/u_ctrl/fq[4][31]_i_3_n_0
    SLICE_X24Y44         LUT3 (Prop_lut3_I1_O)        0.124    13.351 r  u_mlkem/u_ctrl/fq[4][31]_i_1/O
                         net (fo=32, routed)          0.724    14.075    u_mlkem/u_ctrl/fq[4][31]_i_1_n_0
    SLICE_X17Y45         FDRE                                         r  u_mlkem/u_ctrl/fq_reg[4][17]/CE
  -------------------------------------------------------------------    -------------------

                         (clock clk_core_mmcm rise edge)
                                                      4.848     4.848 r  
    E3                                                0.000     4.848 r  clk_100mhz (IN)
                         net (fo=0)                   0.000     4.848    clk_100mhz
    E3                   IBUF (Prop_ibuf_I_O)         1.411     6.260 r  clk_100mhz_IBUF_inst/O
                         net (fo=1, routed)           1.920     8.180    clk_100mhz_IBUF
    BUFGCTRL_X0Y16       BUFG (Prop_bufg_I_O)         0.091     8.271 r  clk_100mhz_IBUF_BUFG_inst/O
                         net (fo=2651, routed)        1.683     9.954    clk_100mhz_IBUF_BUFG
    MMCME2_ADV_X0Y0      MMCME2_ADV (Prop_mmcme2_adv_CLKIN1_CLKOUT0)
                                                      0.083    10.037 r  u_mmcm/CLKOUT0
                         net (fo=1, routed)           1.923    11.960    clk_core_mmcm
    BUFGCTRL_X0Y1        BUFG (Prop_bufg_I_O)         0.091    12.051 r  u_bufg_core_replica/O
                         net (fo=2, routed)           0.133    12.184    clk_core_repN
    BUFGCTRL_X0Y0        BUFG (Prop_bufg_I_O)         0.091    12.275 r  u_bufg_core/O
                         net (fo=5015, routed)        1.686    13.961    u_mlkem/u_ctrl/clk_core
    SLICE_X17Y45         FDRE                                         r  u_mlkem/u_ctrl/fq_reg[4][17]/C
                         clock pessimism              0.432    14.393    
                         clock uncertainty           -0.074    14.318    
    SLICE_X17Y45         FDRE (Setup_fdre_C_CE)      -0.205    14.113    u_mlkem/u_ctrl/fq_reg[4][17]
  -------------------------------------------------------------------
                         required time                         14.113    
                         arrival time                         -14.075    
  -------------------------------------------------------------------
                         slack                                  0.038    

Slack (MET) :             0.038ns  (required time - arrival time)
  Source:                 u_mlkem/u_ctrl/fcnt_reg[1]/C
                            (rising edge-triggered cell FDRE clocked by clk_core_mmcm  {rise@0.000ns fall@2.424ns period=4.848ns})
  Destination:            u_mlkem/u_ctrl/fq_reg[4][30]/CE
                            (rising edge-triggered cell FDRE clocked by clk_core_mmcm  {rise@0.000ns fall@2.424ns period=4.848ns})
  Path Group:             clk_core_mmcm
  Path Type:              Setup (Max at Slow Process Corner)
  Requirement:            4.848ns  (clk_core_mmcm rise@4.848ns - clk_core_mmcm rise@0.000ns)
  Data Path Delay:        4.585ns  (logic 1.076ns (23.468%)  route 3.509ns (76.532%))
  Logic Levels:           5  (LUT2=1 LUT3=1 LUT6=3)
  Clock Path Skew:        0.054ns (DCD - SCD + CPR)
    Destination Clock Delay (DCD):    9.112ns = ( 13.961 - 4.848 ) 
    Source Clock Delay      (SCD):    9.491ns
    Clock Pessimism Removal (CPR):    0.432ns
  Clock Uncertainty:      0.074ns  ((TSJ^2 + DJ^2)^1/2) / 2 + PE
    Total System Jitter     (TSJ):    0.071ns
    Discrete Jitter          (DJ):    0.131ns
    Phase Error              (PE):    0.000ns

    Location             Delay type                Incr(ns)  Path(ns)    Netlist Resource(s)
  -------------------------------------------------------------------    -------------------
                         (clock clk_core_mmcm rise edge)
                                                      0.000     0.000 r  
    E3                                                0.000     0.000 r  clk_100mhz (IN)
                         net (fo=0)                   0.000     0.000    clk_100mhz
    E3                   IBUF (Prop_ibuf_I_O)         1.482     1.482 r  clk_100mhz_IBUF_inst/O
                         net (fo=1, routed)           2.025     3.506    clk_100mhz_IBUF
    BUFGCTRL_X0Y16       BUFG (Prop_bufg_I_O)         0.096     3.602 r  clk_100mhz_IBUF_BUFG_inst/O
                         net (fo=2651, routed)        1.809     5.412    clk_100mhz_IBUF_BUFG
    MMCME2_ADV_X0Y0      MMCME2_ADV (Prop_mmcme2_adv_CLKIN1_CLKOUT0)
                                                      0.088     5.500 r  u_mmcm/CLKOUT0
                         net (fo=1, routed)           2.018     7.518    clk_core_mmcm
    BUFGCTRL_X0Y1        BUFG (Prop_bufg_I_O)         0.096     7.614 r  u_bufg_core_replica/O
                         net (fo=2, routed)           0.140     7.754    clk_core_repN
    BUFGCTRL_X0Y0        BUFG (Prop_bufg_I_O)         0.096     7.850 r  u_bufg_core/O
                         net (fo=5015, routed)        1.640     9.491    u_mlkem/u_ctrl/clk_core
    SLICE_X32Y51         FDRE                                         r  u_mlkem/u_ctrl/fcnt_reg[1]/C
  -------------------------------------------------------------------    -------------------
    SLICE_X32Y51         FDRE (Prop_fdre_C_Q)         0.456     9.947 r  u_mlkem/u_ctrl/fcnt_reg[1]/Q
                         net (fo=13, routed)          0.465    10.412    u_mlkem/u_ctrl/fcnt_reg_n_0_[1]
    SLICE_X33Y51         LUT2 (Prop_lut2_I0_O)        0.124    10.536 r  u_mlkem/u_ctrl/pos[7]_i_4/O
                         net (fo=2, routed)           0.318    10.854    u_mlkem/u_unpack/q2_reg[63]_2
    SLICE_X34Y51         LUT6 (Prop_lut6_I2_O)        0.124    10.978 r  u_mlkem/u_unpack/q2[63]_i_4/O
                         net (fo=20, routed)          0.876    11.854    u_mlkem/u_ctrl/up_src_take
    SLICE_X25Y46         LUT6 (Prop_lut6_I0_O)        0.124    11.978 r  u_mlkem/u_ctrl/FSM_onehot_state[8]_i_2/O
                         net (fo=145, routed)         0.609    12.587    u_mlkem/u_ctrl/FSM_onehot_state[8]_i_2_n_0
    SLICE_X25Y44         LUT6 (Prop_lut6_I3_O)        0.124    12.711 r  u_mlkem/u_ctrl/fq[4][31]_i_3/O
                         net (fo=33, routed)          0.517    13.227    u_mlkem/u_ctrl/fq[4][31]_i_3_n_0
    SLICE_X24Y44         LUT3 (Prop_lut3_I1_O)        0.124    13.351 r  u_mlkem/u_ctrl/fq[4][31]_i_1/O
                         net (fo=32, routed)          0.724    14.075    u_mlkem/u_ctrl/fq[4][31]_i_1_n_0
    SLICE_X17Y45         FDRE                                         r  u_mlkem/u_ctrl/fq_reg[4][30]/CE
  -------------------------------------------------------------------    -------------------

                         (clock clk_core_mmcm rise edge)
                                                      4.848     4.848 r  
    E3                                                0.000     4.848 r  clk_100mhz (IN)
                         net (fo=0)                   0.000     4.848    clk_100mhz
    E3                   IBUF (Prop_ibuf_I_O)         1.411     6.260 r  clk_100mhz_IBUF_inst/O
                         net (fo=1, routed)           1.920     8.180    clk_100mhz_IBUF
    BUFGCTRL_X0Y16       BUFG (Prop_bufg_I_O)         0.091     8.271 r  clk_100mhz_IBUF_BUFG_inst/O
                         net (fo=2651, routed)        1.683     9.954    clk_100mhz_IBUF_BUFG
    MMCME2_ADV_X0Y0      MMCME2_ADV (Prop_mmcme2_adv_CLKIN1_CLKOUT0)
                                                      0.083    10.037 r  u_mmcm/CLKOUT0
                         net (fo=1, routed)           1.923    11.960    clk_core_mmcm
    BUFGCTRL_X0Y1        BUFG (Prop_bufg_I_O)         0.091    12.051 r  u_bufg_core_replica/O
                         net (fo=2, routed)           0.133    12.184    clk_core_repN
    BUFGCTRL_X0Y0        BUFG (Prop_bufg_I_O)         0.091    12.275 r  u_bufg_core/O
                         net (fo=5015, routed)        1.686    13.961    u_mlkem/u_ctrl/clk_core
    SLICE_X17Y45         FDRE                                         r  u_mlkem/u_ctrl/fq_reg[4][30]/C
                         clock pessimism              0.432    14.393    
                         clock uncertainty           -0.074    14.318    
    SLICE_X17Y45         FDRE (Setup_fdre_C_CE)      -0.205    14.113    u_mlkem/u_ctrl/fq_reg[4][30]
  -------------------------------------------------------------------
                         required time                         14.113    
                         arrival time                         -14.075    
  -------------------------------------------------------------------
                         slack                                  0.038    





Min Delay Paths
--------------------------------------------------------------------------------------
Slack (MET) :             0.034ns  (arrival time - required time)
  Source:                 u_mlkem/u_unpack/alt1_reg[1]/C
                            (rising edge-triggered cell FDRE clocked by clk_core_mmcm  {rise@0.000ns fall@2.424ns period=4.848ns})
  Destination:            u_mlkem/u_unpack/alt1b_reg[1]/D
                            (rising edge-triggered cell FDRE clocked by clk_core_mmcm  {rise@0.000ns fall@2.424ns period=4.848ns})
  Path Group:             clk_core_mmcm
  Path Type:              Hold (Min at Fast Process Corner)
  Requirement:            0.000ns  (clk_core_mmcm rise@0.000ns - clk_core_mmcm rise@0.000ns)
  Data Path Delay:        0.371ns  (logic 0.141ns (38.024%)  route 0.230ns (61.976%))
  Logic Levels:           0  
  Clock Path Skew:        0.262ns (DCD - SCD - CPR)
    Destination Clock Delay (DCD):    3.808ns
    Source Clock Delay      (SCD):    2.954ns
    Clock Pessimism Removal (CPR):    0.592ns

    Location             Delay type                Incr(ns)  Path(ns)    Netlist Resource(s)
  -------------------------------------------------------------------    -------------------
                         (clock clk_core_mmcm rise edge)
                                                      0.000     0.000 r  
    E3                                                0.000     0.000 r  clk_100mhz (IN)
                         net (fo=0)                   0.000     0.000    clk_100mhz
    E3                   IBUF (Prop_ibuf_I_O)         0.250     0.250 r  clk_100mhz_IBUF_inst/O
                         net (fo=1, routed)           0.644     0.894    clk_100mhz_IBUF
    BUFGCTRL_X0Y16       BUFG (Prop_bufg_I_O)         0.026     0.920 r  clk_100mhz_IBUF_BUFG_inst/O
                         net (fo=2651, routed)        0.624     1.544    clk_100mhz_IBUF_BUFG
    MMCME2_ADV_X0Y0      MMCME2_ADV (Prop_mmcme2_adv_CLKIN1_CLKOUT0)
                                                      0.050     1.594 r  u_mmcm/CLKOUT0
                         net (fo=1, routed)           0.648     2.242    clk_core_mmcm
    BUFGCTRL_X0Y1        BUFG (Prop_bufg_I_O)         0.026     2.268 r  u_bufg_core_replica/O
                         net (fo=2, routed)           0.030     2.298    clk_core_repN
    BUFGCTRL_X0Y0        BUFG (Prop_bufg_I_O)         0.026     2.324 r  u_bufg_core/O
                         net (fo=5015, routed)        0.630     2.954    u_mlkem/u_unpack/clk_core
    SLICE_X49Y44         FDRE                                         r  u_mlkem/u_unpack/alt1_reg[1]/C
  -------------------------------------------------------------------    -------------------
    SLICE_X49Y44         FDRE (Prop_fdre_C_Q)         0.141     3.095 r  u_mlkem/u_unpack/alt1_reg[1]/Q
                         net (fo=1, routed)           0.230     3.325    u_mlkem/u_unpack/alt1_reg_n_0_[1]
    SLICE_X52Y42         FDRE                                         r  u_mlkem/u_unpack/alt1b_reg[1]/D
  -------------------------------------------------------------------    -------------------

                         (clock clk_core_mmcm rise edge)
                                                      0.000     0.000 r  
    E3                                                0.000     0.000 r  clk_100mhz (IN)
                         net (fo=0)                   0.000     0.000    clk_100mhz
    E3                   IBUF (Prop_ibuf_I_O)         0.438     0.438 r  clk_100mhz_IBUF_inst/O
                         net (fo=1, routed)           0.699     1.136    clk_100mhz_IBUF
    BUFGCTRL_X0Y16       BUFG (Prop_bufg_I_O)         0.029     1.165 r  clk_100mhz_IBUF_BUFG_inst/O
                         net (fo=2651, routed)        0.898     2.063    clk_100mhz_IBUF_BUFG
    MMCME2_ADV_X0Y0      MMCME2_ADV (Prop_mmcme2_adv_CLKIN1_CLKOUT0)
                                                      0.053     2.116 r  u_mmcm/CLKOUT0
                         net (fo=1, routed)           0.700     2.816    clk_core_mmcm
    BUFGCTRL_X0Y1        BUFG (Prop_bufg_I_O)         0.029     2.845 r  u_bufg_core_replica/O
                         net (fo=2, routed)           0.033     2.878    clk_core_repN
    BUFGCTRL_X0Y0        BUFG (Prop_bufg_I_O)         0.029     2.907 r  u_bufg_core/O
                         net (fo=5015, routed)        0.901     3.808    u_mlkem/u_unpack/clk_core
    SLICE_X52Y42         FDRE                                         r  u_mlkem/u_unpack/alt1b_reg[1]/C
                         clock pessimism             -0.592     3.216    
    SLICE_X52Y42         FDRE (Hold_fdre_C_D)         0.075     3.291    u_mlkem/u_unpack/alt1b_reg[1]
  -------------------------------------------------------------------
                         required time                         -3.291    
                         arrival time                           3.325    
  -------------------------------------------------------------------
                         slack                                  0.034    

Slack (MET) :             0.036ns  (arrival time - required time)
  Source:                 u_mlkem/u_unpack/alt1_reg[11]/C
                            (rising edge-triggered cell FDRE clocked by clk_core_mmcm  {rise@0.000ns fall@2.424ns period=4.848ns})
  Destination:            u_mlkem/u_unpack/alt1b_reg[11]/D
                            (rising edge-triggered cell FDRE clocked by clk_core_mmcm  {rise@0.000ns fall@2.424ns period=4.848ns})
  Path Group:             clk_core_mmcm
  Path Type:              Hold (Min at Fast Process Corner)
  Requirement:            0.000ns  (clk_core_mmcm rise@0.000ns - clk_core_mmcm rise@0.000ns)
  Data Path Delay:        0.369ns  (logic 0.141ns (38.192%)  route 0.228ns (61.808%))
  Logic Levels:           0  
  Clock Path Skew:        0.263ns (DCD - SCD - CPR)
    Destination Clock Delay (DCD):    3.810ns
    Source Clock Delay      (SCD):    2.955ns
    Clock Pessimism Removal (CPR):    0.592ns

    Location             Delay type                Incr(ns)  Path(ns)    Netlist Resource(s)
  -------------------------------------------------------------------    -------------------
                         (clock clk_core_mmcm rise edge)
                                                      0.000     0.000 r  
    E3                                                0.000     0.000 r  clk_100mhz (IN)
                         net (fo=0)                   0.000     0.000    clk_100mhz
    E3                   IBUF (Prop_ibuf_I_O)         0.250     0.250 r  clk_100mhz_IBUF_inst/O
                         net (fo=1, routed)           0.644     0.894    clk_100mhz_IBUF
    BUFGCTRL_X0Y16       BUFG (Prop_bufg_I_O)         0.026     0.920 r  clk_100mhz_IBUF_BUFG_inst/O
                         net (fo=2651, routed)        0.624     1.544    clk_100mhz_IBUF_BUFG
    MMCME2_ADV_X0Y0      MMCME2_ADV (Prop_mmcme2_adv_CLKIN1_CLKOUT0)
                                                      0.050     1.594 r  u_mmcm/CLKOUT0
                         net (fo=1, routed)           0.648     2.242    clk_core_mmcm
    BUFGCTRL_X0Y1        BUFG (Prop_bufg_I_O)         0.026     2.268 r  u_bufg_core_replica/O
                         net (fo=2, routed)           0.030     2.298    clk_core_repN
    BUFGCTRL_X0Y0        BUFG (Prop_bufg_I_O)         0.026     2.324 r  u_bufg_core/O
                         net (fo=5015, routed)        0.631     2.955    u_mlkem/u_unpack/clk_core
    SLICE_X48Y48         FDRE                                         r  u_mlkem/u_unpack/alt1_reg[11]/C
  -------------------------------------------------------------------    -------------------
    SLICE_X48Y48         FDRE (Prop_fdre_C_Q)         0.141     3.096 r  u_mlkem/u_unpack/alt1_reg[11]/Q
                         net (fo=1, routed)           0.228     3.324    u_mlkem/u_unpack/alt1_reg_n_0_[11]
    SLICE_X53Y48         FDRE                                         r  u_mlkem/u_unpack/alt1b_reg[11]/D
  -------------------------------------------------------------------    -------------------

                         (clock clk_core_mmcm rise edge)
                                                      0.000     0.000 r  
    E3                                                0.000     0.000 r  clk_100mhz (IN)
                         net (fo=0)                   0.000     0.000    clk_100mhz
    E3                   IBUF (Prop_ibuf_I_O)         0.438     0.438 r  clk_100mhz_IBUF_inst/O
                         net (fo=1, routed)           0.699     1.136    clk_100mhz_IBUF
    BUFGCTRL_X0Y16       BUFG (Prop_bufg_I_O)         0.029     1.165 r  clk_100mhz_IBUF_BUFG_inst/O
                         net (fo=2651, routed)        0.898     2.063    clk_100mhz_IBUF_BUFG
    MMCME2_ADV_X0Y0      MMCME2_ADV (Prop_mmcme2_adv_CLKIN1_CLKOUT0)
                                                      0.053     2.116 r  u_mmcm/CLKOUT0
                         net (fo=1, routed)           0.700     2.816    clk_core_mmcm
    BUFGCTRL_X0Y1        BUFG (Prop_bufg_I_O)         0.029     2.845 r  u_bufg_core_replica/O
                         net (fo=2, routed)           0.033     2.878    clk_core_repN
    BUFGCTRL_X0Y0        BUFG (Prop_bufg_I_O)         0.029     2.907 r  u_bufg_core/O
                         net (fo=5015, routed)        0.903     3.810    u_mlkem/u_unpack/clk_core
    SLICE_X53Y48         FDRE                                         r  u_mlkem/u_unpack/alt1b_reg[11]/C
                         clock pessimism             -0.592     3.218    
    SLICE_X53Y48         FDRE (Hold_fdre_C_D)         0.070     3.288    u_mlkem/u_unpack/alt1b_reg[11]
  -------------------------------------------------------------------
                         required time                         -3.288    
                         arrival time                           3.324    
  -------------------------------------------------------------------
                         slack                                  0.036    

Slack (MET) :             0.041ns  (arrival time - required time)
  Source:                 u_mlkem/u_alu/cin_reg[15]/C
                            (rising edge-triggered cell FDRE clocked by clk_core_mmcm  {rise@0.000ns fall@2.424ns period=4.848ns})
  Destination:            u_mlkem/u_alu/cd_reg[12][15]_srl13/D
                            (rising edge-triggered cell SRL16E clocked by clk_core_mmcm  {rise@0.000ns fall@2.424ns period=4.848ns})
  Path Group:             clk_core_mmcm
  Path Type:              Hold (Min at Fast Process Corner)
  Requirement:            0.000ns  (clk_core_mmcm rise@0.000ns - clk_core_mmcm rise@0.000ns)
  Data Path Delay:        0.260ns  (logic 0.141ns (54.313%)  route 0.119ns (45.687%))
  Logic Levels:           0  
  Clock Path Skew:        0.036ns (DCD - SCD - CPR)
    Destination Clock Delay (DCD):    3.803ns
    Source Clock Delay      (SCD):    2.946ns
    Clock Pessimism Removal (CPR):    0.821ns

    Location             Delay type                Incr(ns)  Path(ns)    Netlist Resource(s)
  -------------------------------------------------------------------    -------------------
                         (clock clk_core_mmcm rise edge)
                                                      0.000     0.000 r  
    E3                                                0.000     0.000 r  clk_100mhz (IN)
                         net (fo=0)                   0.000     0.000    clk_100mhz
    E3                   IBUF (Prop_ibuf_I_O)         0.250     0.250 r  clk_100mhz_IBUF_inst/O
                         net (fo=1, routed)           0.644     0.894    clk_100mhz_IBUF
    BUFGCTRL_X0Y16       BUFG (Prop_bufg_I_O)         0.026     0.920 r  clk_100mhz_IBUF_BUFG_inst/O
                         net (fo=2651, routed)        0.624     1.544    clk_100mhz_IBUF_BUFG
    MMCME2_ADV_X0Y0      MMCME2_ADV (Prop_mmcme2_adv_CLKIN1_CLKOUT0)
                                                      0.050     1.594 r  u_mmcm/CLKOUT0
                         net (fo=1, routed)           0.648     2.242    clk_core_mmcm
    BUFGCTRL_X0Y1        BUFG (Prop_bufg_I_O)         0.026     2.268 r  u_bufg_core_replica/O
                         net (fo=2, routed)           0.030     2.298    clk_core_repN
    BUFGCTRL_X0Y0        BUFG (Prop_bufg_I_O)         0.026     2.324 r  u_bufg_core/O
                         net (fo=5015, routed)        0.622     2.946    u_mlkem/u_alu/clk_core
    SLICE_X68Y28         FDRE                                         r  u_mlkem/u_alu/cin_reg[15]/C
  -------------------------------------------------------------------    -------------------
    SLICE_X68Y28         FDRE (Prop_fdre_C_Q)         0.141     3.087 r  u_mlkem/u_alu/cin_reg[15]/Q
                         net (fo=1, routed)           0.119     3.206    u_mlkem/u_alu/cin[15]
    SLICE_X66Y28         SRL16E                                       r  u_mlkem/u_alu/cd_reg[12][15]_srl13/D
  -------------------------------------------------------------------    -------------------

                         (clock clk_core_mmcm rise edge)
                                                      0.000     0.000 r  
    E3                                                0.000     0.000 r  clk_100mhz (IN)
                         net (fo=0)                   0.000     0.000    clk_100mhz
    E3                   IBUF (Prop_ibuf_I_O)         0.438     0.438 r  clk_100mhz_IBUF_inst/O
                         net (fo=1, routed)           0.699     1.136    clk_100mhz_IBUF
    BUFGCTRL_X0Y16       BUFG (Prop_bufg_I_O)         0.029     1.165 r  clk_100mhz_IBUF_BUFG_inst/O
                         net (fo=2651, routed)        0.898     2.063    clk_100mhz_IBUF_BUFG
    MMCME2_ADV_X0Y0      MMCME2_ADV (Prop_mmcme2_adv_CLKIN1_CLKOUT0)
                                                      0.053     2.116 r  u_mmcm/CLKOUT0
                         net (fo=1, routed)           0.700     2.816    clk_core_mmcm
    BUFGCTRL_X0Y1        BUFG (Prop_bufg_I_O)         0.029     2.845 r  u_bufg_core_replica/O
                         net (fo=2, routed)           0.033     2.878    clk_core_repN
    BUFGCTRL_X0Y0        BUFG (Prop_bufg_I_O)         0.029     2.907 r  u_bufg_core/O
                         net (fo=5015, routed)        0.896     3.803    u_mlkem/u_alu/clk_core
    SLICE_X66Y28         SRL16E                                       r  u_mlkem/u_alu/cd_reg[12][15]_srl13/CLK
                         clock pessimism             -0.821     2.982    
    SLICE_X66Y28         SRL16E (Hold_srl16e_CLK_D)
                                                      0.183     3.165    u_mlkem/u_alu/cd_reg[12][15]_srl13
  -------------------------------------------------------------------
                         required time                         -3.165    
                         arrival time                           3.206    
  -------------------------------------------------------------------
                         slack                                  0.041    

Slack (MET) :             0.047ns  (arrival time - required time)
  Source:                 u_mlkem/u_alu/pg_reg[0][7]/C
                            (rising edge-triggered cell FDRE clocked by clk_core_mmcm  {rise@0.000ns fall@2.424ns period=4.848ns})
  Destination:            u_mlkem/u_alu/pg_reg[9][7]_srl9/D
                            (rising edge-triggered cell SRL16E clocked by clk_core_mmcm  {rise@0.000ns fall@2.424ns period=4.848ns})
  Path Group:             clk_core_mmcm
  Path Type:              Hold (Min at Fast Process Corner)
  Requirement:            0.000ns  (clk_core_mmcm rise@0.000ns - clk_core_mmcm rise@0.000ns)
  Data Path Delay:        0.263ns  (logic 0.141ns (53.675%)  route 0.122ns (46.325%))
  Logic Levels:           0  
  Clock Path Skew:        0.033ns (DCD - SCD - CPR)
    Destination Clock Delay (DCD):    3.799ns
    Source Clock Delay      (SCD):    2.945ns
    Clock Pessimism Removal (CPR):    0.821ns

    Location             Delay type                Incr(ns)  Path(ns)    Netlist Resource(s)
  -------------------------------------------------------------------    -------------------
                         (clock clk_core_mmcm rise edge)
                                                      0.000     0.000 r  
    E3                                                0.000     0.000 r  clk_100mhz (IN)
                         net (fo=0)                   0.000     0.000    clk_100mhz
    E3                   IBUF (Prop_ibuf_I_O)         0.250     0.250 r  clk_100mhz_IBUF_inst/O
                         net (fo=1, routed)           0.644     0.894    clk_100mhz_IBUF
    BUFGCTRL_X0Y16       BUFG (Prop_bufg_I_O)         0.026     0.920 r  clk_100mhz_IBUF_BUFG_inst/O
                         net (fo=2651, routed)        0.624     1.544    clk_100mhz_IBUF_BUFG
    MMCME2_ADV_X0Y0      MMCME2_ADV (Prop_mmcme2_adv_CLKIN1_CLKOUT0)
                                                      0.050     1.594 r  u_mmcm/CLKOUT0
                         net (fo=1, routed)           0.648     2.242    clk_core_mmcm
    BUFGCTRL_X0Y1        BUFG (Prop_bufg_I_O)         0.026     2.268 r  u_bufg_core_replica/O
                         net (fo=2, routed)           0.030     2.298    clk_core_repN
    BUFGCTRL_X0Y0        BUFG (Prop_bufg_I_O)         0.026     2.324 r  u_bufg_core/O
                         net (fo=5015, routed)        0.621     2.945    u_mlkem/u_alu/clk_core
    SLICE_X48Y20         FDRE                                         r  u_mlkem/u_alu/pg_reg[0][7]/C
  -------------------------------------------------------------------    -------------------
    SLICE_X48Y20         FDRE (Prop_fdre_C_Q)         0.141     3.086 r  u_mlkem/u_alu/pg_reg[0][7]/Q
                         net (fo=1, routed)           0.122     3.208    u_mlkem/u_alu/pg_reg_n_0_[0][7]
    SLICE_X50Y20         SRL16E                                       r  u_mlkem/u_alu/pg_reg[9][7]_srl9/D
  -------------------------------------------------------------------    -------------------

                         (clock clk_core_mmcm rise edge)
                                                      0.000     0.000 r  
    E3                                                0.000     0.000 r  clk_100mhz (IN)
                         net (fo=0)                   0.000     0.000    clk_100mhz
    E3                   IBUF (Prop_ibuf_I_O)         0.438     0.438 r  clk_100mhz_IBUF_inst/O
                         net (fo=1, routed)           0.699     1.136    clk_100mhz_IBUF
    BUFGCTRL_X0Y16       BUFG (Prop_bufg_I_O)         0.029     1.165 r  clk_100mhz_IBUF_BUFG_inst/O
                         net (fo=2651, routed)        0.898     2.063    clk_100mhz_IBUF_BUFG
    MMCME2_ADV_X0Y0      MMCME2_ADV (Prop_mmcme2_adv_CLKIN1_CLKOUT0)
                                                      0.053     2.116 r  u_mmcm/CLKOUT0
                         net (fo=1, routed)           0.700     2.816    clk_core_mmcm
    BUFGCTRL_X0Y1        BUFG (Prop_bufg_I_O)         0.029     2.845 r  u_bufg_core_replica/O
                         net (fo=2, routed)           0.033     2.878    clk_core_repN
    BUFGCTRL_X0Y0        BUFG (Prop_bufg_I_O)         0.029     2.907 r  u_bufg_core/O
                         net (fo=5015, routed)        0.892     3.799    u_mlkem/u_alu/clk_core
    SLICE_X50Y20         SRL16E                                       r  u_mlkem/u_alu/pg_reg[9][7]_srl9/CLK
                         clock pessimism             -0.821     2.978    
    SLICE_X50Y20         SRL16E (Hold_srl16e_CLK_D)
                                                      0.183     3.161    u_mlkem/u_alu/pg_reg[9][7]_srl9
  -------------------------------------------------------------------
                         required time                         -3.161    
                         arrival time                           3.208    
  -------------------------------------------------------------------
                         slack                                  0.047    

Slack (MET) :             0.049ns  (arrival time - required time)
  Source:                 u_mlkem/u_unpack/alt0_reg[1]/C
                            (rising edge-triggered cell FDRE clocked by clk_core_mmcm  {rise@0.000ns fall@2.424ns period=4.848ns})
  Destination:            u_mlkem/u_unpack/alt0b_reg[1]/D
                            (rising edge-triggered cell FDRE clocked by clk_core_mmcm  {rise@0.000ns fall@2.424ns period=4.848ns})
  Path Group:             clk_core_mmcm
  Path Type:              Hold (Min at Fast Process Corner)
  Requirement:            0.000ns  (clk_core_mmcm rise@0.000ns - clk_core_mmcm rise@0.000ns)
  Data Path Delay:        0.383ns  (logic 0.164ns (42.816%)  route 0.219ns (57.184%))
  Logic Levels:           0  
  Clock Path Skew:        0.264ns (DCD - SCD - CPR)
    Destination Clock Delay (DCD):    3.808ns
    Source Clock Delay      (SCD):    2.952ns
    Clock Pessimism Removal (CPR):    0.592ns

    Location             Delay type                Incr(ns)  Path(ns)    Netlist Resource(s)
  -------------------------------------------------------------------    -------------------
                         (clock clk_core_mmcm rise edge)
                                                      0.000     0.000 r  
    E3                                                0.000     0.000 r  clk_100mhz (IN)
                         net (fo=0)                   0.000     0.000    clk_100mhz
    E3                   IBUF (Prop_ibuf_I_O)         0.250     0.250 r  clk_100mhz_IBUF_inst/O
                         net (fo=1, routed)           0.644     0.894    clk_100mhz_IBUF
    BUFGCTRL_X0Y16       BUFG (Prop_bufg_I_O)         0.026     0.920 r  clk_100mhz_IBUF_BUFG_inst/O
                         net (fo=2651, routed)        0.624     1.544    clk_100mhz_IBUF_BUFG
    MMCME2_ADV_X0Y0      MMCME2_ADV (Prop_mmcme2_adv_CLKIN1_CLKOUT0)
                                                      0.050     1.594 r  u_mmcm/CLKOUT0
                         net (fo=1, routed)           0.648     2.242    clk_core_mmcm
    BUFGCTRL_X0Y1        BUFG (Prop_bufg_I_O)         0.026     2.268 r  u_bufg_core_replica/O
                         net (fo=2, routed)           0.030     2.298    clk_core_repN
    BUFGCTRL_X0Y0        BUFG (Prop_bufg_I_O)         0.026     2.324 r  u_bufg_core/O
                         net (fo=5015, routed)        0.628     2.952    u_mlkem/u_unpack/clk_core
    SLICE_X50Y41         FDRE                                         r  u_mlkem/u_unpack/alt0_reg[1]/C
  -------------------------------------------------------------------    -------------------
    SLICE_X50Y41         FDRE (Prop_fdre_C_Q)         0.164     3.116 r  u_mlkem/u_unpack/alt0_reg[1]/Q
                         net (fo=1, routed)           0.219     3.335    u_mlkem/u_unpack/alt0_reg_n_0_[1]
    SLICE_X55Y42         FDRE                                         r  u_mlkem/u_unpack/alt0b_reg[1]/D
  -------------------------------------------------------------------    -------------------

                         (clock clk_core_mmcm rise edge)
                                                      0.000     0.000 r  
    E3                                                0.000     0.000 r  clk_100mhz (IN)
                         net (fo=0)                   0.000     0.000    clk_100mhz
    E3                   IBUF (Prop_ibuf_I_O)         0.438     0.438 r  clk_100mhz_IBUF_inst/O
                         net (fo=1, routed)           0.699     1.136    clk_100mhz_IBUF
    BUFGCTRL_X0Y16       BUFG (Prop_bufg_I_O)         0.029     1.165 r  clk_100mhz_IBUF_BUFG_inst/O
                         net (fo=2651, routed)        0.898     2.063    clk_100mhz_IBUF_BUFG
    MMCME2_ADV_X0Y0      MMCME2_ADV (Prop_mmcme2_adv_CLKIN1_CLKOUT0)
                                                      0.053     2.116 r  u_mmcm/CLKOUT0
                         net (fo=1, routed)           0.700     2.816    clk_core_mmcm
    BUFGCTRL_X0Y1        BUFG (Prop_bufg_I_O)         0.029     2.845 r  u_bufg_core_replica/O
                         net (fo=2, routed)           0.033     2.878    clk_core_repN
    BUFGCTRL_X0Y0        BUFG (Prop_bufg_I_O)         0.029     2.907 r  u_bufg_core/O
                         net (fo=5015, routed)        0.901     3.808    u_mlkem/u_unpack/clk_core
    SLICE_X55Y42         FDRE                                         r  u_mlkem/u_unpack/alt0b_reg[1]/C
                         clock pessimism             -0.592     3.216    
    SLICE_X55Y42         FDRE (Hold_fdre_C_D)         0.070     3.286    u_mlkem/u_unpack/alt0b_reg[1]
  -------------------------------------------------------------------
                         required time                         -3.286    
                         arrival time                           3.335    
  -------------------------------------------------------------------
                         slack                                  0.049    

Slack (MET) :             0.052ns  (arrival time - required time)
  Source:                 u_mlkem/u_unpack/alt0_reg[8]/C
                            (rising edge-triggered cell FDRE clocked by clk_core_mmcm  {rise@0.000ns fall@2.424ns period=4.848ns})
  Destination:            u_mlkem/u_unpack/alt0b_reg[8]/D
                            (rising edge-triggered cell FDRE clocked by clk_core_mmcm  {rise@0.000ns fall@2.424ns period=4.848ns})
  Path Group:             clk_core_mmcm
  Path Type:              Hold (Min at Fast Process Corner)
  Requirement:            0.000ns  (clk_core_mmcm rise@0.000ns - clk_core_mmcm rise@0.000ns)
  Data Path Delay:        0.378ns  (logic 0.141ns (37.347%)  route 0.237ns (62.653%))
  Logic Levels:           0  
  Clock Path Skew:        0.267ns (DCD - SCD - CPR)
    Destination Clock Delay (DCD):    3.811ns
    Source Clock Delay      (SCD):    2.952ns
    Clock Pessimism Removal (CPR):    0.592ns

    Location             Delay type                Incr(ns)  Path(ns)    Netlist Resource(s)
  -------------------------------------------------------------------    -------------------
                         (clock clk_core_mmcm rise edge)
                                                      0.000     0.000 r  
    E3                                                0.000     0.000 r  clk_100mhz (IN)
                         net (fo=0)                   0.000     0.000    clk_100mhz
    E3                   IBUF (Prop_ibuf_I_O)         0.250     0.250 r  clk_100mhz_IBUF_inst/O
                         net (fo=1, routed)           0.644     0.894    clk_100mhz_IBUF
    BUFGCTRL_X0Y16       BUFG (Prop_bufg_I_O)         0.026     0.920 r  clk_100mhz_IBUF_BUFG_inst/O
                         net (fo=2651, routed)        0.624     1.544    clk_100mhz_IBUF_BUFG
    MMCME2_ADV_X0Y0      MMCME2_ADV (Prop_mmcme2_adv_CLKIN1_CLKOUT0)
                                                      0.050     1.594 r  u_mmcm/CLKOUT0
                         net (fo=1, routed)           0.648     2.242    clk_core_mmcm
    BUFGCTRL_X0Y1        BUFG (Prop_bufg_I_O)         0.026     2.268 r  u_bufg_core_replica/O
                         net (fo=2, routed)           0.030     2.298    clk_core_repN
    BUFGCTRL_X0Y0        BUFG (Prop_bufg_I_O)         0.026     2.324 r  u_bufg_core/O
                         net (fo=5015, routed)        0.628     2.952    u_mlkem/u_unpack/clk_core
    SLICE_X51Y42         FDRE                                         r  u_mlkem/u_unpack/alt0_reg[8]/C
  -------------------------------------------------------------------    -------------------
    SLICE_X51Y42         FDRE (Prop_fdre_C_Q)         0.141     3.093 r  u_mlkem/u_unpack/alt0_reg[8]/Q
                         net (fo=1, routed)           0.237     3.329    u_mlkem/u_unpack/alt0_reg_n_0_[8]
    SLICE_X58Y42         FDRE                                         r  u_mlkem/u_unpack/alt0b_reg[8]/D
  -------------------------------------------------------------------    -------------------

                         (clock clk_core_mmcm rise edge)
                                                      0.000     0.000 r  
    E3                                                0.000     0.000 r  clk_100mhz (IN)
                         net (fo=0)                   0.000     0.000    clk_100mhz
    E3                   IBUF (Prop_ibuf_I_O)         0.438     0.438 r  clk_100mhz_IBUF_inst/O
                         net (fo=1, routed)           0.699     1.136    clk_100mhz_IBUF
    BUFGCTRL_X0Y16       BUFG (Prop_bufg_I_O)         0.029     1.165 r  clk_100mhz_IBUF_BUFG_inst/O
                         net (fo=2651, routed)        0.898     2.063    clk_100mhz_IBUF_BUFG
    MMCME2_ADV_X0Y0      MMCME2_ADV (Prop_mmcme2_adv_CLKIN1_CLKOUT0)
                                                      0.053     2.116 r  u_mmcm/CLKOUT0
                         net (fo=1, routed)           0.700     2.816    clk_core_mmcm
    BUFGCTRL_X0Y1        BUFG (Prop_bufg_I_O)         0.029     2.845 r  u_bufg_core_replica/O
                         net (fo=2, routed)           0.033     2.878    clk_core_repN
    BUFGCTRL_X0Y0        BUFG (Prop_bufg_I_O)         0.029     2.907 r  u_bufg_core/O
                         net (fo=5015, routed)        0.904     3.811    u_mlkem/u_unpack/clk_core
    SLICE_X58Y42         FDRE                                         r  u_mlkem/u_unpack/alt0b_reg[8]/C
                         clock pessimism             -0.592     3.219    
    SLICE_X58Y42         FDRE (Hold_fdre_C_D)         0.059     3.278    u_mlkem/u_unpack/alt0b_reg[8]
  -------------------------------------------------------------------
                         required time                         -3.278    
                         arrival time                           3.329    
  -------------------------------------------------------------------
                         slack                                  0.052    

Slack (MET) :             0.056ns  (arrival time - required time)
  Source:                 u_mlkem/u_unpack/qf1_reg[17]/C
                            (rising edge-triggered cell FDRE clocked by clk_core_mmcm  {rise@0.000ns fall@2.424ns period=4.848ns})
  Destination:            u_mlkem/u_unpack/rn1_reg[17]/D
                            (rising edge-triggered cell FDRE clocked by clk_core_mmcm  {rise@0.000ns fall@2.424ns period=4.848ns})
  Path Group:             clk_core_mmcm
  Path Type:              Hold (Min at Fast Process Corner)
  Requirement:            0.000ns  (clk_core_mmcm rise@0.000ns - clk_core_mmcm rise@0.000ns)
  Data Path Delay:        0.424ns  (logic 0.251ns (59.168%)  route 0.173ns (40.832%))
  Logic Levels:           1  (CARRY4=1)
  Clock Path Skew:        0.263ns (DCD - SCD - CPR)
    Destination Clock Delay (DCD):    3.810ns
    Source Clock Delay      (SCD):    2.955ns
    Clock Pessimism Removal (CPR):    0.592ns

    Location             Delay type                Incr(ns)  Path(ns)    Netlist Resource(s)
  -------------------------------------------------------------------    -------------------
                         (clock clk_core_mmcm rise edge)
                                                      0.000     0.000 r  
    E3                                                0.000     0.000 r  clk_100mhz (IN)
                         net (fo=0)                   0.000     0.000    clk_100mhz
    E3                   IBUF (Prop_ibuf_I_O)         0.250     0.250 r  clk_100mhz_IBUF_inst/O
                         net (fo=1, routed)           0.644     0.894    clk_100mhz_IBUF
    BUFGCTRL_X0Y16       BUFG (Prop_bufg_I_O)         0.026     0.920 r  clk_100mhz_IBUF_BUFG_inst/O
                         net (fo=2651, routed)        0.624     1.544    clk_100mhz_IBUF_BUFG
    MMCME2_ADV_X0Y0      MMCME2_ADV (Prop_mmcme2_adv_CLKIN1_CLKOUT0)
                                                      0.050     1.594 r  u_mmcm/CLKOUT0
                         net (fo=1, routed)           0.648     2.242    clk_core_mmcm
    BUFGCTRL_X0Y1        BUFG (Prop_bufg_I_O)         0.026     2.268 r  u_bufg_core_replica/O
                         net (fo=2, routed)           0.030     2.298    clk_core_repN
    BUFGCTRL_X0Y0        BUFG (Prop_bufg_I_O)         0.026     2.324 r  u_bufg_core/O
                         net (fo=5015, routed)        0.631     2.955    u_mlkem/u_unpack/clk_core
    SLICE_X49Y47         FDRE                                         r  u_mlkem/u_unpack/qf1_reg[17]/C
  -------------------------------------------------------------------    -------------------
    SLICE_X49Y47         FDRE (Prop_fdre_C_Q)         0.141     3.096 r  u_mlkem/u_unpack/qf1_reg[17]/Q
                         net (fo=1, routed)           0.173     3.269    u_mlkem/u_unpack/qf1[17]
    SLICE_X52Y48         CARRY4 (Prop_carry4_S[1]_O[1])
                                                      0.110     3.379 r  u_mlkem/u_unpack/rn1_reg[19]_i_1/O[1]
                         net (fo=1, routed)           0.000     3.379    u_mlkem/u_unpack/rn10[17]
    SLICE_X52Y48         FDRE                                         r  u_mlkem/u_unpack/rn1_reg[17]/D
  -------------------------------------------------------------------    -------------------

                         (clock clk_core_mmcm rise edge)
                                                      0.000     0.000 r  
    E3                                                0.000     0.000 r  clk_100mhz (IN)
                         net (fo=0)                   0.000     0.000    clk_100mhz
    E3                   IBUF (Prop_ibuf_I_O)         0.438     0.438 r  clk_100mhz_IBUF_inst/O
                         net (fo=1, routed)           0.699     1.136    clk_100mhz_IBUF
    BUFGCTRL_X0Y16       BUFG (Prop_bufg_I_O)         0.029     1.165 r  clk_100mhz_IBUF_BUFG_inst/O
                         net (fo=2651, routed)        0.898     2.063    clk_100mhz_IBUF_BUFG
    MMCME2_ADV_X0Y0      MMCME2_ADV (Prop_mmcme2_adv_CLKIN1_CLKOUT0)
                                                      0.053     2.116 r  u_mmcm/CLKOUT0
                         net (fo=1, routed)           0.700     2.816    clk_core_mmcm
    BUFGCTRL_X0Y1        BUFG (Prop_bufg_I_O)         0.029     2.845 r  u_bufg_core_replica/O
                         net (fo=2, routed)           0.033     2.878    clk_core_repN
    BUFGCTRL_X0Y0        BUFG (Prop_bufg_I_O)         0.029     2.907 r  u_bufg_core/O
                         net (fo=5015, routed)        0.903     3.810    u_mlkem/u_unpack/clk_core
    SLICE_X52Y48         FDRE                                         r  u_mlkem/u_unpack/rn1_reg[17]/C
                         clock pessimism             -0.592     3.218    
    SLICE_X52Y48         FDRE (Hold_fdre_C_D)         0.105     3.323    u_mlkem/u_unpack/rn1_reg[17]
  -------------------------------------------------------------------
                         required time                         -3.323    
                         arrival time                           3.379    
  -------------------------------------------------------------------
                         slack                                  0.056    

Slack (MET) :             0.056ns  (arrival time - required time)
  Source:                 u_mlkem/u_unpack/qf1_reg[21]/C
                            (rising edge-triggered cell FDRE clocked by clk_core_mmcm  {rise@0.000ns fall@2.424ns period=4.848ns})
  Destination:            u_mlkem/u_unpack/rn1_reg[21]/D
                            (rising edge-triggered cell FDRE clocked by clk_core_mmcm  {rise@0.000ns fall@2.424ns period=4.848ns})
  Path Group:             clk_core_mmcm
  Path Type:              Hold (Min at Fast Process Corner)
  Requirement:            0.000ns  (clk_core_mmcm rise@0.000ns - clk_core_mmcm rise@0.000ns)
  Data Path Delay:        0.424ns  (logic 0.251ns (59.168%)  route 0.173ns (40.832%))
  Logic Levels:           1  (CARRY4=1)
  Clock Path Skew:        0.263ns (DCD - SCD - CPR)
    Destination Clock Delay (DCD):    3.810ns
    Source Clock Delay      (SCD):    2.955ns
    Clock Pessimism Removal (CPR):    0.592ns

    Location             Delay type                Incr(ns)  Path(ns)    Netlist Resource(s)
  -------------------------------------------------------------------    -------------------
                         (clock clk_core_mmcm rise edge)
                                                      0.000     0.000 r  
    E3                                                0.000     0.000 r  clk_100mhz (IN)
                         net (fo=0)                   0.000     0.000    clk_100mhz
    E3                   IBUF (Prop_ibuf_I_O)         0.250     0.250 r  clk_100mhz_IBUF_inst/O
                         net (fo=1, routed)           0.644     0.894    clk_100mhz_IBUF
    BUFGCTRL_X0Y16       BUFG (Prop_bufg_I_O)         0.026     0.920 r  clk_100mhz_IBUF_BUFG_inst/O
                         net (fo=2651, routed)        0.624     1.544    clk_100mhz_IBUF_BUFG
    MMCME2_ADV_X0Y0      MMCME2_ADV (Prop_mmcme2_adv_CLKIN1_CLKOUT0)
                                                      0.050     1.594 r  u_mmcm/CLKOUT0
                         net (fo=1, routed)           0.648     2.242    clk_core_mmcm
    BUFGCTRL_X0Y1        BUFG (Prop_bufg_I_O)         0.026     2.268 r  u_bufg_core_replica/O
                         net (fo=2, routed)           0.030     2.298    clk_core_repN
    BUFGCTRL_X0Y0        BUFG (Prop_bufg_I_O)         0.026     2.324 r  u_bufg_core/O
                         net (fo=5015, routed)        0.631     2.955    u_mlkem/u_unpack/clk_core
    SLICE_X49Y48         FDRE                                         r  u_mlkem/u_unpack/qf1_reg[21]/C
  -------------------------------------------------------------------    -------------------
    SLICE_X49Y48         FDRE (Prop_fdre_C_Q)         0.141     3.096 r  u_mlkem/u_unpack/qf1_reg[21]/Q
                         net (fo=1, routed)           0.173     3.269    u_mlkem/u_unpack/qf1[21]
    SLICE_X52Y49         CARRY4 (Prop_carry4_S[1]_O[1])
                                                      0.110     3.379 r  u_mlkem/u_unpack/rn1_reg[23]_i_1/O[1]
                         net (fo=1, routed)           0.000     3.379    u_mlkem/u_unpack/rn10[21]
    SLICE_X52Y49         FDRE                                         r  u_mlkem/u_unpack/rn1_reg[21]/D
  -------------------------------------------------------------------    -------------------

                         (clock clk_core_mmcm rise edge)
                                                      0.000     0.000 r  
    E3                                                0.000     0.000 r  clk_100mhz (IN)
                         net (fo=0)                   0.000     0.000    clk_100mhz
    E3                   IBUF (Prop_ibuf_I_O)         0.438     0.438 r  clk_100mhz_IBUF_inst/O
                         net (fo=1, routed)           0.699     1.136    clk_100mhz_IBUF
    BUFGCTRL_X0Y16       BUFG (Prop_bufg_I_O)         0.029     1.165 r  clk_100mhz_IBUF_BUFG_inst/O
                         net (fo=2651, routed)        0.898     2.063    clk_100mhz_IBUF_BUFG
    MMCME2_ADV_X0Y0      MMCME2_ADV (Prop_mmcme2_adv_CLKIN1_CLKOUT0)
                                                      0.053     2.116 r  u_mmcm/CLKOUT0
                         net (fo=1, routed)           0.700     2.816    clk_core_mmcm
    BUFGCTRL_X0Y1        BUFG (Prop_bufg_I_O)         0.029     2.845 r  u_bufg_core_replica/O
                         net (fo=2, routed)           0.033     2.878    clk_core_repN
    BUFGCTRL_X0Y0        BUFG (Prop_bufg_I_O)         0.029     2.907 r  u_bufg_core/O
                         net (fo=5015, routed)        0.903     3.810    u_mlkem/u_unpack/clk_core
    SLICE_X52Y49         FDRE                                         r  u_mlkem/u_unpack/rn1_reg[21]/C
                         clock pessimism             -0.592     3.218    
    SLICE_X52Y49         FDRE (Hold_fdre_C_D)         0.105     3.323    u_mlkem/u_unpack/rn1_reg[21]
  -------------------------------------------------------------------
                         required time                         -3.323    
                         arrival time                           3.379    
  -------------------------------------------------------------------
                         slack                                  0.056    

Slack (MET) :             0.058ns  (arrival time - required time)
  Source:                 u_mlkem/u_unpack/qf1_reg[23]/C
                            (rising edge-triggered cell FDRE clocked by clk_core_mmcm  {rise@0.000ns fall@2.424ns period=4.848ns})
  Destination:            u_mlkem/u_unpack/rn1_reg[23]/D
                            (rising edge-triggered cell FDRE clocked by clk_core_mmcm  {rise@0.000ns fall@2.424ns period=4.848ns})
  Path Group:             clk_core_mmcm
  Path Type:              Hold (Min at Fast Process Corner)
  Requirement:            0.000ns  (clk_core_mmcm rise@0.000ns - clk_core_mmcm rise@0.000ns)
  Data Path Delay:        0.426ns  (logic 0.249ns (58.469%)  route 0.177ns (41.531%))
  Logic Levels:           1  (CARRY4=1)
  Clock Path Skew:        0.263ns (DCD - SCD - CPR)
    Destination Clock Delay (DCD):    3.810ns
    Source Clock Delay      (SCD):    2.955ns
    Clock Pessimism Removal (CPR):    0.592ns

    Location             Delay type                Incr(ns)  Path(ns)    Netlist Resource(s)
  -------------------------------------------------------------------    -------------------
                         (clock clk_core_mmcm rise edge)
                                                      0.000     0.000 r  
    E3                                                0.000     0.000 r  clk_100mhz (IN)
                         net (fo=0)                   0.000     0.000    clk_100mhz
    E3                   IBUF (Prop_ibuf_I_O)         0.250     0.250 r  clk_100mhz_IBUF_inst/O
                         net (fo=1, routed)           0.644     0.894    clk_100mhz_IBUF
    BUFGCTRL_X0Y16       BUFG (Prop_bufg_I_O)         0.026     0.920 r  clk_100mhz_IBUF_BUFG_inst/O
                         net (fo=2651, routed)        0.624     1.544    clk_100mhz_IBUF_BUFG
    MMCME2_ADV_X0Y0      MMCME2_ADV (Prop_mmcme2_adv_CLKIN1_CLKOUT0)
                                                      0.050     1.594 r  u_mmcm/CLKOUT0
                         net (fo=1, routed)           0.648     2.242    clk_core_mmcm
    BUFGCTRL_X0Y1        BUFG (Prop_bufg_I_O)         0.026     2.268 r  u_bufg_core_replica/O
                         net (fo=2, routed)           0.030     2.298    clk_core_repN
    BUFGCTRL_X0Y0        BUFG (Prop_bufg_I_O)         0.026     2.324 r  u_bufg_core/O
                         net (fo=5015, routed)        0.631     2.955    u_mlkem/u_unpack/clk_core
    SLICE_X49Y49         FDRE                                         r  u_mlkem/u_unpack/qf1_reg[23]/C
  -------------------------------------------------------------------    -------------------
    SLICE_X49Y49         FDRE (Prop_fdre_C_Q)         0.141     3.096 r  u_mlkem/u_unpack/qf1_reg[23]/Q
                         net (fo=1, routed)           0.177     3.273    u_mlkem/u_unpack/qf1[23]
    SLICE_X52Y49         CARRY4 (Prop_carry4_S[3]_O[3])
                                                      0.108     3.381 r  u_mlkem/u_unpack/rn1_reg[23]_i_1/O[3]
                         net (fo=1, routed)           0.000     3.381    u_mlkem/u_unpack/rn10[23]
    SLICE_X52Y49         FDRE                                         r  u_mlkem/u_unpack/rn1_reg[23]/D
  -------------------------------------------------------------------    -------------------

                         (clock clk_core_mmcm rise edge)
                                                      0.000     0.000 r  
    E3                                                0.000     0.000 r  clk_100mhz (IN)
                         net (fo=0)                   0.000     0.000    clk_100mhz
    E3                   IBUF (Prop_ibuf_I_O)         0.438     0.438 r  clk_100mhz_IBUF_inst/O
                         net (fo=1, routed)           0.699     1.136    clk_100mhz_IBUF
    BUFGCTRL_X0Y16       BUFG (Prop_bufg_I_O)         0.029     1.165 r  clk_100mhz_IBUF_BUFG_inst/O
                         net (fo=2651, routed)        0.898     2.063    clk_100mhz_IBUF_BUFG
    MMCME2_ADV_X0Y0      MMCME2_ADV (Prop_mmcme2_adv_CLKIN1_CLKOUT0)
                                                      0.053     2.116 r  u_mmcm/CLKOUT0
                         net (fo=1, routed)           0.700     2.816    clk_core_mmcm
    BUFGCTRL_X0Y1        BUFG (Prop_bufg_I_O)         0.029     2.845 r  u_bufg_core_replica/O
                         net (fo=2, routed)           0.033     2.878    clk_core_repN
    BUFGCTRL_X0Y0        BUFG (Prop_bufg_I_O)         0.029     2.907 r  u_bufg_core/O
                         net (fo=5015, routed)        0.903     3.810    u_mlkem/u_unpack/clk_core
    SLICE_X52Y49         FDRE                                         r  u_mlkem/u_unpack/rn1_reg[23]/C
                         clock pessimism             -0.592     3.218    
    SLICE_X52Y49         FDRE (Hold_fdre_C_D)         0.105     3.323    u_mlkem/u_unpack/rn1_reg[23]
  -------------------------------------------------------------------
                         required time                         -3.323    
                         arrival time                           3.381    
  -------------------------------------------------------------------
                         slack                                  0.058    

Slack (MET) :             0.059ns  (arrival time - required time)
  Source:                 u_mlkem/u_alu/rb_din_reg[10]/C
                            (rising edge-triggered cell FDRE clocked by clk_core_mmcm  {rise@0.000ns fall@2.424ns period=4.848ns})
  Destination:            u_mlkem/u_polyram/mem_reg/DIADI[10]
                            (rising edge-triggered cell RAMB36E1 clocked by clk_core_mmcm  {rise@0.000ns fall@2.424ns period=4.848ns})
  Path Group:             clk_core_mmcm
  Path Type:              Hold (Min at Fast Process Corner)
  Requirement:            0.000ns  (clk_core_mmcm rise@0.000ns - clk_core_mmcm rise@0.000ns)
  Data Path Delay:        0.270ns  (logic 0.164ns (60.728%)  route 0.106ns (39.272%))
  Logic Levels:           0  
  Clock Path Skew:        0.056ns (DCD - SCD - CPR)
    Destination Clock Delay (DCD):    3.844ns
    Source Clock Delay      (SCD):    2.946ns
    Clock Pessimism Removal (CPR):    0.842ns

    Location             Delay type                Incr(ns)  Path(ns)    Netlist Resource(s)
  -------------------------------------------------------------------    -------------------
                         (clock clk_core_mmcm rise edge)
                                                      0.000     0.000 r  
    E3                                                0.000     0.000 r  clk_100mhz (IN)
                         net (fo=0)                   0.000     0.000    clk_100mhz
    E3                   IBUF (Prop_ibuf_I_O)         0.250     0.250 r  clk_100mhz_IBUF_inst/O
                         net (fo=1, routed)           0.644     0.894    clk_100mhz_IBUF
    BUFGCTRL_X0Y16       BUFG (Prop_bufg_I_O)         0.026     0.920 r  clk_100mhz_IBUF_BUFG_inst/O
                         net (fo=2651, routed)        0.624     1.544    clk_100mhz_IBUF_BUFG
    MMCME2_ADV_X0Y0      MMCME2_ADV (Prop_mmcme2_adv_CLKIN1_CLKOUT0)
                                                      0.050     1.594 r  u_mmcm/CLKOUT0
                         net (fo=1, routed)           0.648     2.242    clk_core_mmcm
    BUFGCTRL_X0Y1        BUFG (Prop_bufg_I_O)         0.026     2.268 r  u_bufg_core_replica/O
                         net (fo=2, routed)           0.030     2.298    clk_core_repN
    BUFGCTRL_X0Y0        BUFG (Prop_bufg_I_O)         0.026     2.324 r  u_bufg_core/O
                         net (fo=5015, routed)        0.622     2.946    u_mlkem/u_alu/clk_core
    SLICE_X62Y27         FDRE                                         r  u_mlkem/u_alu/rb_din_reg[10]/C
  -------------------------------------------------------------------    -------------------
    SLICE_X62Y27         FDRE (Prop_fdre_C_Q)         0.164     3.110 r  u_mlkem/u_alu/rb_din_reg[10]/Q
                         net (fo=1, routed)           0.106     3.216    u_mlkem/u_polyram/mem_reg_2[10]
    RAMB36_X1Y5          RAMB36E1                                     r  u_mlkem/u_polyram/mem_reg/DIADI[10]
  -------------------------------------------------------------------    -------------------

                         (clock clk_core_mmcm rise edge)
                                                      0.000     0.000 r  
    E3                                                0.000     0.000 r  clk_100mhz (IN)
                         net (fo=0)                   0.000     0.000    clk_100mhz
    E3                   IBUF (Prop_ibuf_I_O)         0.438     0.438 r  clk_100mhz_IBUF_inst/O
                         net (fo=1, routed)           0.699     1.136    clk_100mhz_IBUF
    BUFGCTRL_X0Y16       BUFG (Prop_bufg_I_O)         0.029     1.165 r  clk_100mhz_IBUF_BUFG_inst/O
                         net (fo=2651, routed)        0.898     2.063    clk_100mhz_IBUF_BUFG
    MMCME2_ADV_X0Y0      MMCME2_ADV (Prop_mmcme2_adv_CLKIN1_CLKOUT0)
                                                      0.053     2.116 r  u_mmcm/CLKOUT0
                         net (fo=1, routed)           0.700     2.816    clk_core_mmcm
    BUFGCTRL_X0Y1        BUFG (Prop_bufg_I_O)         0.029     2.845 r  u_bufg_core_replica/O
                         net (fo=2, routed)           0.033     2.878    clk_core_repN
    BUFGCTRL_X0Y0        BUFG (Prop_bufg_I_O)         0.029     2.907 r  u_bufg_core/O
                         net (fo=5015, routed)        0.937     3.844    u_mlkem/u_polyram/clk_core
    RAMB36_X1Y5          RAMB36E1                                     r  u_mlkem/u_polyram/mem_reg/CLKARDCLK
                         clock pessimism             -0.842     3.002    
    RAMB36_X1Y5          RAMB36E1 (Hold_ramb36e1_CLKARDCLK_DIADI[10])
                                                      0.155     3.157    u_mlkem/u_polyram/mem_reg
  -------------------------------------------------------------------
                         required time                         -3.157    
                         arrival time                           3.216    
  -------------------------------------------------------------------
                         slack                                  0.059    





Pulse Width Checks
--------------------------------------------------------------------------------------
Clock Name:         clk_core_mmcm
Waveform(ns):       { 0.000 2.424 }
Period(ns):         4.848
Sources:            { u_mmcm/CLKOUT0 }

Check Type        Corner  Lib Pin             Reference Pin  Required(ns)  Actual(ns)  Slack(ns)  Location         Pin
Min Period        n/a     RAMB36E1/CLKARDCLK  n/a            2.944         4.848       1.904      RAMB36_X0Y6      u_mlkem/u_dbuf/mem_reg_0/CLKARDCLK
Min Period        n/a     RAMB36E1/CLKBWRCLK  n/a            2.944         4.848       1.904      RAMB36_X0Y6      u_mlkem/u_dbuf/mem_reg_0/CLKBWRCLK
Min Period        n/a     RAMB36E1/CLKARDCLK  n/a            2.944         4.848       1.904      RAMB36_X0Y5      u_mlkem/u_dbuf/mem_reg_1/CLKARDCLK
Min Period        n/a     RAMB36E1/CLKBWRCLK  n/a            2.944         4.848       1.904      RAMB36_X0Y5      u_mlkem/u_dbuf/mem_reg_1/CLKBWRCLK
Min Period        n/a     RAMB36E1/CLKARDCLK  n/a            2.944         4.848       1.904      RAMB36_X1Y5      u_mlkem/u_polyram/mem_reg/CLKARDCLK
Min Period        n/a     RAMB36E1/CLKBWRCLK  n/a            2.944         4.848       1.904      RAMB36_X1Y5      u_mlkem/u_polyram/mem_reg/CLKBWRCLK
Min Period        n/a     BUFG/I              n/a            2.155         4.848       2.693      BUFGCTRL_X0Y0    u_bufg_core/I
Min Period        n/a     BUFG/I              n/a            2.155         4.848       2.693      BUFGCTRL_X0Y1    u_bufg_core_replica/I
Min Period        n/a     DSP48E1/CLK         n/a            2.154         4.848       2.694      DSP48_X2Y8       u_mlkem/u_alu/u_mul0/p2_reg/CLK
Min Period        n/a     DSP48E1/CLK         n/a            2.154         4.848       2.694      DSP48_X1Y8       u_mlkem/u_alu/u_mul1/p2_reg/CLK
Max Period        n/a     MMCME2_ADV/CLKOUT0  n/a            213.360       4.848       208.512    MMCME2_ADV_X0Y0  u_mmcm/CLKOUT0
Low Pulse Width   Slow    SRL16E/CLK          n/a            0.980         2.424       1.444      SLICE_X66Y26     u_mlkem/u_alu/cd_reg[12][0]_srl13/CLK
Low Pulse Width   Fast    SRL16E/CLK          n/a            0.980         2.424       1.444      SLICE_X66Y26     u_mlkem/u_alu/cd_reg[12][0]_srl13/CLK
Low Pulse Width   Slow    SRL16E/CLK          n/a            0.980         2.424       1.444      SLICE_X66Y28     u_mlkem/u_alu/cd_reg[12][10]_srl13/CLK
Low Pulse Width   Fast    SRL16E/CLK          n/a            0.980         2.424       1.444      SLICE_X66Y28     u_mlkem/u_alu/cd_reg[12][10]_srl13/CLK
Low Pulse Width   Slow    SRL16E/CLK          n/a            0.980         2.424       1.444      SLICE_X66Y28     u_mlkem/u_alu/cd_reg[12][11]_srl13/CLK
Low Pulse Width   Fast    SRL16E/CLK          n/a            0.980         2.424       1.444      SLICE_X66Y28     u_mlkem/u_alu/cd_reg[12][11]_srl13/CLK
Low Pulse Width   Slow    SRL16E/CLK          n/a            0.980         2.424       1.444      SLICE_X66Y28     u_mlkem/u_alu/cd_reg[12][12]_srl13/CLK
Low Pulse Width   Fast    SRL16E/CLK          n/a            0.980         2.424       1.444      SLICE_X66Y28     u_mlkem/u_alu/cd_reg[12][12]_srl13/CLK
Low Pulse Width   Slow    SRL16E/CLK          n/a            0.980         2.424       1.444      SLICE_X66Y28     u_mlkem/u_alu/cd_reg[12][13]_srl13/CLK
Low Pulse Width   Fast    SRL16E/CLK          n/a            0.980         2.424       1.444      SLICE_X66Y28     u_mlkem/u_alu/cd_reg[12][13]_srl13/CLK
High Pulse Width  Slow    SRL16E/CLK          n/a            0.980         2.424       1.444      SLICE_X66Y26     u_mlkem/u_alu/cd_reg[12][0]_srl13/CLK
High Pulse Width  Fast    SRL16E/CLK          n/a            0.980         2.424       1.444      SLICE_X66Y26     u_mlkem/u_alu/cd_reg[12][0]_srl13/CLK
High Pulse Width  Slow    SRL16E/CLK          n/a            0.980         2.424       1.444      SLICE_X66Y28     u_mlkem/u_alu/cd_reg[12][10]_srl13/CLK
High Pulse Width  Fast    SRL16E/CLK          n/a            0.980         2.424       1.444      SLICE_X66Y28     u_mlkem/u_alu/cd_reg[12][10]_srl13/CLK
High Pulse Width  Slow    SRL16E/CLK          n/a            0.980         2.424       1.444      SLICE_X66Y28     u_mlkem/u_alu/cd_reg[12][11]_srl13/CLK
High Pulse Width  Fast    SRL16E/CLK          n/a            0.980         2.424       1.444      SLICE_X66Y28     u_mlkem/u_alu/cd_reg[12][11]_srl13/CLK
High Pulse Width  Slow    SRL16E/CLK          n/a            0.980         2.424       1.444      SLICE_X66Y28     u_mlkem/u_alu/cd_reg[12][12]_srl13/CLK
High Pulse Width  Fast    SRL16E/CLK          n/a            0.980         2.424       1.444      SLICE_X66Y28     u_mlkem/u_alu/cd_reg[12][12]_srl13/CLK
High Pulse Width  Slow    SRL16E/CLK          n/a            0.980         2.424       1.444      SLICE_X66Y28     u_mlkem/u_alu/cd_reg[12][13]_srl13/CLK
High Pulse Width  Fast    SRL16E/CLK          n/a            0.980         2.424       1.444      SLICE_X66Y28     u_mlkem/u_alu/cd_reg[12][13]_srl13/CLK



---------------------------------------------------------------------------------------------------
From Clock:  mmcm_fb
  To Clock:  mmcm_fb

Setup :           NA  Failing Endpoints,  Worst Slack           NA  ,  Total Violation           NA
Hold  :           NA  Failing Endpoints,  Worst Slack           NA  ,  Total Violation           NA
PW    :            0  Failing Endpoints,  Worst Slack       18.751ns,  Total Violation        0.000ns
---------------------------------------------------------------------------------------------------


Pulse Width Checks
--------------------------------------------------------------------------------------
Clock Name:         mmcm_fb
Waveform(ns):       { 0.000 10.000 }
Period(ns):         20.000
Sources:            { u_mmcm/CLKFBOUT }

Check Type  Corner  Lib Pin              Reference Pin  Required(ns)  Actual(ns)  Slack(ns)  Location         Pin
Min Period  n/a     MMCME2_ADV/CLKFBOUT  n/a            1.249         20.000      18.751     MMCME2_ADV_X0Y0  u_mmcm/CLKFBOUT
Min Period  n/a     MMCME2_ADV/CLKFBIN   n/a            1.249         20.000      18.751     MMCME2_ADV_X0Y0  u_mmcm/CLKFBIN
Max Period  n/a     MMCME2_ADV/CLKFBIN   n/a            100.000       20.000      80.000     MMCME2_ADV_X0Y0  u_mmcm/CLKFBIN
Max Period  n/a     MMCME2_ADV/CLKFBOUT  n/a            213.360       20.000      193.360    MMCME2_ADV_X0Y0  u_mmcm/CLKFBOUT



---------------------------------------------------------------------------------------------------
Path Group:  **async_default**
From Clock:  sys_clk
  To Clock:  sys_clk

Setup :            0  Failing Endpoints,  Worst Slack        3.625ns,  Total Violation        0.000ns
Hold  :            0  Failing Endpoints,  Worst Slack        0.809ns,  Total Violation        0.000ns
---------------------------------------------------------------------------------------------------


Max Delay Paths
--------------------------------------------------------------------------------------
Slack (MET) :             3.625ns  (required time - arrival time)
  Source:                 rst_sync_reg[3]/C
                            (rising edge-triggered cell FDCE clocked by sys_clk  {rise@0.000ns fall@5.000ns period=10.000ns})
  Destination:            heartbeat_cnt_reg[24]/CLR
                            (recovery check against rising-edge clock sys_clk  {rise@0.000ns fall@5.000ns period=10.000ns})
  Path Group:             **async_default**
  Path Type:              Recovery (Max at Slow Process Corner)
  Requirement:            10.000ns  (sys_clk rise@10.000ns - sys_clk rise@0.000ns)
  Data Path Delay:        5.770ns  (logic 0.574ns (9.949%)  route 5.196ns (90.051%))
  Logic Levels:           1  (LUT1=1)
  Clock Path Skew:        0.037ns (DCD - SCD + CPR)
    Destination Clock Delay (DCD):    5.184ns = ( 15.184 - 10.000 ) 
    Source Clock Delay      (SCD):    5.415ns
    Clock Pessimism Removal (CPR):    0.267ns
  Clock Uncertainty:      0.035ns  ((TSJ^2 + TIJ^2)^1/2 + DJ) / 2 + PE
    Total System Jitter     (TSJ):    0.071ns
    Total Input Jitter      (TIJ):    0.000ns
    Discrete Jitter          (DJ):    0.000ns
    Phase Error              (PE):    0.000ns

    Location             Delay type                Incr(ns)  Path(ns)    Netlist Resource(s)
  -------------------------------------------------------------------    -------------------
                         (clock sys_clk rise edge)    0.000     0.000 r  
    E3                                                0.000     0.000 r  clk_100mhz (IN)
                         net (fo=0)                   0.000     0.000    clk_100mhz
    E3                   IBUF (Prop_ibuf_I_O)         1.482     1.482 r  clk_100mhz_IBUF_inst/O
                         net (fo=1, routed)           2.025     3.506    clk_100mhz_IBUF
    BUFGCTRL_X0Y16       BUFG (Prop_bufg_I_O)         0.096     3.602 r  clk_100mhz_IBUF_BUFG_inst/O
                         net (fo=2651, routed)        1.812     5.415    clk_100mhz_IBUF_BUFG
    SLICE_X32Y11         FDCE                                         r  rst_sync_reg[3]/C
  -------------------------------------------------------------------    -------------------
    SLICE_X32Y11         FDCE (Prop_fdce_C_Q)         0.456     5.871 r  rst_sync_reg[3]/Q
                         net (fo=41, routed)          0.763     6.633    u_bridge/tx_valid_reg_0[0]
    SLICE_X29Y9          LUT1 (Prop_lut1_I0_O)        0.118     6.751 f  u_bridge/FSM_sequential_state[1]_i_2/O
                         net (fo=596, routed)         4.433    11.184    u_bridge_n_1
    SLICE_X4Y32          FDCE                                         f  heartbeat_cnt_reg[24]/CLR
  -------------------------------------------------------------------    -------------------

                         (clock sys_clk rise edge)   10.000    10.000 r  
    E3                                                0.000    10.000 r  clk_100mhz (IN)
                         net (fo=0)                   0.000    10.000    clk_100mhz
    E3                   IBUF (Prop_ibuf_I_O)         1.411    11.411 r  clk_100mhz_IBUF_inst/O
                         net (fo=1, routed)           1.920    13.331    clk_100mhz_IBUF
    BUFGCTRL_X0Y16       BUFG (Prop_bufg_I_O)         0.091    13.422 r  clk_100mhz_IBUF_BUFG_inst/O
                         net (fo=2651, routed)        1.762    15.184    clk_100mhz_IBUF_BUFG
    SLICE_X4Y32          FDCE                                         r  heartbeat_cnt_reg[24]/C
                         clock pessimism              0.267    15.452    
                         clock uncertainty           -0.035    15.416    
    SLICE_X4Y32          FDCE (Recov_fdce_C_CLR)     -0.607    14.809    heartbeat_cnt_reg[24]
  -------------------------------------------------------------------
                         required time                         14.809    
                         arrival time                         -11.184    
  -------------------------------------------------------------------
                         slack                                  3.625    

Slack (MET) :             3.625ns  (required time - arrival time)
  Source:                 rst_sync_reg[3]/C
                            (rising edge-triggered cell FDCE clocked by sys_clk  {rise@0.000ns fall@5.000ns period=10.000ns})
  Destination:            heartbeat_cnt_reg[25]/CLR
                            (recovery check against rising-edge clock sys_clk  {rise@0.000ns fall@5.000ns period=10.000ns})
  Path Group:             **async_default**
  Path Type:              Recovery (Max at Slow Process Corner)
  Requirement:            10.000ns  (sys_clk rise@10.000ns - sys_clk rise@0.000ns)
  Data Path Delay:        5.770ns  (logic 0.574ns (9.949%)  route 5.196ns (90.051%))
  Logic Levels:           1  (LUT1=1)
  Clock Path Skew:        0.037ns (DCD - SCD + CPR)
    Destination Clock Delay (DCD):    5.184ns = ( 15.184 - 10.000 ) 
    Source Clock Delay      (SCD):    5.415ns
    Clock Pessimism Removal (CPR):    0.267ns
  Clock Uncertainty:      0.035ns  ((TSJ^2 + TIJ^2)^1/2 + DJ) / 2 + PE
    Total System Jitter     (TSJ):    0.071ns
    Total Input Jitter      (TIJ):    0.000ns
    Discrete Jitter          (DJ):    0.000ns
    Phase Error              (PE):    0.000ns

    Location             Delay type                Incr(ns)  Path(ns)    Netlist Resource(s)
  -------------------------------------------------------------------    -------------------
                         (clock sys_clk rise edge)    0.000     0.000 r  
    E3                                                0.000     0.000 r  clk_100mhz (IN)
                         net (fo=0)                   0.000     0.000    clk_100mhz
    E3                   IBUF (Prop_ibuf_I_O)         1.482     1.482 r  clk_100mhz_IBUF_inst/O
                         net (fo=1, routed)           2.025     3.506    clk_100mhz_IBUF
    BUFGCTRL_X0Y16       BUFG (Prop_bufg_I_O)         0.096     3.602 r  clk_100mhz_IBUF_BUFG_inst/O
                         net (fo=2651, routed)        1.812     5.415    clk_100mhz_IBUF_BUFG
    SLICE_X32Y11         FDCE                                         r  rst_sync_reg[3]/C
  -------------------------------------------------------------------    -------------------
    SLICE_X32Y11         FDCE (Prop_fdce_C_Q)         0.456     5.871 r  rst_sync_reg[3]/Q
                         net (fo=41, routed)          0.763     6.633    u_bridge/tx_valid_reg_0[0]
    SLICE_X29Y9          LUT1 (Prop_lut1_I0_O)        0.118     6.751 f  u_bridge/FSM_sequential_state[1]_i_2/O
                         net (fo=596, routed)         4.433    11.184    u_bridge_n_1
    SLICE_X4Y32          FDCE                                         f  heartbeat_cnt_reg[25]/CLR
  -------------------------------------------------------------------    -------------------

                         (clock sys_clk rise edge)   10.000    10.000 r  
    E3                                                0.000    10.000 r  clk_100mhz (IN)
                         net (fo=0)                   0.000    10.000    clk_100mhz
    E3                   IBUF (Prop_ibuf_I_O)         1.411    11.411 r  clk_100mhz_IBUF_inst/O
                         net (fo=1, routed)           1.920    13.331    clk_100mhz_IBUF
    BUFGCTRL_X0Y16       BUFG (Prop_bufg_I_O)         0.091    13.422 r  clk_100mhz_IBUF_BUFG_inst/O
                         net (fo=2651, routed)        1.762    15.184    clk_100mhz_IBUF_BUFG
    SLICE_X4Y32          FDCE                                         r  heartbeat_cnt_reg[25]/C
                         clock pessimism              0.267    15.452    
                         clock uncertainty           -0.035    15.416    
    SLICE_X4Y32          FDCE (Recov_fdce_C_CLR)     -0.607    14.809    heartbeat_cnt_reg[25]
  -------------------------------------------------------------------
                         required time                         14.809    
                         arrival time                         -11.184    
  -------------------------------------------------------------------
                         slack                                  3.625    

Slack (MET) :             3.761ns  (required time - arrival time)
  Source:                 rst_sync_reg[3]/C
                            (rising edge-triggered cell FDCE clocked by sys_clk  {rise@0.000ns fall@5.000ns period=10.000ns})
  Destination:            heartbeat_cnt_reg[20]/CLR
                            (recovery check against rising-edge clock sys_clk  {rise@0.000ns fall@5.000ns period=10.000ns})
  Path Group:             **async_default**
  Path Type:              Recovery (Max at Slow Process Corner)
  Requirement:            10.000ns  (sys_clk rise@10.000ns - sys_clk rise@0.000ns)
  Data Path Delay:        5.631ns  (logic 0.574ns (10.193%)  route 5.057ns (89.807%))
  Logic Levels:           1  (LUT1=1)
  Clock Path Skew:        0.035ns (DCD - SCD + CPR)
    Destination Clock Delay (DCD):    5.182ns = ( 15.182 - 10.000 ) 
    Source Clock Delay      (SCD):    5.415ns
    Clock Pessimism Removal (CPR):    0.267ns
  Clock Uncertainty:      0.035ns  ((TSJ^2 + TIJ^2)^1/2 + DJ) / 2 + PE
    Total System Jitter     (TSJ):    0.071ns
    Total Input Jitter      (TIJ):    0.000ns
    Discrete Jitter          (DJ):    0.000ns
    Phase Error              (PE):    0.000ns

    Location             Delay type                Incr(ns)  Path(ns)    Netlist Resource(s)
  -------------------------------------------------------------------    -------------------
                         (clock sys_clk rise edge)    0.000     0.000 r  
    E3                                                0.000     0.000 r  clk_100mhz (IN)
                         net (fo=0)                   0.000     0.000    clk_100mhz
    E3                   IBUF (Prop_ibuf_I_O)         1.482     1.482 r  clk_100mhz_IBUF_inst/O
                         net (fo=1, routed)           2.025     3.506    clk_100mhz_IBUF
    BUFGCTRL_X0Y16       BUFG (Prop_bufg_I_O)         0.096     3.602 r  clk_100mhz_IBUF_BUFG_inst/O
                         net (fo=2651, routed)        1.812     5.415    clk_100mhz_IBUF_BUFG
    SLICE_X32Y11         FDCE                                         r  rst_sync_reg[3]/C
  -------------------------------------------------------------------    -------------------
    SLICE_X32Y11         FDCE (Prop_fdce_C_Q)         0.456     5.871 r  rst_sync_reg[3]/Q
                         net (fo=41, routed)          0.763     6.633    u_bridge/tx_valid_reg_0[0]
    SLICE_X29Y9          LUT1 (Prop_lut1_I0_O)        0.118     6.751 f  u_bridge/FSM_sequential_state[1]_i_2/O
                         net (fo=596, routed)         4.295    11.046    u_bridge_n_1
    SLICE_X4Y31          FDCE                                         f  heartbeat_cnt_reg[20]/CLR
  -------------------------------------------------------------------    -------------------

                         (clock sys_clk rise edge)   10.000    10.000 r  
    E3                                                0.000    10.000 r  clk_100mhz (IN)
                         net (fo=0)                   0.000    10.000    clk_100mhz
    E3                   IBUF (Prop_ibuf_I_O)         1.411    11.411 r  clk_100mhz_IBUF_inst/O
                         net (fo=1, routed)           1.920    13.331    clk_100mhz_IBUF
    BUFGCTRL_X0Y16       BUFG (Prop_bufg_I_O)         0.091    13.422 r  clk_100mhz_IBUF_BUFG_inst/O
                         net (fo=2651, routed)        1.760    15.182    clk_100mhz_IBUF_BUFG
    SLICE_X4Y31          FDCE                                         r  heartbeat_cnt_reg[20]/C
                         clock pessimism              0.267    15.450    
                         clock uncertainty           -0.035    15.414    
    SLICE_X4Y31          FDCE (Recov_fdce_C_CLR)     -0.607    14.807    heartbeat_cnt_reg[20]
  -------------------------------------------------------------------
                         required time                         14.807    
                         arrival time                         -11.046    
  -------------------------------------------------------------------
                         slack                                  3.761    

Slack (MET) :             3.761ns  (required time - arrival time)
  Source:                 rst_sync_reg[3]/C
                            (rising edge-triggered cell FDCE clocked by sys_clk  {rise@0.000ns fall@5.000ns period=10.000ns})
  Destination:            heartbeat_cnt_reg[21]/CLR
                            (recovery check against rising-edge clock sys_clk  {rise@0.000ns fall@5.000ns period=10.000ns})
  Path Group:             **async_default**
  Path Type:              Recovery (Max at Slow Process Corner)
  Requirement:            10.000ns  (sys_clk rise@10.000ns - sys_clk rise@0.000ns)
  Data Path Delay:        5.631ns  (logic 0.574ns (10.193%)  route 5.057ns (89.807%))
  Logic Levels:           1  (LUT1=1)
  Clock Path Skew:        0.035ns (DCD - SCD + CPR)
    Destination Clock Delay (DCD):    5.182ns = ( 15.182 - 10.000 ) 
    Source Clock Delay      (SCD):    5.415ns
    Clock Pessimism Removal (CPR):    0.267ns
  Clock Uncertainty:      0.035ns  ((TSJ^2 + TIJ^2)^1/2 + DJ) / 2 + PE
    Total System Jitter     (TSJ):    0.071ns
    Total Input Jitter      (TIJ):    0.000ns
    Discrete Jitter          (DJ):    0.000ns
    Phase Error              (PE):    0.000ns

    Location             Delay type                Incr(ns)  Path(ns)    Netlist Resource(s)
  -------------------------------------------------------------------    -------------------
                         (clock sys_clk rise edge)    0.000     0.000 r  
    E3                                                0.000     0.000 r  clk_100mhz (IN)
                         net (fo=0)                   0.000     0.000    clk_100mhz
    E3                   IBUF (Prop_ibuf_I_O)         1.482     1.482 r  clk_100mhz_IBUF_inst/O
                         net (fo=1, routed)           2.025     3.506    clk_100mhz_IBUF
    BUFGCTRL_X0Y16       BUFG (Prop_bufg_I_O)         0.096     3.602 r  clk_100mhz_IBUF_BUFG_inst/O
                         net (fo=2651, routed)        1.812     5.415    clk_100mhz_IBUF_BUFG
    SLICE_X32Y11         FDCE                                         r  rst_sync_reg[3]/C
  -------------------------------------------------------------------    -------------------
    SLICE_X32Y11         FDCE (Prop_fdce_C_Q)         0.456     5.871 r  rst_sync_reg[3]/Q
                         net (fo=41, routed)          0.763     6.633    u_bridge/tx_valid_reg_0[0]
    SLICE_X29Y9          LUT1 (Prop_lut1_I0_O)        0.118     6.751 f  u_bridge/FSM_sequential_state[1]_i_2/O
                         net (fo=596, routed)         4.295    11.046    u_bridge_n_1
    SLICE_X4Y31          FDCE                                         f  heartbeat_cnt_reg[21]/CLR
  -------------------------------------------------------------------    -------------------

                         (clock sys_clk rise edge)   10.000    10.000 r  
    E3                                                0.000    10.000 r  clk_100mhz (IN)
                         net (fo=0)                   0.000    10.000    clk_100mhz
    E3                   IBUF (Prop_ibuf_I_O)         1.411    11.411 r  clk_100mhz_IBUF_inst/O
                         net (fo=1, routed)           1.920    13.331    clk_100mhz_IBUF
    BUFGCTRL_X0Y16       BUFG (Prop_bufg_I_O)         0.091    13.422 r  clk_100mhz_IBUF_BUFG_inst/O
                         net (fo=2651, routed)        1.760    15.182    clk_100mhz_IBUF_BUFG
    SLICE_X4Y31          FDCE                                         r  heartbeat_cnt_reg[21]/C
                         clock pessimism              0.267    15.450    
                         clock uncertainty           -0.035    15.414    
    SLICE_X4Y31          FDCE (Recov_fdce_C_CLR)     -0.607    14.807    heartbeat_cnt_reg[21]
  -------------------------------------------------------------------
                         required time                         14.807    
                         arrival time                         -11.046    
  -------------------------------------------------------------------
                         slack                                  3.761    

Slack (MET) :             3.761ns  (required time - arrival time)
  Source:                 rst_sync_reg[3]/C
                            (rising edge-triggered cell FDCE clocked by sys_clk  {rise@0.000ns fall@5.000ns period=10.000ns})
  Destination:            heartbeat_cnt_reg[22]/CLR
                            (recovery check against rising-edge clock sys_clk  {rise@0.000ns fall@5.000ns period=10.000ns})
  Path Group:             **async_default**
  Path Type:              Recovery (Max at Slow Process Corner)
  Requirement:            10.000ns  (sys_clk rise@10.000ns - sys_clk rise@0.000ns)
  Data Path Delay:        5.631ns  (logic 0.574ns (10.193%)  route 5.057ns (89.807%))
  Logic Levels:           1  (LUT1=1)
  Clock Path Skew:        0.035ns (DCD - SCD + CPR)
    Destination Clock Delay (DCD):    5.182ns = ( 15.182 - 10.000 ) 
    Source Clock Delay      (SCD):    5.415ns
    Clock Pessimism Removal (CPR):    0.267ns
  Clock Uncertainty:      0.035ns  ((TSJ^2 + TIJ^2)^1/2 + DJ) / 2 + PE
    Total System Jitter     (TSJ):    0.071ns
    Total Input Jitter      (TIJ):    0.000ns
    Discrete Jitter          (DJ):    0.000ns
    Phase Error              (PE):    0.000ns

    Location             Delay type                Incr(ns)  Path(ns)    Netlist Resource(s)
  -------------------------------------------------------------------    -------------------
                         (clock sys_clk rise edge)    0.000     0.000 r  
    E3                                                0.000     0.000 r  clk_100mhz (IN)
                         net (fo=0)                   0.000     0.000    clk_100mhz
    E3                   IBUF (Prop_ibuf_I_O)         1.482     1.482 r  clk_100mhz_IBUF_inst/O
                         net (fo=1, routed)           2.025     3.506    clk_100mhz_IBUF
    BUFGCTRL_X0Y16       BUFG (Prop_bufg_I_O)         0.096     3.602 r  clk_100mhz_IBUF_BUFG_inst/O
                         net (fo=2651, routed)        1.812     5.415    clk_100mhz_IBUF_BUFG
    SLICE_X32Y11         FDCE                                         r  rst_sync_reg[3]/C
  -------------------------------------------------------------------    -------------------
    SLICE_X32Y11         FDCE (Prop_fdce_C_Q)         0.456     5.871 r  rst_sync_reg[3]/Q
                         net (fo=41, routed)          0.763     6.633    u_bridge/tx_valid_reg_0[0]
    SLICE_X29Y9          LUT1 (Prop_lut1_I0_O)        0.118     6.751 f  u_bridge/FSM_sequential_state[1]_i_2/O
                         net (fo=596, routed)         4.295    11.046    u_bridge_n_1
    SLICE_X4Y31          FDCE                                         f  heartbeat_cnt_reg[22]/CLR
  -------------------------------------------------------------------    -------------------

                         (clock sys_clk rise edge)   10.000    10.000 r  
    E3                                                0.000    10.000 r  clk_100mhz (IN)
                         net (fo=0)                   0.000    10.000    clk_100mhz
    E3                   IBUF (Prop_ibuf_I_O)         1.411    11.411 r  clk_100mhz_IBUF_inst/O
                         net (fo=1, routed)           1.920    13.331    clk_100mhz_IBUF
    BUFGCTRL_X0Y16       BUFG (Prop_bufg_I_O)         0.091    13.422 r  clk_100mhz_IBUF_BUFG_inst/O
                         net (fo=2651, routed)        1.760    15.182    clk_100mhz_IBUF_BUFG
    SLICE_X4Y31          FDCE                                         r  heartbeat_cnt_reg[22]/C
                         clock pessimism              0.267    15.450    
                         clock uncertainty           -0.035    15.414    
    SLICE_X4Y31          FDCE (Recov_fdce_C_CLR)     -0.607    14.807    heartbeat_cnt_reg[22]
  -------------------------------------------------------------------
                         required time                         14.807    
                         arrival time                         -11.046    
  -------------------------------------------------------------------
                         slack                                  3.761    

Slack (MET) :             3.761ns  (required time - arrival time)
  Source:                 rst_sync_reg[3]/C
                            (rising edge-triggered cell FDCE clocked by sys_clk  {rise@0.000ns fall@5.000ns period=10.000ns})
  Destination:            heartbeat_cnt_reg[23]/CLR
                            (recovery check against rising-edge clock sys_clk  {rise@0.000ns fall@5.000ns period=10.000ns})
  Path Group:             **async_default**
  Path Type:              Recovery (Max at Slow Process Corner)
  Requirement:            10.000ns  (sys_clk rise@10.000ns - sys_clk rise@0.000ns)
  Data Path Delay:        5.631ns  (logic 0.574ns (10.193%)  route 5.057ns (89.807%))
  Logic Levels:           1  (LUT1=1)
  Clock Path Skew:        0.035ns (DCD - SCD + CPR)
    Destination Clock Delay (DCD):    5.182ns = ( 15.182 - 10.000 ) 
    Source Clock Delay      (SCD):    5.415ns
    Clock Pessimism Removal (CPR):    0.267ns
  Clock Uncertainty:      0.035ns  ((TSJ^2 + TIJ^2)^1/2 + DJ) / 2 + PE
    Total System Jitter     (TSJ):    0.071ns
    Total Input Jitter      (TIJ):    0.000ns
    Discrete Jitter          (DJ):    0.000ns
    Phase Error              (PE):    0.000ns

    Location             Delay type                Incr(ns)  Path(ns)    Netlist Resource(s)
  -------------------------------------------------------------------    -------------------
                         (clock sys_clk rise edge)    0.000     0.000 r  
    E3                                                0.000     0.000 r  clk_100mhz (IN)
                         net (fo=0)                   0.000     0.000    clk_100mhz
    E3                   IBUF (Prop_ibuf_I_O)         1.482     1.482 r  clk_100mhz_IBUF_inst/O
                         net (fo=1, routed)           2.025     3.506    clk_100mhz_IBUF
    BUFGCTRL_X0Y16       BUFG (Prop_bufg_I_O)         0.096     3.602 r  clk_100mhz_IBUF_BUFG_inst/O
                         net (fo=2651, routed)        1.812     5.415    clk_100mhz_IBUF_BUFG
    SLICE_X32Y11         FDCE                                         r  rst_sync_reg[3]/C
  -------------------------------------------------------------------    -------------------
    SLICE_X32Y11         FDCE (Prop_fdce_C_Q)         0.456     5.871 r  rst_sync_reg[3]/Q
                         net (fo=41, routed)          0.763     6.633    u_bridge/tx_valid_reg_0[0]
    SLICE_X29Y9          LUT1 (Prop_lut1_I0_O)        0.118     6.751 f  u_bridge/FSM_sequential_state[1]_i_2/O
                         net (fo=596, routed)         4.295    11.046    u_bridge_n_1
    SLICE_X4Y31          FDCE                                         f  heartbeat_cnt_reg[23]/CLR
  -------------------------------------------------------------------    -------------------

                         (clock sys_clk rise edge)   10.000    10.000 r  
    E3                                                0.000    10.000 r  clk_100mhz (IN)
                         net (fo=0)                   0.000    10.000    clk_100mhz
    E3                   IBUF (Prop_ibuf_I_O)         1.411    11.411 r  clk_100mhz_IBUF_inst/O
                         net (fo=1, routed)           1.920    13.331    clk_100mhz_IBUF
    BUFGCTRL_X0Y16       BUFG (Prop_bufg_I_O)         0.091    13.422 r  clk_100mhz_IBUF_BUFG_inst/O
                         net (fo=2651, routed)        1.760    15.182    clk_100mhz_IBUF_BUFG
    SLICE_X4Y31          FDCE                                         r  heartbeat_cnt_reg[23]/C
                         clock pessimism              0.267    15.450    
                         clock uncertainty           -0.035    15.414    
    SLICE_X4Y31          FDCE (Recov_fdce_C_CLR)     -0.607    14.807    heartbeat_cnt_reg[23]
  -------------------------------------------------------------------
                         required time                         14.807    
                         arrival time                         -11.046    
  -------------------------------------------------------------------
                         slack                                  3.761    

Slack (MET) :             3.909ns  (required time - arrival time)
  Source:                 rst_sync_reg[3]/C
                            (rising edge-triggered cell FDCE clocked by sys_clk  {rise@0.000ns fall@5.000ns period=10.000ns})
  Destination:            heartbeat_cnt_reg[16]/CLR
                            (recovery check against rising-edge clock sys_clk  {rise@0.000ns fall@5.000ns period=10.000ns})
  Path Group:             **async_default**
  Path Type:              Recovery (Max at Slow Process Corner)
  Requirement:            10.000ns  (sys_clk rise@10.000ns - sys_clk rise@0.000ns)
  Data Path Delay:        5.483ns  (logic 0.574ns (10.469%)  route 4.909ns (89.531%))
  Logic Levels:           1  (LUT1=1)
  Clock Path Skew:        0.034ns (DCD - SCD + CPR)
    Destination Clock Delay (DCD):    5.181ns = ( 15.181 - 10.000 ) 
    Source Clock Delay      (SCD):    5.415ns
    Clock Pessimism Removal (CPR):    0.267ns
  Clock Uncertainty:      0.035ns  ((TSJ^2 + TIJ^2)^1/2 + DJ) / 2 + PE
    Total System Jitter     (TSJ):    0.071ns
    Total Input Jitter      (TIJ):    0.000ns
    Discrete Jitter          (DJ):    0.000ns
    Phase Error              (PE):    0.000ns

    Location             Delay type                Incr(ns)  Path(ns)    Netlist Resource(s)
  -------------------------------------------------------------------    -------------------
                         (clock sys_clk rise edge)    0.000     0.000 r  
    E3                                                0.000     0.000 r  clk_100mhz (IN)
                         net (fo=0)                   0.000     0.000    clk_100mhz
    E3                   IBUF (Prop_ibuf_I_O)         1.482     1.482 r  clk_100mhz_IBUF_inst/O
                         net (fo=1, routed)           2.025     3.506    clk_100mhz_IBUF
    BUFGCTRL_X0Y16       BUFG (Prop_bufg_I_O)         0.096     3.602 r  clk_100mhz_IBUF_BUFG_inst/O
                         net (fo=2651, routed)        1.812     5.415    clk_100mhz_IBUF_BUFG
    SLICE_X32Y11         FDCE                                         r  rst_sync_reg[3]/C
  -------------------------------------------------------------------    -------------------
    SLICE_X32Y11         FDCE (Prop_fdce_C_Q)         0.456     5.871 r  rst_sync_reg[3]/Q
                         net (fo=41, routed)          0.763     6.633    u_bridge/tx_valid_reg_0[0]
    SLICE_X29Y9          LUT1 (Prop_lut1_I0_O)        0.118     6.751 f  u_bridge/FSM_sequential_state[1]_i_2/O
                         net (fo=596, routed)         4.146    10.898    u_bridge_n_1
    SLICE_X4Y30          FDCE                                         f  heartbeat_cnt_reg[16]/CLR
  -------------------------------------------------------------------    -------------------

                         (clock sys_clk rise edge)   10.000    10.000 r  
    E3                                                0.000    10.000 r  clk_100mhz (IN)
                         net (fo=0)                   0.000    10.000    clk_100mhz
    E3                   IBUF (Prop_ibuf_I_O)         1.411    11.411 r  clk_100mhz_IBUF_inst/O
                         net (fo=1, routed)           1.920    13.331    clk_100mhz_IBUF
    BUFGCTRL_X0Y16       BUFG (Prop_bufg_I_O)         0.091    13.422 r  clk_100mhz_IBUF_BUFG_inst/O
                         net (fo=2651, routed)        1.759    15.181    clk_100mhz_IBUF_BUFG
    SLICE_X4Y30          FDCE                                         r  heartbeat_cnt_reg[16]/C
                         clock pessimism              0.267    15.449    
                         clock uncertainty           -0.035    15.413    
    SLICE_X4Y30          FDCE (Recov_fdce_C_CLR)     -0.607    14.806    heartbeat_cnt_reg[16]
  -------------------------------------------------------------------
                         required time                         14.806    
                         arrival time                         -10.898    
  -------------------------------------------------------------------
                         slack                                  3.909    

Slack (MET) :             3.909ns  (required time - arrival time)
  Source:                 rst_sync_reg[3]/C
                            (rising edge-triggered cell FDCE clocked by sys_clk  {rise@0.000ns fall@5.000ns period=10.000ns})
  Destination:            heartbeat_cnt_reg[17]/CLR
                            (recovery check against rising-edge clock sys_clk  {rise@0.000ns fall@5.000ns period=10.000ns})
  Path Group:             **async_default**
  Path Type:              Recovery (Max at Slow Process Corner)
  Requirement:            10.000ns  (sys_clk rise@10.000ns - sys_clk rise@0.000ns)
  Data Path Delay:        5.483ns  (logic 0.574ns (10.469%)  route 4.909ns (89.531%))
  Logic Levels:           1  (LUT1=1)
  Clock Path Skew:        0.034ns (DCD - SCD + CPR)
    Destination Clock Delay (DCD):    5.181ns = ( 15.181 - 10.000 ) 
    Source Clock Delay      (SCD):    5.415ns
    Clock Pessimism Removal (CPR):    0.267ns
  Clock Uncertainty:      0.035ns  ((TSJ^2 + TIJ^2)^1/2 + DJ) / 2 + PE
    Total System Jitter     (TSJ):    0.071ns
    Total Input Jitter      (TIJ):    0.000ns
    Discrete Jitter          (DJ):    0.000ns
    Phase Error              (PE):    0.000ns

    Location             Delay type                Incr(ns)  Path(ns)    Netlist Resource(s)
  -------------------------------------------------------------------    -------------------
                         (clock sys_clk rise edge)    0.000     0.000 r  
    E3                                                0.000     0.000 r  clk_100mhz (IN)
                         net (fo=0)                   0.000     0.000    clk_100mhz
    E3                   IBUF (Prop_ibuf_I_O)         1.482     1.482 r  clk_100mhz_IBUF_inst/O
                         net (fo=1, routed)           2.025     3.506    clk_100mhz_IBUF
    BUFGCTRL_X0Y16       BUFG (Prop_bufg_I_O)         0.096     3.602 r  clk_100mhz_IBUF_BUFG_inst/O
                         net (fo=2651, routed)        1.812     5.415    clk_100mhz_IBUF_BUFG
    SLICE_X32Y11         FDCE                                         r  rst_sync_reg[3]/C
  -------------------------------------------------------------------    -------------------
    SLICE_X32Y11         FDCE (Prop_fdce_C_Q)         0.456     5.871 r  rst_sync_reg[3]/Q
                         net (fo=41, routed)          0.763     6.633    u_bridge/tx_valid_reg_0[0]
    SLICE_X29Y9          LUT1 (Prop_lut1_I0_O)        0.118     6.751 f  u_bridge/FSM_sequential_state[1]_i_2/O
                         net (fo=596, routed)         4.146    10.898    u_bridge_n_1
    SLICE_X4Y30          FDCE                                         f  heartbeat_cnt_reg[17]/CLR
  -------------------------------------------------------------------    -------------------

                         (clock sys_clk rise edge)   10.000    10.000 r  
    E3                                                0.000    10.000 r  clk_100mhz (IN)
                         net (fo=0)                   0.000    10.000    clk_100mhz
    E3                   IBUF (Prop_ibuf_I_O)         1.411    11.411 r  clk_100mhz_IBUF_inst/O
                         net (fo=1, routed)           1.920    13.331    clk_100mhz_IBUF
    BUFGCTRL_X0Y16       BUFG (Prop_bufg_I_O)         0.091    13.422 r  clk_100mhz_IBUF_BUFG_inst/O
                         net (fo=2651, routed)        1.759    15.181    clk_100mhz_IBUF_BUFG
    SLICE_X4Y30          FDCE                                         r  heartbeat_cnt_reg[17]/C
                         clock pessimism              0.267    15.449    
                         clock uncertainty           -0.035    15.413    
    SLICE_X4Y30          FDCE (Recov_fdce_C_CLR)     -0.607    14.806    heartbeat_cnt_reg[17]
  -------------------------------------------------------------------
                         required time                         14.806    
                         arrival time                         -10.898    
  -------------------------------------------------------------------
                         slack                                  3.909    

Slack (MET) :             3.909ns  (required time - arrival time)
  Source:                 rst_sync_reg[3]/C
                            (rising edge-triggered cell FDCE clocked by sys_clk  {rise@0.000ns fall@5.000ns period=10.000ns})
  Destination:            heartbeat_cnt_reg[18]/CLR
                            (recovery check against rising-edge clock sys_clk  {rise@0.000ns fall@5.000ns period=10.000ns})
  Path Group:             **async_default**
  Path Type:              Recovery (Max at Slow Process Corner)
  Requirement:            10.000ns  (sys_clk rise@10.000ns - sys_clk rise@0.000ns)
  Data Path Delay:        5.483ns  (logic 0.574ns (10.469%)  route 4.909ns (89.531%))
  Logic Levels:           1  (LUT1=1)
  Clock Path Skew:        0.034ns (DCD - SCD + CPR)
    Destination Clock Delay (DCD):    5.181ns = ( 15.181 - 10.000 ) 
    Source Clock Delay      (SCD):    5.415ns
    Clock Pessimism Removal (CPR):    0.267ns
  Clock Uncertainty:      0.035ns  ((TSJ^2 + TIJ^2)^1/2 + DJ) / 2 + PE
    Total System Jitter     (TSJ):    0.071ns
    Total Input Jitter      (TIJ):    0.000ns
    Discrete Jitter          (DJ):    0.000ns
    Phase Error              (PE):    0.000ns

    Location             Delay type                Incr(ns)  Path(ns)    Netlist Resource(s)
  -------------------------------------------------------------------    -------------------
                         (clock sys_clk rise edge)    0.000     0.000 r  
    E3                                                0.000     0.000 r  clk_100mhz (IN)
                         net (fo=0)                   0.000     0.000    clk_100mhz
    E3                   IBUF (Prop_ibuf_I_O)         1.482     1.482 r  clk_100mhz_IBUF_inst/O
                         net (fo=1, routed)           2.025     3.506    clk_100mhz_IBUF
    BUFGCTRL_X0Y16       BUFG (Prop_bufg_I_O)         0.096     3.602 r  clk_100mhz_IBUF_BUFG_inst/O
                         net (fo=2651, routed)        1.812     5.415    clk_100mhz_IBUF_BUFG
    SLICE_X32Y11         FDCE                                         r  rst_sync_reg[3]/C
  -------------------------------------------------------------------    -------------------
    SLICE_X32Y11         FDCE (Prop_fdce_C_Q)         0.456     5.871 r  rst_sync_reg[3]/Q
                         net (fo=41, routed)          0.763     6.633    u_bridge/tx_valid_reg_0[0]
    SLICE_X29Y9          LUT1 (Prop_lut1_I0_O)        0.118     6.751 f  u_bridge/FSM_sequential_state[1]_i_2/O
                         net (fo=596, routed)         4.146    10.898    u_bridge_n_1
    SLICE_X4Y30          FDCE                                         f  heartbeat_cnt_reg[18]/CLR
  -------------------------------------------------------------------    -------------------

                         (clock sys_clk rise edge)   10.000    10.000 r  
    E3                                                0.000    10.000 r  clk_100mhz (IN)
                         net (fo=0)                   0.000    10.000    clk_100mhz
    E3                   IBUF (Prop_ibuf_I_O)         1.411    11.411 r  clk_100mhz_IBUF_inst/O
                         net (fo=1, routed)           1.920    13.331    clk_100mhz_IBUF
    BUFGCTRL_X0Y16       BUFG (Prop_bufg_I_O)         0.091    13.422 r  clk_100mhz_IBUF_BUFG_inst/O
                         net (fo=2651, routed)        1.759    15.181    clk_100mhz_IBUF_BUFG
    SLICE_X4Y30          FDCE                                         r  heartbeat_cnt_reg[18]/C
                         clock pessimism              0.267    15.449    
                         clock uncertainty           -0.035    15.413    
    SLICE_X4Y30          FDCE (Recov_fdce_C_CLR)     -0.607    14.806    heartbeat_cnt_reg[18]
  -------------------------------------------------------------------
                         required time                         14.806    
                         arrival time                         -10.898    
  -------------------------------------------------------------------
                         slack                                  3.909    

Slack (MET) :             3.909ns  (required time - arrival time)
  Source:                 rst_sync_reg[3]/C
                            (rising edge-triggered cell FDCE clocked by sys_clk  {rise@0.000ns fall@5.000ns period=10.000ns})
  Destination:            heartbeat_cnt_reg[19]/CLR
                            (recovery check against rising-edge clock sys_clk  {rise@0.000ns fall@5.000ns period=10.000ns})
  Path Group:             **async_default**
  Path Type:              Recovery (Max at Slow Process Corner)
  Requirement:            10.000ns  (sys_clk rise@10.000ns - sys_clk rise@0.000ns)
  Data Path Delay:        5.483ns  (logic 0.574ns (10.469%)  route 4.909ns (89.531%))
  Logic Levels:           1  (LUT1=1)
  Clock Path Skew:        0.034ns (DCD - SCD + CPR)
    Destination Clock Delay (DCD):    5.181ns = ( 15.181 - 10.000 ) 
    Source Clock Delay      (SCD):    5.415ns
    Clock Pessimism Removal (CPR):    0.267ns
  Clock Uncertainty:      0.035ns  ((TSJ^2 + TIJ^2)^1/2 + DJ) / 2 + PE
    Total System Jitter     (TSJ):    0.071ns
    Total Input Jitter      (TIJ):    0.000ns
    Discrete Jitter          (DJ):    0.000ns
    Phase Error              (PE):    0.000ns

    Location             Delay type                Incr(ns)  Path(ns)    Netlist Resource(s)
  -------------------------------------------------------------------    -------------------
                         (clock sys_clk rise edge)    0.000     0.000 r  
    E3                                                0.000     0.000 r  clk_100mhz (IN)
                         net (fo=0)                   0.000     0.000    clk_100mhz
    E3                   IBUF (Prop_ibuf_I_O)         1.482     1.482 r  clk_100mhz_IBUF_inst/O
                         net (fo=1, routed)           2.025     3.506    clk_100mhz_IBUF
    BUFGCTRL_X0Y16       BUFG (Prop_bufg_I_O)         0.096     3.602 r  clk_100mhz_IBUF_BUFG_inst/O
                         net (fo=2651, routed)        1.812     5.415    clk_100mhz_IBUF_BUFG
    SLICE_X32Y11         FDCE                                         r  rst_sync_reg[3]/C
  -------------------------------------------------------------------    -------------------
    SLICE_X32Y11         FDCE (Prop_fdce_C_Q)         0.456     5.871 r  rst_sync_reg[3]/Q
                         net (fo=41, routed)          0.763     6.633    u_bridge/tx_valid_reg_0[0]
    SLICE_X29Y9          LUT1 (Prop_lut1_I0_O)        0.118     6.751 f  u_bridge/FSM_sequential_state[1]_i_2/O
                         net (fo=596, routed)         4.146    10.898    u_bridge_n_1
    SLICE_X4Y30          FDCE                                         f  heartbeat_cnt_reg[19]/CLR
  -------------------------------------------------------------------    -------------------

                         (clock sys_clk rise edge)   10.000    10.000 r  
    E3                                                0.000    10.000 r  clk_100mhz (IN)
                         net (fo=0)                   0.000    10.000    clk_100mhz
    E3                   IBUF (Prop_ibuf_I_O)         1.411    11.411 r  clk_100mhz_IBUF_inst/O
                         net (fo=1, routed)           1.920    13.331    clk_100mhz_IBUF
    BUFGCTRL_X0Y16       BUFG (Prop_bufg_I_O)         0.091    13.422 r  clk_100mhz_IBUF_BUFG_inst/O
                         net (fo=2651, routed)        1.759    15.181    clk_100mhz_IBUF_BUFG
    SLICE_X4Y30          FDCE                                         r  heartbeat_cnt_reg[19]/C
                         clock pessimism              0.267    15.449    
                         clock uncertainty           -0.035    15.413    
    SLICE_X4Y30          FDCE (Recov_fdce_C_CLR)     -0.607    14.806    heartbeat_cnt_reg[19]
  -------------------------------------------------------------------
                         required time                         14.806    
                         arrival time                         -10.898    
  -------------------------------------------------------------------
                         slack                                  3.909    





Min Delay Paths
--------------------------------------------------------------------------------------
Slack (MET) :             0.809ns  (arrival time - required time)
  Source:                 rst_sync_reg[3]/C
                            (rising edge-triggered cell FDCE clocked by sys_clk  {rise@0.000ns fall@5.000ns period=10.000ns})
  Destination:            u_bridge/crc_rx_reg[12]/CLR
                            (removal check against rising-edge clock sys_clk  {rise@0.000ns fall@5.000ns period=10.000ns})
  Path Group:             **async_default**
  Path Type:              Removal (Min at Fast Process Corner)
  Requirement:            0.000ns  (sys_clk rise@0.000ns - sys_clk rise@0.000ns)
  Data Path Delay:        0.691ns  (logic 0.189ns (27.348%)  route 0.502ns (72.651%))
  Logic Levels:           1  (LUT1=1)
  Clock Path Skew:        0.036ns (DCD - SCD - CPR)
    Destination Clock Delay (DCD):    2.075ns
    Source Clock Delay      (SCD):    1.556ns
    Clock Pessimism Removal (CPR):    0.483ns

    Location             Delay type                Incr(ns)  Path(ns)    Netlist Resource(s)
  -------------------------------------------------------------------    -------------------
                         (clock sys_clk rise edge)    0.000     0.000 r  
    E3                                                0.000     0.000 r  clk_100mhz (IN)
                         net (fo=0)                   0.000     0.000    clk_100mhz
    E3                   IBUF (Prop_ibuf_I_O)         0.250     0.250 r  clk_100mhz_IBUF_inst/O
                         net (fo=1, routed)           0.644     0.894    clk_100mhz_IBUF
    BUFGCTRL_X0Y16       BUFG (Prop_bufg_I_O)         0.026     0.920 r  clk_100mhz_IBUF_BUFG_inst/O
                         net (fo=2651, routed)        0.636     1.556    clk_100mhz_IBUF_BUFG
    SLICE_X32Y11         FDCE                                         r  rst_sync_reg[3]/C
  -------------------------------------------------------------------    -------------------
    SLICE_X32Y11         FDCE (Prop_fdce_C_Q)         0.141     1.697 r  rst_sync_reg[3]/Q
                         net (fo=41, routed)          0.304     2.000    u_bridge/tx_valid_reg_0[0]
    SLICE_X29Y9          LUT1 (Prop_lut1_I0_O)        0.048     2.048 f  u_bridge/FSM_sequential_state[1]_i_2/O
                         net (fo=596, routed)         0.199     2.247    u_bridge/rst_sync_reg[3]
    SLICE_X27Y13         FDCE                                         f  u_bridge/crc_rx_reg[12]/CLR
  -------------------------------------------------------------------    -------------------

                         (clock sys_clk rise edge)    0.000     0.000 r  
    E3                                                0.000     0.000 r  clk_100mhz (IN)
                         net (fo=0)                   0.000     0.000    clk_100mhz
    E3                   IBUF (Prop_ibuf_I_O)         0.438     0.438 r  clk_100mhz_IBUF_inst/O
                         net (fo=1, routed)           0.699     1.136    clk_100mhz_IBUF
    BUFGCTRL_X0Y16       BUFG (Prop_bufg_I_O)         0.029     1.165 r  clk_100mhz_IBUF_BUFG_inst/O
                         net (fo=2651, routed)        0.910     2.075    u_bridge/clk_100mhz_IBUF_BUFG
    SLICE_X27Y13         FDCE                                         r  u_bridge/crc_rx_reg[12]/C
                         clock pessimism             -0.483     1.592    
    SLICE_X27Y13         FDCE (Remov_fdce_C_CLR)     -0.154     1.438    u_bridge/crc_rx_reg[12]
  -------------------------------------------------------------------
                         required time                         -1.438    
                         arrival time                           2.247    
  -------------------------------------------------------------------
                         slack                                  0.809    

Slack (MET) :             0.809ns  (arrival time - required time)
  Source:                 rst_sync_reg[3]/C
                            (rising edge-triggered cell FDCE clocked by sys_clk  {rise@0.000ns fall@5.000ns period=10.000ns})
  Destination:            u_bridge/crc_rx_reg[15]/CLR
                            (removal check against rising-edge clock sys_clk  {rise@0.000ns fall@5.000ns period=10.000ns})
  Path Group:             **async_default**
  Path Type:              Removal (Min at Fast Process Corner)
  Requirement:            0.000ns  (sys_clk rise@0.000ns - sys_clk rise@0.000ns)
  Data Path Delay:        0.691ns  (logic 0.189ns (27.348%)  route 0.502ns (72.651%))
  Logic Levels:           1  (LUT1=1)
  Clock Path Skew:        0.036ns (DCD - SCD - CPR)
    Destination Clock Delay (DCD):    2.075ns
    Source Clock Delay      (SCD):    1.556ns
    Clock Pessimism Removal (CPR):    0.483ns

    Location             Delay type                Incr(ns)  Path(ns)    Netlist Resource(s)
  -------------------------------------------------------------------    -------------------
                         (clock sys_clk rise edge)    0.000     0.000 r  
    E3                                                0.000     0.000 r  clk_100mhz (IN)
                         net (fo=0)                   0.000     0.000    clk_100mhz
    E3                   IBUF (Prop_ibuf_I_O)         0.250     0.250 r  clk_100mhz_IBUF_inst/O
                         net (fo=1, routed)           0.644     0.894    clk_100mhz_IBUF
    BUFGCTRL_X0Y16       BUFG (Prop_bufg_I_O)         0.026     0.920 r  clk_100mhz_IBUF_BUFG_inst/O
                         net (fo=2651, routed)        0.636     1.556    clk_100mhz_IBUF_BUFG
    SLICE_X32Y11         FDCE                                         r  rst_sync_reg[3]/C
  -------------------------------------------------------------------    -------------------
    SLICE_X32Y11         FDCE (Prop_fdce_C_Q)         0.141     1.697 r  rst_sync_reg[3]/Q
                         net (fo=41, routed)          0.304     2.000    u_bridge/tx_valid_reg_0[0]
    SLICE_X29Y9          LUT1 (Prop_lut1_I0_O)        0.048     2.048 f  u_bridge/FSM_sequential_state[1]_i_2/O
                         net (fo=596, routed)         0.199     2.247    u_bridge/rst_sync_reg[3]
    SLICE_X27Y13         FDCE                                         f  u_bridge/crc_rx_reg[15]/CLR
  -------------------------------------------------------------------    -------------------

                         (clock sys_clk rise edge)    0.000     0.000 r  
    E3                                                0.000     0.000 r  clk_100mhz (IN)
                         net (fo=0)                   0.000     0.000    clk_100mhz
    E3                   IBUF (Prop_ibuf_I_O)         0.438     0.438 r  clk_100mhz_IBUF_inst/O
                         net (fo=1, routed)           0.699     1.136    clk_100mhz_IBUF
    BUFGCTRL_X0Y16       BUFG (Prop_bufg_I_O)         0.029     1.165 r  clk_100mhz_IBUF_BUFG_inst/O
                         net (fo=2651, routed)        0.910     2.075    u_bridge/clk_100mhz_IBUF_BUFG
    SLICE_X27Y13         FDCE                                         r  u_bridge/crc_rx_reg[15]/C
                         clock pessimism             -0.483     1.592    
    SLICE_X27Y13         FDCE (Remov_fdce_C_CLR)     -0.154     1.438    u_bridge/crc_rx_reg[15]
  -------------------------------------------------------------------
                         required time                         -1.438    
                         arrival time                           2.247    
  -------------------------------------------------------------------
                         slack                                  0.809    

Slack (MET) :             0.809ns  (arrival time - required time)
  Source:                 rst_sync_reg[3]/C
                            (rising edge-triggered cell FDCE clocked by sys_clk  {rise@0.000ns fall@5.000ns period=10.000ns})
  Destination:            u_bridge/crc_rx_reg[9]/CLR
                            (removal check against rising-edge clock sys_clk  {rise@0.000ns fall@5.000ns period=10.000ns})
  Path Group:             **async_default**
  Path Type:              Removal (Min at Fast Process Corner)
  Requirement:            0.000ns  (sys_clk rise@0.000ns - sys_clk rise@0.000ns)
  Data Path Delay:        0.691ns  (logic 0.189ns (27.348%)  route 0.502ns (72.651%))
  Logic Levels:           1  (LUT1=1)
  Clock Path Skew:        0.036ns (DCD - SCD - CPR)
    Destination Clock Delay (DCD):    2.075ns
    Source Clock Delay      (SCD):    1.556ns
    Clock Pessimism Removal (CPR):    0.483ns

    Location             Delay type                Incr(ns)  Path(ns)    Netlist Resource(s)
  -------------------------------------------------------------------    -------------------
                         (clock sys_clk rise edge)    0.000     0.000 r  
    E3                                                0.000     0.000 r  clk_100mhz (IN)
                         net (fo=0)                   0.000     0.000    clk_100mhz
    E3                   IBUF (Prop_ibuf_I_O)         0.250     0.250 r  clk_100mhz_IBUF_inst/O
                         net (fo=1, routed)           0.644     0.894    clk_100mhz_IBUF
    BUFGCTRL_X0Y16       BUFG (Prop_bufg_I_O)         0.026     0.920 r  clk_100mhz_IBUF_BUFG_inst/O
                         net (fo=2651, routed)        0.636     1.556    clk_100mhz_IBUF_BUFG
    SLICE_X32Y11         FDCE                                         r  rst_sync_reg[3]/C
  -------------------------------------------------------------------    -------------------
    SLICE_X32Y11         FDCE (Prop_fdce_C_Q)         0.141     1.697 r  rst_sync_reg[3]/Q
                         net (fo=41, routed)          0.304     2.000    u_bridge/tx_valid_reg_0[0]
    SLICE_X29Y9          LUT1 (Prop_lut1_I0_O)        0.048     2.048 f  u_bridge/FSM_sequential_state[1]_i_2/O
                         net (fo=596, routed)         0.199     2.247    u_bridge/rst_sync_reg[3]
    SLICE_X27Y13         FDCE                                         f  u_bridge/crc_rx_reg[9]/CLR
  -------------------------------------------------------------------    -------------------

                         (clock sys_clk rise edge)    0.000     0.000 r  
    E3                                                0.000     0.000 r  clk_100mhz (IN)
                         net (fo=0)                   0.000     0.000    clk_100mhz
    E3                   IBUF (Prop_ibuf_I_O)         0.438     0.438 r  clk_100mhz_IBUF_inst/O
                         net (fo=1, routed)           0.699     1.136    clk_100mhz_IBUF
    BUFGCTRL_X0Y16       BUFG (Prop_bufg_I_O)         0.029     1.165 r  clk_100mhz_IBUF_BUFG_inst/O
                         net (fo=2651, routed)        0.910     2.075    u_bridge/clk_100mhz_IBUF_BUFG
    SLICE_X27Y13         FDCE                                         r  u_bridge/crc_rx_reg[9]/C
                         clock pessimism             -0.483     1.592    
    SLICE_X27Y13         FDCE (Remov_fdce_C_CLR)     -0.154     1.438    u_bridge/crc_rx_reg[9]
  -------------------------------------------------------------------
                         required time                         -1.438    
                         arrival time                           2.247    
  -------------------------------------------------------------------
                         slack                                  0.809    

Slack (MET) :             0.830ns  (arrival time - required time)
  Source:                 rst_sync_reg[3]/C
                            (rising edge-triggered cell FDCE clocked by sys_clk  {rise@0.000ns fall@5.000ns period=10.000ns})
  Destination:            u_bridge/cmd_reg[5]/CLR
                            (removal check against rising-edge clock sys_clk  {rise@0.000ns fall@5.000ns period=10.000ns})
  Path Group:             **async_default**
  Path Type:              Removal (Min at Fast Process Corner)
  Requirement:            0.000ns  (sys_clk rise@0.000ns - sys_clk rise@0.000ns)
  Data Path Delay:        0.709ns  (logic 0.189ns (26.641%)  route 0.520ns (73.359%))
  Logic Levels:           1  (LUT1=1)
  Clock Path Skew:        0.033ns (DCD - SCD - CPR)
    Destination Clock Delay (DCD):    2.072ns
    Source Clock Delay      (SCD):    1.556ns
    Clock Pessimism Removal (CPR):    0.483ns

    Location             Delay type                Incr(ns)  Path(ns)    Netlist Resource(s)
  -------------------------------------------------------------------    -------------------
                         (clock sys_clk rise edge)    0.000     0.000 r  
    E3                                                0.000     0.000 r  clk_100mhz (IN)
                         net (fo=0)                   0.000     0.000    clk_100mhz
    E3                   IBUF (Prop_ibuf_I_O)         0.250     0.250 r  clk_100mhz_IBUF_inst/O
                         net (fo=1, routed)           0.644     0.894    clk_100mhz_IBUF
    BUFGCTRL_X0Y16       BUFG (Prop_bufg_I_O)         0.026     0.920 r  clk_100mhz_IBUF_BUFG_inst/O
                         net (fo=2651, routed)        0.636     1.556    clk_100mhz_IBUF_BUFG
    SLICE_X32Y11         FDCE                                         r  rst_sync_reg[3]/C
  -------------------------------------------------------------------    -------------------
    SLICE_X32Y11         FDCE (Prop_fdce_C_Q)         0.141     1.697 r  rst_sync_reg[3]/Q
                         net (fo=41, routed)          0.304     2.000    u_bridge/tx_valid_reg_0[0]
    SLICE_X29Y9          LUT1 (Prop_lut1_I0_O)        0.048     2.048 f  u_bridge/FSM_sequential_state[1]_i_2/O
                         net (fo=596, routed)         0.217     2.265    u_bridge/rst_sync_reg[3]
    SLICE_X29Y15         FDCE                                         f  u_bridge/cmd_reg[5]/CLR
  -------------------------------------------------------------------    -------------------

                         (clock sys_clk rise edge)    0.000     0.000 r  
    E3                                                0.000     0.000 r  clk_100mhz (IN)
                         net (fo=0)                   0.000     0.000    clk_100mhz
    E3                   IBUF (Prop_ibuf_I_O)         0.438     0.438 r  clk_100mhz_IBUF_inst/O
                         net (fo=1, routed)           0.699     1.136    clk_100mhz_IBUF
    BUFGCTRL_X0Y16       BUFG (Prop_bufg_I_O)         0.029     1.165 r  clk_100mhz_IBUF_BUFG_inst/O
                         net (fo=2651, routed)        0.907     2.072    u_bridge/clk_100mhz_IBUF_BUFG
    SLICE_X29Y15         FDCE                                         r  u_bridge/cmd_reg[5]/C
                         clock pessimism             -0.483     1.589    
    SLICE_X29Y15         FDCE (Remov_fdce_C_CLR)     -0.154     1.435    u_bridge/cmd_reg[5]
  -------------------------------------------------------------------
                         required time                         -1.435    
                         arrival time                           2.265    
  -------------------------------------------------------------------
                         slack                                  0.830    

Slack (MET) :             0.830ns  (arrival time - required time)
  Source:                 rst_sync_reg[3]/C
                            (rising edge-triggered cell FDCE clocked by sys_clk  {rise@0.000ns fall@5.000ns period=10.000ns})
  Destination:            u_bridge/cmd_reg[6]/CLR
                            (removal check against rising-edge clock sys_clk  {rise@0.000ns fall@5.000ns period=10.000ns})
  Path Group:             **async_default**
  Path Type:              Removal (Min at Fast Process Corner)
  Requirement:            0.000ns  (sys_clk rise@0.000ns - sys_clk rise@0.000ns)
  Data Path Delay:        0.709ns  (logic 0.189ns (26.641%)  route 0.520ns (73.359%))
  Logic Levels:           1  (LUT1=1)
  Clock Path Skew:        0.033ns (DCD - SCD - CPR)
    Destination Clock Delay (DCD):    2.072ns
    Source Clock Delay      (SCD):    1.556ns
    Clock Pessimism Removal (CPR):    0.483ns

    Location             Delay type                Incr(ns)  Path(ns)    Netlist Resource(s)
  -------------------------------------------------------------------    -------------------
                         (clock sys_clk rise edge)    0.000     0.000 r  
    E3                                                0.000     0.000 r  clk_100mhz (IN)
                         net (fo=0)                   0.000     0.000    clk_100mhz
    E3                   IBUF (Prop_ibuf_I_O)         0.250     0.250 r  clk_100mhz_IBUF_inst/O
                         net (fo=1, routed)           0.644     0.894    clk_100mhz_IBUF
    BUFGCTRL_X0Y16       BUFG (Prop_bufg_I_O)         0.026     0.920 r  clk_100mhz_IBUF_BUFG_inst/O
                         net (fo=2651, routed)        0.636     1.556    clk_100mhz_IBUF_BUFG
    SLICE_X32Y11         FDCE                                         r  rst_sync_reg[3]/C
  -------------------------------------------------------------------    -------------------
    SLICE_X32Y11         FDCE (Prop_fdce_C_Q)         0.141     1.697 r  rst_sync_reg[3]/Q
                         net (fo=41, routed)          0.304     2.000    u_bridge/tx_valid_reg_0[0]
    SLICE_X29Y9          LUT1 (Prop_lut1_I0_O)        0.048     2.048 f  u_bridge/FSM_sequential_state[1]_i_2/O
                         net (fo=596, routed)         0.217     2.265    u_bridge/rst_sync_reg[3]
    SLICE_X29Y15         FDCE                                         f  u_bridge/cmd_reg[6]/CLR
  -------------------------------------------------------------------    -------------------

                         (clock sys_clk rise edge)    0.000     0.000 r  
    E3                                                0.000     0.000 r  clk_100mhz (IN)
                         net (fo=0)                   0.000     0.000    clk_100mhz
    E3                   IBUF (Prop_ibuf_I_O)         0.438     0.438 r  clk_100mhz_IBUF_inst/O
                         net (fo=1, routed)           0.699     1.136    clk_100mhz_IBUF
    BUFGCTRL_X0Y16       BUFG (Prop_bufg_I_O)         0.029     1.165 r  clk_100mhz_IBUF_BUFG_inst/O
                         net (fo=2651, routed)        0.907     2.072    u_bridge/clk_100mhz_IBUF_BUFG
    SLICE_X29Y15         FDCE                                         r  u_bridge/cmd_reg[6]/C
                         clock pessimism             -0.483     1.589    
    SLICE_X29Y15         FDCE (Remov_fdce_C_CLR)     -0.154     1.435    u_bridge/cmd_reg[6]
  -------------------------------------------------------------------
                         required time                         -1.435    
                         arrival time                           2.265    
  -------------------------------------------------------------------
                         slack                                  0.830    

Slack (MET) :             0.830ns  (arrival time - required time)
  Source:                 rst_sync_reg[3]/C
                            (rising edge-triggered cell FDCE clocked by sys_clk  {rise@0.000ns fall@5.000ns period=10.000ns})
  Destination:            u_bridge/cmd_reg[7]/CLR
                            (removal check against rising-edge clock sys_clk  {rise@0.000ns fall@5.000ns period=10.000ns})
  Path Group:             **async_default**
  Path Type:              Removal (Min at Fast Process Corner)
  Requirement:            0.000ns  (sys_clk rise@0.000ns - sys_clk rise@0.000ns)
  Data Path Delay:        0.709ns  (logic 0.189ns (26.641%)  route 0.520ns (73.359%))
  Logic Levels:           1  (LUT1=1)
  Clock Path Skew:        0.033ns (DCD - SCD - CPR)
    Destination Clock Delay (DCD):    2.072ns
    Source Clock Delay      (SCD):    1.556ns
    Clock Pessimism Removal (CPR):    0.483ns

    Location             Delay type                Incr(ns)  Path(ns)    Netlist Resource(s)
  -------------------------------------------------------------------    -------------------
                         (clock sys_clk rise edge)    0.000     0.000 r  
    E3                                                0.000     0.000 r  clk_100mhz (IN)
                         net (fo=0)                   0.000     0.000    clk_100mhz
    E3                   IBUF (Prop_ibuf_I_O)         0.250     0.250 r  clk_100mhz_IBUF_inst/O
                         net (fo=1, routed)           0.644     0.894    clk_100mhz_IBUF
    BUFGCTRL_X0Y16       BUFG (Prop_bufg_I_O)         0.026     0.920 r  clk_100mhz_IBUF_BUFG_inst/O
                         net (fo=2651, routed)        0.636     1.556    clk_100mhz_IBUF_BUFG
    SLICE_X32Y11         FDCE                                         r  rst_sync_reg[3]/C
  -------------------------------------------------------------------    -------------------
    SLICE_X32Y11         FDCE (Prop_fdce_C_Q)         0.141     1.697 r  rst_sync_reg[3]/Q
                         net (fo=41, routed)          0.304     2.000    u_bridge/tx_valid_reg_0[0]
    SLICE_X29Y9          LUT1 (Prop_lut1_I0_O)        0.048     2.048 f  u_bridge/FSM_sequential_state[1]_i_2/O
                         net (fo=596, routed)         0.217     2.265    u_bridge/rst_sync_reg[3]
    SLICE_X29Y15         FDCE                                         f  u_bridge/cmd_reg[7]/CLR
  -------------------------------------------------------------------    -------------------

                         (clock sys_clk rise edge)    0.000     0.000 r  
    E3                                                0.000     0.000 r  clk_100mhz (IN)
                         net (fo=0)                   0.000     0.000    clk_100mhz
    E3                   IBUF (Prop_ibuf_I_O)         0.438     0.438 r  clk_100mhz_IBUF_inst/O
                         net (fo=1, routed)           0.699     1.136    clk_100mhz_IBUF
    BUFGCTRL_X0Y16       BUFG (Prop_bufg_I_O)         0.029     1.165 r  clk_100mhz_IBUF_BUFG_inst/O
                         net (fo=2651, routed)        0.907     2.072    u_bridge/clk_100mhz_IBUF_BUFG
    SLICE_X29Y15         FDCE                                         r  u_bridge/cmd_reg[7]/C
                         clock pessimism             -0.483     1.589    
    SLICE_X29Y15         FDCE (Remov_fdce_C_CLR)     -0.154     1.435    u_bridge/cmd_reg[7]
  -------------------------------------------------------------------
                         required time                         -1.435    
                         arrival time                           2.265    
  -------------------------------------------------------------------
                         slack                                  0.830    

Slack (MET) :             0.835ns  (arrival time - required time)
  Source:                 rst_sync_reg[3]/C
                            (rising edge-triggered cell FDCE clocked by sys_clk  {rise@0.000ns fall@5.000ns period=10.000ns})
  Destination:            u_bridge/crc_rx_reg[24]/CLR
                            (removal check against rising-edge clock sys_clk  {rise@0.000ns fall@5.000ns period=10.000ns})
  Path Group:             **async_default**
  Path Type:              Removal (Min at Fast Process Corner)
  Requirement:            0.000ns  (sys_clk rise@0.000ns - sys_clk rise@0.000ns)
  Data Path Delay:        0.714ns  (logic 0.189ns (26.478%)  route 0.525ns (73.522%))
  Logic Levels:           1  (LUT1=1)
  Clock Path Skew:        0.033ns (DCD - SCD - CPR)
    Destination Clock Delay (DCD):    2.072ns
    Source Clock Delay      (SCD):    1.556ns
    Clock Pessimism Removal (CPR):    0.483ns

    Location             Delay type                Incr(ns)  Path(ns)    Netlist Resource(s)
  -------------------------------------------------------------------    -------------------
                         (clock sys_clk rise edge)    0.000     0.000 r  
    E3                                                0.000     0.000 r  clk_100mhz (IN)
                         net (fo=0)                   0.000     0.000    clk_100mhz
    E3                   IBUF (Prop_ibuf_I_O)         0.250     0.250 r  clk_100mhz_IBUF_inst/O
                         net (fo=1, routed)           0.644     0.894    clk_100mhz_IBUF
    BUFGCTRL_X0Y16       BUFG (Prop_bufg_I_O)         0.026     0.920 r  clk_100mhz_IBUF_BUFG_inst/O
                         net (fo=2651, routed)        0.636     1.556    clk_100mhz_IBUF_BUFG
    SLICE_X32Y11         FDCE                                         r  rst_sync_reg[3]/C
  -------------------------------------------------------------------    -------------------
    SLICE_X32Y11         FDCE (Prop_fdce_C_Q)         0.141     1.697 r  rst_sync_reg[3]/Q
                         net (fo=41, routed)          0.304     2.000    u_bridge/tx_valid_reg_0[0]
    SLICE_X29Y9          LUT1 (Prop_lut1_I0_O)        0.048     2.048 f  u_bridge/FSM_sequential_state[1]_i_2/O
                         net (fo=596, routed)         0.221     2.270    u_bridge/rst_sync_reg[3]
    SLICE_X28Y15         FDCE                                         f  u_bridge/crc_rx_reg[24]/CLR
  -------------------------------------------------------------------    -------------------

                         (clock sys_clk rise edge)    0.000     0.000 r  
    E3                                                0.000     0.000 r  clk_100mhz (IN)
                         net (fo=0)                   0.000     0.000    clk_100mhz
    E3                   IBUF (Prop_ibuf_I_O)         0.438     0.438 r  clk_100mhz_IBUF_inst/O
                         net (fo=1, routed)           0.699     1.136    clk_100mhz_IBUF
    BUFGCTRL_X0Y16       BUFG (Prop_bufg_I_O)         0.029     1.165 r  clk_100mhz_IBUF_BUFG_inst/O
                         net (fo=2651, routed)        0.907     2.072    u_bridge/clk_100mhz_IBUF_BUFG
    SLICE_X28Y15         FDCE                                         r  u_bridge/crc_rx_reg[24]/C
                         clock pessimism             -0.483     1.589    
    SLICE_X28Y15         FDCE (Remov_fdce_C_CLR)     -0.154     1.435    u_bridge/crc_rx_reg[24]
  -------------------------------------------------------------------
                         required time                         -1.435    
                         arrival time                           2.270    
  -------------------------------------------------------------------
                         slack                                  0.835    

Slack (MET) :             0.835ns  (arrival time - required time)
  Source:                 rst_sync_reg[3]/C
                            (rising edge-triggered cell FDCE clocked by sys_clk  {rise@0.000ns fall@5.000ns period=10.000ns})
  Destination:            u_bridge/crc_rx_reg[25]/CLR
                            (removal check against rising-edge clock sys_clk  {rise@0.000ns fall@5.000ns period=10.000ns})
  Path Group:             **async_default**
  Path Type:              Removal (Min at Fast Process Corner)
  Requirement:            0.000ns  (sys_clk rise@0.000ns - sys_clk rise@0.000ns)
  Data Path Delay:        0.714ns  (logic 0.189ns (26.478%)  route 0.525ns (73.522%))
  Logic Levels:           1  (LUT1=1)
  Clock Path Skew:        0.033ns (DCD - SCD - CPR)
    Destination Clock Delay (DCD):    2.072ns
    Source Clock Delay      (SCD):    1.556ns
    Clock Pessimism Removal (CPR):    0.483ns

    Location             Delay type                Incr(ns)  Path(ns)    Netlist Resource(s)
  -------------------------------------------------------------------    -------------------
                         (clock sys_clk rise edge)    0.000     0.000 r  
    E3                                                0.000     0.000 r  clk_100mhz (IN)
                         net (fo=0)                   0.000     0.000    clk_100mhz
    E3                   IBUF (Prop_ibuf_I_O)         0.250     0.250 r  clk_100mhz_IBUF_inst/O
                         net (fo=1, routed)           0.644     0.894    clk_100mhz_IBUF
    BUFGCTRL_X0Y16       BUFG (Prop_bufg_I_O)         0.026     0.920 r  clk_100mhz_IBUF_BUFG_inst/O
                         net (fo=2651, routed)        0.636     1.556    clk_100mhz_IBUF_BUFG
    SLICE_X32Y11         FDCE                                         r  rst_sync_reg[3]/C
  -------------------------------------------------------------------    -------------------
    SLICE_X32Y11         FDCE (Prop_fdce_C_Q)         0.141     1.697 r  rst_sync_reg[3]/Q
                         net (fo=41, routed)          0.304     2.000    u_bridge/tx_valid_reg_0[0]
    SLICE_X29Y9          LUT1 (Prop_lut1_I0_O)        0.048     2.048 f  u_bridge/FSM_sequential_state[1]_i_2/O
                         net (fo=596, routed)         0.221     2.270    u_bridge/rst_sync_reg[3]
    SLICE_X28Y15         FDCE                                         f  u_bridge/crc_rx_reg[25]/CLR
  -------------------------------------------------------------------    -------------------

                         (clock sys_clk rise edge)    0.000     0.000 r  
    E3                                                0.000     0.000 r  clk_100mhz (IN)
                         net (fo=0)                   0.000     0.000    clk_100mhz
    E3                   IBUF (Prop_ibuf_I_O)         0.438     0.438 r  clk_100mhz_IBUF_inst/O
                         net (fo=1, routed)           0.699     1.136    clk_100mhz_IBUF
    BUFGCTRL_X0Y16       BUFG (Prop_bufg_I_O)         0.029     1.165 r  clk_100mhz_IBUF_BUFG_inst/O
                         net (fo=2651, routed)        0.907     2.072    u_bridge/clk_100mhz_IBUF_BUFG
    SLICE_X28Y15         FDCE                                         r  u_bridge/crc_rx_reg[25]/C
                         clock pessimism             -0.483     1.589    
    SLICE_X28Y15         FDCE (Remov_fdce_C_CLR)     -0.154     1.435    u_bridge/crc_rx_reg[25]
  -------------------------------------------------------------------
                         required time                         -1.435    
                         arrival time                           2.270    
  -------------------------------------------------------------------
                         slack                                  0.835    

Slack (MET) :             0.835ns  (arrival time - required time)
  Source:                 rst_sync_reg[3]/C
                            (rising edge-triggered cell FDCE clocked by sys_clk  {rise@0.000ns fall@5.000ns period=10.000ns})
  Destination:            u_bridge/crc_rx_reg[26]/CLR
                            (removal check against rising-edge clock sys_clk  {rise@0.000ns fall@5.000ns period=10.000ns})
  Path Group:             **async_default**
  Path Type:              Removal (Min at Fast Process Corner)
  Requirement:            0.000ns  (sys_clk rise@0.000ns - sys_clk rise@0.000ns)
  Data Path Delay:        0.714ns  (logic 0.189ns (26.478%)  route 0.525ns (73.522%))
  Logic Levels:           1  (LUT1=1)
  Clock Path Skew:        0.033ns (DCD - SCD - CPR)
    Destination Clock Delay (DCD):    2.072ns
    Source Clock Delay      (SCD):    1.556ns
    Clock Pessimism Removal (CPR):    0.483ns

    Location             Delay type                Incr(ns)  Path(ns)    Netlist Resource(s)
  -------------------------------------------------------------------    -------------------
                         (clock sys_clk rise edge)    0.000     0.000 r  
    E3                                                0.000     0.000 r  clk_100mhz (IN)
                         net (fo=0)                   0.000     0.000    clk_100mhz
    E3                   IBUF (Prop_ibuf_I_O)         0.250     0.250 r  clk_100mhz_IBUF_inst/O
                         net (fo=1, routed)           0.644     0.894    clk_100mhz_IBUF
    BUFGCTRL_X0Y16       BUFG (Prop_bufg_I_O)         0.026     0.920 r  clk_100mhz_IBUF_BUFG_inst/O
                         net (fo=2651, routed)        0.636     1.556    clk_100mhz_IBUF_BUFG
    SLICE_X32Y11         FDCE                                         r  rst_sync_reg[3]/C
  -------------------------------------------------------------------    -------------------
    SLICE_X32Y11         FDCE (Prop_fdce_C_Q)         0.141     1.697 r  rst_sync_reg[3]/Q
                         net (fo=41, routed)          0.304     2.000    u_bridge/tx_valid_reg_0[0]
    SLICE_X29Y9          LUT1 (Prop_lut1_I0_O)        0.048     2.048 f  u_bridge/FSM_sequential_state[1]_i_2/O
                         net (fo=596, routed)         0.221     2.270    u_bridge/rst_sync_reg[3]
    SLICE_X28Y15         FDCE                                         f  u_bridge/crc_rx_reg[26]/CLR
  -------------------------------------------------------------------    -------------------

                         (clock sys_clk rise edge)    0.000     0.000 r  
    E3                                                0.000     0.000 r  clk_100mhz (IN)
                         net (fo=0)                   0.000     0.000    clk_100mhz
    E3                   IBUF (Prop_ibuf_I_O)         0.438     0.438 r  clk_100mhz_IBUF_inst/O
                         net (fo=1, routed)           0.699     1.136    clk_100mhz_IBUF
    BUFGCTRL_X0Y16       BUFG (Prop_bufg_I_O)         0.029     1.165 r  clk_100mhz_IBUF_BUFG_inst/O
                         net (fo=2651, routed)        0.907     2.072    u_bridge/clk_100mhz_IBUF_BUFG
    SLICE_X28Y15         FDCE                                         r  u_bridge/crc_rx_reg[26]/C
                         clock pessimism             -0.483     1.589    
    SLICE_X28Y15         FDCE (Remov_fdce_C_CLR)     -0.154     1.435    u_bridge/crc_rx_reg[26]
  -------------------------------------------------------------------
                         required time                         -1.435    
                         arrival time                           2.270    
  -------------------------------------------------------------------
                         slack                                  0.835    

Slack (MET) :             0.835ns  (arrival time - required time)
  Source:                 rst_sync_reg[3]/C
                            (rising edge-triggered cell FDCE clocked by sys_clk  {rise@0.000ns fall@5.000ns period=10.000ns})
  Destination:            u_bridge/crc_rx_reg[27]/CLR
                            (removal check against rising-edge clock sys_clk  {rise@0.000ns fall@5.000ns period=10.000ns})
  Path Group:             **async_default**
  Path Type:              Removal (Min at Fast Process Corner)
  Requirement:            0.000ns  (sys_clk rise@0.000ns - sys_clk rise@0.000ns)
  Data Path Delay:        0.714ns  (logic 0.189ns (26.478%)  route 0.525ns (73.522%))
  Logic Levels:           1  (LUT1=1)
  Clock Path Skew:        0.033ns (DCD - SCD - CPR)
    Destination Clock Delay (DCD):    2.072ns
    Source Clock Delay      (SCD):    1.556ns
    Clock Pessimism Removal (CPR):    0.483ns

    Location             Delay type                Incr(ns)  Path(ns)    Netlist Resource(s)
  -------------------------------------------------------------------    -------------------
                         (clock sys_clk rise edge)    0.000     0.000 r  
    E3                                                0.000     0.000 r  clk_100mhz (IN)
                         net (fo=0)                   0.000     0.000    clk_100mhz
    E3                   IBUF (Prop_ibuf_I_O)         0.250     0.250 r  clk_100mhz_IBUF_inst/O
                         net (fo=1, routed)           0.644     0.894    clk_100mhz_IBUF
    BUFGCTRL_X0Y16       BUFG (Prop_bufg_I_O)         0.026     0.920 r  clk_100mhz_IBUF_BUFG_inst/O
                         net (fo=2651, routed)        0.636     1.556    clk_100mhz_IBUF_BUFG
    SLICE_X32Y11         FDCE                                         r  rst_sync_reg[3]/C
  -------------------------------------------------------------------    -------------------
    SLICE_X32Y11         FDCE (Prop_fdce_C_Q)         0.141     1.697 r  rst_sync_reg[3]/Q
                         net (fo=41, routed)          0.304     2.000    u_bridge/tx_valid_reg_0[0]
    SLICE_X29Y9          LUT1 (Prop_lut1_I0_O)        0.048     2.048 f  u_bridge/FSM_sequential_state[1]_i_2/O
                         net (fo=596, routed)         0.221     2.270    u_bridge/rst_sync_reg[3]
    SLICE_X28Y15         FDCE                                         f  u_bridge/crc_rx_reg[27]/CLR
  -------------------------------------------------------------------    -------------------

                         (clock sys_clk rise edge)    0.000     0.000 r  
    E3                                                0.000     0.000 r  clk_100mhz (IN)
                         net (fo=0)                   0.000     0.000    clk_100mhz
    E3                   IBUF (Prop_ibuf_I_O)         0.438     0.438 r  clk_100mhz_IBUF_inst/O
                         net (fo=1, routed)           0.699     1.136    clk_100mhz_IBUF
    BUFGCTRL_X0Y16       BUFG (Prop_bufg_I_O)         0.029     1.165 r  clk_100mhz_IBUF_BUFG_inst/O
                         net (fo=2651, routed)        0.907     2.072    u_bridge/clk_100mhz_IBUF_BUFG
    SLICE_X28Y15         FDCE                                         r  u_bridge/crc_rx_reg[27]/C
                         clock pessimism             -0.483     1.589    
    SLICE_X28Y15         FDCE (Remov_fdce_C_CLR)     -0.154     1.435    u_bridge/crc_rx_reg[27]
  -------------------------------------------------------------------
                         required time                         -1.435    
                         arrival time                           2.270    
  -------------------------------------------------------------------
                         slack                                  0.835    





