Copyright 1986-2022 Xilinx, Inc. All Rights Reserved. Copyright 2022-2024 Advanced Micro Devices, Inc. All Rights Reserved.
---------------------------------------------------------------------------------------------------------------------------------------------------------
| Tool Version : Vivado v.2024.1 (lin64) Build 5076996 Wed May 22 18:36:09 MDT 2024
| Date         : Sat Oct  3 06:28:29 2026
| Host         : orbstack running 64-bit unknown
| Command      : report_timing_summary -max_paths 10 -file /home/vivadouser/project/ML_KEM_Test/ML-KEM-Testkit/reports/core206_debug1/timing_summary.rpt
| Design       : arty_a7_top
| Device       : 7a100t-csg324
| Speed File   : -1  PRODUCTION 1.23 2018-06-13
| Design State : Physopt postRoute
---------------------------------------------------------------------------------------------------------------------------------------------------------

Timing Summary Report

------------------------------------------------------------------------------------------------
| Timer Settings
| --------------
------------------------------------------------------------------------------------------------

  Enable Multi Corner Analysis               :  Yes
  Enable Pessimism Removal                   :  Yes
  Pessimism Removal Resolution               :  Nearest Common Node
  Enable Input Delay Default Clock           :  No
  Enable Preset / Clear Arcs                 :  No
  Disable Flight Delays                      :  No
  Ignore I/O Paths                           :  No
  Timing Early Launch at Borrowing Latches   :  No
  Borrow Time for Max Delay Exceptions       :  Yes
  Merge Timing Exceptions                    :  Yes
  Inter-SLR Compensation                     :  Conservative

  Corner  Analyze    Analyze    
  Name    Max Paths  Min Paths  
  ------  ---------  ---------  
  Slow    Yes        Yes        
  Fast    Yes        Yes        


------------------------------------------------------------------------------------------------
| Report Methodology
| ------------------
------------------------------------------------------------------------------------------------

No report available as report_methodology has not been run prior. Run report_methodology on the current design for the summary of methodology violations.



check_timing report

Table of Contents
-----------------
1. checking no_clock (0)
2. checking constant_clock (0)
3. checking pulse_width_clock (0)
4. checking unconstrained_internal_endpoints (0)
5. checking no_input_delay (2)
6. checking no_output_delay (5)
7. checking multiple_clock (0)
8. checking generated_clocks (0)
9. checking loops (0)
10. checking partial_input_delay (0)
11. checking partial_output_delay (0)
12. checking latch_loops (0)

1. checking no_clock (0)
------------------------
 There are 0 register/latch pins with no clock.


2. checking constant_clock (0)
------------------------------
 There are 0 register/latch pins with constant_clock.


3. checking pulse_width_clock (0)
---------------------------------
 There are 0 register/latch pins which need pulse_width check


4. checking unconstrained_internal_endpoints (0)
------------------------------------------------
 There are 0 pins that are not constrained for maximum delay.

 There are 0 pins that are not constrained for maximum delay due to constant clock.


5. checking no_input_delay (2)
------------------------------
 There are 0 input ports with no input delay specified.

 There are 2 input ports with no input delay but user has a false path constraint. (MEDIUM)


6. checking no_output_delay (5)
-------------------------------
 There are 0 ports with no output delay specified.

 There are 5 ports with no output delay but user has a false path constraint (MEDIUM)

 There are 0 ports with no output delay but with a timing clock defined on it or propagating through it


7. checking multiple_clock (0)
------------------------------
 There are 0 register/latch pins with multiple clocks.


8. checking generated_clocks (0)
--------------------------------
 There are 0 generated clocks that are not connected to a clock source.


9. checking loops (0)
---------------------
 There are 0 combinational loops in the design.


10. checking partial_input_delay (0)
------------------------------------
 There are 0 input ports with partial input delay specified.


11. checking partial_output_delay (0)
-------------------------------------
 There are 0 ports with partial output delay specified.


12. checking latch_loops (0)
----------------------------
 There are 0 combinational latch loops in the design through latch input



------------------------------------------------------------------------------------------------
| Design Timing Summary
| ---------------------
------------------------------------------------------------------------------------------------

    WNS(ns)      TNS(ns)  TNS Failing Endpoints  TNS Total Endpoints      WHS(ns)      THS(ns)  THS Failing Endpoints  THS Total Endpoints     WPWS(ns)     TPWS(ns)  TPWS Failing Endpoints  TPWS Total Endpoints  
    -------      -------  ---------------------  -------------------      -------      -------  ---------------------  -------------------     --------     --------  ----------------------  --------------------  
      0.002        0.000                      0                16659        0.014        0.000                      0                16659        1.177        0.000                       0                  7582  


All user specified timing constraints are met.


------------------------------------------------------------------------------------------------
| Clock Summary
| -------------
------------------------------------------------------------------------------------------------

Clock            Waveform(ns)         Period(ns)      Frequency(MHz)
-----            ------------         ----------      --------------
sys_clk          {0.000 5.000}        10.000          100.000         
  clk_core_mmcm  {0.000 2.427}        4.854           206.000         
  mmcm_fb        {0.000 25.000}       50.000          20.000          


------------------------------------------------------------------------------------------------
| Intra Clock Table
| -----------------
------------------------------------------------------------------------------------------------

Clock                WNS(ns)      TNS(ns)  TNS Failing Endpoints  TNS Total Endpoints      WHS(ns)      THS(ns)  THS Failing Endpoints  THS Total Endpoints     WPWS(ns)     TPWS(ns)  TPWS Failing Endpoints  TPWS Total Endpoints  
-----                -------      -------  ---------------------  -------------------      -------      -------  ---------------------  -------------------     --------     --------  ----------------------  --------------------  
sys_clk                1.201        0.000                      0                 5160        0.041        0.000                      0                 5160        3.000        0.000                       0                  2652  
  clk_core_mmcm        0.002        0.000                      0                10903        0.014        0.000                      0                10903        1.177        0.000                       0                  4928  
  mmcm_fb                                                                                                                                                         48.751        0.000                       0                     2  


------------------------------------------------------------------------------------------------
| Inter Clock Table
| -----------------
------------------------------------------------------------------------------------------------

From Clock    To Clock          WNS(ns)      TNS(ns)  TNS Failing Endpoints  TNS Total Endpoints      WHS(ns)      THS(ns)  THS Failing Endpoints  THS Total Endpoints  
----------    --------          -------      -------  ---------------------  -------------------      -------      -------  ---------------------  -------------------  


------------------------------------------------------------------------------------------------
| Other Path Groups Table
| -----------------------
------------------------------------------------------------------------------------------------

Path Group         From Clock         To Clock               WNS(ns)      TNS(ns)  TNS Failing Endpoints  TNS Total Endpoints      WHS(ns)      THS(ns)  THS Failing Endpoints  THS Total Endpoints  
----------         ----------         --------               -------      -------  ---------------------  -------------------      -------      -------  ---------------------  -------------------  
**async_default**  sys_clk            sys_clk                  2.727        0.000                      0                  596        1.089        0.000                      0                  596  


------------------------------------------------------------------------------------------------
| Timing Details
| --------------
------------------------------------------------------------------------------------------------


---------------------------------------------------------------------------------------------------
From Clock:  sys_clk
  To Clock:  sys_clk

Setup :            0  Failing Endpoints,  Worst Slack        1.201ns,  Total Violation        0.000ns
Hold  :            0  Failing Endpoints,  Worst Slack        0.041ns,  Total Violation        0.000ns
PW    :            0  Failing Endpoints,  Worst Slack        3.000ns,  Total Violation        0.000ns
---------------------------------------------------------------------------------------------------


Max Delay Paths
--------------------------------------------------------------------------------------
Slack (MET) :             1.201ns  (required time - arrival time)
  Source:                 u_bridge/len_reg[1]/C
                            (rising edge-triggered cell FDCE clocked by sys_clk  {rise@0.000ns fall@5.000ns period=10.000ns})
  Destination:            u_bridge/cnt_reg[0]_rep__4/D
                            (rising edge-triggered cell FDCE clocked by sys_clk  {rise@0.000ns fall@5.000ns period=10.000ns})
  Path Group:             sys_clk
  Path Type:              Setup (Max at Slow Process Corner)
  Requirement:            10.000ns  (sys_clk rise@10.000ns - sys_clk rise@0.000ns)
  Data Path Delay:        8.468ns  (logic 3.871ns (45.715%)  route 4.597ns (54.285%))
  Logic Levels:           13  (CARRY4=8 LUT1=1 LUT3=1 LUT4=1 LUT5=1 LUT6=1)
  Clock Path Skew:        -0.047ns (DCD - SCD + CPR)
    Destination Clock Delay (DCD):    4.937ns = ( 14.937 - 10.000 ) 
    Source Clock Delay      (SCD):    5.243ns
    Clock Pessimism Removal (CPR):    0.259ns
  Clock Uncertainty:      0.035ns  ((TSJ^2 + TIJ^2)^1/2 + DJ) / 2 + PE
    Total System Jitter     (TSJ):    0.071ns
    Total Input Jitter      (TIJ):    0.000ns
    Discrete Jitter          (DJ):    0.000ns
    Phase Error              (PE):    0.000ns

    Location             Delay type                Incr(ns)  Path(ns)    Netlist Resource(s)
  -------------------------------------------------------------------    -------------------
                         (clock sys_clk rise edge)    0.000     0.000 r  
    E3                                                0.000     0.000 r  clk_100mhz (IN)
                         net (fo=0)                   0.000     0.000    clk_100mhz
    E3                   IBUF (Prop_ibuf_I_O)         1.482     1.482 r  clk_100mhz_IBUF_inst/O
                         net (fo=1, routed)           2.025     3.506    clk_100mhz_IBUF
    BUFGCTRL_X0Y16       BUFG (Prop_bufg_I_O)         0.096     3.602 r  clk_100mhz_IBUF_BUFG_inst/O
                         net (fo=2651, routed)        1.640     5.243    u_bridge/clk_100mhz_IBUF_BUFG
    SLICE_X35Y93         FDCE                                         r  u_bridge/len_reg[1]/C
  -------------------------------------------------------------------    -------------------
    SLICE_X35Y93         FDCE (Prop_fdce_C_Q)         0.456     5.699 f  u_bridge/len_reg[1]/Q
                         net (fo=5, routed)           0.702     6.401    u_bridge/p_1_in[1]
    SLICE_X37Y90         LUT1 (Prop_lut1_I0_O)        0.124     6.525 r  u_bridge/state[3]_i_202/O
                         net (fo=1, routed)           0.000     6.525    u_bridge/state[3]_i_202_n_0
    SLICE_X37Y90         CARRY4 (Prop_carry4_S[0]_CO[3])
                                                      0.532     7.057 r  u_bridge/state_reg[3]_i_143/CO[3]
                         net (fo=1, routed)           0.000     7.057    u_bridge/state_reg[3]_i_143_n_0
    SLICE_X37Y91         CARRY4 (Prop_carry4_CI_CO[3])
                                                      0.114     7.171 r  u_bridge/state_reg[3]_i_142/CO[3]
                         net (fo=1, routed)           0.000     7.171    u_bridge/state_reg[3]_i_142_n_0
    SLICE_X37Y92         CARRY4 (Prop_carry4_CI_CO[3])
                                                      0.114     7.285 r  u_bridge/state_reg[3]_i_97/CO[3]
                         net (fo=1, routed)           0.000     7.285    u_bridge/state_reg[3]_i_97_n_0
    SLICE_X37Y93         CARRY4 (Prop_carry4_CI_CO[3])
                                                      0.114     7.399 r  u_bridge/state_reg[3]_i_96/CO[3]
                         net (fo=1, routed)           0.000     7.399    u_bridge/state_reg[3]_i_96_n_0
    SLICE_X37Y94         CARRY4 (Prop_carry4_CI_CO[3])
                                                      0.114     7.513 r  u_bridge/state_reg[3]_i_95/CO[3]
                         net (fo=1, routed)           0.000     7.513    u_bridge/state_reg[3]_i_95_n_0
    SLICE_X37Y95         CARRY4 (Prop_carry4_CI_CO[3])
                                                      0.114     7.627 r  u_bridge/state_reg[3]_i_58/CO[3]
                         net (fo=1, routed)           0.000     7.627    u_bridge/state_reg[3]_i_58_n_0
    SLICE_X37Y96         CARRY4 (Prop_carry4_CI_O[3])
                                                      0.313     7.940 r  u_bridge/state_reg[3]_i_57/O[3]
                         net (fo=2, routed)           0.750     8.690    u_bridge/state2[28]
    SLICE_X39Y94         LUT6 (Prop_lut6_I3_O)        0.306     8.996 r  u_bridge/state[3]_i_89/O
                         net (fo=1, routed)           0.000     8.996    u_bridge/state[3]_i_89_n_0
    SLICE_X39Y94         CARRY4 (Prop_carry4_S[1]_CO[2])
                                                      0.570     9.566 r  u_bridge/state_reg[3]_i_50/CO[2]
                         net (fo=1, routed)           0.792    10.357    u_bridge/state_reg[3]_i_50_n_1
    SLICE_X38Y100        LUT4 (Prop_lut4_I2_O)        0.306    10.663 f  u_bridge/state[3]_i_29/O
                         net (fo=7, routed)           0.652    11.315    u_bridge/state[3]_i_29_n_0
    SLICE_X38Y100        LUT5 (Prop_lut5_I0_O)        0.340    11.655 r  u_bridge/cnt[0]_i_2/O
                         net (fo=7, routed)           1.129    12.785    u_bridge/cnt[0]_i_2_n_0
    SLICE_X42Y91         LUT3 (Prop_lut3_I1_O)        0.354    13.139 r  u_bridge/cnt[0]_rep__4_i_1/O
                         net (fo=1, routed)           0.572    13.710    u_bridge/cnt[0]_rep__4_i_1_n_0
    SLICE_X42Y91         FDCE                                         r  u_bridge/cnt_reg[0]_rep__4/D
  -------------------------------------------------------------------    -------------------

                         (clock sys_clk rise edge)   10.000    10.000 r  
    E3                                                0.000    10.000 r  clk_100mhz (IN)
                         net (fo=0)                   0.000    10.000    clk_100mhz
    E3                   IBUF (Prop_ibuf_I_O)         1.411    11.411 r  clk_100mhz_IBUF_inst/O
                         net (fo=1, routed)           1.920    13.331    clk_100mhz_IBUF
    BUFGCTRL_X0Y16       BUFG (Prop_bufg_I_O)         0.091    13.422 r  clk_100mhz_IBUF_BUFG_inst/O
                         net (fo=2651, routed)        1.514    14.937    u_bridge/clk_100mhz_IBUF_BUFG
    SLICE_X42Y91         FDCE                                         r  u_bridge/cnt_reg[0]_rep__4/C
                         clock pessimism              0.259    15.196    
                         clock uncertainty           -0.035    15.160    
    SLICE_X42Y91         FDCE (Setup_fdce_C_D)       -0.249    14.911    u_bridge/cnt_reg[0]_rep__4
  -------------------------------------------------------------------
                         required time                         14.911    
                         arrival time                         -13.710    
  -------------------------------------------------------------------
                         slack                                  1.201    

Slack (MET) :             1.311ns  (required time - arrival time)
  Source:                 u_bridge/len_reg[1]/C
                            (rising edge-triggered cell FDCE clocked by sys_clk  {rise@0.000ns fall@5.000ns period=10.000ns})
  Destination:            u_bridge/cnt_reg[0]_rep__1/D
                            (rising edge-triggered cell FDCE clocked by sys_clk  {rise@0.000ns fall@5.000ns period=10.000ns})
  Path Group:             sys_clk
  Path Type:              Setup (Max at Slow Process Corner)
  Requirement:            10.000ns  (sys_clk rise@10.000ns - sys_clk rise@0.000ns)
  Data Path Delay:        8.379ns  (logic 3.871ns (46.201%)  route 4.508ns (53.799%))
  Logic Levels:           13  (CARRY4=8 LUT1=1 LUT3=1 LUT4=1 LUT5=1 LUT6=1)
  Clock Path Skew:        -0.026ns (DCD - SCD + CPR)
    Destination Clock Delay (DCD):    4.941ns = ( 14.941 - 10.000 ) 
    Source Clock Delay      (SCD):    5.243ns
    Clock Pessimism Removal (CPR):    0.276ns
  Clock Uncertainty:      0.035ns  ((TSJ^2 + TIJ^2)^1/2 + DJ) / 2 + PE
    Total System Jitter     (TSJ):    0.071ns
    Total Input Jitter      (TIJ):    0.000ns
    Discrete Jitter          (DJ):    0.000ns
    Phase Error              (PE):    0.000ns

    Location             Delay type                Incr(ns)  Path(ns)    Netlist Resource(s)
  -------------------------------------------------------------------    -------------------
                         (clock sys_clk rise edge)    0.000     0.000 r  
    E3                                                0.000     0.000 r  clk_100mhz (IN)
                         net (fo=0)                   0.000     0.000    clk_100mhz
    E3                   IBUF (Prop_ibuf_I_O)         1.482     1.482 r  clk_100mhz_IBUF_inst/O
                         net (fo=1, routed)           2.025     3.506    clk_100mhz_IBUF
    BUFGCTRL_X0Y16       BUFG (Prop_bufg_I_O)         0.096     3.602 r  clk_100mhz_IBUF_BUFG_inst/O
                         net (fo=2651, routed)        1.640     5.243    u_bridge/clk_100mhz_IBUF_BUFG
    SLICE_X35Y93         FDCE                                         r  u_bridge/len_reg[1]/C
  -------------------------------------------------------------------    -------------------
    SLICE_X35Y93         FDCE (Prop_fdce_C_Q)         0.456     5.699 f  u_bridge/len_reg[1]/Q
                         net (fo=5, routed)           0.702     6.401    u_bridge/p_1_in[1]
    SLICE_X37Y90         LUT1 (Prop_lut1_I0_O)        0.124     6.525 r  u_bridge/state[3]_i_202/O
                         net (fo=1, routed)           0.000     6.525    u_bridge/state[3]_i_202_n_0
    SLICE_X37Y90         CARRY4 (Prop_carry4_S[0]_CO[3])
                                                      0.532     7.057 r  u_bridge/state_reg[3]_i_143/CO[3]
                         net (fo=1, routed)           0.000     7.057    u_bridge/state_reg[3]_i_143_n_0
    SLICE_X37Y91         CARRY4 (Prop_carry4_CI_CO[3])
                                                      0.114     7.171 r  u_bridge/state_reg[3]_i_142/CO[3]
                         net (fo=1, routed)           0.000     7.171    u_bridge/state_reg[3]_i_142_n_0
    SLICE_X37Y92         CARRY4 (Prop_carry4_CI_CO[3])
                                                      0.114     7.285 r  u_bridge/state_reg[3]_i_97/CO[3]
                         net (fo=1, routed)           0.000     7.285    u_bridge/state_reg[3]_i_97_n_0
    SLICE_X37Y93         CARRY4 (Prop_carry4_CI_CO[3])
                                                      0.114     7.399 r  u_bridge/state_reg[3]_i_96/CO[3]
                         net (fo=1, routed)           0.000     7.399    u_bridge/state_reg[3]_i_96_n_0
    SLICE_X37Y94         CARRY4 (Prop_carry4_CI_CO[3])
                                                      0.114     7.513 r  u_bridge/state_reg[3]_i_95/CO[3]
                         net (fo=1, routed)           0.000     7.513    u_bridge/state_reg[3]_i_95_n_0
    SLICE_X37Y95         CARRY4 (Prop_carry4_CI_CO[3])
                                                      0.114     7.627 r  u_bridge/state_reg[3]_i_58/CO[3]
                         net (fo=1, routed)           0.000     7.627    u_bridge/state_reg[3]_i_58_n_0
    SLICE_X37Y96         CARRY4 (Prop_carry4_CI_O[3])
                                                      0.313     7.940 r  u_bridge/state_reg[3]_i_57/O[3]
                         net (fo=2, routed)           0.750     8.690    u_bridge/state2[28]
    SLICE_X39Y94         LUT6 (Prop_lut6_I3_O)        0.306     8.996 r  u_bridge/state[3]_i_89/O
                         net (fo=1, routed)           0.000     8.996    u_bridge/state[3]_i_89_n_0
    SLICE_X39Y94         CARRY4 (Prop_carry4_S[1]_CO[2])
                                                      0.570     9.566 r  u_bridge/state_reg[3]_i_50/CO[2]
                         net (fo=1, routed)           0.792    10.357    u_bridge/state_reg[3]_i_50_n_1
    SLICE_X38Y100        LUT4 (Prop_lut4_I2_O)        0.306    10.663 f  u_bridge/state[3]_i_29/O
                         net (fo=7, routed)           0.652    11.315    u_bridge/state[3]_i_29_n_0
    SLICE_X38Y100        LUT5 (Prop_lut5_I0_O)        0.340    11.655 r  u_bridge/cnt[0]_i_2/O
                         net (fo=7, routed)           1.040    12.696    u_bridge/cnt[0]_i_2_n_0
    SLICE_X34Y91         LUT3 (Prop_lut3_I1_O)        0.354    13.050 r  u_bridge/cnt[0]_rep__1_i_1/O
                         net (fo=1, routed)           0.572    13.621    u_bridge/cnt[0]_rep__1_i_1_n_0
    SLICE_X34Y91         FDCE                                         r  u_bridge/cnt_reg[0]_rep__1/D
  -------------------------------------------------------------------    -------------------

                         (clock sys_clk rise edge)   10.000    10.000 r  
    E3                                                0.000    10.000 r  clk_100mhz (IN)
                         net (fo=0)                   0.000    10.000    clk_100mhz
    E3                   IBUF (Prop_ibuf_I_O)         1.411    11.411 r  clk_100mhz_IBUF_inst/O
                         net (fo=1, routed)           1.920    13.331    clk_100mhz_IBUF
    BUFGCTRL_X0Y16       BUFG (Prop_bufg_I_O)         0.091    13.422 r  clk_100mhz_IBUF_BUFG_inst/O
                         net (fo=2651, routed)        1.518    14.941    u_bridge/clk_100mhz_IBUF_BUFG
    SLICE_X34Y91         FDCE                                         r  u_bridge/cnt_reg[0]_rep__1/C
                         clock pessimism              0.276    15.217    
                         clock uncertainty           -0.035    15.181    
    SLICE_X34Y91         FDCE (Setup_fdce_C_D)       -0.249    14.932    u_bridge/cnt_reg[0]_rep__1
  -------------------------------------------------------------------
                         required time                         14.932    
                         arrival time                         -13.621    
  -------------------------------------------------------------------
                         slack                                  1.311    

Slack (MET) :             1.543ns  (required time - arrival time)
  Source:                 u_bridge/len_reg[1]/C
                            (rising edge-triggered cell FDCE clocked by sys_clk  {rise@0.000ns fall@5.000ns period=10.000ns})
  Destination:            u_bridge/cnt_reg[0]_rep/D
                            (rising edge-triggered cell FDCE clocked by sys_clk  {rise@0.000ns fall@5.000ns period=10.000ns})
  Path Group:             sys_clk
  Path Type:              Setup (Max at Slow Process Corner)
  Requirement:            10.000ns  (sys_clk rise@10.000ns - sys_clk rise@0.000ns)
  Data Path Delay:        8.140ns  (logic 3.871ns (47.554%)  route 4.269ns (52.446%))
  Logic Levels:           13  (CARRY4=8 LUT1=1 LUT3=1 LUT4=1 LUT5=1 LUT6=1)
  Clock Path Skew:        -0.026ns (DCD - SCD + CPR)
    Destination Clock Delay (DCD):    4.941ns = ( 14.941 - 10.000 ) 
    Source Clock Delay      (SCD):    5.243ns
    Clock Pessimism Removal (CPR):    0.276ns
  Clock Uncertainty:      0.035ns  ((TSJ^2 + TIJ^2)^1/2 + DJ) / 2 + PE
    Total System Jitter     (TSJ):    0.071ns
    Total Input Jitter      (TIJ):    0.000ns
    Discrete Jitter          (DJ):    0.000ns
    Phase Error              (PE):    0.000ns

    Location             Delay type                Incr(ns)  Path(ns)    Netlist Resource(s)
  -------------------------------------------------------------------    -------------------
                         (clock sys_clk rise edge)    0.000     0.000 r  
    E3                                                0.000     0.000 r  clk_100mhz (IN)
                         net (fo=0)                   0.000     0.000    clk_100mhz
    E3                   IBUF (Prop_ibuf_I_O)         1.482     1.482 r  clk_100mhz_IBUF_inst/O
                         net (fo=1, routed)           2.025     3.506    clk_100mhz_IBUF
    BUFGCTRL_X0Y16       BUFG (Prop_bufg_I_O)         0.096     3.602 r  clk_100mhz_IBUF_BUFG_inst/O
                         net (fo=2651, routed)        1.640     5.243    u_bridge/clk_100mhz_IBUF_BUFG
    SLICE_X35Y93         FDCE                                         r  u_bridge/len_reg[1]/C
  -------------------------------------------------------------------    -------------------
    SLICE_X35Y93         FDCE (Prop_fdce_C_Q)         0.456     5.699 f  u_bridge/len_reg[1]/Q
                         net (fo=5, routed)           0.702     6.401    u_bridge/p_1_in[1]
    SLICE_X37Y90         LUT1 (Prop_lut1_I0_O)        0.124     6.525 r  u_bridge/state[3]_i_202/O
                         net (fo=1, routed)           0.000     6.525    u_bridge/state[3]_i_202_n_0
    SLICE_X37Y90         CARRY4 (Prop_carry4_S[0]_CO[3])
                                                      0.532     7.057 r  u_bridge/state_reg[3]_i_143/CO[3]
                         net (fo=1, routed)           0.000     7.057    u_bridge/state_reg[3]_i_143_n_0
    SLICE_X37Y91         CARRY4 (Prop_carry4_CI_CO[3])
                                                      0.114     7.171 r  u_bridge/state_reg[3]_i_142/CO[3]
                         net (fo=1, routed)           0.000     7.171    u_bridge/state_reg[3]_i_142_n_0
    SLICE_X37Y92         CARRY4 (Prop_carry4_CI_CO[3])
                                                      0.114     7.285 r  u_bridge/state_reg[3]_i_97/CO[3]
                         net (fo=1, routed)           0.000     7.285    u_bridge/state_reg[3]_i_97_n_0
    SLICE_X37Y93         CARRY4 (Prop_carry4_CI_CO[3])
                                                      0.114     7.399 r  u_bridge/state_reg[3]_i_96/CO[3]
                         net (fo=1, routed)           0.000     7.399    u_bridge/state_reg[3]_i_96_n_0
    SLICE_X37Y94         CARRY4 (Prop_carry4_CI_CO[3])
                                                      0.114     7.513 r  u_bridge/state_reg[3]_i_95/CO[3]
                         net (fo=1, routed)           0.000     7.513    u_bridge/state_reg[3]_i_95_n_0
    SLICE_X37Y95         CARRY4 (Prop_carry4_CI_CO[3])
                                                      0.114     7.627 r  u_bridge/state_reg[3]_i_58/CO[3]
                         net (fo=1, routed)           0.000     7.627    u_bridge/state_reg[3]_i_58_n_0
    SLICE_X37Y96         CARRY4 (Prop_carry4_CI_O[3])
                                                      0.313     7.940 r  u_bridge/state_reg[3]_i_57/O[3]
                         net (fo=2, routed)           0.750     8.690    u_bridge/state2[28]
    SLICE_X39Y94         LUT6 (Prop_lut6_I3_O)        0.306     8.996 r  u_bridge/state[3]_i_89/O
                         net (fo=1, routed)           0.000     8.996    u_bridge/state[3]_i_89_n_0
    SLICE_X39Y94         CARRY4 (Prop_carry4_S[1]_CO[2])
                                                      0.570     9.566 r  u_bridge/state_reg[3]_i_50/CO[2]
                         net (fo=1, routed)           0.792    10.357    u_bridge/state_reg[3]_i_50_n_1
    SLICE_X38Y100        LUT4 (Prop_lut4_I2_O)        0.306    10.663 f  u_bridge/state[3]_i_29/O
                         net (fo=7, routed)           0.652    11.315    u_bridge/state[3]_i_29_n_0
    SLICE_X38Y100        LUT5 (Prop_lut5_I0_O)        0.340    11.655 r  u_bridge/cnt[0]_i_2/O
                         net (fo=7, routed)           1.037    12.693    u_bridge/cnt[0]_i_2_n_0
    SLICE_X34Y91         LUT3 (Prop_lut3_I1_O)        0.354    13.047 r  u_bridge/cnt[0]_rep_i_1/O
                         net (fo=1, routed)           0.336    13.383    u_bridge/cnt[0]_rep_i_1_n_0
    SLICE_X34Y91         FDCE                                         r  u_bridge/cnt_reg[0]_rep/D
  -------------------------------------------------------------------    -------------------

                         (clock sys_clk rise edge)   10.000    10.000 r  
    E3                                                0.000    10.000 r  clk_100mhz (IN)
                         net (fo=0)                   0.000    10.000    clk_100mhz
    E3                   IBUF (Prop_ibuf_I_O)         1.411    11.411 r  clk_100mhz_IBUF_inst/O
                         net (fo=1, routed)           1.920    13.331    clk_100mhz_IBUF
    BUFGCTRL_X0Y16       BUFG (Prop_bufg_I_O)         0.091    13.422 r  clk_100mhz_IBUF_BUFG_inst/O
                         net (fo=2651, routed)        1.518    14.941    u_bridge/clk_100mhz_IBUF_BUFG
    SLICE_X34Y91         FDCE                                         r  u_bridge/cnt_reg[0]_rep/C
                         clock pessimism              0.276    15.217    
                         clock uncertainty           -0.035    15.181    
    SLICE_X34Y91         FDCE (Setup_fdce_C_D)       -0.255    14.926    u_bridge/cnt_reg[0]_rep
  -------------------------------------------------------------------
                         required time                         14.926    
                         arrival time                         -13.383    
  -------------------------------------------------------------------
                         slack                                  1.543    

Slack (MET) :             1.564ns  (required time - arrival time)
  Source:                 u_bridge/len_reg[1]/C
                            (rising edge-triggered cell FDCE clocked by sys_clk  {rise@0.000ns fall@5.000ns period=10.000ns})
  Destination:            u_bridge/cnt_reg[0]_rep__2/D
                            (rising edge-triggered cell FDCE clocked by sys_clk  {rise@0.000ns fall@5.000ns period=10.000ns})
  Path Group:             sys_clk
  Path Type:              Setup (Max at Slow Process Corner)
  Requirement:            10.000ns  (sys_clk rise@10.000ns - sys_clk rise@0.000ns)
  Data Path Delay:        8.346ns  (logic 3.845ns (46.068%)  route 4.501ns (53.932%))
  Logic Levels:           13  (CARRY4=8 LUT1=1 LUT3=1 LUT4=1 LUT5=1 LUT6=1)
  Clock Path Skew:        -0.026ns (DCD - SCD + CPR)
    Destination Clock Delay (DCD):    4.941ns = ( 14.941 - 10.000 ) 
    Source Clock Delay      (SCD):    5.243ns
    Clock Pessimism Removal (CPR):    0.276ns
  Clock Uncertainty:      0.035ns  ((TSJ^2 + TIJ^2)^1/2 + DJ) / 2 + PE
    Total System Jitter     (TSJ):    0.071ns
    Total Input Jitter      (TIJ):    0.000ns
    Discrete Jitter          (DJ):    0.000ns
    Phase Error              (PE):    0.000ns

    Location             Delay type                Incr(ns)  Path(ns)    Netlist Resource(s)
  -------------------------------------------------------------------    -------------------
                         (clock sys_clk rise edge)    0.000     0.000 r  
    E3                                                0.000     0.000 r  clk_100mhz (IN)
                         net (fo=0)                   0.000     0.000    clk_100mhz
    E3                   IBUF (Prop_ibuf_I_O)         1.482     1.482 r  clk_100mhz_IBUF_inst/O
                         net (fo=1, routed)           2.025     3.506    clk_100mhz_IBUF
    BUFGCTRL_X0Y16       BUFG (Prop_bufg_I_O)         0.096     3.602 r  clk_100mhz_IBUF_BUFG_inst/O
                         net (fo=2651, routed)        1.640     5.243    u_bridge/clk_100mhz_IBUF_BUFG
    SLICE_X35Y93         FDCE                                         r  u_bridge/len_reg[1]/C
  -------------------------------------------------------------------    -------------------
    SLICE_X35Y93         FDCE (Prop_fdce_C_Q)         0.456     5.699 f  u_bridge/len_reg[1]/Q
                         net (fo=5, routed)           0.702     6.401    u_bridge/p_1_in[1]
    SLICE_X37Y90         LUT1 (Prop_lut1_I0_O)        0.124     6.525 r  u_bridge/state[3]_i_202/O
                         net (fo=1, routed)           0.000     6.525    u_bridge/state[3]_i_202_n_0
    SLICE_X37Y90         CARRY4 (Prop_carry4_S[0]_CO[3])
                                                      0.532     7.057 r  u_bridge/state_reg[3]_i_143/CO[3]
                         net (fo=1, routed)           0.000     7.057    u_bridge/state_reg[3]_i_143_n_0
    SLICE_X37Y91         CARRY4 (Prop_carry4_CI_CO[3])
                                                      0.114     7.171 r  u_bridge/state_reg[3]_i_142/CO[3]
                         net (fo=1, routed)           0.000     7.171    u_bridge/state_reg[3]_i_142_n_0
    SLICE_X37Y92         CARRY4 (Prop_carry4_CI_CO[3])
                                                      0.114     7.285 r  u_bridge/state_reg[3]_i_97/CO[3]
                         net (fo=1, routed)           0.000     7.285    u_bridge/state_reg[3]_i_97_n_0
    SLICE_X37Y93         CARRY4 (Prop_carry4_CI_CO[3])
                                                      0.114     7.399 r  u_bridge/state_reg[3]_i_96/CO[3]
                         net (fo=1, routed)           0.000     7.399    u_bridge/state_reg[3]_i_96_n_0
    SLICE_X37Y94         CARRY4 (Prop_carry4_CI_CO[3])
                                                      0.114     7.513 r  u_bridge/state_reg[3]_i_95/CO[3]
                         net (fo=1, routed)           0.000     7.513    u_bridge/state_reg[3]_i_95_n_0
    SLICE_X37Y95         CARRY4 (Prop_carry4_CI_CO[3])
                                                      0.114     7.627 r  u_bridge/state_reg[3]_i_58/CO[3]
                         net (fo=1, routed)           0.000     7.627    u_bridge/state_reg[3]_i_58_n_0
    SLICE_X37Y96         CARRY4 (Prop_carry4_CI_O[3])
                                                      0.313     7.940 r  u_bridge/state_reg[3]_i_57/O[3]
                         net (fo=2, routed)           0.750     8.690    u_bridge/state2[28]
    SLICE_X39Y94         LUT6 (Prop_lut6_I3_O)        0.306     8.996 r  u_bridge/state[3]_i_89/O
                         net (fo=1, routed)           0.000     8.996    u_bridge/state[3]_i_89_n_0
    SLICE_X39Y94         CARRY4 (Prop_carry4_S[1]_CO[2])
                                                      0.570     9.566 r  u_bridge/state_reg[3]_i_50/CO[2]
                         net (fo=1, routed)           0.792    10.357    u_bridge/state_reg[3]_i_50_n_1
    SLICE_X38Y100        LUT4 (Prop_lut4_I2_O)        0.306    10.663 f  u_bridge/state[3]_i_29/O
                         net (fo=7, routed)           0.652    11.315    u_bridge/state[3]_i_29_n_0
    SLICE_X38Y100        LUT5 (Prop_lut5_I0_O)        0.340    11.655 r  u_bridge/cnt[0]_i_2/O
                         net (fo=7, routed)           1.037    12.693    u_bridge/cnt[0]_i_2_n_0
    SLICE_X34Y91         LUT3 (Prop_lut3_I1_O)        0.328    13.021 r  u_bridge/cnt[0]_rep__2_i_1/O
                         net (fo=1, routed)           0.568    13.589    u_bridge/cnt[0]_rep__2_i_1_n_0
    SLICE_X34Y91         FDCE                                         r  u_bridge/cnt_reg[0]_rep__2/D
  -------------------------------------------------------------------    -------------------

                         (clock sys_clk rise edge)   10.000    10.000 r  
    E3                                                0.000    10.000 r  clk_100mhz (IN)
                         net (fo=0)                   0.000    10.000    clk_100mhz
    E3                   IBUF (Prop_ibuf_I_O)         1.411    11.411 r  clk_100mhz_IBUF_inst/O
                         net (fo=1, routed)           1.920    13.331    clk_100mhz_IBUF
    BUFGCTRL_X0Y16       BUFG (Prop_bufg_I_O)         0.091    13.422 r  clk_100mhz_IBUF_BUFG_inst/O
                         net (fo=2651, routed)        1.518    14.941    u_bridge/clk_100mhz_IBUF_BUFG
    SLICE_X34Y91         FDCE                                         r  u_bridge/cnt_reg[0]_rep__2/C
                         clock pessimism              0.276    15.217    
                         clock uncertainty           -0.035    15.181    
    SLICE_X34Y91         FDCE (Setup_fdce_C_D)       -0.028    15.153    u_bridge/cnt_reg[0]_rep__2
  -------------------------------------------------------------------
                         required time                         15.153    
                         arrival time                         -13.589    
  -------------------------------------------------------------------
                         slack                                  1.564    

Slack (MET) :             1.653ns  (required time - arrival time)
  Source:                 u_bridge/len_reg[1]/C
                            (rising edge-triggered cell FDCE clocked by sys_clk  {rise@0.000ns fall@5.000ns period=10.000ns})
  Destination:            u_bridge/m_axi_wdata_reg[12]/CE
                            (rising edge-triggered cell FDCE clocked by sys_clk  {rise@0.000ns fall@5.000ns period=10.000ns})
  Path Group:             sys_clk
  Path Type:              Setup (Max at Slow Process Corner)
  Requirement:            10.000ns  (sys_clk rise@10.000ns - sys_clk rise@0.000ns)
  Data Path Delay:        7.964ns  (logic 3.649ns (45.818%)  route 4.315ns (54.182%))
  Logic Levels:           13  (CARRY4=8 LUT1=1 LUT4=1 LUT5=1 LUT6=2)
  Clock Path Skew:        -0.143ns (DCD - SCD + CPR)
    Destination Clock Delay (DCD):    4.920ns = ( 14.920 - 10.000 ) 
    Source Clock Delay      (SCD):    5.243ns
    Clock Pessimism Removal (CPR):    0.180ns
  Clock Uncertainty:      0.035ns  ((TSJ^2 + TIJ^2)^1/2 + DJ) / 2 + PE
    Total System Jitter     (TSJ):    0.071ns
    Total Input Jitter      (TIJ):    0.000ns
    Discrete Jitter          (DJ):    0.000ns
    Phase Error              (PE):    0.000ns

    Location             Delay type                Incr(ns)  Path(ns)    Netlist Resource(s)
  -------------------------------------------------------------------    -------------------
                         (clock sys_clk rise edge)    0.000     0.000 r  
    E3                                                0.000     0.000 r  clk_100mhz (IN)
                         net (fo=0)                   0.000     0.000    clk_100mhz
    E3                   IBUF (Prop_ibuf_I_O)         1.482     1.482 r  clk_100mhz_IBUF_inst/O
                         net (fo=1, routed)           2.025     3.506    clk_100mhz_IBUF
    BUFGCTRL_X0Y16       BUFG (Prop_bufg_I_O)         0.096     3.602 r  clk_100mhz_IBUF_BUFG_inst/O
                         net (fo=2651, routed)        1.640     5.243    u_bridge/clk_100mhz_IBUF_BUFG
    SLICE_X35Y93         FDCE                                         r  u_bridge/len_reg[1]/C
  -------------------------------------------------------------------    -------------------
    SLICE_X35Y93         FDCE (Prop_fdce_C_Q)         0.456     5.699 f  u_bridge/len_reg[1]/Q
                         net (fo=5, routed)           0.702     6.401    u_bridge/p_1_in[1]
    SLICE_X37Y90         LUT1 (Prop_lut1_I0_O)        0.124     6.525 r  u_bridge/state[3]_i_202/O
                         net (fo=1, routed)           0.000     6.525    u_bridge/state[3]_i_202_n_0
    SLICE_X37Y90         CARRY4 (Prop_carry4_S[0]_CO[3])
                                                      0.532     7.057 r  u_bridge/state_reg[3]_i_143/CO[3]
                         net (fo=1, routed)           0.000     7.057    u_bridge/state_reg[3]_i_143_n_0
    SLICE_X37Y91         CARRY4 (Prop_carry4_CI_CO[3])
                                                      0.114     7.171 r  u_bridge/state_reg[3]_i_142/CO[3]
                         net (fo=1, routed)           0.000     7.171    u_bridge/state_reg[3]_i_142_n_0
    SLICE_X37Y92         CARRY4 (Prop_carry4_CI_CO[3])
                                                      0.114     7.285 r  u_bridge/state_reg[3]_i_97/CO[3]
                         net (fo=1, routed)           0.000     7.285    u_bridge/state_reg[3]_i_97_n_0
    SLICE_X37Y93         CARRY4 (Prop_carry4_CI_CO[3])
                                                      0.114     7.399 r  u_bridge/state_reg[3]_i_96/CO[3]
                         net (fo=1, routed)           0.000     7.399    u_bridge/state_reg[3]_i_96_n_0
    SLICE_X37Y94         CARRY4 (Prop_carry4_CI_CO[3])
                                                      0.114     7.513 r  u_bridge/state_reg[3]_i_95/CO[3]
                         net (fo=1, routed)           0.000     7.513    u_bridge/state_reg[3]_i_95_n_0
    SLICE_X37Y95         CARRY4 (Prop_carry4_CI_CO[3])
                                                      0.114     7.627 r  u_bridge/state_reg[3]_i_58/CO[3]
                         net (fo=1, routed)           0.000     7.627    u_bridge/state_reg[3]_i_58_n_0
    SLICE_X37Y96         CARRY4 (Prop_carry4_CI_O[3])
                                                      0.313     7.940 r  u_bridge/state_reg[3]_i_57/O[3]
                         net (fo=2, routed)           0.750     8.690    u_bridge/state2[28]
    SLICE_X39Y94         LUT6 (Prop_lut6_I3_O)        0.306     8.996 r  u_bridge/state[3]_i_89/O
                         net (fo=1, routed)           0.000     8.996    u_bridge/state[3]_i_89_n_0
    SLICE_X39Y94         CARRY4 (Prop_carry4_S[1]_CO[2])
                                                      0.570     9.566 r  u_bridge/state_reg[3]_i_50/CO[2]
                         net (fo=1, routed)           0.792    10.357    u_bridge/state_reg[3]_i_50_n_1
    SLICE_X38Y100        LUT4 (Prop_lut4_I2_O)        0.306    10.663 f  u_bridge/state[3]_i_29/O
                         net (fo=7, routed)           0.602    11.266    u_bridge/state[3]_i_29_n_0
    SLICE_X38Y102        LUT5 (Prop_lut5_I4_O)        0.348    11.614 r  u_bridge/data_off[13]_i_3/O
                         net (fo=2, routed)           0.676    12.290    u_bridge/data_off[13]_i_3_n_0
    SLICE_X38Y102        LUT6 (Prop_lut6_I1_O)        0.124    12.414 r  u_bridge/m_axi_awaddr[15]_i_1/O
                         net (fo=50, routed)          0.793    13.207    u_bridge/m_axi_awaddr[15]_i_1_n_0
    SLICE_X47Y101        FDCE                                         r  u_bridge/m_axi_wdata_reg[12]/CE
  -------------------------------------------------------------------    -------------------

                         (clock sys_clk rise edge)   10.000    10.000 r  
    E3                                                0.000    10.000 r  clk_100mhz (IN)
                         net (fo=0)                   0.000    10.000    clk_100mhz
    E3                   IBUF (Prop_ibuf_I_O)         1.411    11.411 r  clk_100mhz_IBUF_inst/O
                         net (fo=1, routed)           1.920    13.331    clk_100mhz_IBUF
    BUFGCTRL_X0Y16       BUFG (Prop_bufg_I_O)         0.091    13.422 r  clk_100mhz_IBUF_BUFG_inst/O
                         net (fo=2651, routed)        1.498    14.920    u_bridge/clk_100mhz_IBUF_BUFG
    SLICE_X47Y101        FDCE                                         r  u_bridge/m_axi_wdata_reg[12]/C
                         clock pessimism              0.180    15.100    
                         clock uncertainty           -0.035    15.065    
    SLICE_X47Y101        FDCE (Setup_fdce_C_CE)      -0.205    14.860    u_bridge/m_axi_wdata_reg[12]
  -------------------------------------------------------------------
                         required time                         14.860    
                         arrival time                         -13.207    
  -------------------------------------------------------------------
                         slack                                  1.653    

Slack (MET) :             1.653ns  (required time - arrival time)
  Source:                 u_bridge/len_reg[1]/C
                            (rising edge-triggered cell FDCE clocked by sys_clk  {rise@0.000ns fall@5.000ns period=10.000ns})
  Destination:            u_bridge/m_axi_wdata_reg[20]/CE
                            (rising edge-triggered cell FDCE clocked by sys_clk  {rise@0.000ns fall@5.000ns period=10.000ns})
  Path Group:             sys_clk
  Path Type:              Setup (Max at Slow Process Corner)
  Requirement:            10.000ns  (sys_clk rise@10.000ns - sys_clk rise@0.000ns)
  Data Path Delay:        7.964ns  (logic 3.649ns (45.818%)  route 4.315ns (54.182%))
  Logic Levels:           13  (CARRY4=8 LUT1=1 LUT4=1 LUT5=1 LUT6=2)
  Clock Path Skew:        -0.143ns (DCD - SCD + CPR)
    Destination Clock Delay (DCD):    4.920ns = ( 14.920 - 10.000 ) 
    Source Clock Delay      (SCD):    5.243ns
    Clock Pessimism Removal (CPR):    0.180ns
  Clock Uncertainty:      0.035ns  ((TSJ^2 + TIJ^2)^1/2 + DJ) / 2 + PE
    Total System Jitter     (TSJ):    0.071ns
    Total Input Jitter      (TIJ):    0.000ns
    Discrete Jitter          (DJ):    0.000ns
    Phase Error              (PE):    0.000ns

    Location             Delay type                Incr(ns)  Path(ns)    Netlist Resource(s)
  -------------------------------------------------------------------    -------------------
                         (clock sys_clk rise edge)    0.000     0.000 r  
    E3                                                0.000     0.000 r  clk_100mhz (IN)
                         net (fo=0)                   0.000     0.000    clk_100mhz
    E3                   IBUF (Prop_ibuf_I_O)         1.482     1.482 r  clk_100mhz_IBUF_inst/O
                         net (fo=1, routed)           2.025     3.506    clk_100mhz_IBUF
    BUFGCTRL_X0Y16       BUFG (Prop_bufg_I_O)         0.096     3.602 r  clk_100mhz_IBUF_BUFG_inst/O
                         net (fo=2651, routed)        1.640     5.243    u_bridge/clk_100mhz_IBUF_BUFG
    SLICE_X35Y93         FDCE                                         r  u_bridge/len_reg[1]/C
  -------------------------------------------------------------------    -------------------
    SLICE_X35Y93         FDCE (Prop_fdce_C_Q)         0.456     5.699 f  u_bridge/len_reg[1]/Q
                         net (fo=5, routed)           0.702     6.401    u_bridge/p_1_in[1]
    SLICE_X37Y90         LUT1 (Prop_lut1_I0_O)        0.124     6.525 r  u_bridge/state[3]_i_202/O
                         net (fo=1, routed)           0.000     6.525    u_bridge/state[3]_i_202_n_0
    SLICE_X37Y90         CARRY4 (Prop_carry4_S[0]_CO[3])
                                                      0.532     7.057 r  u_bridge/state_reg[3]_i_143/CO[3]
                         net (fo=1, routed)           0.000     7.057    u_bridge/state_reg[3]_i_143_n_0
    SLICE_X37Y91         CARRY4 (Prop_carry4_CI_CO[3])
                                                      0.114     7.171 r  u_bridge/state_reg[3]_i_142/CO[3]
                         net (fo=1, routed)           0.000     7.171    u_bridge/state_reg[3]_i_142_n_0
    SLICE_X37Y92         CARRY4 (Prop_carry4_CI_CO[3])
                                                      0.114     7.285 r  u_bridge/state_reg[3]_i_97/CO[3]
                         net (fo=1, routed)           0.000     7.285    u_bridge/state_reg[3]_i_97_n_0
    SLICE_X37Y93         CARRY4 (Prop_carry4_CI_CO[3])
                                                      0.114     7.399 r  u_bridge/state_reg[3]_i_96/CO[3]
                         net (fo=1, routed)           0.000     7.399    u_bridge/state_reg[3]_i_96_n_0
    SLICE_X37Y94         CARRY4 (Prop_carry4_CI_CO[3])
                                                      0.114     7.513 r  u_bridge/state_reg[3]_i_95/CO[3]
                         net (fo=1, routed)           0.000     7.513    u_bridge/state_reg[3]_i_95_n_0
    SLICE_X37Y95         CARRY4 (Prop_carry4_CI_CO[3])
                                                      0.114     7.627 r  u_bridge/state_reg[3]_i_58/CO[3]
                         net (fo=1, routed)           0.000     7.627    u_bridge/state_reg[3]_i_58_n_0
    SLICE_X37Y96         CARRY4 (Prop_carry4_CI_O[3])
                                                      0.313     7.940 r  u_bridge/state_reg[3]_i_57/O[3]
                         net (fo=2, routed)           0.750     8.690    u_bridge/state2[28]
    SLICE_X39Y94         LUT6 (Prop_lut6_I3_O)        0.306     8.996 r  u_bridge/state[3]_i_89/O
                         net (fo=1, routed)           0.000     8.996    u_bridge/state[3]_i_89_n_0
    SLICE_X39Y94         CARRY4 (Prop_carry4_S[1]_CO[2])
                                                      0.570     9.566 r  u_bridge/state_reg[3]_i_50/CO[2]
                         net (fo=1, routed)           0.792    10.357    u_bridge/state_reg[3]_i_50_n_1
    SLICE_X38Y100        LUT4 (Prop_lut4_I2_O)        0.306    10.663 f  u_bridge/state[3]_i_29/O
                         net (fo=7, routed)           0.602    11.266    u_bridge/state[3]_i_29_n_0
    SLICE_X38Y102        LUT5 (Prop_lut5_I4_O)        0.348    11.614 r  u_bridge/data_off[13]_i_3/O
                         net (fo=2, routed)           0.676    12.290    u_bridge/data_off[13]_i_3_n_0
    SLICE_X38Y102        LUT6 (Prop_lut6_I1_O)        0.124    12.414 r  u_bridge/m_axi_awaddr[15]_i_1/O
                         net (fo=50, routed)          0.793    13.207    u_bridge/m_axi_awaddr[15]_i_1_n_0
    SLICE_X47Y101        FDCE                                         r  u_bridge/m_axi_wdata_reg[20]/CE
  -------------------------------------------------------------------    -------------------

                         (clock sys_clk rise edge)   10.000    10.000 r  
    E3                                                0.000    10.000 r  clk_100mhz (IN)
                         net (fo=0)                   0.000    10.000    clk_100mhz
    E3                   IBUF (Prop_ibuf_I_O)         1.411    11.411 r  clk_100mhz_IBUF_inst/O
                         net (fo=1, routed)           1.920    13.331    clk_100mhz_IBUF
    BUFGCTRL_X0Y16       BUFG (Prop_bufg_I_O)         0.091    13.422 r  clk_100mhz_IBUF_BUFG_inst/O
                         net (fo=2651, routed)        1.498    14.920    u_bridge/clk_100mhz_IBUF_BUFG
    SLICE_X47Y101        FDCE                                         r  u_bridge/m_axi_wdata_reg[20]/C
                         clock pessimism              0.180    15.100    
                         clock uncertainty           -0.035    15.065    
    SLICE_X47Y101        FDCE (Setup_fdce_C_CE)      -0.205    14.860    u_bridge/m_axi_wdata_reg[20]
  -------------------------------------------------------------------
                         required time                         14.860    
                         arrival time                         -13.207    
  -------------------------------------------------------------------
                         slack                                  1.653    

Slack (MET) :             1.653ns  (required time - arrival time)
  Source:                 u_bridge/len_reg[1]/C
                            (rising edge-triggered cell FDCE clocked by sys_clk  {rise@0.000ns fall@5.000ns period=10.000ns})
  Destination:            u_bridge/m_axi_wdata_reg[28]/CE
                            (rising edge-triggered cell FDCE clocked by sys_clk  {rise@0.000ns fall@5.000ns period=10.000ns})
  Path Group:             sys_clk
  Path Type:              Setup (Max at Slow Process Corner)
  Requirement:            10.000ns  (sys_clk rise@10.000ns - sys_clk rise@0.000ns)
  Data Path Delay:        7.964ns  (logic 3.649ns (45.818%)  route 4.315ns (54.182%))
  Logic Levels:           13  (CARRY4=8 LUT1=1 LUT4=1 LUT5=1 LUT6=2)
  Clock Path Skew:        -0.143ns (DCD - SCD + CPR)
    Destination Clock Delay (DCD):    4.920ns = ( 14.920 - 10.000 ) 
    Source Clock Delay      (SCD):    5.243ns
    Clock Pessimism Removal (CPR):    0.180ns
  Clock Uncertainty:      0.035ns  ((TSJ^2 + TIJ^2)^1/2 + DJ) / 2 + PE
    Total System Jitter     (TSJ):    0.071ns
    Total Input Jitter      (TIJ):    0.000ns
    Discrete Jitter          (DJ):    0.000ns
    Phase Error              (PE):    0.000ns

    Location             Delay type                Incr(ns)  Path(ns)    Netlist Resource(s)
  -------------------------------------------------------------------    -------------------
                         (clock sys_clk rise edge)    0.000     0.000 r  
    E3                                                0.000     0.000 r  clk_100mhz (IN)
                         net (fo=0)                   0.000     0.000    clk_100mhz
    E3                   IBUF (Prop_ibuf_I_O)         1.482     1.482 r  clk_100mhz_IBUF_inst/O
                         net (fo=1, routed)           2.025     3.506    clk_100mhz_IBUF
    BUFGCTRL_X0Y16       BUFG (Prop_bufg_I_O)         0.096     3.602 r  clk_100mhz_IBUF_BUFG_inst/O
                         net (fo=2651, routed)        1.640     5.243    u_bridge/clk_100mhz_IBUF_BUFG
    SLICE_X35Y93         FDCE                                         r  u_bridge/len_reg[1]/C
  -------------------------------------------------------------------    -------------------
    SLICE_X35Y93         FDCE (Prop_fdce_C_Q)         0.456     5.699 f  u_bridge/len_reg[1]/Q
                         net (fo=5, routed)           0.702     6.401    u_bridge/p_1_in[1]
    SLICE_X37Y90         LUT1 (Prop_lut1_I0_O)        0.124     6.525 r  u_bridge/state[3]_i_202/O
                         net (fo=1, routed)           0.000     6.525    u_bridge/state[3]_i_202_n_0
    SLICE_X37Y90         CARRY4 (Prop_carry4_S[0]_CO[3])
                                                      0.532     7.057 r  u_bridge/state_reg[3]_i_143/CO[3]
                         net (fo=1, routed)           0.000     7.057    u_bridge/state_reg[3]_i_143_n_0
    SLICE_X37Y91         CARRY4 (Prop_carry4_CI_CO[3])
                                                      0.114     7.171 r  u_bridge/state_reg[3]_i_142/CO[3]
                         net (fo=1, routed)           0.000     7.171    u_bridge/state_reg[3]_i_142_n_0
    SLICE_X37Y92         CARRY4 (Prop_carry4_CI_CO[3])
                                                      0.114     7.285 r  u_bridge/state_reg[3]_i_97/CO[3]
                         net (fo=1, routed)           0.000     7.285    u_bridge/state_reg[3]_i_97_n_0
    SLICE_X37Y93         CARRY4 (Prop_carry4_CI_CO[3])
                                                      0.114     7.399 r  u_bridge/state_reg[3]_i_96/CO[3]
                         net (fo=1, routed)           0.000     7.399    u_bridge/state_reg[3]_i_96_n_0
    SLICE_X37Y94         CARRY4 (Prop_carry4_CI_CO[3])
                                                      0.114     7.513 r  u_bridge/state_reg[3]_i_95/CO[3]
                         net (fo=1, routed)           0.000     7.513    u_bridge/state_reg[3]_i_95_n_0
    SLICE_X37Y95         CARRY4 (Prop_carry4_CI_CO[3])
                                                      0.114     7.627 r  u_bridge/state_reg[3]_i_58/CO[3]
                         net (fo=1, routed)           0.000     7.627    u_bridge/state_reg[3]_i_58_n_0
    SLICE_X37Y96         CARRY4 (Prop_carry4_CI_O[3])
                                                      0.313     7.940 r  u_bridge/state_reg[3]_i_57/O[3]
                         net (fo=2, routed)           0.750     8.690    u_bridge/state2[28]
    SLICE_X39Y94         LUT6 (Prop_lut6_I3_O)        0.306     8.996 r  u_bridge/state[3]_i_89/O
                         net (fo=1, routed)           0.000     8.996    u_bridge/state[3]_i_89_n_0
    SLICE_X39Y94         CARRY4 (Prop_carry4_S[1]_CO[2])
                                                      0.570     9.566 r  u_bridge/state_reg[3]_i_50/CO[2]
                         net (fo=1, routed)           0.792    10.357    u_bridge/state_reg[3]_i_50_n_1
    SLICE_X38Y100        LUT4 (Prop_lut4_I2_O)        0.306    10.663 f  u_bridge/state[3]_i_29/O
                         net (fo=7, routed)           0.602    11.266    u_bridge/state[3]_i_29_n_0
    SLICE_X38Y102        LUT5 (Prop_lut5_I4_O)        0.348    11.614 r  u_bridge/data_off[13]_i_3/O
                         net (fo=2, routed)           0.676    12.290    u_bridge/data_off[13]_i_3_n_0
    SLICE_X38Y102        LUT6 (Prop_lut6_I1_O)        0.124    12.414 r  u_bridge/m_axi_awaddr[15]_i_1/O
                         net (fo=50, routed)          0.793    13.207    u_bridge/m_axi_awaddr[15]_i_1_n_0
    SLICE_X47Y101        FDCE                                         r  u_bridge/m_axi_wdata_reg[28]/CE
  -------------------------------------------------------------------    -------------------

                         (clock sys_clk rise edge)   10.000    10.000 r  
    E3                                                0.000    10.000 r  clk_100mhz (IN)
                         net (fo=0)                   0.000    10.000    clk_100mhz
    E3                   IBUF (Prop_ibuf_I_O)         1.411    11.411 r  clk_100mhz_IBUF_inst/O
                         net (fo=1, routed)           1.920    13.331    clk_100mhz_IBUF
    BUFGCTRL_X0Y16       BUFG (Prop_bufg_I_O)         0.091    13.422 r  clk_100mhz_IBUF_BUFG_inst/O
                         net (fo=2651, routed)        1.498    14.920    u_bridge/clk_100mhz_IBUF_BUFG
    SLICE_X47Y101        FDCE                                         r  u_bridge/m_axi_wdata_reg[28]/C
                         clock pessimism              0.180    15.100    
                         clock uncertainty           -0.035    15.065    
    SLICE_X47Y101        FDCE (Setup_fdce_C_CE)      -0.205    14.860    u_bridge/m_axi_wdata_reg[28]
  -------------------------------------------------------------------
                         required time                         14.860    
                         arrival time                         -13.207    
  -------------------------------------------------------------------
                         slack                                  1.653    

Slack (MET) :             1.653ns  (required time - arrival time)
  Source:                 u_bridge/len_reg[1]/C
                            (rising edge-triggered cell FDCE clocked by sys_clk  {rise@0.000ns fall@5.000ns period=10.000ns})
  Destination:            u_bridge/m_axi_wdata_reg[4]/CE
                            (rising edge-triggered cell FDCE clocked by sys_clk  {rise@0.000ns fall@5.000ns period=10.000ns})
  Path Group:             sys_clk
  Path Type:              Setup (Max at Slow Process Corner)
  Requirement:            10.000ns  (sys_clk rise@10.000ns - sys_clk rise@0.000ns)
  Data Path Delay:        7.964ns  (logic 3.649ns (45.818%)  route 4.315ns (54.182%))
  Logic Levels:           13  (CARRY4=8 LUT1=1 LUT4=1 LUT5=1 LUT6=2)
  Clock Path Skew:        -0.143ns (DCD - SCD + CPR)
    Destination Clock Delay (DCD):    4.920ns = ( 14.920 - 10.000 ) 
    Source Clock Delay      (SCD):    5.243ns
    Clock Pessimism Removal (CPR):    0.180ns
  Clock Uncertainty:      0.035ns  ((TSJ^2 + TIJ^2)^1/2 + DJ) / 2 + PE
    Total System Jitter     (TSJ):    0.071ns
    Total Input Jitter      (TIJ):    0.000ns
    Discrete Jitter          (DJ):    0.000ns
    Phase Error              (PE):    0.000ns

    Location             Delay type                Incr(ns)  Path(ns)    Netlist Resource(s)
  -------------------------------------------------------------------    -------------------
                         (clock sys_clk rise edge)    0.000     0.000 r  
    E3                                                0.000     0.000 r  clk_100mhz (IN)
                         net (fo=0)                   0.000     0.000    clk_100mhz
    E3                   IBUF (Prop_ibuf_I_O)         1.482     1.482 r  clk_100mhz_IBUF_inst/O
                         net (fo=1, routed)           2.025     3.506    clk_100mhz_IBUF
    BUFGCTRL_X0Y16       BUFG (Prop_bufg_I_O)         0.096     3.602 r  clk_100mhz_IBUF_BUFG_inst/O
                         net (fo=2651, routed)        1.640     5.243    u_bridge/clk_100mhz_IBUF_BUFG
    SLICE_X35Y93         FDCE                                         r  u_bridge/len_reg[1]/C
  -------------------------------------------------------------------    -------------------
    SLICE_X35Y93         FDCE (Prop_fdce_C_Q)         0.456     5.699 f  u_bridge/len_reg[1]/Q
                         net (fo=5, routed)           0.702     6.401    u_bridge/p_1_in[1]
    SLICE_X37Y90         LUT1 (Prop_lut1_I0_O)        0.124     6.525 r  u_bridge/state[3]_i_202/O
                         net (fo=1, routed)           0.000     6.525    u_bridge/state[3]_i_202_n_0
    SLICE_X37Y90         CARRY4 (Prop_carry4_S[0]_CO[3])
                                                      0.532     7.057 r  u_bridge/state_reg[3]_i_143/CO[3]
                         net (fo=1, routed)           0.000     7.057    u_bridge/state_reg[3]_i_143_n_0
    SLICE_X37Y91         CARRY4 (Prop_carry4_CI_CO[3])
                                                      0.114     7.171 r  u_bridge/state_reg[3]_i_142/CO[3]
                         net (fo=1, routed)           0.000     7.171    u_bridge/state_reg[3]_i_142_n_0
    SLICE_X37Y92         CARRY4 (Prop_carry4_CI_CO[3])
                                                      0.114     7.285 r  u_bridge/state_reg[3]_i_97/CO[3]
                         net (fo=1, routed)           0.000     7.285    u_bridge/state_reg[3]_i_97_n_0
    SLICE_X37Y93         CARRY4 (Prop_carry4_CI_CO[3])
                                                      0.114     7.399 r  u_bridge/state_reg[3]_i_96/CO[3]
                         net (fo=1, routed)           0.000     7.399    u_bridge/state_reg[3]_i_96_n_0
    SLICE_X37Y94         CARRY4 (Prop_carry4_CI_CO[3])
                                                      0.114     7.513 r  u_bridge/state_reg[3]_i_95/CO[3]
                         net (fo=1, routed)           0.000     7.513    u_bridge/state_reg[3]_i_95_n_0
    SLICE_X37Y95         CARRY4 (Prop_carry4_CI_CO[3])
                                                      0.114     7.627 r  u_bridge/state_reg[3]_i_58/CO[3]
                         net (fo=1, routed)           0.000     7.627    u_bridge/state_reg[3]_i_58_n_0
    SLICE_X37Y96         CARRY4 (Prop_carry4_CI_O[3])
                                                      0.313     7.940 r  u_bridge/state_reg[3]_i_57/O[3]
                         net (fo=2, routed)           0.750     8.690    u_bridge/state2[28]
    SLICE_X39Y94         LUT6 (Prop_lut6_I3_O)        0.306     8.996 r  u_bridge/state[3]_i_89/O
                         net (fo=1, routed)           0.000     8.996    u_bridge/state[3]_i_89_n_0
    SLICE_X39Y94         CARRY4 (Prop_carry4_S[1]_CO[2])
                                                      0.570     9.566 r  u_bridge/state_reg[3]_i_50/CO[2]
                         net (fo=1, routed)           0.792    10.357    u_bridge/state_reg[3]_i_50_n_1
    SLICE_X38Y100        LUT4 (Prop_lut4_I2_O)        0.306    10.663 f  u_bridge/state[3]_i_29/O
                         net (fo=7, routed)           0.602    11.266    u_bridge/state[3]_i_29_n_0
    SLICE_X38Y102        LUT5 (Prop_lut5_I4_O)        0.348    11.614 r  u_bridge/data_off[13]_i_3/O
                         net (fo=2, routed)           0.676    12.290    u_bridge/data_off[13]_i_3_n_0
    SLICE_X38Y102        LUT6 (Prop_lut6_I1_O)        0.124    12.414 r  u_bridge/m_axi_awaddr[15]_i_1/O
                         net (fo=50, routed)          0.793    13.207    u_bridge/m_axi_awaddr[15]_i_1_n_0
    SLICE_X47Y101        FDCE                                         r  u_bridge/m_axi_wdata_reg[4]/CE
  -------------------------------------------------------------------    -------------------

                         (clock sys_clk rise edge)   10.000    10.000 r  
    E3                                                0.000    10.000 r  clk_100mhz (IN)
                         net (fo=0)                   0.000    10.000    clk_100mhz
    E3                   IBUF (Prop_ibuf_I_O)         1.411    11.411 r  clk_100mhz_IBUF_inst/O
                         net (fo=1, routed)           1.920    13.331    clk_100mhz_IBUF
    BUFGCTRL_X0Y16       BUFG (Prop_bufg_I_O)         0.091    13.422 r  clk_100mhz_IBUF_BUFG_inst/O
                         net (fo=2651, routed)        1.498    14.920    u_bridge/clk_100mhz_IBUF_BUFG
    SLICE_X47Y101        FDCE                                         r  u_bridge/m_axi_wdata_reg[4]/C
                         clock pessimism              0.180    15.100    
                         clock uncertainty           -0.035    15.065    
    SLICE_X47Y101        FDCE (Setup_fdce_C_CE)      -0.205    14.860    u_bridge/m_axi_wdata_reg[4]
  -------------------------------------------------------------------
                         required time                         14.860    
                         arrival time                         -13.207    
  -------------------------------------------------------------------
                         slack                                  1.653    

Slack (MET) :             1.689ns  (required time - arrival time)
  Source:                 u_bridge/len_reg[1]/C
                            (rising edge-triggered cell FDCE clocked by sys_clk  {rise@0.000ns fall@5.000ns period=10.000ns})
  Destination:            u_bridge/m_axi_wdata_reg[21]/CE
                            (rising edge-triggered cell FDCE clocked by sys_clk  {rise@0.000ns fall@5.000ns period=10.000ns})
  Path Group:             sys_clk
  Path Type:              Setup (Max at Slow Process Corner)
  Requirement:            10.000ns  (sys_clk rise@10.000ns - sys_clk rise@0.000ns)
  Data Path Delay:        7.964ns  (logic 3.649ns (45.817%)  route 4.315ns (54.183%))
  Logic Levels:           13  (CARRY4=8 LUT1=1 LUT4=1 LUT5=1 LUT6=2)
  Clock Path Skew:        -0.143ns (DCD - SCD + CPR)
    Destination Clock Delay (DCD):    4.920ns = ( 14.920 - 10.000 ) 
    Source Clock Delay      (SCD):    5.243ns
    Clock Pessimism Removal (CPR):    0.180ns
  Clock Uncertainty:      0.035ns  ((TSJ^2 + TIJ^2)^1/2 + DJ) / 2 + PE
    Total System Jitter     (TSJ):    0.071ns
    Total Input Jitter      (TIJ):    0.000ns
    Discrete Jitter          (DJ):    0.000ns
    Phase Error              (PE):    0.000ns

    Location             Delay type                Incr(ns)  Path(ns)    Netlist Resource(s)
  -------------------------------------------------------------------    -------------------
                         (clock sys_clk rise edge)    0.000     0.000 r  
    E3                                                0.000     0.000 r  clk_100mhz (IN)
                         net (fo=0)                   0.000     0.000    clk_100mhz
    E3                   IBUF (Prop_ibuf_I_O)         1.482     1.482 r  clk_100mhz_IBUF_inst/O
                         net (fo=1, routed)           2.025     3.506    clk_100mhz_IBUF
    BUFGCTRL_X0Y16       BUFG (Prop_bufg_I_O)         0.096     3.602 r  clk_100mhz_IBUF_BUFG_inst/O
                         net (fo=2651, routed)        1.640     5.243    u_bridge/clk_100mhz_IBUF_BUFG
    SLICE_X35Y93         FDCE                                         r  u_bridge/len_reg[1]/C
  -------------------------------------------------------------------    -------------------
    SLICE_X35Y93         FDCE (Prop_fdce_C_Q)         0.456     5.699 f  u_bridge/len_reg[1]/Q
                         net (fo=5, routed)           0.702     6.401    u_bridge/p_1_in[1]
    SLICE_X37Y90         LUT1 (Prop_lut1_I0_O)        0.124     6.525 r  u_bridge/state[3]_i_202/O
                         net (fo=1, routed)           0.000     6.525    u_bridge/state[3]_i_202_n_0
    SLICE_X37Y90         CARRY4 (Prop_carry4_S[0]_CO[3])
                                                      0.532     7.057 r  u_bridge/state_reg[3]_i_143/CO[3]
                         net (fo=1, routed)           0.000     7.057    u_bridge/state_reg[3]_i_143_n_0
    SLICE_X37Y91         CARRY4 (Prop_carry4_CI_CO[3])
                                                      0.114     7.171 r  u_bridge/state_reg[3]_i_142/CO[3]
                         net (fo=1, routed)           0.000     7.171    u_bridge/state_reg[3]_i_142_n_0
    SLICE_X37Y92         CARRY4 (Prop_carry4_CI_CO[3])
                                                      0.114     7.285 r  u_bridge/state_reg[3]_i_97/CO[3]
                         net (fo=1, routed)           0.000     7.285    u_bridge/state_reg[3]_i_97_n_0
    SLICE_X37Y93         CARRY4 (Prop_carry4_CI_CO[3])
                                                      0.114     7.399 r  u_bridge/state_reg[3]_i_96/CO[3]
                         net (fo=1, routed)           0.000     7.399    u_bridge/state_reg[3]_i_96_n_0
    SLICE_X37Y94         CARRY4 (Prop_carry4_CI_CO[3])
                                                      0.114     7.513 r  u_bridge/state_reg[3]_i_95/CO[3]
                         net (fo=1, routed)           0.000     7.513    u_bridge/state_reg[3]_i_95_n_0
    SLICE_X37Y95         CARRY4 (Prop_carry4_CI_CO[3])
                                                      0.114     7.627 r  u_bridge/state_reg[3]_i_58/CO[3]
                         net (fo=1, routed)           0.000     7.627    u_bridge/state_reg[3]_i_58_n_0
    SLICE_X37Y96         CARRY4 (Prop_carry4_CI_O[3])
                                                      0.313     7.940 r  u_bridge/state_reg[3]_i_57/O[3]
                         net (fo=2, routed)           0.750     8.690    u_bridge/state2[28]
    SLICE_X39Y94         LUT6 (Prop_lut6_I3_O)        0.306     8.996 r  u_bridge/state[3]_i_89/O
                         net (fo=1, routed)           0.000     8.996    u_bridge/state[3]_i_89_n_0
    SLICE_X39Y94         CARRY4 (Prop_carry4_S[1]_CO[2])
                                                      0.570     9.566 r  u_bridge/state_reg[3]_i_50/CO[2]
                         net (fo=1, routed)           0.792    10.357    u_bridge/state_reg[3]_i_50_n_1
    SLICE_X38Y100        LUT4 (Prop_lut4_I2_O)        0.306    10.663 f  u_bridge/state[3]_i_29/O
                         net (fo=7, routed)           0.602    11.266    u_bridge/state[3]_i_29_n_0
    SLICE_X38Y102        LUT5 (Prop_lut5_I4_O)        0.348    11.614 r  u_bridge/data_off[13]_i_3/O
                         net (fo=2, routed)           0.676    12.290    u_bridge/data_off[13]_i_3_n_0
    SLICE_X38Y102        LUT6 (Prop_lut6_I1_O)        0.124    12.414 r  u_bridge/m_axi_awaddr[15]_i_1/O
                         net (fo=50, routed)          0.793    13.207    u_bridge/m_axi_awaddr[15]_i_1_n_0
    SLICE_X46Y100        FDCE                                         r  u_bridge/m_axi_wdata_reg[21]/CE
  -------------------------------------------------------------------    -------------------

                         (clock sys_clk rise edge)   10.000    10.000 r  
    E3                                                0.000    10.000 r  clk_100mhz (IN)
                         net (fo=0)                   0.000    10.000    clk_100mhz
    E3                   IBUF (Prop_ibuf_I_O)         1.411    11.411 r  clk_100mhz_IBUF_inst/O
                         net (fo=1, routed)           1.920    13.331    clk_100mhz_IBUF
    BUFGCTRL_X0Y16       BUFG (Prop_bufg_I_O)         0.091    13.422 r  clk_100mhz_IBUF_BUFG_inst/O
                         net (fo=2651, routed)        1.498    14.920    u_bridge/clk_100mhz_IBUF_BUFG
    SLICE_X46Y100        FDCE                                         r  u_bridge/m_axi_wdata_reg[21]/C
                         clock pessimism              0.180    15.100    
                         clock uncertainty           -0.035    15.065    
    SLICE_X46Y100        FDCE (Setup_fdce_C_CE)      -0.169    14.896    u_bridge/m_axi_wdata_reg[21]
  -------------------------------------------------------------------
                         required time                         14.896    
                         arrival time                         -13.207    
  -------------------------------------------------------------------
                         slack                                  1.689    

Slack (MET) :             1.692ns  (required time - arrival time)
  Source:                 u_bridge/len_reg[1]/C
                            (rising edge-triggered cell FDCE clocked by sys_clk  {rise@0.000ns fall@5.000ns period=10.000ns})
  Destination:            u_bridge/m_axi_wdata_reg[17]/CE
                            (rising edge-triggered cell FDCE clocked by sys_clk  {rise@0.000ns fall@5.000ns period=10.000ns})
  Path Group:             sys_clk
  Path Type:              Setup (Max at Slow Process Corner)
  Requirement:            10.000ns  (sys_clk rise@10.000ns - sys_clk rise@0.000ns)
  Data Path Delay:        7.927ns  (logic 3.649ns (46.034%)  route 4.278ns (53.966%))
  Logic Levels:           13  (CARRY4=8 LUT1=1 LUT4=1 LUT5=1 LUT6=2)
  Clock Path Skew:        -0.141ns (DCD - SCD + CPR)
    Destination Clock Delay (DCD):    4.922ns = ( 14.922 - 10.000 ) 
    Source Clock Delay      (SCD):    5.243ns
    Clock Pessimism Removal (CPR):    0.180ns
  Clock Uncertainty:      0.035ns  ((TSJ^2 + TIJ^2)^1/2 + DJ) / 2 + PE
    Total System Jitter     (TSJ):    0.071ns
    Total Input Jitter      (TIJ):    0.000ns
    Discrete Jitter          (DJ):    0.000ns
    Phase Error              (PE):    0.000ns

    Location             Delay type                Incr(ns)  Path(ns)    Netlist Resource(s)
  -------------------------------------------------------------------    -------------------
                         (clock sys_clk rise edge)    0.000     0.000 r  
    E3                                                0.000     0.000 r  clk_100mhz (IN)
                         net (fo=0)                   0.000     0.000    clk_100mhz
    E3                   IBUF (Prop_ibuf_I_O)         1.482     1.482 r  clk_100mhz_IBUF_inst/O
                         net (fo=1, routed)           2.025     3.506    clk_100mhz_IBUF
    BUFGCTRL_X0Y16       BUFG (Prop_bufg_I_O)         0.096     3.602 r  clk_100mhz_IBUF_BUFG_inst/O
                         net (fo=2651, routed)        1.640     5.243    u_bridge/clk_100mhz_IBUF_BUFG
    SLICE_X35Y93         FDCE                                         r  u_bridge/len_reg[1]/C
  -------------------------------------------------------------------    -------------------
    SLICE_X35Y93         FDCE (Prop_fdce_C_Q)         0.456     5.699 f  u_bridge/len_reg[1]/Q
                         net (fo=5, routed)           0.702     6.401    u_bridge/p_1_in[1]
    SLICE_X37Y90         LUT1 (Prop_lut1_I0_O)        0.124     6.525 r  u_bridge/state[3]_i_202/O
                         net (fo=1, routed)           0.000     6.525    u_bridge/state[3]_i_202_n_0
    SLICE_X37Y90         CARRY4 (Prop_carry4_S[0]_CO[3])
                                                      0.532     7.057 r  u_bridge/state_reg[3]_i_143/CO[3]
                         net (fo=1, routed)           0.000     7.057    u_bridge/state_reg[3]_i_143_n_0
    SLICE_X37Y91         CARRY4 (Prop_carry4_CI_CO[3])
                                                      0.114     7.171 r  u_bridge/state_reg[3]_i_142/CO[3]
                         net (fo=1, routed)           0.000     7.171    u_bridge/state_reg[3]_i_142_n_0
    SLICE_X37Y92         CARRY4 (Prop_carry4_CI_CO[3])
                                                      0.114     7.285 r  u_bridge/state_reg[3]_i_97/CO[3]
                         net (fo=1, routed)           0.000     7.285    u_bridge/state_reg[3]_i_97_n_0
    SLICE_X37Y93         CARRY4 (Prop_carry4_CI_CO[3])
                                                      0.114     7.399 r  u_bridge/state_reg[3]_i_96/CO[3]
                         net (fo=1, routed)           0.000     7.399    u_bridge/state_reg[3]_i_96_n_0
    SLICE_X37Y94         CARRY4 (Prop_carry4_CI_CO[3])
                                                      0.114     7.513 r  u_bridge/state_reg[3]_i_95/CO[3]
                         net (fo=1, routed)           0.000     7.513    u_bridge/state_reg[3]_i_95_n_0
    SLICE_X37Y95         CARRY4 (Prop_carry4_CI_CO[3])
                                                      0.114     7.627 r  u_bridge/state_reg[3]_i_58/CO[3]
                         net (fo=1, routed)           0.000     7.627    u_bridge/state_reg[3]_i_58_n_0
    SLICE_X37Y96         CARRY4 (Prop_carry4_CI_O[3])
                                                      0.313     7.940 r  u_bridge/state_reg[3]_i_57/O[3]
                         net (fo=2, routed)           0.750     8.690    u_bridge/state2[28]
    SLICE_X39Y94         LUT6 (Prop_lut6_I3_O)        0.306     8.996 r  u_bridge/state[3]_i_89/O
                         net (fo=1, routed)           0.000     8.996    u_bridge/state[3]_i_89_n_0
    SLICE_X39Y94         CARRY4 (Prop_carry4_S[1]_CO[2])
                                                      0.570     9.566 r  u_bridge/state_reg[3]_i_50/CO[2]
                         net (fo=1, routed)           0.792    10.357    u_bridge/state_reg[3]_i_50_n_1
    SLICE_X38Y100        LUT4 (Prop_lut4_I2_O)        0.306    10.663 f  u_bridge/state[3]_i_29/O
                         net (fo=7, routed)           0.602    11.266    u_bridge/state[3]_i_29_n_0
    SLICE_X38Y102        LUT5 (Prop_lut5_I4_O)        0.348    11.614 r  u_bridge/data_off[13]_i_3/O
                         net (fo=2, routed)           0.676    12.290    u_bridge/data_off[13]_i_3_n_0
    SLICE_X38Y102        LUT6 (Prop_lut6_I1_O)        0.124    12.414 r  u_bridge/m_axi_awaddr[15]_i_1/O
                         net (fo=50, routed)          0.755    13.170    u_bridge/m_axi_awaddr[15]_i_1_n_0
    SLICE_X45Y101        FDCE                                         r  u_bridge/m_axi_wdata_reg[17]/CE
  -------------------------------------------------------------------    -------------------

                         (clock sys_clk rise edge)   10.000    10.000 r  
    E3                                                0.000    10.000 r  clk_100mhz (IN)
                         net (fo=0)                   0.000    10.000    clk_100mhz
    E3                   IBUF (Prop_ibuf_I_O)         1.411    11.411 r  clk_100mhz_IBUF_inst/O
                         net (fo=1, routed)           1.920    13.331    clk_100mhz_IBUF
    BUFGCTRL_X0Y16       BUFG (Prop_bufg_I_O)         0.091    13.422 r  clk_100mhz_IBUF_BUFG_inst/O
                         net (fo=2651, routed)        1.500    14.922    u_bridge/clk_100mhz_IBUF_BUFG
    SLICE_X45Y101        FDCE                                         r  u_bridge/m_axi_wdata_reg[17]/C
                         clock pessimism              0.180    15.102    
                         clock uncertainty           -0.035    15.067    
    SLICE_X45Y101        FDCE (Setup_fdce_C_CE)      -0.205    14.862    u_bridge/m_axi_wdata_reg[17]
  -------------------------------------------------------------------
                         required time                         14.862    
                         arrival time                         -13.170    
  -------------------------------------------------------------------
                         slack                                  1.692    





Min Delay Paths
--------------------------------------------------------------------------------------
Slack (MET) :             0.041ns  (arrival time - required time)
  Source:                 u_bridge/crc_reg[4]/C
                            (rising edge-triggered cell FDPE clocked by sys_clk  {rise@0.000ns fall@5.000ns period=10.000ns})
  Destination:            u_bridge/crc_reg[16]/D
                            (rising edge-triggered cell FDPE clocked by sys_clk  {rise@0.000ns fall@5.000ns period=10.000ns})
  Path Group:             sys_clk
  Path Type:              Hold (Min at Fast Process Corner)
  Requirement:            0.000ns  (sys_clk rise@0.000ns - sys_clk rise@0.000ns)
  Data Path Delay:        0.423ns  (logic 0.274ns (64.714%)  route 0.149ns (35.286%))
  Logic Levels:           2  (LUT6=1 MUXF7=1)
  Clock Path Skew:        0.277ns (DCD - SCD - CPR)
    Destination Clock Delay (DCD):    2.007ns
    Source Clock Delay      (SCD):    1.484ns
    Clock Pessimism Removal (CPR):    0.245ns

    Location             Delay type                Incr(ns)  Path(ns)    Netlist Resource(s)
  -------------------------------------------------------------------    -------------------
                         (clock sys_clk rise edge)    0.000     0.000 r  
    E3                                                0.000     0.000 r  clk_100mhz (IN)
                         net (fo=0)                   0.000     0.000    clk_100mhz
    E3                   IBUF (Prop_ibuf_I_O)         0.250     0.250 r  clk_100mhz_IBUF_inst/O
                         net (fo=1, routed)           0.644     0.894    clk_100mhz_IBUF
    BUFGCTRL_X0Y16       BUFG (Prop_bufg_I_O)         0.026     0.920 r  clk_100mhz_IBUF_BUFG_inst/O
                         net (fo=2651, routed)        0.565     1.484    u_bridge/clk_100mhz_IBUF_BUFG
    SLICE_X34Y100        FDPE                                         r  u_bridge/crc_reg[4]/C
  -------------------------------------------------------------------    -------------------
    SLICE_X34Y100        FDPE (Prop_fdpe_C_Q)         0.164     1.648 r  u_bridge/crc_reg[4]/Q
                         net (fo=19, routed)          0.149     1.798    u_bridge/crc_reg[31]_0[4]
    SLICE_X35Y99         LUT6 (Prop_lut6_I1_O)        0.045     1.843 r  u_bridge/crc[16]_i_3/O
                         net (fo=1, routed)           0.000     1.843    u_bridge/crc[16]_i_3_n_0
    SLICE_X35Y99         MUXF7 (Prop_muxf7_I1_O)      0.065     1.908 r  u_bridge/crc_reg[16]_i_1/O
                         net (fo=1, routed)           0.000     1.908    u_bridge/crc[16]
    SLICE_X35Y99         FDPE                                         r  u_bridge/crc_reg[16]/D
  -------------------------------------------------------------------    -------------------

                         (clock sys_clk rise edge)    0.000     0.000 r  
    E3                                                0.000     0.000 r  clk_100mhz (IN)
                         net (fo=0)                   0.000     0.000    clk_100mhz
    E3                   IBUF (Prop_ibuf_I_O)         0.438     0.438 r  clk_100mhz_IBUF_inst/O
                         net (fo=1, routed)           0.699     1.136    clk_100mhz_IBUF
    BUFGCTRL_X0Y16       BUFG (Prop_bufg_I_O)         0.029     1.165 r  clk_100mhz_IBUF_BUFG_inst/O
                         net (fo=2651, routed)        0.842     2.007    u_bridge/clk_100mhz_IBUF_BUFG
    SLICE_X35Y99         FDPE                                         r  u_bridge/crc_reg[16]/C
                         clock pessimism             -0.245     1.761    
    SLICE_X35Y99         FDPE (Hold_fdpe_C_D)         0.105     1.866    u_bridge/crc_reg[16]
  -------------------------------------------------------------------
                         required time                         -1.866    
                         arrival time                           1.908    
  -------------------------------------------------------------------
                         slack                                  0.041    

Slack (MET) :             0.049ns  (arrival time - required time)
  Source:                 u_bridge/crc_reg[21]/C
                            (rising edge-triggered cell FDPE clocked by sys_clk  {rise@0.000ns fall@5.000ns period=10.000ns})
  Destination:            u_bridge/crc_reg[13]/D
                            (rising edge-triggered cell FDPE clocked by sys_clk  {rise@0.000ns fall@5.000ns period=10.000ns})
  Path Group:             sys_clk
  Path Type:              Hold (Min at Fast Process Corner)
  Requirement:            0.000ns  (sys_clk rise@0.000ns - sys_clk rise@0.000ns)
  Data Path Delay:        0.418ns  (logic 0.251ns (60.008%)  route 0.167ns (39.992%))
  Logic Levels:           2  (LUT6=1 MUXF7=1)
  Clock Path Skew:        0.264ns (DCD - SCD - CPR)
    Destination Clock Delay (DCD):    2.002ns
    Source Clock Delay      (SCD):    1.492ns
    Clock Pessimism Removal (CPR):    0.245ns

    Location             Delay type                Incr(ns)  Path(ns)    Netlist Resource(s)
  -------------------------------------------------------------------    -------------------
                         (clock sys_clk rise edge)    0.000     0.000 r  
    E3                                                0.000     0.000 r  clk_100mhz (IN)
                         net (fo=0)                   0.000     0.000    clk_100mhz
    E3                   IBUF (Prop_ibuf_I_O)         0.250     0.250 r  clk_100mhz_IBUF_inst/O
                         net (fo=1, routed)           0.644     0.894    clk_100mhz_IBUF
    BUFGCTRL_X0Y16       BUFG (Prop_bufg_I_O)         0.026     0.920 r  clk_100mhz_IBUF_BUFG_inst/O
                         net (fo=2651, routed)        0.573     1.492    u_bridge/clk_100mhz_IBUF_BUFG
    SLICE_X29Y99         FDPE                                         r  u_bridge/crc_reg[21]/C
  -------------------------------------------------------------------    -------------------
    SLICE_X29Y99         FDPE (Prop_fdpe_C_Q)         0.141     1.633 r  u_bridge/crc_reg[21]/Q
                         net (fo=4, routed)           0.167     1.801    u_bridge/crc_reg[31]_0[11]
    SLICE_X31Y100        LUT6 (Prop_lut6_I5_O)        0.045     1.846 r  u_bridge/crc[13]_i_3/O
                         net (fo=1, routed)           0.000     1.846    u_bridge/crc[13]_i_3_n_0
    SLICE_X31Y100        MUXF7 (Prop_muxf7_I1_O)      0.065     1.911 r  u_bridge/crc_reg[13]_i_1/O
                         net (fo=1, routed)           0.000     1.911    u_bridge/crc[13]
    SLICE_X31Y100        FDPE                                         r  u_bridge/crc_reg[13]/D
  -------------------------------------------------------------------    -------------------

                         (clock sys_clk rise edge)    0.000     0.000 r  
    E3                                                0.000     0.000 r  clk_100mhz (IN)
                         net (fo=0)                   0.000     0.000    clk_100mhz
    E3                   IBUF (Prop_ibuf_I_O)         0.438     0.438 r  clk_100mhz_IBUF_inst/O
                         net (fo=1, routed)           0.699     1.136    clk_100mhz_IBUF
    BUFGCTRL_X0Y16       BUFG (Prop_bufg_I_O)         0.029     1.165 r  clk_100mhz_IBUF_BUFG_inst/O
                         net (fo=2651, routed)        0.837     2.002    u_bridge/clk_100mhz_IBUF_BUFG
    SLICE_X31Y100        FDPE                                         r  u_bridge/crc_reg[13]/C
                         clock pessimism             -0.245     1.756    
    SLICE_X31Y100        FDPE (Hold_fdpe_C_D)         0.105     1.861    u_bridge/crc_reg[13]
  -------------------------------------------------------------------
                         required time                         -1.861    
                         arrival time                           1.911    
  -------------------------------------------------------------------
                         slack                                  0.049    

Slack (MET) :             0.065ns  (arrival time - required time)
  Source:                 u_bridge/crc_reg[8]/C
                            (rising edge-triggered cell FDPE clocked by sys_clk  {rise@0.000ns fall@5.000ns period=10.000ns})
  Destination:            u_bridge/txb_reg[0]/D
                            (rising edge-triggered cell FDCE clocked by sys_clk  {rise@0.000ns fall@5.000ns period=10.000ns})
  Path Group:             sys_clk
  Path Type:              Hold (Min at Fast Process Corner)
  Requirement:            0.000ns  (sys_clk rise@0.000ns - sys_clk rise@0.000ns)
  Data Path Delay:        0.434ns  (logic 0.248ns (57.154%)  route 0.186ns (42.846%))
  Logic Levels:           2  (LUT6=1 MUXF7=1)
  Clock Path Skew:        0.264ns (DCD - SCD - CPR)
    Destination Clock Delay (DCD):    2.000ns
    Source Clock Delay      (SCD):    1.490ns
    Clock Pessimism Removal (CPR):    0.245ns

    Location             Delay type                Incr(ns)  Path(ns)    Netlist Resource(s)
  -------------------------------------------------------------------    -------------------
                         (clock sys_clk rise edge)    0.000     0.000 r  
    E3                                                0.000     0.000 r  clk_100mhz (IN)
                         net (fo=0)                   0.000     0.000    clk_100mhz
    E3                   IBUF (Prop_ibuf_I_O)         0.250     0.250 r  clk_100mhz_IBUF_inst/O
                         net (fo=1, routed)           0.644     0.894    clk_100mhz_IBUF
    BUFGCTRL_X0Y16       BUFG (Prop_bufg_I_O)         0.026     0.920 r  clk_100mhz_IBUF_BUFG_inst/O
                         net (fo=2651, routed)        0.571     1.490    u_bridge/clk_100mhz_IBUF_BUFG
    SLICE_X35Y99         FDPE                                         r  u_bridge/crc_reg[8]/C
  -------------------------------------------------------------------    -------------------
    SLICE_X35Y99         FDPE (Prop_fdpe_C_Q)         0.141     1.631 f  u_bridge/crc_reg[8]/Q
                         net (fo=3, routed)           0.186     1.817    u_bridge/c[8]
    SLICE_X39Y101        LUT6 (Prop_lut6_I3_O)        0.045     1.862 r  u_bridge/txb[0]_i_2/O
                         net (fo=1, routed)           0.000     1.862    u_bridge/txb[0]_i_2_n_0
    SLICE_X39Y101        MUXF7 (Prop_muxf7_I0_O)      0.062     1.924 r  u_bridge/txb_reg[0]_i_1/O
                         net (fo=1, routed)           0.000     1.924    u_bridge/txb_reg[0]_i_1_n_0
    SLICE_X39Y101        FDCE                                         r  u_bridge/txb_reg[0]/D
  -------------------------------------------------------------------    -------------------

                         (clock sys_clk rise edge)    0.000     0.000 r  
    E3                                                0.000     0.000 r  clk_100mhz (IN)
                         net (fo=0)                   0.000     0.000    clk_100mhz
    E3                   IBUF (Prop_ibuf_I_O)         0.438     0.438 r  clk_100mhz_IBUF_inst/O
                         net (fo=1, routed)           0.699     1.136    clk_100mhz_IBUF
    BUFGCTRL_X0Y16       BUFG (Prop_bufg_I_O)         0.029     1.165 r  clk_100mhz_IBUF_BUFG_inst/O
                         net (fo=2651, routed)        0.835     2.000    u_bridge/clk_100mhz_IBUF_BUFG
    SLICE_X39Y101        FDCE                                         r  u_bridge/txb_reg[0]/C
                         clock pessimism             -0.245     1.754    
    SLICE_X39Y101        FDCE (Hold_fdce_C_D)         0.105     1.859    u_bridge/txb_reg[0]
  -------------------------------------------------------------------
                         required time                         -1.859    
                         arrival time                           1.924    
  -------------------------------------------------------------------
                         slack                                  0.065    

Slack (MET) :             0.076ns  (arrival time - required time)
  Source:                 u_rx/rx_sync2_reg/C
                            (rising edge-triggered cell FDRE clocked by sys_clk  {rise@0.000ns fall@5.000ns period=10.000ns})
  Destination:            u_rx/bit_idx_reg[1]/D
                            (rising edge-triggered cell FDCE clocked by sys_clk  {rise@0.000ns fall@5.000ns period=10.000ns})
  Path Group:             sys_clk
  Path Type:              Hold (Min at Fast Process Corner)
  Requirement:            0.000ns  (sys_clk rise@0.000ns - sys_clk rise@0.000ns)
  Data Path Delay:        0.450ns  (logic 0.189ns (41.954%)  route 0.261ns (58.046%))
  Logic Levels:           1  (LUT5=1)
  Clock Path Skew:        0.267ns (DCD - SCD - CPR)
    Destination Clock Delay (DCD):    1.991ns
    Source Clock Delay      (SCD):    1.473ns
    Clock Pessimism Removal (CPR):    0.250ns

    Location             Delay type                Incr(ns)  Path(ns)    Netlist Resource(s)
  -------------------------------------------------------------------    -------------------
                         (clock sys_clk rise edge)    0.000     0.000 r  
    E3                                                0.000     0.000 r  clk_100mhz (IN)
                         net (fo=0)                   0.000     0.000    clk_100mhz
    E3                   IBUF (Prop_ibuf_I_O)         0.250     0.250 r  clk_100mhz_IBUF_inst/O
                         net (fo=1, routed)           0.644     0.894    clk_100mhz_IBUF
    BUFGCTRL_X0Y16       BUFG (Prop_bufg_I_O)         0.026     0.920 r  clk_100mhz_IBUF_BUFG_inst/O
                         net (fo=2651, routed)        0.554     1.473    u_rx/clk_100mhz_IBUF_BUFG
    SLICE_X52Y71         FDRE                                         r  u_rx/rx_sync2_reg/C
  -------------------------------------------------------------------    -------------------
    SLICE_X52Y71         FDRE (Prop_fdre_C_Q)         0.141     1.614 r  u_rx/rx_sync2_reg/Q
                         net (fo=17, routed)          0.261     1.876    u_rx/rx_sync2
    SLICE_X43Y71         LUT5 (Prop_lut5_I1_O)        0.048     1.924 r  u_rx/bit_idx[1]_i_1/O
                         net (fo=1, routed)           0.000     1.924    u_rx/bit_idx[1]_i_1_n_0
    SLICE_X43Y71         FDCE                                         r  u_rx/bit_idx_reg[1]/D
  -------------------------------------------------------------------    -------------------

                         (clock sys_clk rise edge)    0.000     0.000 r  
    E3                                                0.000     0.000 r  clk_100mhz (IN)
                         net (fo=0)                   0.000     0.000    clk_100mhz
    E3                   IBUF (Prop_ibuf_I_O)         0.438     0.438 r  clk_100mhz_IBUF_inst/O
                         net (fo=1, routed)           0.699     1.136    clk_100mhz_IBUF
    BUFGCTRL_X0Y16       BUFG (Prop_bufg_I_O)         0.029     1.165 r  clk_100mhz_IBUF_BUFG_inst/O
                         net (fo=2651, routed)        0.826     1.991    u_rx/clk_100mhz_IBUF_BUFG
    SLICE_X43Y71         FDCE                                         r  u_rx/bit_idx_reg[1]/C
                         clock pessimism             -0.250     1.740    
    SLICE_X43Y71         FDCE (Hold_fdce_C_D)         0.107     1.847    u_rx/bit_idx_reg[1]
  -------------------------------------------------------------------
                         required time                         -1.847    
                         arrival time                           1.924    
  -------------------------------------------------------------------
                         slack                                  0.076    

Slack (MET) :             0.083ns  (arrival time - required time)
  Source:                 u_bridge/crc_reg[30]/C
                            (rising edge-triggered cell FDPE clocked by sys_clk  {rise@0.000ns fall@5.000ns period=10.000ns})
  Destination:            u_bridge/crc_reg[22]/D
                            (rising edge-triggered cell FDPE clocked by sys_clk  {rise@0.000ns fall@5.000ns period=10.000ns})
  Path Group:             sys_clk
  Path Type:              Hold (Min at Fast Process Corner)
  Requirement:            0.000ns  (sys_clk rise@0.000ns - sys_clk rise@0.000ns)
  Data Path Delay:        0.454ns  (logic 0.274ns (60.367%)  route 0.180ns (39.633%))
  Logic Levels:           2  (LUT6=1 MUXF7=1)
  Clock Path Skew:        0.266ns (DCD - SCD - CPR)
    Destination Clock Delay (DCD):    2.002ns
    Source Clock Delay      (SCD):    1.490ns
    Clock Pessimism Removal (CPR):    0.245ns

    Location             Delay type                Incr(ns)  Path(ns)    Netlist Resource(s)
  -------------------------------------------------------------------    -------------------
                         (clock sys_clk rise edge)    0.000     0.000 r  
    E3                                                0.000     0.000 r  clk_100mhz (IN)
                         net (fo=0)                   0.000     0.000    clk_100mhz
    E3                   IBUF (Prop_ibuf_I_O)         0.250     0.250 r  clk_100mhz_IBUF_inst/O
                         net (fo=1, routed)           0.644     0.894    clk_100mhz_IBUF
    BUFGCTRL_X0Y16       BUFG (Prop_bufg_I_O)         0.026     0.920 r  clk_100mhz_IBUF_BUFG_inst/O
                         net (fo=2651, routed)        0.571     1.490    u_bridge/clk_100mhz_IBUF_BUFG
    SLICE_X34Y99         FDPE                                         r  u_bridge/crc_reg[30]/C
  -------------------------------------------------------------------    -------------------
    SLICE_X34Y99         FDPE (Prop_fdpe_C_Q)         0.164     1.654 r  u_bridge/crc_reg[30]/Q
                         net (fo=4, routed)           0.180     1.834    u_bridge/c[30]
    SLICE_X32Y100        LUT6 (Prop_lut6_I5_O)        0.045     1.879 r  u_bridge/crc[22]_i_3/O
                         net (fo=1, routed)           0.000     1.879    u_bridge/crc[22]_i_3_n_0
    SLICE_X32Y100        MUXF7 (Prop_muxf7_I1_O)      0.065     1.944 r  u_bridge/crc_reg[22]_i_1/O
                         net (fo=1, routed)           0.000     1.944    u_bridge/crc[22]
    SLICE_X32Y100        FDPE                                         r  u_bridge/crc_reg[22]/D
  -------------------------------------------------------------------    -------------------

                         (clock sys_clk rise edge)    0.000     0.000 r  
    E3                                                0.000     0.000 r  clk_100mhz (IN)
                         net (fo=0)                   0.000     0.000    clk_100mhz
    E3                   IBUF (Prop_ibuf_I_O)         0.438     0.438 r  clk_100mhz_IBUF_inst/O
                         net (fo=1, routed)           0.699     1.136    clk_100mhz_IBUF
    BUFGCTRL_X0Y16       BUFG (Prop_bufg_I_O)         0.029     1.165 r  clk_100mhz_IBUF_BUFG_inst/O
                         net (fo=2651, routed)        0.837     2.002    u_bridge/clk_100mhz_IBUF_BUFG
    SLICE_X32Y100        FDPE                                         r  u_bridge/crc_reg[22]/C
                         clock pessimism             -0.245     1.756    
    SLICE_X32Y100        FDPE (Hold_fdpe_C_D)         0.105     1.861    u_bridge/crc_reg[22]
  -------------------------------------------------------------------
                         required time                         -1.861    
                         arrival time                           1.944    
  -------------------------------------------------------------------
                         slack                                  0.083    

Slack (MET) :             0.084ns  (arrival time - required time)
  Source:                 u_bridge/crc_reg[26]/C
                            (rising edge-triggered cell FDPE clocked by sys_clk  {rise@0.000ns fall@5.000ns period=10.000ns})
  Destination:            u_bridge/crc_reg[18]/D
                            (rising edge-triggered cell FDPE clocked by sys_clk  {rise@0.000ns fall@5.000ns period=10.000ns})
  Path Group:             sys_clk
  Path Type:              Hold (Min at Fast Process Corner)
  Requirement:            0.000ns  (sys_clk rise@0.000ns - sys_clk rise@0.000ns)
  Data Path Delay:        0.466ns  (logic 0.251ns (53.851%)  route 0.215ns (46.149%))
  Logic Levels:           2  (LUT6=1 MUXF7=1)
  Clock Path Skew:        0.277ns (DCD - SCD - CPR)
    Destination Clock Delay (DCD):    2.008ns
    Source Clock Delay      (SCD):    1.485ns
    Clock Pessimism Removal (CPR):    0.245ns

    Location             Delay type                Incr(ns)  Path(ns)    Netlist Resource(s)
  -------------------------------------------------------------------    -------------------
                         (clock sys_clk rise edge)    0.000     0.000 r  
    E3                                                0.000     0.000 r  clk_100mhz (IN)
                         net (fo=0)                   0.000     0.000    clk_100mhz
    E3                   IBUF (Prop_ibuf_I_O)         0.250     0.250 r  clk_100mhz_IBUF_inst/O
                         net (fo=1, routed)           0.644     0.894    clk_100mhz_IBUF
    BUFGCTRL_X0Y16       BUFG (Prop_bufg_I_O)         0.026     0.920 r  clk_100mhz_IBUF_BUFG_inst/O
                         net (fo=2651, routed)        0.566     1.485    u_bridge/clk_100mhz_IBUF_BUFG
    SLICE_X32Y101        FDPE                                         r  u_bridge/crc_reg[26]/C
  -------------------------------------------------------------------    -------------------
    SLICE_X32Y101        FDPE (Prop_fdpe_C_Q)         0.141     1.626 r  u_bridge/crc_reg[26]/Q
                         net (fo=4, routed)           0.215     1.842    u_bridge/c[26]
    SLICE_X32Y99         LUT6 (Prop_lut6_I2_O)        0.045     1.887 r  u_bridge/crc[18]_i_3/O
                         net (fo=1, routed)           0.000     1.887    u_bridge/crc[18]_i_3_n_0
    SLICE_X32Y99         MUXF7 (Prop_muxf7_I1_O)      0.065     1.952 r  u_bridge/crc_reg[18]_i_1/O
                         net (fo=1, routed)           0.000     1.952    u_bridge/crc[18]
    SLICE_X32Y99         FDPE                                         r  u_bridge/crc_reg[18]/D
  -------------------------------------------------------------------    -------------------

                         (clock sys_clk rise edge)    0.000     0.000 r  
    E3                                                0.000     0.000 r  clk_100mhz (IN)
                         net (fo=0)                   0.000     0.000    clk_100mhz
    E3                   IBUF (Prop_ibuf_I_O)         0.438     0.438 r  clk_100mhz_IBUF_inst/O
                         net (fo=1, routed)           0.699     1.136    clk_100mhz_IBUF
    BUFGCTRL_X0Y16       BUFG (Prop_bufg_I_O)         0.029     1.165 r  clk_100mhz_IBUF_BUFG_inst/O
                         net (fo=2651, routed)        0.843     2.008    u_bridge/clk_100mhz_IBUF_BUFG
    SLICE_X32Y99         FDPE                                         r  u_bridge/crc_reg[18]/C
                         clock pessimism             -0.245     1.762    
    SLICE_X32Y99         FDPE (Hold_fdpe_C_D)         0.105     1.867    u_bridge/crc_reg[18]
  -------------------------------------------------------------------
                         required time                         -1.867    
                         arrival time                           1.952    
  -------------------------------------------------------------------
                         slack                                  0.084    

Slack (MET) :             0.089ns  (arrival time - required time)
  Source:                 u_rx/rx_sync2_reg/C
                            (rising edge-triggered cell FDRE clocked by sys_clk  {rise@0.000ns fall@5.000ns period=10.000ns})
  Destination:            u_rx/bit_idx_reg[0]/D
                            (rising edge-triggered cell FDCE clocked by sys_clk  {rise@0.000ns fall@5.000ns period=10.000ns})
  Path Group:             sys_clk
  Path Type:              Hold (Min at Fast Process Corner)
  Requirement:            0.000ns  (sys_clk rise@0.000ns - sys_clk rise@0.000ns)
  Data Path Delay:        0.447ns  (logic 0.186ns (41.565%)  route 0.261ns (58.435%))
  Logic Levels:           1  (LUT4=1)
  Clock Path Skew:        0.267ns (DCD - SCD - CPR)
    Destination Clock Delay (DCD):    1.991ns
    Source Clock Delay      (SCD):    1.473ns
    Clock Pessimism Removal (CPR):    0.250ns

    Location             Delay type                Incr(ns)  Path(ns)    Netlist Resource(s)
  -------------------------------------------------------------------    -------------------
                         (clock sys_clk rise edge)    0.000     0.000 r  
    E3                                                0.000     0.000 r  clk_100mhz (IN)
                         net (fo=0)                   0.000     0.000    clk_100mhz
    E3                   IBUF (Prop_ibuf_I_O)         0.250     0.250 r  clk_100mhz_IBUF_inst/O
                         net (fo=1, routed)           0.644     0.894    clk_100mhz_IBUF
    BUFGCTRL_X0Y16       BUFG (Prop_bufg_I_O)         0.026     0.920 r  clk_100mhz_IBUF_BUFG_inst/O
                         net (fo=2651, routed)        0.554     1.473    u_rx/clk_100mhz_IBUF_BUFG
    SLICE_X52Y71         FDRE                                         r  u_rx/rx_sync2_reg/C
  -------------------------------------------------------------------    -------------------
    SLICE_X52Y71         FDRE (Prop_fdre_C_Q)         0.141     1.614 r  u_rx/rx_sync2_reg/Q
                         net (fo=17, routed)          0.261     1.876    u_rx/rx_sync2
    SLICE_X43Y71         LUT4 (Prop_lut4_I0_O)        0.045     1.921 r  u_rx/bit_idx[0]_i_1/O
                         net (fo=1, routed)           0.000     1.921    u_rx/bit_idx[0]_i_1_n_0
    SLICE_X43Y71         FDCE                                         r  u_rx/bit_idx_reg[0]/D
  -------------------------------------------------------------------    -------------------

                         (clock sys_clk rise edge)    0.000     0.000 r  
    E3                                                0.000     0.000 r  clk_100mhz (IN)
                         net (fo=0)                   0.000     0.000    clk_100mhz
    E3                   IBUF (Prop_ibuf_I_O)         0.438     0.438 r  clk_100mhz_IBUF_inst/O
                         net (fo=1, routed)           0.699     1.136    clk_100mhz_IBUF
    BUFGCTRL_X0Y16       BUFG (Prop_bufg_I_O)         0.029     1.165 r  clk_100mhz_IBUF_BUFG_inst/O
                         net (fo=2651, routed)        0.826     1.991    u_rx/clk_100mhz_IBUF_BUFG
    SLICE_X43Y71         FDCE                                         r  u_rx/bit_idx_reg[0]/C
                         clock pessimism             -0.250     1.740    
    SLICE_X43Y71         FDCE (Hold_fdce_C_D)         0.091     1.831    u_rx/bit_idx_reg[0]
  -------------------------------------------------------------------
                         required time                         -1.831    
                         arrival time                           1.921    
  -------------------------------------------------------------------
                         slack                                  0.089    

Slack (MET) :             0.110ns  (arrival time - required time)
  Source:                 u_bridge/crc_reg[23]/C
                            (rising edge-triggered cell FDPE clocked by sys_clk  {rise@0.000ns fall@5.000ns period=10.000ns})
  Destination:            u_bridge/crc_reg[15]/D
                            (rising edge-triggered cell FDPE clocked by sys_clk  {rise@0.000ns fall@5.000ns period=10.000ns})
  Path Group:             sys_clk
  Path Type:              Hold (Min at Fast Process Corner)
  Requirement:            0.000ns  (sys_clk rise@0.000ns - sys_clk rise@0.000ns)
  Data Path Delay:        0.467ns  (logic 0.209ns (44.776%)  route 0.258ns (55.224%))
  Logic Levels:           1  (LUT6=1)
  Clock Path Skew:        0.265ns (DCD - SCD - CPR)
    Destination Clock Delay (DCD):    2.002ns
    Source Clock Delay      (SCD):    1.491ns
    Clock Pessimism Removal (CPR):    0.245ns

    Location             Delay type                Incr(ns)  Path(ns)    Netlist Resource(s)
  -------------------------------------------------------------------    -------------------
                         (clock sys_clk rise edge)    0.000     0.000 r  
    E3                                                0.000     0.000 r  clk_100mhz (IN)
                         net (fo=0)                   0.000     0.000    clk_100mhz
    E3                   IBUF (Prop_ibuf_I_O)         0.250     0.250 r  clk_100mhz_IBUF_inst/O
                         net (fo=1, routed)           0.644     0.894    clk_100mhz_IBUF
    BUFGCTRL_X0Y16       BUFG (Prop_bufg_I_O)         0.026     0.920 r  clk_100mhz_IBUF_BUFG_inst/O
                         net (fo=2651, routed)        0.572     1.491    u_bridge/clk_100mhz_IBUF_BUFG
    SLICE_X30Y99         FDPE                                         r  u_bridge/crc_reg[23]/C
  -------------------------------------------------------------------    -------------------
    SLICE_X30Y99         FDPE (Prop_fdpe_C_Q)         0.164     1.655 r  u_bridge/crc_reg[23]/Q
                         net (fo=4, routed)           0.258     1.913    u_bridge/c[23]
    SLICE_X33Y102        LUT6 (Prop_lut6_I3_O)        0.045     1.958 r  u_bridge/crc[15]_i_1/O
                         net (fo=1, routed)           0.000     1.958    u_bridge/crc[15]
    SLICE_X33Y102        FDPE                                         r  u_bridge/crc_reg[15]/D
  -------------------------------------------------------------------    -------------------

                         (clock sys_clk rise edge)    0.000     0.000 r  
    E3                                                0.000     0.000 r  clk_100mhz (IN)
                         net (fo=0)                   0.000     0.000    clk_100mhz
    E3                   IBUF (Prop_ibuf_I_O)         0.438     0.438 r  clk_100mhz_IBUF_inst/O
                         net (fo=1, routed)           0.699     1.136    clk_100mhz_IBUF
    BUFGCTRL_X0Y16       BUFG (Prop_bufg_I_O)         0.029     1.165 r  clk_100mhz_IBUF_BUFG_inst/O
                         net (fo=2651, routed)        0.837     2.002    u_bridge/clk_100mhz_IBUF_BUFG
    SLICE_X33Y102        FDPE                                         r  u_bridge/crc_reg[15]/C
                         clock pessimism             -0.245     1.756    
    SLICE_X33Y102        FDPE (Hold_fdpe_C_D)         0.092     1.848    u_bridge/crc_reg[15]
  -------------------------------------------------------------------
                         required time                         -1.848    
                         arrival time                           1.958    
  -------------------------------------------------------------------
                         slack                                  0.110    

Slack (MET) :             0.116ns  (arrival time - required time)
  Source:                 u_bridge/payload_reg[1][5]/C
                            (rising edge-triggered cell FDRE clocked by sys_clk  {rise@0.000ns fall@5.000ns period=10.000ns})
  Destination:            u_bridge/m_axi_wdata_reg[13]/D
                            (rising edge-triggered cell FDCE clocked by sys_clk  {rise@0.000ns fall@5.000ns period=10.000ns})
  Path Group:             sys_clk
  Path Type:              Hold (Min at Fast Process Corner)
  Requirement:            0.000ns  (sys_clk rise@0.000ns - sys_clk rise@0.000ns)
  Data Path Delay:        0.500ns  (logic 0.186ns (37.190%)  route 0.314ns (62.810%))
  Logic Levels:           1  (LUT5=1)
  Clock Path Skew:        0.264ns (DCD - SCD - CPR)
    Destination Clock Delay (DCD):    1.997ns
    Source Clock Delay      (SCD):    1.487ns
    Clock Pessimism Removal (CPR):    0.245ns

    Location             Delay type                Incr(ns)  Path(ns)    Netlist Resource(s)
  -------------------------------------------------------------------    -------------------
                         (clock sys_clk rise edge)    0.000     0.000 r  
    E3                                                0.000     0.000 r  clk_100mhz (IN)
                         net (fo=0)                   0.000     0.000    clk_100mhz
    E3                   IBUF (Prop_ibuf_I_O)         0.250     0.250 r  clk_100mhz_IBUF_inst/O
                         net (fo=1, routed)           0.644     0.894    clk_100mhz_IBUF
    BUFGCTRL_X0Y16       BUFG (Prop_bufg_I_O)         0.026     0.920 r  clk_100mhz_IBUF_BUFG_inst/O
                         net (fo=2651, routed)        0.568     1.487    u_bridge/clk_100mhz_IBUF_BUFG
    SLICE_X43Y96         FDRE                                         r  u_bridge/payload_reg[1][5]/C
  -------------------------------------------------------------------    -------------------
    SLICE_X43Y96         FDRE (Prop_fdre_C_Q)         0.141     1.628 r  u_bridge/payload_reg[1][5]/Q
                         net (fo=7, routed)           0.314     1.942    u_bridge/rd_count[13]
    SLICE_X46Y101        LUT5 (Prop_lut5_I4_O)        0.045     1.987 r  u_bridge/m_axi_wdata[13]_i_1/O
                         net (fo=1, routed)           0.000     1.987    u_bridge/m_axi_wdata[13]_i_1_n_0
    SLICE_X46Y101        FDCE                                         r  u_bridge/m_axi_wdata_reg[13]/D
  -------------------------------------------------------------------    -------------------

                         (clock sys_clk rise edge)    0.000     0.000 r  
    E3                                                0.000     0.000 r  clk_100mhz (IN)
                         net (fo=0)                   0.000     0.000    clk_100mhz
    E3                   IBUF (Prop_ibuf_I_O)         0.438     0.438 r  clk_100mhz_IBUF_inst/O
                         net (fo=1, routed)           0.699     1.136    clk_100mhz_IBUF
    BUFGCTRL_X0Y16       BUFG (Prop_bufg_I_O)         0.029     1.165 r  clk_100mhz_IBUF_BUFG_inst/O
                         net (fo=2651, routed)        0.832     1.997    u_bridge/clk_100mhz_IBUF_BUFG
    SLICE_X46Y101        FDCE                                         r  u_bridge/m_axi_wdata_reg[13]/C
                         clock pessimism             -0.245     1.751    
    SLICE_X46Y101        FDCE (Hold_fdce_C_D)         0.120     1.871    u_bridge/m_axi_wdata_reg[13]
  -------------------------------------------------------------------
                         required time                         -1.871    
                         arrival time                           1.987    
  -------------------------------------------------------------------
                         slack                                  0.116    

Slack (MET) :             0.122ns  (arrival time - required time)
  Source:                 u_cdc/s_rack_sync_reg[0]/C
                            (rising edge-triggered cell FDCE clocked by sys_clk  {rise@0.000ns fall@5.000ns period=10.000ns})
  Destination:            u_cdc/s_rack_sync_reg[1]/D
                            (rising edge-triggered cell FDCE clocked by sys_clk  {rise@0.000ns fall@5.000ns period=10.000ns})
  Path Group:             sys_clk
  Path Type:              Hold (Min at Fast Process Corner)
  Requirement:            0.000ns  (sys_clk rise@0.000ns - sys_clk rise@0.000ns)
  Data Path Delay:        0.197ns  (logic 0.141ns (71.611%)  route 0.056ns (28.389%))
  Logic Levels:           0  
  Clock Path Skew:        0.000ns (DCD - SCD - CPR)
    Destination Clock Delay (DCD):    1.999ns
    Source Clock Delay      (SCD):    1.481ns
    Clock Pessimism Removal (CPR):    0.517ns

    Location             Delay type                Incr(ns)  Path(ns)    Netlist Resource(s)
  -------------------------------------------------------------------    -------------------
                         (clock sys_clk rise edge)    0.000     0.000 r  
    E3                                                0.000     0.000 r  clk_100mhz (IN)
                         net (fo=0)                   0.000     0.000    clk_100mhz
    E3                   IBUF (Prop_ibuf_I_O)         0.250     0.250 r  clk_100mhz_IBUF_inst/O
                         net (fo=1, routed)           0.644     0.894    clk_100mhz_IBUF
    BUFGCTRL_X0Y16       BUFG (Prop_bufg_I_O)         0.026     0.920 r  clk_100mhz_IBUF_BUFG_inst/O
                         net (fo=2651, routed)        0.562     1.481    u_cdc/clk_100mhz_IBUF_BUFG
    SLICE_X41Y106        FDCE                                         r  u_cdc/s_rack_sync_reg[0]/C
  -------------------------------------------------------------------    -------------------
    SLICE_X41Y106        FDCE (Prop_fdce_C_Q)         0.141     1.622 r  u_cdc/s_rack_sync_reg[0]/Q
                         net (fo=1, routed)           0.056     1.678    u_cdc/s_rack_sync[0]
    SLICE_X41Y106        FDCE                                         r  u_cdc/s_rack_sync_reg[1]/D
  -------------------------------------------------------------------    -------------------

                         (clock sys_clk rise edge)    0.000     0.000 r  
    E3                                                0.000     0.000 r  clk_100mhz (IN)
                         net (fo=0)                   0.000     0.000    clk_100mhz
    E3                   IBUF (Prop_ibuf_I_O)         0.438     0.438 r  clk_100mhz_IBUF_inst/O
                         net (fo=1, routed)           0.699     1.136    clk_100mhz_IBUF
    BUFGCTRL_X0Y16       BUFG (Prop_bufg_I_O)         0.029     1.165 r  clk_100mhz_IBUF_BUFG_inst/O
                         net (fo=2651, routed)        0.834     1.999    u_cdc/clk_100mhz_IBUF_BUFG
    SLICE_X41Y106        FDCE                                         r  u_cdc/s_rack_sync_reg[1]/C
                         clock pessimism             -0.517     1.481    
    SLICE_X41Y106        FDCE (Hold_fdce_C_D)         0.075     1.556    u_cdc/s_rack_sync_reg[1]
  -------------------------------------------------------------------
                         required time                         -1.556    
                         arrival time                           1.678    
  -------------------------------------------------------------------
                         slack                                  0.122    





Pulse Width Checks
--------------------------------------------------------------------------------------
Clock Name:         sys_clk
Waveform(ns):       { 0.000 5.000 }
Period(ns):         10.000
Sources:            { clk_100mhz }

Check Type        Corner  Lib Pin            Reference Pin  Required(ns)  Actual(ns)  Slack(ns)  Location         Pin
Min Period        n/a     BUFG/I             n/a            2.155         10.000      7.845      BUFGCTRL_X0Y16   clk_100mhz_IBUF_BUFG_inst/I
Min Period        n/a     MMCME2_ADV/CLKIN1  n/a            1.249         10.000      8.751      MMCME2_ADV_X0Y0  u_mmcm/CLKIN1
Min Period        n/a     FDCE/C             n/a            1.000         10.000      9.000      SLICE_X28Y71     heartbeat_cnt_reg[0]/C
Min Period        n/a     FDCE/C             n/a            1.000         10.000      9.000      SLICE_X28Y73     heartbeat_cnt_reg[10]/C
Min Period        n/a     FDCE/C             n/a            1.000         10.000      9.000      SLICE_X28Y73     heartbeat_cnt_reg[11]/C
Min Period        n/a     FDCE/C             n/a            1.000         10.000      9.000      SLICE_X28Y74     heartbeat_cnt_reg[12]/C
Min Period        n/a     FDCE/C             n/a            1.000         10.000      9.000      SLICE_X28Y74     heartbeat_cnt_reg[13]/C
Min Period        n/a     FDCE/C             n/a            1.000         10.000      9.000      SLICE_X28Y74     heartbeat_cnt_reg[14]/C
Min Period        n/a     FDCE/C             n/a            1.000         10.000      9.000      SLICE_X28Y74     heartbeat_cnt_reg[15]/C
Min Period        n/a     FDCE/C             n/a            1.000         10.000      9.000      SLICE_X28Y75     heartbeat_cnt_reg[16]/C
Max Period        n/a     MMCME2_ADV/CLKIN1  n/a            100.000       10.000      90.000     MMCME2_ADV_X0Y0  u_mmcm/CLKIN1
Low Pulse Width   Slow    MMCME2_ADV/CLKIN1  n/a            2.000         5.000       3.000      MMCME2_ADV_X0Y0  u_mmcm/CLKIN1
Low Pulse Width   Fast    MMCME2_ADV/CLKIN1  n/a            2.000         5.000       3.000      MMCME2_ADV_X0Y0  u_mmcm/CLKIN1
Low Pulse Width   Slow    FDCE/C             n/a            0.500         5.000       4.500      SLICE_X28Y71     heartbeat_cnt_reg[0]/C
Low Pulse Width   Fast    FDCE/C             n/a            0.500         5.000       4.500      SLICE_X28Y71     heartbeat_cnt_reg[0]/C
Low Pulse Width   Slow    FDCE/C             n/a            0.500         5.000       4.500      SLICE_X28Y73     heartbeat_cnt_reg[10]/C
Low Pulse Width   Fast    FDCE/C             n/a            0.500         5.000       4.500      SLICE_X28Y73     heartbeat_cnt_reg[10]/C
Low Pulse Width   Slow    FDCE/C             n/a            0.500         5.000       4.500      SLICE_X28Y73     heartbeat_cnt_reg[11]/C
Low Pulse Width   Fast    FDCE/C             n/a            0.500         5.000       4.500      SLICE_X28Y73     heartbeat_cnt_reg[11]/C
Low Pulse Width   Slow    FDCE/C             n/a            0.500         5.000       4.500      SLICE_X28Y74     heartbeat_cnt_reg[12]/C
Low Pulse Width   Fast    FDCE/C             n/a            0.500         5.000       4.500      SLICE_X28Y74     heartbeat_cnt_reg[12]/C
High Pulse Width  Slow    MMCME2_ADV/CLKIN1  n/a            2.000         5.000       3.000      MMCME2_ADV_X0Y0  u_mmcm/CLKIN1
High Pulse Width  Fast    MMCME2_ADV/CLKIN1  n/a            2.000         5.000       3.000      MMCME2_ADV_X0Y0  u_mmcm/CLKIN1
High Pulse Width  Slow    FDCE/C             n/a            0.500         5.000       4.500      SLICE_X28Y71     heartbeat_cnt_reg[0]/C
High Pulse Width  Fast    FDCE/C             n/a            0.500         5.000       4.500      SLICE_X28Y71     heartbeat_cnt_reg[0]/C
High Pulse Width  Slow    FDCE/C             n/a            0.500         5.000       4.500      SLICE_X28Y73     heartbeat_cnt_reg[10]/C
High Pulse Width  Fast    FDCE/C             n/a            0.500         5.000       4.500      SLICE_X28Y73     heartbeat_cnt_reg[10]/C
High Pulse Width  Slow    FDCE/C             n/a            0.500         5.000       4.500      SLICE_X28Y73     heartbeat_cnt_reg[11]/C
High Pulse Width  Fast    FDCE/C             n/a            0.500         5.000       4.500      SLICE_X28Y73     heartbeat_cnt_reg[11]/C
High Pulse Width  Slow    FDCE/C             n/a            0.500         5.000       4.500      SLICE_X28Y74     heartbeat_cnt_reg[12]/C
High Pulse Width  Fast    FDCE/C             n/a            0.500         5.000       4.500      SLICE_X28Y74     heartbeat_cnt_reg[12]/C



---------------------------------------------------------------------------------------------------
From Clock:  clk_core_mmcm
  To Clock:  clk_core_mmcm

Setup :            0  Failing Endpoints,  Worst Slack        0.002ns,  Total Violation        0.000ns
Hold  :            0  Failing Endpoints,  Worst Slack        0.014ns,  Total Violation        0.000ns
PW    :            0  Failing Endpoints,  Worst Slack        1.177ns,  Total Violation        0.000ns
---------------------------------------------------------------------------------------------------


Max Delay Paths
--------------------------------------------------------------------------------------
Slack (MET) :             0.002ns  (required time - arrival time)
  Source:                 u_mlkem/u_sponge/li_p3_reg[3]_replica/C
                            (rising edge-triggered cell FDRE clocked by clk_core_mmcm  {rise@0.000ns fall@2.427ns period=4.854ns})
  Destination:            u_mlkem/u_sponge/nx2_reg[50]/D
                            (rising edge-triggered cell FDRE clocked by clk_core_mmcm  {rise@0.000ns fall@2.427ns period=4.854ns})
  Path Group:             clk_core_mmcm
  Path Type:              Setup (Max at Slow Process Corner)
  Requirement:            4.854ns  (clk_core_mmcm rise@4.854ns - clk_core_mmcm rise@0.000ns)
  Data Path Delay:        4.866ns  (logic 0.952ns (19.565%)  route 3.914ns (80.435%))
  Logic Levels:           4  (LUT4=1 LUT5=2 LUT6=1)
  Clock Path Skew:        0.091ns (DCD - SCD + CPR)
    Destination Clock Delay (DCD):    9.103ns = ( 13.958 - 4.854 ) 
    Source Clock Delay      (SCD):    9.425ns
    Clock Pessimism Removal (CPR):    0.412ns
  Clock Uncertainty:      0.109ns  ((TSJ^2 + DJ^2)^1/2) / 2 + PE
    Total System Jitter     (TSJ):    0.071ns
    Discrete Jitter          (DJ):    0.206ns
    Phase Error              (PE):    0.000ns

    Location             Delay type                Incr(ns)  Path(ns)    Netlist Resource(s)
  -------------------------------------------------------------------    -------------------
                         (clock clk_core_mmcm rise edge)
                                                      0.000     0.000 r  
    E3                                                0.000     0.000 r  clk_100mhz (IN)
                         net (fo=0)                   0.000     0.000    clk_100mhz
    E3                   IBUF (Prop_ibuf_I_O)         1.482     1.482 r  clk_100mhz_IBUF_inst/O
                         net (fo=1, routed)           2.025     3.506    clk_100mhz_IBUF
    BUFGCTRL_X0Y16       BUFG (Prop_bufg_I_O)         0.096     3.602 r  clk_100mhz_IBUF_BUFG_inst/O
                         net (fo=2651, routed)        1.809     5.412    clk_100mhz_IBUF_BUFG
    MMCME2_ADV_X0Y0      MMCME2_ADV (Prop_mmcme2_adv_CLKIN1_CLKOUT0)
                                                      0.088     5.500 r  u_mmcm/CLKOUT0
                         net (fo=1, routed)           2.018     7.518    clk_core_mmcm
    BUFGCTRL_X0Y1        BUFG (Prop_bufg_I_O)         0.096     7.614 r  u_bufg_core_replica/O
                         net (fo=14, routed)          1.810     9.425    u_mlkem/u_sponge/clk_core_repN_alias
    SLICE_X32Y157        FDRE                                         r  u_mlkem/u_sponge/li_p3_reg[3]_replica/C
  -------------------------------------------------------------------    -------------------
    SLICE_X32Y157        FDRE (Prop_fdre_C_Q)         0.456     9.881 r  u_mlkem/u_sponge/li_p3_reg[3]_replica/Q
                         net (fo=23, routed)          1.056    10.936    u_mlkem/u_sponge/li_p3_reg[3]_repN
    SLICE_X30Y155        LUT5 (Prop_lut5_I0_O)        0.124    11.060 f  u_mlkem/u_sponge/nx2[63]_i_11/O
                         net (fo=63, routed)          0.970    12.030    u_mlkem/u_sponge/nx2[63]_i_11_n_0
    SLICE_X39Y166        LUT4 (Prop_lut4_I2_O)        0.124    12.154 r  u_mlkem/u_sponge/nx2[50]_i_11/O
                         net (fo=1, routed)           0.594    12.748    u_mlkem/u_sponge/nx2[50]_i_11_n_0
    SLICE_X37Y162        LUT5 (Prop_lut5_I4_O)        0.124    12.872 r  u_mlkem/u_sponge/nx2[50]_i_6/O
                         net (fo=1, routed)           1.294    14.166    u_mlkem/u_sponge/nx2[50]_i_6_n_0
    SLICE_X35Y162        LUT6 (Prop_lut6_I2_O)        0.124    14.290 r  u_mlkem/u_sponge/nx2[50]_i_1_comp/O
                         net (fo=1, routed)           0.000    14.290    u_mlkem/u_sponge/nx2[50]
    SLICE_X35Y162        FDRE                                         r  u_mlkem/u_sponge/nx2_reg[50]/D
  -------------------------------------------------------------------    -------------------

                         (clock clk_core_mmcm rise edge)
                                                      4.854     4.854 r  
    E3                                                0.000     4.854 r  clk_100mhz (IN)
                         net (fo=0)                   0.000     4.854    clk_100mhz
    E3                   IBUF (Prop_ibuf_I_O)         1.411     6.266 r  clk_100mhz_IBUF_inst/O
                         net (fo=1, routed)           1.920     8.186    clk_100mhz_IBUF
    BUFGCTRL_X0Y16       BUFG (Prop_bufg_I_O)         0.091     8.277 r  clk_100mhz_IBUF_BUFG_inst/O
                         net (fo=2651, routed)        1.683     9.960    clk_100mhz_IBUF_BUFG
    MMCME2_ADV_X0Y0      MMCME2_ADV (Prop_mmcme2_adv_CLKIN1_CLKOUT0)
                                                      0.083    10.043 r  u_mmcm/CLKOUT0
                         net (fo=1, routed)           1.923    11.966    clk_core_mmcm
    BUFGCTRL_X0Y1        BUFG (Prop_bufg_I_O)         0.091    12.057 r  u_bufg_core_replica/O
                         net (fo=14, routed)          0.133    12.190    clk_core_repN
    BUFGCTRL_X0Y0        BUFG (Prop_bufg_I_O)         0.091    12.281 r  u_bufg_core/O
                         net (fo=4912, routed)        1.677    13.958    u_mlkem/u_sponge/clk_core
    SLICE_X35Y162        FDRE                                         r  u_mlkem/u_sponge/nx2_reg[50]/C
                         clock pessimism              0.412    14.370    
                         clock uncertainty           -0.109    14.260    
    SLICE_X35Y162        FDRE (Setup_fdre_C_D)        0.032    14.292    u_mlkem/u_sponge/nx2_reg[50]
  -------------------------------------------------------------------
                         required time                         14.292    
                         arrival time                         -14.290    
  -------------------------------------------------------------------
                         slack                                  0.002    

Slack (MET) :             0.007ns  (required time - arrival time)
  Source:                 u_mlkem/u_sponge/g_state[21].g_capacity.st_reg[1376]/C
                            (rising edge-triggered cell FDRE clocked by clk_core_mmcm  {rise@0.000ns fall@2.427ns period=4.854ns})
  Destination:            u_mlkem/u_sponge/x_data_reg[33]/D
                            (rising edge-triggered cell FDRE clocked by clk_core_mmcm  {rise@0.000ns fall@2.427ns period=4.854ns})
  Path Group:             clk_core_mmcm
  Path Type:              Setup (Max at Slow Process Corner)
  Requirement:            4.854ns  (clk_core_mmcm rise@4.854ns - clk_core_mmcm rise@0.000ns)
  Data Path Delay:        4.467ns  (logic 0.828ns (18.538%)  route 3.639ns (81.462%))
  Logic Levels:           3  (LUT4=1 LUT5=2)
  Clock Path Skew:        -0.304ns (DCD - SCD + CPR)
    Destination Clock Delay (DCD):    8.922ns = ( 13.776 - 4.854 ) 
    Source Clock Delay      (SCD):    9.657ns
    Clock Pessimism Removal (CPR):    0.431ns
  Clock Uncertainty:      0.109ns  ((TSJ^2 + DJ^2)^1/2) / 2 + PE
    Total System Jitter     (TSJ):    0.071ns
    Discrete Jitter          (DJ):    0.206ns
    Phase Error              (PE):    0.000ns

    Location             Delay type                Incr(ns)  Path(ns)    Netlist Resource(s)
  -------------------------------------------------------------------    -------------------
                         (clock clk_core_mmcm rise edge)
                                                      0.000     0.000 r  
    E3                                                0.000     0.000 r  clk_100mhz (IN)
                         net (fo=0)                   0.000     0.000    clk_100mhz
    E3                   IBUF (Prop_ibuf_I_O)         1.482     1.482 r  clk_100mhz_IBUF_inst/O
                         net (fo=1, routed)           2.025     3.506    clk_100mhz_IBUF
    BUFGCTRL_X0Y16       BUFG (Prop_bufg_I_O)         0.096     3.602 r  clk_100mhz_IBUF_BUFG_inst/O
                         net (fo=2651, routed)        1.809     5.412    clk_100mhz_IBUF_BUFG
    MMCME2_ADV_X0Y0      MMCME2_ADV (Prop_mmcme2_adv_CLKIN1_CLKOUT0)
                                                      0.088     5.500 r  u_mmcm/CLKOUT0
                         net (fo=1, routed)           2.018     7.518    clk_core_mmcm
    BUFGCTRL_X0Y1        BUFG (Prop_bufg_I_O)         0.096     7.614 r  u_bufg_core_replica/O
                         net (fo=14, routed)          0.140     7.754    clk_core_repN
    BUFGCTRL_X0Y0        BUFG (Prop_bufg_I_O)         0.096     7.850 r  u_bufg_core/O
                         net (fo=4912, routed)        1.806     9.657    u_mlkem/u_sponge/clk_core
    SLICE_X18Y167        FDRE                                         r  u_mlkem/u_sponge/g_state[21].g_capacity.st_reg[1376]/C
  -------------------------------------------------------------------    -------------------
    SLICE_X18Y167        FDRE (Prop_fdre_C_Q)         0.456    10.113 r  u_mlkem/u_sponge/g_state[21].g_capacity.st_reg[1376]/Q
                         net (fo=4, routed)           1.279    11.392    u_mlkem/u_sponge/st[1376]
    SLICE_X33Y166        LUT5 (Prop_lut5_I1_O)        0.124    11.516 r  u_mlkem/u_sponge/nx1[32]_i_3/O
                         net (fo=2, routed)           1.412    12.928    u_mlkem/u_sponge/u_round/(null)[0].v89_out[32]
    SLICE_X42Y148        LUT4 (Prop_lut4_I2_O)        0.124    13.052 r  u_mlkem/u_sponge/x_data[33]_i_3/O
                         net (fo=1, routed)           0.947    13.999    u_mlkem/u_sponge/x_data[33]_i_3_n_0
    SLICE_X48Y137        LUT5 (Prop_lut5_I4_O)        0.124    14.123 r  u_mlkem/u_sponge/x_data[33]_i_1/O
                         net (fo=1, routed)           0.000    14.123    u_mlkem/u_sponge/x_data[33]_i_1_n_0
    SLICE_X48Y137        FDRE                                         r  u_mlkem/u_sponge/x_data_reg[33]/D
  -------------------------------------------------------------------    -------------------

                         (clock clk_core_mmcm rise edge)
                                                      4.854     4.854 r  
    E3                                                0.000     4.854 r  clk_100mhz (IN)
                         net (fo=0)                   0.000     4.854    clk_100mhz
    E3                   IBUF (Prop_ibuf_I_O)         1.411     6.266 r  clk_100mhz_IBUF_inst/O
                         net (fo=1, routed)           1.920     8.186    clk_100mhz_IBUF
    BUFGCTRL_X0Y16       BUFG (Prop_bufg_I_O)         0.091     8.277 r  clk_100mhz_IBUF_BUFG_inst/O
                         net (fo=2651, routed)        1.683     9.960    clk_100mhz_IBUF_BUFG
    MMCME2_ADV_X0Y0      MMCME2_ADV (Prop_mmcme2_adv_CLKIN1_CLKOUT0)
                                                      0.083    10.043 r  u_mmcm/CLKOUT0
                         net (fo=1, routed)           1.923    11.966    clk_core_mmcm
    BUFGCTRL_X0Y1        BUFG (Prop_bufg_I_O)         0.091    12.057 r  u_bufg_core_replica/O
                         net (fo=14, routed)          0.133    12.190    clk_core_repN
    BUFGCTRL_X0Y0        BUFG (Prop_bufg_I_O)         0.091    12.281 r  u_bufg_core/O
                         net (fo=4912, routed)        1.496    13.776    u_mlkem/u_sponge/clk_core
    SLICE_X48Y137        FDRE                                         r  u_mlkem/u_sponge/x_data_reg[33]/C
                         clock pessimism              0.431    14.207    
                         clock uncertainty           -0.109    14.098    
    SLICE_X48Y137        FDRE (Setup_fdre_C_D)        0.032    14.130    u_mlkem/u_sponge/x_data_reg[33]
  -------------------------------------------------------------------
                         required time                         14.130    
                         arrival time                         -14.123    
  -------------------------------------------------------------------
                         slack                                  0.007    

Slack (MET) :             0.017ns  (required time - arrival time)
  Source:                 u_mlkem/u_sponge/li_p3_reg[0]_replica/C
                            (rising edge-triggered cell FDSE clocked by clk_core_mmcm  {rise@0.000ns fall@2.427ns period=4.854ns})
  Destination:            u_mlkem/u_sponge/nx2_reg[55]/D
                            (rising edge-triggered cell FDRE clocked by clk_core_mmcm  {rise@0.000ns fall@2.427ns period=4.854ns})
  Path Group:             clk_core_mmcm
  Path Type:              Setup (Max at Slow Process Corner)
  Requirement:            4.854ns  (clk_core_mmcm rise@4.854ns - clk_core_mmcm rise@0.000ns)
  Data Path Delay:        4.852ns  (logic 1.076ns (22.176%)  route 3.776ns (77.824%))
  Logic Levels:           5  (LUT4=1 LUT5=2 LUT6=2)
  Clock Path Skew:        0.095ns (DCD - SCD + CPR)
    Destination Clock Delay (DCD):    9.107ns = ( 13.962 - 4.854 ) 
    Source Clock Delay      (SCD):    9.425ns
    Clock Pessimism Removal (CPR):    0.412ns
  Clock Uncertainty:      0.109ns  ((TSJ^2 + DJ^2)^1/2) / 2 + PE
    Total System Jitter     (TSJ):    0.071ns
    Discrete Jitter          (DJ):    0.206ns
    Phase Error              (PE):    0.000ns

    Location             Delay type                Incr(ns)  Path(ns)    Netlist Resource(s)
  -------------------------------------------------------------------    -------------------
                         (clock clk_core_mmcm rise edge)
                                                      0.000     0.000 r  
    E3                                                0.000     0.000 r  clk_100mhz (IN)
                         net (fo=0)                   0.000     0.000    clk_100mhz
    E3                   IBUF (Prop_ibuf_I_O)         1.482     1.482 r  clk_100mhz_IBUF_inst/O
                         net (fo=1, routed)           2.025     3.506    clk_100mhz_IBUF
    BUFGCTRL_X0Y16       BUFG (Prop_bufg_I_O)         0.096     3.602 r  clk_100mhz_IBUF_BUFG_inst/O
                         net (fo=2651, routed)        1.809     5.412    clk_100mhz_IBUF_BUFG
    MMCME2_ADV_X0Y0      MMCME2_ADV (Prop_mmcme2_adv_CLKIN1_CLKOUT0)
                                                      0.088     5.500 r  u_mmcm/CLKOUT0
                         net (fo=1, routed)           2.018     7.518    clk_core_mmcm
    BUFGCTRL_X0Y1        BUFG (Prop_bufg_I_O)         0.096     7.614 r  u_bufg_core_replica/O
                         net (fo=14, routed)          1.810     9.425    u_mlkem/u_sponge/clk_core_repN_alias
    SLICE_X28Y158        FDSE                                         r  u_mlkem/u_sponge/li_p3_reg[0]_replica/C
  -------------------------------------------------------------------    -------------------
    SLICE_X28Y158        FDSE (Prop_fdse_C_Q)         0.456     9.881 f  u_mlkem/u_sponge/li_p3_reg[0]_replica/Q
                         net (fo=23, routed)          1.059    10.939    u_mlkem/u_sponge/li_p3_reg[0]_repN
    SLICE_X32Y158        LUT5 (Prop_lut5_I0_O)        0.124    11.063 f  u_mlkem/u_sponge/nx2[62]_i_12/O
                         net (fo=60, routed)          0.866    11.929    u_mlkem/u_sponge/nx2[62]_i_12_n_0
    SLICE_X20Y157        LUT4 (Prop_lut4_I0_O)        0.124    12.053 r  u_mlkem/u_sponge/nx2[55]_i_13/O
                         net (fo=1, routed)           0.640    12.693    u_mlkem/u_sponge/nx2[55]_i_13_n_0
    SLICE_X20Y157        LUT5 (Prop_lut5_I4_O)        0.124    12.817 r  u_mlkem/u_sponge/nx2[55]_i_10/O
                         net (fo=1, routed)           0.582    13.400    u_mlkem/u_sponge/nx2[55]_i_10_n_0
    SLICE_X18Y158        LUT6 (Prop_lut6_I4_O)        0.124    13.524 r  u_mlkem/u_sponge/nx2[55]_i_4/O
                         net (fo=1, routed)           0.629    14.153    u_mlkem/u_sponge/nx2[55]_i_4_n_0
    SLICE_X33Y158        LUT6 (Prop_lut6_I3_O)        0.124    14.277 r  u_mlkem/u_sponge/nx2[55]_i_1_comp/O
                         net (fo=1, routed)           0.000    14.277    u_mlkem/u_sponge/nx2[55]
    SLICE_X33Y158        FDRE                                         r  u_mlkem/u_sponge/nx2_reg[55]/D
  -------------------------------------------------------------------    -------------------

                         (clock clk_core_mmcm rise edge)
                                                      4.854     4.854 r  
    E3                                                0.000     4.854 r  clk_100mhz (IN)
                         net (fo=0)                   0.000     4.854    clk_100mhz
    E3                   IBUF (Prop_ibuf_I_O)         1.411     6.266 r  clk_100mhz_IBUF_inst/O
                         net (fo=1, routed)           1.920     8.186    clk_100mhz_IBUF
    BUFGCTRL_X0Y16       BUFG (Prop_bufg_I_O)         0.091     8.277 r  clk_100mhz_IBUF_BUFG_inst/O
                         net (fo=2651, routed)        1.683     9.960    clk_100mhz_IBUF_BUFG
    MMCME2_ADV_X0Y0      MMCME2_ADV (Prop_mmcme2_adv_CLKIN1_CLKOUT0)
                                                      0.083    10.043 r  u_mmcm/CLKOUT0
                         net (fo=1, routed)           1.923    11.966    clk_core_mmcm
    BUFGCTRL_X0Y1        BUFG (Prop_bufg_I_O)         0.091    12.057 r  u_bufg_core_replica/O
                         net (fo=14, routed)          0.133    12.190    clk_core_repN
    BUFGCTRL_X0Y0        BUFG (Prop_bufg_I_O)         0.091    12.281 r  u_bufg_core/O
                         net (fo=4912, routed)        1.681    13.962    u_mlkem/u_sponge/clk_core
    SLICE_X33Y158        FDRE                                         r  u_mlkem/u_sponge/nx2_reg[55]/C
                         clock pessimism              0.412    14.374    
                         clock uncertainty           -0.109    14.264    
    SLICE_X33Y158        FDRE (Setup_fdre_C_D)        0.029    14.293    u_mlkem/u_sponge/nx2_reg[55]
  -------------------------------------------------------------------
                         required time                         14.293    
                         arrival time                         -14.277    
  -------------------------------------------------------------------
                         slack                                  0.017    

Slack (MET) :             0.039ns  (required time - arrival time)
  Source:                 u_mlkem/u_sponge/li_p3_reg[0]_replica/C
                            (rising edge-triggered cell FDSE clocked by clk_core_mmcm  {rise@0.000ns fall@2.427ns period=4.854ns})
  Destination:            u_mlkem/u_sponge/nx2_reg[17]/D
                            (rising edge-triggered cell FDRE clocked by clk_core_mmcm  {rise@0.000ns fall@2.427ns period=4.854ns})
  Path Group:             clk_core_mmcm
  Path Type:              Setup (Max at Slow Process Corner)
  Requirement:            4.854ns  (clk_core_mmcm rise@4.854ns - clk_core_mmcm rise@0.000ns)
  Data Path Delay:        4.833ns  (logic 1.076ns (22.263%)  route 3.757ns (77.737%))
  Logic Levels:           5  (LUT4=1 LUT5=2 LUT6=2)
  Clock Path Skew:        0.098ns (DCD - SCD + CPR)
    Destination Clock Delay (DCD):    9.110ns = ( 13.965 - 4.854 ) 
    Source Clock Delay      (SCD):    9.425ns
    Clock Pessimism Removal (CPR):    0.412ns
  Clock Uncertainty:      0.109ns  ((TSJ^2 + DJ^2)^1/2) / 2 + PE
    Total System Jitter     (TSJ):    0.071ns
    Discrete Jitter          (DJ):    0.206ns
    Phase Error              (PE):    0.000ns

    Location             Delay type                Incr(ns)  Path(ns)    Netlist Resource(s)
  -------------------------------------------------------------------    -------------------
                         (clock clk_core_mmcm rise edge)
                                                      0.000     0.000 r  
    E3                                                0.000     0.000 r  clk_100mhz (IN)
                         net (fo=0)                   0.000     0.000    clk_100mhz
    E3                   IBUF (Prop_ibuf_I_O)         1.482     1.482 r  clk_100mhz_IBUF_inst/O
                         net (fo=1, routed)           2.025     3.506    clk_100mhz_IBUF
    BUFGCTRL_X0Y16       BUFG (Prop_bufg_I_O)         0.096     3.602 r  clk_100mhz_IBUF_BUFG_inst/O
                         net (fo=2651, routed)        1.809     5.412    clk_100mhz_IBUF_BUFG
    MMCME2_ADV_X0Y0      MMCME2_ADV (Prop_mmcme2_adv_CLKIN1_CLKOUT0)
                                                      0.088     5.500 r  u_mmcm/CLKOUT0
                         net (fo=1, routed)           2.018     7.518    clk_core_mmcm
    BUFGCTRL_X0Y1        BUFG (Prop_bufg_I_O)         0.096     7.614 r  u_bufg_core_replica/O
                         net (fo=14, routed)          1.810     9.425    u_mlkem/u_sponge/clk_core_repN_alias
    SLICE_X28Y158        FDSE                                         r  u_mlkem/u_sponge/li_p3_reg[0]_replica/C
  -------------------------------------------------------------------    -------------------
    SLICE_X28Y158        FDSE (Prop_fdse_C_Q)         0.456     9.881 r  u_mlkem/u_sponge/li_p3_reg[0]_replica/Q
                         net (fo=23, routed)          1.079    10.960    u_mlkem/u_sponge/li_p3_reg[0]_repN
    SLICE_X36Y160        LUT5 (Prop_lut5_I1_O)        0.124    11.084 f  u_mlkem/u_sponge/nx2[56]_i_8/O
                         net (fo=60, routed)          1.242    12.326    u_mlkem/u_sponge/nx2[56]_i_8_n_0
    SLICE_X22Y151        LUT4 (Prop_lut4_I0_O)        0.124    12.450 r  u_mlkem/u_sponge/nx2[17]_i_11/O
                         net (fo=1, routed)           0.280    12.729    u_mlkem/u_sponge/nx2[17]_i_11_n_0
    SLICE_X22Y151        LUT5 (Prop_lut5_I4_O)        0.124    12.853 r  u_mlkem/u_sponge/nx2[17]_i_8/O
                         net (fo=1, routed)           0.427    13.280    u_mlkem/u_sponge/nx2[17]_i_8_n_0
    SLICE_X24Y151        LUT6 (Prop_lut6_I4_O)        0.124    13.404 r  u_mlkem/u_sponge/nx2[17]_i_4/O
                         net (fo=1, routed)           0.730    14.134    u_mlkem/u_sponge/nx2[17]_i_4_n_0
    SLICE_X28Y151        LUT6 (Prop_lut6_I3_O)        0.124    14.258 r  u_mlkem/u_sponge/nx2[17]_i_1/O
                         net (fo=1, routed)           0.000    14.258    u_mlkem/u_sponge/nx2[17]
    SLICE_X28Y151        FDRE                                         r  u_mlkem/u_sponge/nx2_reg[17]/D
  -------------------------------------------------------------------    -------------------

                         (clock clk_core_mmcm rise edge)
                                                      4.854     4.854 r  
    E3                                                0.000     4.854 r  clk_100mhz (IN)
                         net (fo=0)                   0.000     4.854    clk_100mhz
    E3                   IBUF (Prop_ibuf_I_O)         1.411     6.266 r  clk_100mhz_IBUF_inst/O
                         net (fo=1, routed)           1.920     8.186    clk_100mhz_IBUF
    BUFGCTRL_X0Y16       BUFG (Prop_bufg_I_O)         0.091     8.277 r  clk_100mhz_IBUF_BUFG_inst/O
                         net (fo=2651, routed)        1.683     9.960    clk_100mhz_IBUF_BUFG
    MMCME2_ADV_X0Y0      MMCME2_ADV (Prop_mmcme2_adv_CLKIN1_CLKOUT0)
                                                      0.083    10.043 r  u_mmcm/CLKOUT0
                         net (fo=1, routed)           1.923    11.966    clk_core_mmcm
    BUFGCTRL_X0Y1        BUFG (Prop_bufg_I_O)         0.091    12.057 r  u_bufg_core_replica/O
                         net (fo=14, routed)          0.133    12.190    clk_core_repN
    BUFGCTRL_X0Y0        BUFG (Prop_bufg_I_O)         0.091    12.281 r  u_bufg_core/O
                         net (fo=4912, routed)        1.684    13.965    u_mlkem/u_sponge/clk_core
    SLICE_X28Y151        FDRE                                         r  u_mlkem/u_sponge/nx2_reg[17]/C
                         clock pessimism              0.412    14.377    
                         clock uncertainty           -0.109    14.267    
    SLICE_X28Y151        FDRE (Setup_fdre_C_D)        0.029    14.296    u_mlkem/u_sponge/nx2_reg[17]
  -------------------------------------------------------------------
                         required time                         14.296    
                         arrival time                         -14.258    
  -------------------------------------------------------------------
                         slack                                  0.039    

Slack (MET) :             0.039ns  (required time - arrival time)
  Source:                 u_mlkem/u_sponge/li_p3_reg[2]/C
                            (rising edge-triggered cell FDRE clocked by clk_core_mmcm  {rise@0.000ns fall@2.427ns period=4.854ns})
  Destination:            u_mlkem/u_sponge/nx2_reg[29]/D
                            (rising edge-triggered cell FDRE clocked by clk_core_mmcm  {rise@0.000ns fall@2.427ns period=4.854ns})
  Path Group:             clk_core_mmcm
  Path Type:              Setup (Max at Slow Process Corner)
  Requirement:            4.854ns  (clk_core_mmcm rise@4.854ns - clk_core_mmcm rise@0.000ns)
  Data Path Delay:        4.820ns  (logic 1.076ns (22.323%)  route 3.744ns (77.677%))
  Logic Levels:           5  (LUT5=1 LUT6=4)
  Clock Path Skew:        0.083ns (DCD - SCD + CPR)
    Destination Clock Delay (DCD):    9.095ns = ( 13.950 - 4.854 ) 
    Source Clock Delay      (SCD):    9.425ns
    Clock Pessimism Removal (CPR):    0.412ns
  Clock Uncertainty:      0.109ns  ((TSJ^2 + DJ^2)^1/2) / 2 + PE
    Total System Jitter     (TSJ):    0.071ns
    Discrete Jitter          (DJ):    0.206ns
    Phase Error              (PE):    0.000ns

    Location             Delay type                Incr(ns)  Path(ns)    Netlist Resource(s)
  -------------------------------------------------------------------    -------------------
                         (clock clk_core_mmcm rise edge)
                                                      0.000     0.000 r  
    E3                                                0.000     0.000 r  clk_100mhz (IN)
                         net (fo=0)                   0.000     0.000    clk_100mhz
    E3                   IBUF (Prop_ibuf_I_O)         1.482     1.482 r  clk_100mhz_IBUF_inst/O
                         net (fo=1, routed)           2.025     3.506    clk_100mhz_IBUF
    BUFGCTRL_X0Y16       BUFG (Prop_bufg_I_O)         0.096     3.602 r  clk_100mhz_IBUF_BUFG_inst/O
                         net (fo=2651, routed)        1.809     5.412    clk_100mhz_IBUF_BUFG
    MMCME2_ADV_X0Y0      MMCME2_ADV (Prop_mmcme2_adv_CLKIN1_CLKOUT0)
                                                      0.088     5.500 r  u_mmcm/CLKOUT0
                         net (fo=1, routed)           2.018     7.518    clk_core_mmcm
    BUFGCTRL_X0Y1        BUFG (Prop_bufg_I_O)         0.096     7.614 r  u_bufg_core_replica/O
                         net (fo=14, routed)          1.810     9.425    u_mlkem/u_sponge/clk_core_repN_alias
    SLICE_X32Y157        FDRE                                         r  u_mlkem/u_sponge/li_p3_reg[2]/C
  -------------------------------------------------------------------    -------------------
    SLICE_X32Y157        FDRE (Prop_fdre_C_Q)         0.456     9.881 r  u_mlkem/u_sponge/li_p3_reg[2]/Q
                         net (fo=94, routed)          0.965    10.845    u_mlkem/u_sponge/li_p3_reg[2]
    SLICE_X30Y157        LUT5 (Prop_lut5_I2_O)        0.124    10.969 f  u_mlkem/u_sponge/nx2[57]_i_7/O
                         net (fo=63, routed)          1.450    12.420    u_mlkem/u_sponge/nx2[57]_i_7_n_0
    SLICE_X51Y164        LUT6 (Prop_lut6_I0_O)        0.124    12.544 r  u_mlkem/u_sponge/nx2[29]_i_12/O
                         net (fo=1, routed)           0.314    12.858    u_mlkem/u_sponge/nx2[29]_i_12_n_0
    SLICE_X49Y165        LUT6 (Prop_lut6_I0_O)        0.124    12.982 r  u_mlkem/u_sponge/nx2[29]_i_9/O
                         net (fo=1, routed)           0.713    13.695    u_mlkem/u_sponge/nx2[29]_i_9_n_0
    SLICE_X49Y161        LUT6 (Prop_lut6_I5_O)        0.124    13.819 r  u_mlkem/u_sponge/nx2[29]_i_4/O
                         net (fo=1, routed)           0.302    14.121    u_mlkem/u_sponge/nx2[29]_i_4_n_0
    SLICE_X48Y163        LUT6 (Prop_lut6_I3_O)        0.124    14.245 r  u_mlkem/u_sponge/nx2[29]_i_1_comp/O
                         net (fo=1, routed)           0.000    14.245    u_mlkem/u_sponge/nx2[29]
    SLICE_X48Y163        FDRE                                         r  u_mlkem/u_sponge/nx2_reg[29]/D
  -------------------------------------------------------------------    -------------------

                         (clock clk_core_mmcm rise edge)
                                                      4.854     4.854 r  
    E3                                                0.000     4.854 r  clk_100mhz (IN)
                         net (fo=0)                   0.000     4.854    clk_100mhz
    E3                   IBUF (Prop_ibuf_I_O)         1.411     6.266 r  clk_100mhz_IBUF_inst/O
                         net (fo=1, routed)           1.920     8.186    clk_100mhz_IBUF
    BUFGCTRL_X0Y16       BUFG (Prop_bufg_I_O)         0.091     8.277 r  clk_100mhz_IBUF_BUFG_inst/O
                         net (fo=2651, routed)        1.683     9.960    clk_100mhz_IBUF_BUFG
    MMCME2_ADV_X0Y0      MMCME2_ADV (Prop_mmcme2_adv_CLKIN1_CLKOUT0)
                                                      0.083    10.043 r  u_mmcm/CLKOUT0
                         net (fo=1, routed)           1.923    11.966    clk_core_mmcm
    BUFGCTRL_X0Y1        BUFG (Prop_bufg_I_O)         0.091    12.057 r  u_bufg_core_replica/O
                         net (fo=14, routed)          0.133    12.190    clk_core_repN
    BUFGCTRL_X0Y0        BUFG (Prop_bufg_I_O)         0.091    12.281 r  u_bufg_core/O
                         net (fo=4912, routed)        1.669    13.950    u_mlkem/u_sponge/clk_core
    SLICE_X48Y163        FDRE                                         r  u_mlkem/u_sponge/nx2_reg[29]/C
                         clock pessimism              0.412    14.362    
                         clock uncertainty           -0.109    14.252    
    SLICE_X48Y163        FDRE (Setup_fdre_C_D)        0.031    14.283    u_mlkem/u_sponge/nx2_reg[29]
  -------------------------------------------------------------------
                         required time                         14.283    
                         arrival time                         -14.245    
  -------------------------------------------------------------------
                         slack                                  0.039    

Slack (MET) :             0.050ns  (required time - arrival time)
  Source:                 u_mlkem/u_sponge/g_state[9].g_rate.st_reg[602]/C
                            (rising edge-triggered cell FDRE clocked by clk_core_mmcm  {rise@0.000ns fall@2.427ns period=4.854ns})
  Destination:            u_mlkem/u_sponge/x_data_reg[26]/D
                            (rising edge-triggered cell FDRE clocked by clk_core_mmcm  {rise@0.000ns fall@2.427ns period=4.854ns})
  Path Group:             clk_core_mmcm
  Path Type:              Setup (Max at Slow Process Corner)
  Requirement:            4.854ns  (clk_core_mmcm rise@4.854ns - clk_core_mmcm rise@0.000ns)
  Data Path Delay:        4.424ns  (logic 0.890ns (20.118%)  route 3.534ns (79.882%))
  Logic Levels:           3  (LUT5=2 LUT6=1)
  Clock Path Skew:        -0.301ns (DCD - SCD + CPR)
    Destination Clock Delay (DCD):    8.920ns = ( 13.774 - 4.854 ) 
    Source Clock Delay      (SCD):    9.652ns
    Clock Pessimism Removal (CPR):    0.431ns
  Clock Uncertainty:      0.109ns  ((TSJ^2 + DJ^2)^1/2) / 2 + PE
    Total System Jitter     (TSJ):    0.071ns
    Discrete Jitter          (DJ):    0.206ns
    Phase Error              (PE):    0.000ns

    Location             Delay type                Incr(ns)  Path(ns)    Netlist Resource(s)
  -------------------------------------------------------------------    -------------------
                         (clock clk_core_mmcm rise edge)
                                                      0.000     0.000 r  
    E3                                                0.000     0.000 r  clk_100mhz (IN)
                         net (fo=0)                   0.000     0.000    clk_100mhz
    E3                   IBUF (Prop_ibuf_I_O)         1.482     1.482 r  clk_100mhz_IBUF_inst/O
                         net (fo=1, routed)           2.025     3.506    clk_100mhz_IBUF
    BUFGCTRL_X0Y16       BUFG (Prop_bufg_I_O)         0.096     3.602 r  clk_100mhz_IBUF_BUFG_inst/O
                         net (fo=2651, routed)        1.809     5.412    clk_100mhz_IBUF_BUFG
    MMCME2_ADV_X0Y0      MMCME2_ADV (Prop_mmcme2_adv_CLKIN1_CLKOUT0)
                                                      0.088     5.500 r  u_mmcm/CLKOUT0
                         net (fo=1, routed)           2.018     7.518    clk_core_mmcm
    BUFGCTRL_X0Y1        BUFG (Prop_bufg_I_O)         0.096     7.614 r  u_bufg_core_replica/O
                         net (fo=14, routed)          0.140     7.754    clk_core_repN
    BUFGCTRL_X0Y0        BUFG (Prop_bufg_I_O)         0.096     7.850 r  u_bufg_core/O
                         net (fo=4912, routed)        1.801     9.652    u_mlkem/u_sponge/clk_core
    SLICE_X38Y165        FDRE                                         r  u_mlkem/u_sponge/g_state[9].g_rate.st_reg[602]/C
  -------------------------------------------------------------------    -------------------
    SLICE_X38Y165        FDRE (Prop_fdre_C_Q)         0.518    10.170 r  u_mlkem/u_sponge/g_state[9].g_rate.st_reg[602]/Q
                         net (fo=5, routed)           1.271    11.441    u_mlkem/u_sponge/st[602]
    SLICE_X38Y159        LUT5 (Prop_lut5_I0_O)        0.124    11.565 r  u_mlkem/u_sponge/x_data[26]_i_5/O
                         net (fo=1, routed)           1.323    12.888    u_mlkem/u_sponge/u_round/(null)[0].v90_out[26]
    SLICE_X45Y134        LUT6 (Prop_lut6_I5_O)        0.124    13.012 r  u_mlkem/u_sponge/x_data[26]_i_3/O
                         net (fo=1, routed)           0.940    13.951    u_mlkem/u_sponge/x_data[26]_i_3_n_0
    SLICE_X49Y134        LUT5 (Prop_lut5_I4_O)        0.124    14.075 r  u_mlkem/u_sponge/x_data[26]_i_1/O
                         net (fo=1, routed)           0.000    14.075    u_mlkem/u_sponge/x_data[26]_i_1_n_0
    SLICE_X49Y134        FDRE                                         r  u_mlkem/u_sponge/x_data_reg[26]/D
  -------------------------------------------------------------------    -------------------

                         (clock clk_core_mmcm rise edge)
                                                      4.854     4.854 r  
    E3                                                0.000     4.854 r  clk_100mhz (IN)
                         net (fo=0)                   0.000     4.854    clk_100mhz
    E3                   IBUF (Prop_ibuf_I_O)         1.411     6.266 r  clk_100mhz_IBUF_inst/O
                         net (fo=1, routed)           1.920     8.186    clk_100mhz_IBUF
    BUFGCTRL_X0Y16       BUFG (Prop_bufg_I_O)         0.091     8.277 r  clk_100mhz_IBUF_BUFG_inst/O
                         net (fo=2651, routed)        1.683     9.960    clk_100mhz_IBUF_BUFG
    MMCME2_ADV_X0Y0      MMCME2_ADV (Prop_mmcme2_adv_CLKIN1_CLKOUT0)
                                                      0.083    10.043 r  u_mmcm/CLKOUT0
                         net (fo=1, routed)           1.923    11.966    clk_core_mmcm
    BUFGCTRL_X0Y1        BUFG (Prop_bufg_I_O)         0.091    12.057 r  u_bufg_core_replica/O
                         net (fo=14, routed)          0.133    12.190    clk_core_repN
    BUFGCTRL_X0Y0        BUFG (Prop_bufg_I_O)         0.091    12.281 r  u_bufg_core/O
                         net (fo=4912, routed)        1.494    13.774    u_mlkem/u_sponge/clk_core
    SLICE_X49Y134        FDRE                                         r  u_mlkem/u_sponge/x_data_reg[26]/C
                         clock pessimism              0.431    14.205    
                         clock uncertainty           -0.109    14.096    
    SLICE_X49Y134        FDRE (Setup_fdre_C_D)        0.029    14.125    u_mlkem/u_sponge/x_data_reg[26]
  -------------------------------------------------------------------
                         required time                         14.125    
                         arrival time                         -14.075    
  -------------------------------------------------------------------
                         slack                                  0.050    

Slack (MET) :             0.056ns  (required time - arrival time)
  Source:                 u_mlkem/u_sponge/squeeze_valid_reg/C
                            (rising edge-triggered cell FDRE clocked by clk_core_mmcm  {rise@0.000ns fall@2.427ns period=4.854ns})
  Destination:            u_mlkem/u_unpack/want_q_reg/D
                            (rising edge-triggered cell FDRE clocked by clk_core_mmcm  {rise@0.000ns fall@2.427ns period=4.854ns})
  Path Group:             clk_core_mmcm
  Path Type:              Setup (Max at Slow Process Corner)
  Requirement:            4.854ns  (clk_core_mmcm rise@4.854ns - clk_core_mmcm rise@0.000ns)
  Data Path Delay:        4.679ns  (logic 1.867ns (39.902%)  route 2.812ns (60.098%))
  Logic Levels:           6  (CARRY4=1 LUT3=1 LUT6=4)
  Clock Path Skew:        -0.042ns (DCD - SCD + CPR)
    Destination Clock Delay (DCD):    8.918ns = ( 13.772 - 4.854 ) 
    Source Clock Delay      (SCD):    9.462ns
    Clock Pessimism Removal (CPR):    0.502ns
  Clock Uncertainty:      0.109ns  ((TSJ^2 + DJ^2)^1/2) / 2 + PE
    Total System Jitter     (TSJ):    0.071ns
    Discrete Jitter          (DJ):    0.206ns
    Phase Error              (PE):    0.000ns

    Location             Delay type                Incr(ns)  Path(ns)    Netlist Resource(s)
  -------------------------------------------------------------------    -------------------
                         (clock clk_core_mmcm rise edge)
                                                      0.000     0.000 r  
    E3                                                0.000     0.000 r  clk_100mhz (IN)
                         net (fo=0)                   0.000     0.000    clk_100mhz
    E3                   IBUF (Prop_ibuf_I_O)         1.482     1.482 r  clk_100mhz_IBUF_inst/O
                         net (fo=1, routed)           2.025     3.506    clk_100mhz_IBUF
    BUFGCTRL_X0Y16       BUFG (Prop_bufg_I_O)         0.096     3.602 r  clk_100mhz_IBUF_BUFG_inst/O
                         net (fo=2651, routed)        1.809     5.412    clk_100mhz_IBUF_BUFG
    MMCME2_ADV_X0Y0      MMCME2_ADV (Prop_mmcme2_adv_CLKIN1_CLKOUT0)
                                                      0.088     5.500 r  u_mmcm/CLKOUT0
                         net (fo=1, routed)           2.018     7.518    clk_core_mmcm
    BUFGCTRL_X0Y1        BUFG (Prop_bufg_I_O)         0.096     7.614 r  u_bufg_core_replica/O
                         net (fo=14, routed)          0.140     7.754    clk_core_repN
    BUFGCTRL_X0Y0        BUFG (Prop_bufg_I_O)         0.096     7.850 r  u_bufg_core/O
                         net (fo=4912, routed)        1.612     9.462    u_mlkem/u_sponge/clk_core
    SLICE_X42Y132        FDRE                                         r  u_mlkem/u_sponge/squeeze_valid_reg/C
  -------------------------------------------------------------------    -------------------
    SLICE_X42Y132        FDRE (Prop_fdre_C_Q)         0.518     9.980 r  u_mlkem/u_sponge/squeeze_valid_reg/Q
                         net (fo=42, routed)          0.908    10.888    u_mlkem/u_unpack/h_squeeze_valid
    SLICE_X47Y131        LUT6 (Prop_lut6_I3_O)        0.124    11.012 r  u_mlkem/u_unpack/q2[63]_i_4/O
                         net (fo=21, routed)          0.385    11.398    u_mlkem/u_unpack/up_src_take
    SLICE_X51Y131        LUT6 (Prop_lut6_I3_O)        0.124    11.522 r  u_mlkem/u_unpack/want_q_i_11/O
                         net (fo=1, routed)           0.612    12.134    u_mlkem/u_unpack/want_q1[4]
    SLICE_X51Y129        CARRY4 (Prop_carry4_DI[0]_CO[2])
                                                      0.540    12.674 f  u_mlkem/u_unpack/want_q_reg_i_7/CO[2]
                         net (fo=1, routed)           0.308    12.982    u_mlkem/u_unpack/want_q_reg_i_7_n_1
    SLICE_X47Y129        LUT3 (Prop_lut3_I2_O)        0.313    13.295 r  u_mlkem/u_unpack/want_q_i_3/O
                         net (fo=1, routed)           0.305    13.599    u_mlkem/u_unpack/want_q_i_3_n_0
    SLICE_X46Y131        LUT6 (Prop_lut6_I1_O)        0.124    13.723 r  u_mlkem/u_unpack/want_q_i_2/O
                         net (fo=1, routed)           0.294    14.017    u_mlkem/u_unpack/want_q_i_2_n_0
    SLICE_X47Y132        LUT6 (Prop_lut6_I3_O)        0.124    14.141 r  u_mlkem/u_unpack/want_q_i_1/O
                         net (fo=1, routed)           0.000    14.141    u_mlkem/u_unpack/want_q_i_1_n_0
    SLICE_X47Y132        FDRE                                         r  u_mlkem/u_unpack/want_q_reg/D
  -------------------------------------------------------------------    -------------------

                         (clock clk_core_mmcm rise edge)
                                                      4.854     4.854 r  
    E3                                                0.000     4.854 r  clk_100mhz (IN)
                         net (fo=0)                   0.000     4.854    clk_100mhz
    E3                   IBUF (Prop_ibuf_I_O)         1.411     6.266 r  clk_100mhz_IBUF_inst/O
                         net (fo=1, routed)           1.920     8.186    clk_100mhz_IBUF
    BUFGCTRL_X0Y16       BUFG (Prop_bufg_I_O)         0.091     8.277 r  clk_100mhz_IBUF_BUFG_inst/O
                         net (fo=2651, routed)        1.683     9.960    clk_100mhz_IBUF_BUFG
    MMCME2_ADV_X0Y0      MMCME2_ADV (Prop_mmcme2_adv_CLKIN1_CLKOUT0)
                                                      0.083    10.043 r  u_mmcm/CLKOUT0
                         net (fo=1, routed)           1.923    11.966    clk_core_mmcm
    BUFGCTRL_X0Y1        BUFG (Prop_bufg_I_O)         0.091    12.057 r  u_bufg_core_replica/O
                         net (fo=14, routed)          0.133    12.190    clk_core_repN
    BUFGCTRL_X0Y0        BUFG (Prop_bufg_I_O)         0.091    12.281 r  u_bufg_core/O
                         net (fo=4912, routed)        1.492    13.772    u_mlkem/u_unpack/clk_core
    SLICE_X47Y132        FDRE                                         r  u_mlkem/u_unpack/want_q_reg/C
                         clock pessimism              0.502    14.274    
                         clock uncertainty           -0.109    14.165    
    SLICE_X47Y132        FDRE (Setup_fdre_C_D)        0.032    14.197    u_mlkem/u_unpack/want_q_reg
  -------------------------------------------------------------------
                         required time                         14.197    
                         arrival time                         -14.141    
  -------------------------------------------------------------------
                         slack                                  0.056    

Slack (MET) :             0.066ns  (required time - arrival time)
  Source:                 u_mlkem/u_sponge/li_p3_reg[0]_replica/C
                            (rising edge-triggered cell FDSE clocked by clk_core_mmcm  {rise@0.000ns fall@2.427ns period=4.854ns})
  Destination:            u_mlkem/u_sponge/nx2_reg[42]/D
                            (rising edge-triggered cell FDRE clocked by clk_core_mmcm  {rise@0.000ns fall@2.427ns period=4.854ns})
  Path Group:             clk_core_mmcm
  Path Type:              Setup (Max at Slow Process Corner)
  Requirement:            4.854ns  (clk_core_mmcm rise@4.854ns - clk_core_mmcm rise@0.000ns)
  Data Path Delay:        4.806ns  (logic 1.076ns (22.390%)  route 3.730ns (77.610%))
  Logic Levels:           5  (LUT4=1 LUT5=2 LUT6=2)
  Clock Path Skew:        0.098ns (DCD - SCD + CPR)
    Destination Clock Delay (DCD):    9.110ns = ( 13.965 - 4.854 ) 
    Source Clock Delay      (SCD):    9.425ns
    Clock Pessimism Removal (CPR):    0.412ns
  Clock Uncertainty:      0.109ns  ((TSJ^2 + DJ^2)^1/2) / 2 + PE
    Total System Jitter     (TSJ):    0.071ns
    Discrete Jitter          (DJ):    0.206ns
    Phase Error              (PE):    0.000ns

    Location             Delay type                Incr(ns)  Path(ns)    Netlist Resource(s)
  -------------------------------------------------------------------    -------------------
                         (clock clk_core_mmcm rise edge)
                                                      0.000     0.000 r  
    E3                                                0.000     0.000 r  clk_100mhz (IN)
                         net (fo=0)                   0.000     0.000    clk_100mhz
    E3                   IBUF (Prop_ibuf_I_O)         1.482     1.482 r  clk_100mhz_IBUF_inst/O
                         net (fo=1, routed)           2.025     3.506    clk_100mhz_IBUF
    BUFGCTRL_X0Y16       BUFG (Prop_bufg_I_O)         0.096     3.602 r  clk_100mhz_IBUF_BUFG_inst/O
                         net (fo=2651, routed)        1.809     5.412    clk_100mhz_IBUF_BUFG
    MMCME2_ADV_X0Y0      MMCME2_ADV (Prop_mmcme2_adv_CLKIN1_CLKOUT0)
                                                      0.088     5.500 r  u_mmcm/CLKOUT0
                         net (fo=1, routed)           2.018     7.518    clk_core_mmcm
    BUFGCTRL_X0Y1        BUFG (Prop_bufg_I_O)         0.096     7.614 r  u_bufg_core_replica/O
                         net (fo=14, routed)          1.810     9.425    u_mlkem/u_sponge/clk_core_repN_alias
    SLICE_X28Y158        FDSE                                         r  u_mlkem/u_sponge/li_p3_reg[0]_replica/C
  -------------------------------------------------------------------    -------------------
    SLICE_X28Y158        FDSE (Prop_fdse_C_Q)         0.456     9.881 f  u_mlkem/u_sponge/li_p3_reg[0]_replica/Q
                         net (fo=23, routed)          1.055    10.936    u_mlkem/u_sponge/li_p3_reg[0]_repN
    SLICE_X37Y155        LUT5 (Prop_lut5_I3_O)        0.124    11.060 f  u_mlkem/u_sponge/nx2[60]_i_11/O
                         net (fo=61, routed)          1.219    12.279    u_mlkem/u_sponge/nx2[60]_i_11_n_0
    SLICE_X18Y159        LUT4 (Prop_lut4_I0_O)        0.124    12.403 r  u_mlkem/u_sponge/nx2[42]_i_12/O
                         net (fo=1, routed)           0.444    12.847    u_mlkem/u_sponge/nx2[42]_i_12_n_0
    SLICE_X20Y158        LUT5 (Prop_lut5_I4_O)        0.124    12.971 r  u_mlkem/u_sponge/nx2[42]_i_9/O
                         net (fo=1, routed)           0.557    13.528    u_mlkem/u_sponge/nx2[42]_i_9_n_0
    SLICE_X21Y155        LUT6 (Prop_lut6_I4_O)        0.124    13.652 r  u_mlkem/u_sponge/nx2[42]_i_4/O
                         net (fo=1, routed)           0.454    14.106    u_mlkem/u_sponge/nx2[42]_i_4_n_0
    SLICE_X26Y154        LUT6 (Prop_lut6_I5_O)        0.124    14.230 r  u_mlkem/u_sponge/nx2[42]_i_1/O
                         net (fo=1, routed)           0.000    14.230    u_mlkem/u_sponge/nx2[42]
    SLICE_X26Y154        FDRE                                         r  u_mlkem/u_sponge/nx2_reg[42]/D
  -------------------------------------------------------------------    -------------------

                         (clock clk_core_mmcm rise edge)
                                                      4.854     4.854 r  
    E3                                                0.000     4.854 r  clk_100mhz (IN)
                         net (fo=0)                   0.000     4.854    clk_100mhz
    E3                   IBUF (Prop_ibuf_I_O)         1.411     6.266 r  clk_100mhz_IBUF_inst/O
                         net (fo=1, routed)           1.920     8.186    clk_100mhz_IBUF
    BUFGCTRL_X0Y16       BUFG (Prop_bufg_I_O)         0.091     8.277 r  clk_100mhz_IBUF_BUFG_inst/O
                         net (fo=2651, routed)        1.683     9.960    clk_100mhz_IBUF_BUFG
    MMCME2_ADV_X0Y0      MMCME2_ADV (Prop_mmcme2_adv_CLKIN1_CLKOUT0)
                                                      0.083    10.043 r  u_mmcm/CLKOUT0
                         net (fo=1, routed)           1.923    11.966    clk_core_mmcm
    BUFGCTRL_X0Y1        BUFG (Prop_bufg_I_O)         0.091    12.057 r  u_bufg_core_replica/O
                         net (fo=14, routed)          0.133    12.190    clk_core_repN
    BUFGCTRL_X0Y0        BUFG (Prop_bufg_I_O)         0.091    12.281 r  u_bufg_core/O
                         net (fo=4912, routed)        1.684    13.965    u_mlkem/u_sponge/clk_core
    SLICE_X26Y154        FDRE                                         r  u_mlkem/u_sponge/nx2_reg[42]/C
                         clock pessimism              0.412    14.377    
                         clock uncertainty           -0.109    14.267    
    SLICE_X26Y154        FDRE (Setup_fdre_C_D)        0.029    14.296    u_mlkem/u_sponge/nx2_reg[42]
  -------------------------------------------------------------------
                         required time                         14.296    
                         arrival time                         -14.230    
  -------------------------------------------------------------------
                         slack                                  0.066    

Slack (MET) :             0.067ns  (required time - arrival time)
  Source:                 u_mlkem/u_ctrl/unit_src_sponge_reg/C
                            (rising edge-triggered cell FDRE clocked by clk_core_mmcm  {rise@0.000ns fall@2.427ns period=4.854ns})
  Destination:            u_mlkem/u_sponge/nx2_reg[31]/D
                            (rising edge-triggered cell FDRE clocked by clk_core_mmcm  {rise@0.000ns fall@2.427ns period=4.854ns})
  Path Group:             clk_core_mmcm
  Path Type:              Setup (Max at Slow Process Corner)
  Requirement:            4.854ns  (clk_core_mmcm rise@4.854ns - clk_core_mmcm rise@0.000ns)
  Data Path Delay:        4.779ns  (logic 0.952ns (19.920%)  route 3.827ns (80.079%))
  Logic Levels:           4  (LUT5=1 LUT6=3)
  Clock Path Skew:        0.072ns (DCD - SCD + CPR)
    Destination Clock Delay (DCD):    9.100ns = ( 13.955 - 4.854 ) 
    Source Clock Delay      (SCD):    9.459ns
    Clock Pessimism Removal (CPR):    0.431ns
  Clock Uncertainty:      0.109ns  ((TSJ^2 + DJ^2)^1/2) / 2 + PE
    Total System Jitter     (TSJ):    0.071ns
    Discrete Jitter          (DJ):    0.206ns
    Phase Error              (PE):    0.000ns

    Location             Delay type                Incr(ns)  Path(ns)    Netlist Resource(s)
  -------------------------------------------------------------------    -------------------
                         (clock clk_core_mmcm rise edge)
                                                      0.000     0.000 r  
    E3                                                0.000     0.000 r  clk_100mhz (IN)
                         net (fo=0)                   0.000     0.000    clk_100mhz
    E3                   IBUF (Prop_ibuf_I_O)         1.482     1.482 r  clk_100mhz_IBUF_inst/O
                         net (fo=1, routed)           2.025     3.506    clk_100mhz_IBUF
    BUFGCTRL_X0Y16       BUFG (Prop_bufg_I_O)         0.096     3.602 r  clk_100mhz_IBUF_BUFG_inst/O
                         net (fo=2651, routed)        1.809     5.412    clk_100mhz_IBUF_BUFG
    MMCME2_ADV_X0Y0      MMCME2_ADV (Prop_mmcme2_adv_CLKIN1_CLKOUT0)
                                                      0.088     5.500 r  u_mmcm/CLKOUT0
                         net (fo=1, routed)           2.018     7.518    clk_core_mmcm
    BUFGCTRL_X0Y1        BUFG (Prop_bufg_I_O)         0.096     7.614 r  u_bufg_core_replica/O
                         net (fo=14, routed)          0.140     7.754    clk_core_repN
    BUFGCTRL_X0Y0        BUFG (Prop_bufg_I_O)         0.096     7.850 r  u_bufg_core/O
                         net (fo=4912, routed)        1.609     9.459    u_mlkem/u_ctrl/clk_core
    SLICE_X45Y130        FDRE                                         r  u_mlkem/u_ctrl/unit_src_sponge_reg/C
  -------------------------------------------------------------------    -------------------
    SLICE_X45Y130        FDRE (Prop_fdre_C_Q)         0.456     9.915 f  u_mlkem/u_ctrl/unit_src_sponge_reg/Q
                         net (fo=85, routed)          1.235    11.150    u_mlkem/u_ctrl/u_read_fifo/q2_reg[61]
    SLICE_X44Y139        LUT6 (Prop_lut6_I4_O)        0.124    11.274 r  u_mlkem/u_ctrl/u_read_fifo/squeeze_avail[3]_i_5_comp/O
                         net (fo=2, routed)           0.612    11.886    u_mlkem/u_sponge/squeeze_data_reg[63]_1
    SLICE_X45Y147        LUT5 (Prop_lut5_I0_O)        0.124    12.010 f  u_mlkem/u_sponge/squeeze_avail[3]_i_3/O
                         net (fo=269, routed)         1.225    13.235    u_mlkem/u_sponge/li_p1
    SLICE_X45Y167        LUT6 (Prop_lut6_I5_O)        0.124    13.359 r  u_mlkem/u_sponge/nx2[31]_i_3/O
                         net (fo=1, routed)           0.755    14.114    u_mlkem/u_sponge/nx2[31]_i_3_n_0
    SLICE_X43Y160        LUT6 (Prop_lut6_I2_O)        0.124    14.238 r  u_mlkem/u_sponge/nx2[31]_i_1/O
                         net (fo=1, routed)           0.000    14.238    u_mlkem/u_sponge/nx2[31]
    SLICE_X43Y160        FDRE                                         r  u_mlkem/u_sponge/nx2_reg[31]/D
  -------------------------------------------------------------------    -------------------

                         (clock clk_core_mmcm rise edge)
                                                      4.854     4.854 r  
    E3                                                0.000     4.854 r  clk_100mhz (IN)
                         net (fo=0)                   0.000     4.854    clk_100mhz
    E3                   IBUF (Prop_ibuf_I_O)         1.411     6.266 r  clk_100mhz_IBUF_inst/O
                         net (fo=1, routed)           1.920     8.186    clk_100mhz_IBUF
    BUFGCTRL_X0Y16       BUFG (Prop_bufg_I_O)         0.091     8.277 r  clk_100mhz_IBUF_BUFG_inst/O
                         net (fo=2651, routed)        1.683     9.960    clk_100mhz_IBUF_BUFG
    MMCME2_ADV_X0Y0      MMCME2_ADV (Prop_mmcme2_adv_CLKIN1_CLKOUT0)
                                                      0.083    10.043 r  u_mmcm/CLKOUT0
                         net (fo=1, routed)           1.923    11.966    clk_core_mmcm
    BUFGCTRL_X0Y1        BUFG (Prop_bufg_I_O)         0.091    12.057 r  u_bufg_core_replica/O
                         net (fo=14, routed)          0.133    12.190    clk_core_repN
    BUFGCTRL_X0Y0        BUFG (Prop_bufg_I_O)         0.091    12.281 r  u_bufg_core/O
                         net (fo=4912, routed)        1.674    13.955    u_mlkem/u_sponge/clk_core
    SLICE_X43Y160        FDRE                                         r  u_mlkem/u_sponge/nx2_reg[31]/C
                         clock pessimism              0.431    14.386    
                         clock uncertainty           -0.109    14.276    
    SLICE_X43Y160        FDRE (Setup_fdre_C_D)        0.029    14.305    u_mlkem/u_sponge/nx2_reg[31]
  -------------------------------------------------------------------
                         required time                         14.305    
                         arrival time                         -14.238    
  -------------------------------------------------------------------
                         slack                                  0.067    

Slack (MET) :             0.069ns  (required time - arrival time)
  Source:                 u_mlkem/u_sponge/li_p3_reg[0]_replica/C
                            (rising edge-triggered cell FDSE clocked by clk_core_mmcm  {rise@0.000ns fall@2.427ns period=4.854ns})
  Destination:            u_mlkem/u_sponge/nx2_reg[35]/D
                            (rising edge-triggered cell FDRE clocked by clk_core_mmcm  {rise@0.000ns fall@2.427ns period=4.854ns})
  Path Group:             clk_core_mmcm
  Path Type:              Setup (Max at Slow Process Corner)
  Requirement:            4.854ns  (clk_core_mmcm rise@4.854ns - clk_core_mmcm rise@0.000ns)
  Data Path Delay:        4.802ns  (logic 1.076ns (22.407%)  route 3.726ns (77.593%))
  Logic Levels:           5  (LUT4=1 LUT5=1 LUT6=3)
  Clock Path Skew:        0.097ns (DCD - SCD + CPR)
    Destination Clock Delay (DCD):    9.109ns = ( 13.964 - 4.854 ) 
    Source Clock Delay      (SCD):    9.425ns
    Clock Pessimism Removal (CPR):    0.412ns
  Clock Uncertainty:      0.109ns  ((TSJ^2 + DJ^2)^1/2) / 2 + PE
    Total System Jitter     (TSJ):    0.071ns
    Discrete Jitter          (DJ):    0.206ns
    Phase Error              (PE):    0.000ns

    Location             Delay type                Incr(ns)  Path(ns)    Netlist Resource(s)
  -------------------------------------------------------------------    -------------------
                         (clock clk_core_mmcm rise edge)
                                                      0.000     0.000 r  
    E3                                                0.000     0.000 r  clk_100mhz (IN)
                         net (fo=0)                   0.000     0.000    clk_100mhz
    E3                   IBUF (Prop_ibuf_I_O)         1.482     1.482 r  clk_100mhz_IBUF_inst/O
                         net (fo=1, routed)           2.025     3.506    clk_100mhz_IBUF
    BUFGCTRL_X0Y16       BUFG (Prop_bufg_I_O)         0.096     3.602 r  clk_100mhz_IBUF_BUFG_inst/O
                         net (fo=2651, routed)        1.809     5.412    clk_100mhz_IBUF_BUFG
    MMCME2_ADV_X0Y0      MMCME2_ADV (Prop_mmcme2_adv_CLKIN1_CLKOUT0)
                                                      0.088     5.500 r  u_mmcm/CLKOUT0
                         net (fo=1, routed)           2.018     7.518    clk_core_mmcm
    BUFGCTRL_X0Y1        BUFG (Prop_bufg_I_O)         0.096     7.614 r  u_bufg_core_replica/O
                         net (fo=14, routed)          1.810     9.425    u_mlkem/u_sponge/clk_core_repN_alias
    SLICE_X28Y158        FDSE                                         r  u_mlkem/u_sponge/li_p3_reg[0]_replica/C
  -------------------------------------------------------------------    -------------------
    SLICE_X28Y158        FDSE (Prop_fdse_C_Q)         0.456     9.881 f  u_mlkem/u_sponge/li_p3_reg[0]_replica/Q
                         net (fo=23, routed)          1.059    10.939    u_mlkem/u_sponge/li_p3_reg[0]_repN
    SLICE_X32Y158        LUT5 (Prop_lut5_I0_O)        0.124    11.063 f  u_mlkem/u_sponge/nx2[62]_i_12/O
                         net (fo=60, routed)          0.906    11.969    u_mlkem/u_sponge/nx2[62]_i_12_n_0
    SLICE_X26Y159        LUT4 (Prop_lut4_I0_O)        0.124    12.093 r  u_mlkem/u_sponge/nx2[35]_i_14/O
                         net (fo=1, routed)           0.674    12.767    u_mlkem/u_sponge/nx2[35]_i_14_n_0
    SLICE_X26Y159        LUT6 (Prop_lut6_I1_O)        0.124    12.891 r  u_mlkem/u_sponge/nx2[35]_i_10/O
                         net (fo=1, routed)           0.497    13.389    u_mlkem/u_sponge/nx2[35]_i_10_n_0
    SLICE_X27Y159        LUT6 (Prop_lut6_I5_O)        0.124    13.513 r  u_mlkem/u_sponge/nx2[35]_i_4/O
                         net (fo=1, routed)           0.590    14.103    u_mlkem/u_sponge/nx2[35]_i_4_n_0
    SLICE_X29Y156        LUT6 (Prop_lut6_I3_O)        0.124    14.227 r  u_mlkem/u_sponge/nx2[35]_i_1/O
                         net (fo=1, routed)           0.000    14.227    u_mlkem/u_sponge/nx2[35]
    SLICE_X29Y156        FDRE                                         r  u_mlkem/u_sponge/nx2_reg[35]/D
  -------------------------------------------------------------------    -------------------

                         (clock clk_core_mmcm rise edge)
                                                      4.854     4.854 r  
    E3                                                0.000     4.854 r  clk_100mhz (IN)
                         net (fo=0)                   0.000     4.854    clk_100mhz
    E3                   IBUF (Prop_ibuf_I_O)         1.411     6.266 r  clk_100mhz_IBUF_inst/O
                         net (fo=1, routed)           1.920     8.186    clk_100mhz_IBUF
    BUFGCTRL_X0Y16       BUFG (Prop_bufg_I_O)         0.091     8.277 r  clk_100mhz_IBUF_BUFG_inst/O
                         net (fo=2651, routed)        1.683     9.960    clk_100mhz_IBUF_BUFG
    MMCME2_ADV_X0Y0      MMCME2_ADV (Prop_mmcme2_adv_CLKIN1_CLKOUT0)
                                                      0.083    10.043 r  u_mmcm/CLKOUT0
                         net (fo=1, routed)           1.923    11.966    clk_core_mmcm
    BUFGCTRL_X0Y1        BUFG (Prop_bufg_I_O)         0.091    12.057 r  u_bufg_core_replica/O
                         net (fo=14, routed)          0.133    12.190    clk_core_repN
    BUFGCTRL_X0Y0        BUFG (Prop_bufg_I_O)         0.091    12.281 r  u_bufg_core/O
                         net (fo=4912, routed)        1.683    13.964    u_mlkem/u_sponge/clk_core
    SLICE_X29Y156        FDRE                                         r  u_mlkem/u_sponge/nx2_reg[35]/C
                         clock pessimism              0.412    14.376    
                         clock uncertainty           -0.109    14.266    
    SLICE_X29Y156        FDRE (Setup_fdre_C_D)        0.029    14.295    u_mlkem/u_sponge/nx2_reg[35]
  -------------------------------------------------------------------
                         required time                         14.295    
                         arrival time                         -14.227    
  -------------------------------------------------------------------
                         slack                                  0.069    





Min Delay Paths
--------------------------------------------------------------------------------------
Slack (MET) :             0.014ns  (arrival time - required time)
  Source:                 u_mlkem/u_unpack/need_q_reg[0]/C
                            (rising edge-triggered cell FDRE clocked by clk_core_mmcm  {rise@0.000ns fall@2.427ns period=4.854ns})
  Destination:            u_mlkem/u_unpack/bv0_reg/D
                            (rising edge-triggered cell FDRE clocked by clk_core_mmcm  {rise@0.000ns fall@2.427ns period=4.854ns})
  Path Group:             clk_core_mmcm
  Path Type:              Hold (Min at Fast Process Corner)
  Requirement:            0.000ns  (clk_core_mmcm rise@0.000ns - clk_core_mmcm rise@0.000ns)
  Data Path Delay:        0.462ns  (logic 0.209ns (45.201%)  route 0.253ns (54.799%))
  Logic Levels:           1  (LUT6=1)
  Clock Path Skew:        0.329ns (DCD - SCD - CPR)
    Destination Clock Delay (DCD):    3.729ns
    Source Clock Delay      (SCD):    2.822ns
    Clock Pessimism Removal (CPR):    0.577ns

    Location             Delay type                Incr(ns)  Path(ns)    Netlist Resource(s)
  -------------------------------------------------------------------    -------------------
                         (clock clk_core_mmcm rise edge)
                                                      0.000     0.000 r  
    E3                                                0.000     0.000 r  clk_100mhz (IN)
                         net (fo=0)                   0.000     0.000    clk_100mhz
    E3                   IBUF (Prop_ibuf_I_O)         0.250     0.250 r  clk_100mhz_IBUF_inst/O
                         net (fo=1, routed)           0.644     0.894    clk_100mhz_IBUF
    BUFGCTRL_X0Y16       BUFG (Prop_bufg_I_O)         0.026     0.920 r  clk_100mhz_IBUF_BUFG_inst/O
                         net (fo=2651, routed)        0.624     1.544    clk_100mhz_IBUF_BUFG
    MMCME2_ADV_X0Y0      MMCME2_ADV (Prop_mmcme2_adv_CLKIN1_CLKOUT0)
                                                      0.050     1.594 r  u_mmcm/CLKOUT0
                         net (fo=1, routed)           0.648     2.242    clk_core_mmcm
    BUFGCTRL_X0Y1        BUFG (Prop_bufg_I_O)         0.026     2.268 r  u_bufg_core_replica/O
                         net (fo=14, routed)          0.555     2.822    u_mlkem/u_unpack/clk_core_repN_alias
    SLICE_X56Y117        FDRE                                         r  u_mlkem/u_unpack/need_q_reg[0]/C
  -------------------------------------------------------------------    -------------------
    SLICE_X56Y117        FDRE (Prop_fdre_C_Q)         0.164     2.986 r  u_mlkem/u_unpack/need_q_reg[0]/Q
                         net (fo=6, routed)           0.253     3.240    u_mlkem/u_unpack/need_q[0]
    SLICE_X56Y118        LUT6 (Prop_lut6_I1_O)        0.045     3.285 r  u_mlkem/u_unpack/bv0_i_2/O
                         net (fo=1, routed)           0.000     3.285    u_mlkem/u_unpack/bv0_i_2_n_0
    SLICE_X56Y118        FDRE                                         r  u_mlkem/u_unpack/bv0_reg/D
  -------------------------------------------------------------------    -------------------

                         (clock clk_core_mmcm rise edge)
                                                      0.000     0.000 r  
    E3                                                0.000     0.000 r  clk_100mhz (IN)
                         net (fo=0)                   0.000     0.000    clk_100mhz
    E3                   IBUF (Prop_ibuf_I_O)         0.438     0.438 r  clk_100mhz_IBUF_inst/O
                         net (fo=1, routed)           0.699     1.136    clk_100mhz_IBUF
    BUFGCTRL_X0Y16       BUFG (Prop_bufg_I_O)         0.029     1.165 r  clk_100mhz_IBUF_BUFG_inst/O
                         net (fo=2651, routed)        0.898     2.063    clk_100mhz_IBUF_BUFG
    MMCME2_ADV_X0Y0      MMCME2_ADV (Prop_mmcme2_adv_CLKIN1_CLKOUT0)
                                                      0.053     2.116 r  u_mmcm/CLKOUT0
                         net (fo=1, routed)           0.700     2.816    clk_core_mmcm
    BUFGCTRL_X0Y1        BUFG (Prop_bufg_I_O)         0.029     2.845 r  u_bufg_core_replica/O
                         net (fo=14, routed)          0.033     2.878    clk_core_repN
    BUFGCTRL_X0Y0        BUFG (Prop_bufg_I_O)         0.029     2.907 r  u_bufg_core/O
                         net (fo=4912, routed)        0.822     3.729    u_mlkem/u_unpack/clk_core
    SLICE_X56Y118        FDRE                                         r  u_mlkem/u_unpack/bv0_reg/C
                         clock pessimism             -0.577     3.151    
    SLICE_X56Y118        FDRE (Hold_fdre_C_D)         0.120     3.271    u_mlkem/u_unpack/bv0_reg
  -------------------------------------------------------------------
                         required time                         -3.271    
                         arrival time                           3.285    
  -------------------------------------------------------------------
                         slack                                  0.014    

Slack (MET) :             0.025ns  (arrival time - required time)
  Source:                 u_mlkem/u_pack/bias_r_reg[25]/C
                            (rising edge-triggered cell FDRE clocked by clk_core_mmcm  {rise@0.000ns fall@2.427ns period=4.854ns})
  Destination:            u_mlkem/u_pack/scaled6_reg[25]/D
                            (rising edge-triggered cell FDRE clocked by clk_core_mmcm  {rise@0.000ns fall@2.427ns period=4.854ns})
  Path Group:             clk_core_mmcm
  Path Type:              Hold (Min at Fast Process Corner)
  Requirement:            0.000ns  (clk_core_mmcm rise@0.000ns - clk_core_mmcm rise@0.000ns)
  Data Path Delay:        0.400ns  (logic 0.292ns (73.064%)  route 0.108ns (26.936%))
  Logic Levels:           2  (CARRY4=1 LUT2=1)
  Clock Path Skew:        0.270ns (DCD - SCD - CPR)
    Destination Clock Delay (DCD):    3.744ns
    Source Clock Delay      (SCD):    2.890ns
    Clock Pessimism Removal (CPR):    0.583ns

    Location             Delay type                Incr(ns)  Path(ns)    Netlist Resource(s)
  -------------------------------------------------------------------    -------------------
                         (clock clk_core_mmcm rise edge)
                                                      0.000     0.000 r  
    E3                                                0.000     0.000 r  clk_100mhz (IN)
                         net (fo=0)                   0.000     0.000    clk_100mhz
    E3                   IBUF (Prop_ibuf_I_O)         0.250     0.250 r  clk_100mhz_IBUF_inst/O
                         net (fo=1, routed)           0.644     0.894    clk_100mhz_IBUF
    BUFGCTRL_X0Y16       BUFG (Prop_bufg_I_O)         0.026     0.920 r  clk_100mhz_IBUF_BUFG_inst/O
                         net (fo=2651, routed)        0.624     1.544    clk_100mhz_IBUF_BUFG
    MMCME2_ADV_X0Y0      MMCME2_ADV (Prop_mmcme2_adv_CLKIN1_CLKOUT0)
                                                      0.050     1.594 r  u_mmcm/CLKOUT0
                         net (fo=1, routed)           0.648     2.242    clk_core_mmcm
    BUFGCTRL_X0Y1        BUFG (Prop_bufg_I_O)         0.026     2.268 r  u_bufg_core_replica/O
                         net (fo=14, routed)          0.030     2.298    clk_core_repN
    BUFGCTRL_X0Y0        BUFG (Prop_bufg_I_O)         0.026     2.324 r  u_bufg_core/O
                         net (fo=4912, routed)        0.567     2.890    u_mlkem/u_pack/clk_core
    SLICE_X71Y99         FDRE                                         r  u_mlkem/u_pack/bias_r_reg[25]/C
  -------------------------------------------------------------------    -------------------
    SLICE_X71Y99         FDRE (Prop_fdre_C_Q)         0.128     3.018 r  u_mlkem/u_pack/bias_r_reg[25]/Q
                         net (fo=1, routed)           0.108     3.126    u_mlkem/u_pack/bias_r[25]
    SLICE_X68Y100        LUT2 (Prop_lut2_I1_O)        0.099     3.225 r  u_mlkem/u_pack/scaled6[27]_i_3/O
                         net (fo=1, routed)           0.000     3.225    u_mlkem_n_70
    SLICE_X68Y100        CARRY4 (Prop_carry4_S[1]_O[1])
                                                      0.065     3.290 r  u_pack/scaled6_reg[27]_i_1/O[1]
                         net (fo=1, routed)           0.000     3.290    u_mlkem/u_pack/scaled6_reg[27]_0[7]
    SLICE_X68Y100        FDRE                                         r  u_mlkem/u_pack/scaled6_reg[25]/D
  -------------------------------------------------------------------    -------------------

                         (clock clk_core_mmcm rise edge)
                                                      0.000     0.000 r  
    E3                                                0.000     0.000 r  clk_100mhz (IN)
                         net (fo=0)                   0.000     0.000    clk_100mhz
    E3                   IBUF (Prop_ibuf_I_O)         0.438     0.438 r  clk_100mhz_IBUF_inst/O
                         net (fo=1, routed)           0.699     1.136    clk_100mhz_IBUF
    BUFGCTRL_X0Y16       BUFG (Prop_bufg_I_O)         0.029     1.165 r  clk_100mhz_IBUF_BUFG_inst/O
                         net (fo=2651, routed)        0.898     2.063    clk_100mhz_IBUF_BUFG
    MMCME2_ADV_X0Y0      MMCME2_ADV (Prop_mmcme2_adv_CLKIN1_CLKOUT0)
                                                      0.053     2.116 r  u_mmcm/CLKOUT0
                         net (fo=1, routed)           0.700     2.816    clk_core_mmcm
    BUFGCTRL_X0Y1        BUFG (Prop_bufg_I_O)         0.029     2.845 r  u_bufg_core_replica/O
                         net (fo=14, routed)          0.033     2.878    clk_core_repN
    BUFGCTRL_X0Y0        BUFG (Prop_bufg_I_O)         0.029     2.907 r  u_bufg_core/O
                         net (fo=4912, routed)        0.837     3.744    u_mlkem/u_pack/clk_core
    SLICE_X68Y100        FDRE                                         r  u_mlkem/u_pack/scaled6_reg[25]/C
                         clock pessimism             -0.583     3.160    
    SLICE_X68Y100        FDRE (Hold_fdre_C_D)         0.105     3.265    u_mlkem/u_pack/scaled6_reg[25]
  -------------------------------------------------------------------
                         required time                         -3.265    
                         arrival time                           3.290    
  -------------------------------------------------------------------
                         slack                                  0.025    

Slack (MET) :             0.035ns  (arrival time - required time)
  Source:                 u_mlkem/u_unpack/qf0_reg[6]/C
                            (rising edge-triggered cell FDRE clocked by clk_core_mmcm  {rise@0.000ns fall@2.427ns period=4.854ns})
  Destination:            u_mlkem/u_unpack/rn0_reg[7]/D
                            (rising edge-triggered cell FDRE clocked by clk_core_mmcm  {rise@0.000ns fall@2.427ns period=4.854ns})
  Path Group:             clk_core_mmcm
  Path Type:              Hold (Min at Fast Process Corner)
  Requirement:            0.000ns  (clk_core_mmcm rise@0.000ns - clk_core_mmcm rise@0.000ns)
  Data Path Delay:        0.442ns  (logic 0.310ns (70.107%)  route 0.132ns (29.893%))
  Logic Levels:           1  (CARRY4=1)
  Clock Path Skew:        0.273ns (DCD - SCD - CPR)
    Destination Clock Delay (DCD):    3.743ns
    Source Clock Delay      (SCD):    2.886ns
    Clock Pessimism Removal (CPR):    0.583ns

    Location             Delay type                Incr(ns)  Path(ns)    Netlist Resource(s)
  -------------------------------------------------------------------    -------------------
                         (clock clk_core_mmcm rise edge)
                                                      0.000     0.000 r  
    E3                                                0.000     0.000 r  clk_100mhz (IN)
                         net (fo=0)                   0.000     0.000    clk_100mhz
    E3                   IBUF (Prop_ibuf_I_O)         0.250     0.250 r  clk_100mhz_IBUF_inst/O
                         net (fo=1, routed)           0.644     0.894    clk_100mhz_IBUF
    BUFGCTRL_X0Y16       BUFG (Prop_bufg_I_O)         0.026     0.920 r  clk_100mhz_IBUF_BUFG_inst/O
                         net (fo=2651, routed)        0.624     1.544    clk_100mhz_IBUF_BUFG
    MMCME2_ADV_X0Y0      MMCME2_ADV (Prop_mmcme2_adv_CLKIN1_CLKOUT0)
                                                      0.050     1.594 r  u_mmcm/CLKOUT0
                         net (fo=1, routed)           0.648     2.242    clk_core_mmcm
    BUFGCTRL_X0Y1        BUFG (Prop_bufg_I_O)         0.026     2.268 r  u_bufg_core_replica/O
                         net (fo=14, routed)          0.030     2.298    clk_core_repN
    BUFGCTRL_X0Y0        BUFG (Prop_bufg_I_O)         0.026     2.324 r  u_bufg_core/O
                         net (fo=4912, routed)        0.563     2.886    u_mlkem/u_unpack/clk_core
    SLICE_X61Y100        FDRE                                         r  u_mlkem/u_unpack/qf0_reg[6]/C
  -------------------------------------------------------------------    -------------------
    SLICE_X61Y100        FDRE (Prop_fdre_C_Q)         0.128     3.014 r  u_mlkem/u_unpack/qf0_reg[6]/Q
                         net (fo=2, routed)           0.132     3.147    u_mlkem/u_unpack/qf0[6]
    SLICE_X60Y99         CARRY4 (Prop_carry4_DI[2]_O[3])
                                                      0.182     3.329 r  u_mlkem/u_unpack/rn0_reg[7]_i_1/O[3]
                         net (fo=1, routed)           0.000     3.329    u_mlkem/u_unpack/rn00[7]
    SLICE_X60Y99         FDRE                                         r  u_mlkem/u_unpack/rn0_reg[7]/D
  -------------------------------------------------------------------    -------------------

                         (clock clk_core_mmcm rise edge)
                                                      0.000     0.000 r  
    E3                                                0.000     0.000 r  clk_100mhz (IN)
                         net (fo=0)                   0.000     0.000    clk_100mhz
    E3                   IBUF (Prop_ibuf_I_O)         0.438     0.438 r  clk_100mhz_IBUF_inst/O
                         net (fo=1, routed)           0.699     1.136    clk_100mhz_IBUF
    BUFGCTRL_X0Y16       BUFG (Prop_bufg_I_O)         0.029     1.165 r  clk_100mhz_IBUF_BUFG_inst/O
                         net (fo=2651, routed)        0.898     2.063    clk_100mhz_IBUF_BUFG
    MMCME2_ADV_X0Y0      MMCME2_ADV (Prop_mmcme2_adv_CLKIN1_CLKOUT0)
                                                      0.053     2.116 r  u_mmcm/CLKOUT0
                         net (fo=1, routed)           0.700     2.816    clk_core_mmcm
    BUFGCTRL_X0Y1        BUFG (Prop_bufg_I_O)         0.029     2.845 r  u_bufg_core_replica/O
                         net (fo=14, routed)          0.033     2.878    clk_core_repN
    BUFGCTRL_X0Y0        BUFG (Prop_bufg_I_O)         0.029     2.907 r  u_bufg_core/O
                         net (fo=4912, routed)        0.836     3.743    u_mlkem/u_unpack/clk_core
    SLICE_X60Y99         FDRE                                         r  u_mlkem/u_unpack/rn0_reg[7]/C
                         clock pessimism             -0.583     3.159    
    SLICE_X60Y99         FDRE (Hold_fdre_C_D)         0.134     3.293    u_mlkem/u_unpack/rn0_reg[7]
  -------------------------------------------------------------------
                         required time                         -3.293    
                         arrival time                           3.329    
  -------------------------------------------------------------------
                         slack                                  0.035    

Slack (MET) :             0.045ns  (arrival time - required time)
  Source:                 u_mlkem/u_ctrl/u_rom/rom_q_reg[8]/C
                            (rising edge-triggered cell FDRE clocked by clk_core_mmcm  {rise@0.000ns fall@2.427ns period=4.854ns})
  Destination:            u_mlkem/u_ctrl/up_slot_reg[2]/D
                            (rising edge-triggered cell FDRE clocked by clk_core_mmcm  {rise@0.000ns fall@2.427ns period=4.854ns})
  Path Group:             clk_core_mmcm
  Path Type:              Hold (Min at Fast Process Corner)
  Requirement:            0.000ns  (clk_core_mmcm rise@0.000ns - clk_core_mmcm rise@0.000ns)
  Data Path Delay:        0.379ns  (logic 0.141ns (37.250%)  route 0.238ns (62.750%))
  Logic Levels:           0  
  Clock Path Skew:        0.264ns (DCD - SCD - CPR)
    Destination Clock Delay (DCD):    3.738ns
    Source Clock Delay      (SCD):    2.885ns
    Clock Pessimism Removal (CPR):    0.588ns

    Location             Delay type                Incr(ns)  Path(ns)    Netlist Resource(s)
  -------------------------------------------------------------------    -------------------
                         (clock clk_core_mmcm rise edge)
                                                      0.000     0.000 r  
    E3                                                0.000     0.000 r  clk_100mhz (IN)
                         net (fo=0)                   0.000     0.000    clk_100mhz
    E3                   IBUF (Prop_ibuf_I_O)         0.250     0.250 r  clk_100mhz_IBUF_inst/O
                         net (fo=1, routed)           0.644     0.894    clk_100mhz_IBUF
    BUFGCTRL_X0Y16       BUFG (Prop_bufg_I_O)         0.026     0.920 r  clk_100mhz_IBUF_BUFG_inst/O
                         net (fo=2651, routed)        0.624     1.544    clk_100mhz_IBUF_BUFG
    MMCME2_ADV_X0Y0      MMCME2_ADV (Prop_mmcme2_adv_CLKIN1_CLKOUT0)
                                                      0.050     1.594 r  u_mmcm/CLKOUT0
                         net (fo=1, routed)           0.648     2.242    clk_core_mmcm
    BUFGCTRL_X0Y1        BUFG (Prop_bufg_I_O)         0.026     2.268 r  u_bufg_core_replica/O
                         net (fo=14, routed)          0.030     2.298    clk_core_repN
    BUFGCTRL_X0Y0        BUFG (Prop_bufg_I_O)         0.026     2.324 r  u_bufg_core/O
                         net (fo=4912, routed)        0.562     2.885    u_mlkem/u_ctrl/u_rom/clk_core
    SLICE_X48Y103        FDRE                                         r  u_mlkem/u_ctrl/u_rom/rom_q_reg[8]/C
  -------------------------------------------------------------------    -------------------
    SLICE_X48Y103        FDRE (Prop_fdre_C_Q)         0.141     3.026 r  u_mlkem/u_ctrl/u_rom/rom_q_reg[8]/Q
                         net (fo=4, routed)           0.238     3.264    u_mlkem/u_ctrl/rom_data[34]
    SLICE_X53Y101        FDRE                                         r  u_mlkem/u_ctrl/up_slot_reg[2]/D
  -------------------------------------------------------------------    -------------------

                         (clock clk_core_mmcm rise edge)
                                                      0.000     0.000 r  
    E3                                                0.000     0.000 r  clk_100mhz (IN)
                         net (fo=0)                   0.000     0.000    clk_100mhz
    E3                   IBUF (Prop_ibuf_I_O)         0.438     0.438 r  clk_100mhz_IBUF_inst/O
                         net (fo=1, routed)           0.699     1.136    clk_100mhz_IBUF
    BUFGCTRL_X0Y16       BUFG (Prop_bufg_I_O)         0.029     1.165 r  clk_100mhz_IBUF_BUFG_inst/O
                         net (fo=2651, routed)        0.898     2.063    clk_100mhz_IBUF_BUFG
    MMCME2_ADV_X0Y0      MMCME2_ADV (Prop_mmcme2_adv_CLKIN1_CLKOUT0)
                                                      0.053     2.116 r  u_mmcm/CLKOUT0
                         net (fo=1, routed)           0.700     2.816    clk_core_mmcm
    BUFGCTRL_X0Y1        BUFG (Prop_bufg_I_O)         0.029     2.845 r  u_bufg_core_replica/O
                         net (fo=14, routed)          0.033     2.878    clk_core_repN
    BUFGCTRL_X0Y0        BUFG (Prop_bufg_I_O)         0.029     2.907 r  u_bufg_core/O
                         net (fo=4912, routed)        0.830     3.738    u_mlkem/u_ctrl/clk_core
    SLICE_X53Y101        FDRE                                         r  u_mlkem/u_ctrl/up_slot_reg[2]/C
                         clock pessimism             -0.588     3.149    
    SLICE_X53Y101        FDRE (Hold_fdre_C_D)         0.070     3.219    u_mlkem/u_ctrl/up_slot_reg[2]
  -------------------------------------------------------------------
                         required time                         -3.219    
                         arrival time                           3.264    
  -------------------------------------------------------------------
                         slack                                  0.045    

Slack (MET) :             0.056ns  (arrival time - required time)
  Source:                 u_mlkem/u_ctrl/alu_sa_reg[0]/C
                            (rising edge-triggered cell FDRE clocked by clk_core_mmcm  {rise@0.000ns fall@2.427ns period=4.854ns})
  Destination:            u_mlkem/u_alu/sa_reg[0]/D
                            (rising edge-triggered cell FDRE clocked by clk_core_mmcm  {rise@0.000ns fall@2.427ns period=4.854ns})
  Path Group:             clk_core_mmcm
  Path Type:              Hold (Min at Fast Process Corner)
  Requirement:            0.000ns  (clk_core_mmcm rise@0.000ns - clk_core_mmcm rise@0.000ns)
  Data Path Delay:        0.385ns  (logic 0.141ns (36.619%)  route 0.244ns (63.381%))
  Logic Levels:           0  
  Clock Path Skew:        0.270ns (DCD - SCD - CPR)
    Destination Clock Delay (DCD):    3.738ns
    Source Clock Delay      (SCD):    2.884ns
    Clock Pessimism Removal (CPR):    0.583ns

    Location             Delay type                Incr(ns)  Path(ns)    Netlist Resource(s)
  -------------------------------------------------------------------    -------------------
                         (clock clk_core_mmcm rise edge)
                                                      0.000     0.000 r  
    E3                                                0.000     0.000 r  clk_100mhz (IN)
                         net (fo=0)                   0.000     0.000    clk_100mhz
    E3                   IBUF (Prop_ibuf_I_O)         0.250     0.250 r  clk_100mhz_IBUF_inst/O
                         net (fo=1, routed)           0.644     0.894    clk_100mhz_IBUF
    BUFGCTRL_X0Y16       BUFG (Prop_bufg_I_O)         0.026     0.920 r  clk_100mhz_IBUF_BUFG_inst/O
                         net (fo=2651, routed)        0.624     1.544    clk_100mhz_IBUF_BUFG
    MMCME2_ADV_X0Y0      MMCME2_ADV (Prop_mmcme2_adv_CLKIN1_CLKOUT0)
                                                      0.050     1.594 r  u_mmcm/CLKOUT0
                         net (fo=1, routed)           0.648     2.242    clk_core_mmcm
    BUFGCTRL_X0Y1        BUFG (Prop_bufg_I_O)         0.026     2.268 r  u_bufg_core_replica/O
                         net (fo=14, routed)          0.030     2.298    clk_core_repN
    BUFGCTRL_X0Y0        BUFG (Prop_bufg_I_O)         0.026     2.324 r  u_bufg_core/O
                         net (fo=4912, routed)        0.561     2.884    u_mlkem/u_ctrl/clk_core
    SLICE_X52Y100        FDRE                                         r  u_mlkem/u_ctrl/alu_sa_reg[0]/C
  -------------------------------------------------------------------    -------------------
    SLICE_X52Y100        FDRE (Prop_fdre_C_Q)         0.141     3.025 r  u_mlkem/u_ctrl/alu_sa_reg[0]/Q
                         net (fo=1, routed)           0.244     3.269    u_mlkem/u_alu/alu_sa[0]
    SLICE_X54Y92         FDRE                                         r  u_mlkem/u_alu/sa_reg[0]/D
  -------------------------------------------------------------------    -------------------

                         (clock clk_core_mmcm rise edge)
                                                      0.000     0.000 r  
    E3                                                0.000     0.000 r  clk_100mhz (IN)
                         net (fo=0)                   0.000     0.000    clk_100mhz
    E3                   IBUF (Prop_ibuf_I_O)         0.438     0.438 r  clk_100mhz_IBUF_inst/O
                         net (fo=1, routed)           0.699     1.136    clk_100mhz_IBUF
    BUFGCTRL_X0Y16       BUFG (Prop_bufg_I_O)         0.029     1.165 r  clk_100mhz_IBUF_BUFG_inst/O
                         net (fo=2651, routed)        0.898     2.063    clk_100mhz_IBUF_BUFG
    MMCME2_ADV_X0Y0      MMCME2_ADV (Prop_mmcme2_adv_CLKIN1_CLKOUT0)
                                                      0.053     2.116 r  u_mmcm/CLKOUT0
                         net (fo=1, routed)           0.700     2.816    clk_core_mmcm
    BUFGCTRL_X0Y1        BUFG (Prop_bufg_I_O)         0.029     2.845 r  u_bufg_core_replica/O
                         net (fo=14, routed)          0.033     2.878    clk_core_repN
    BUFGCTRL_X0Y0        BUFG (Prop_bufg_I_O)         0.029     2.907 r  u_bufg_core/O
                         net (fo=4912, routed)        0.831     3.738    u_mlkem/u_alu/clk_core
    SLICE_X54Y92         FDRE                                         r  u_mlkem/u_alu/sa_reg[0]/C
                         clock pessimism             -0.583     3.154    
    SLICE_X54Y92         FDRE (Hold_fdre_C_D)         0.059     3.213    u_mlkem/u_alu/sa_reg[0]
  -------------------------------------------------------------------
                         required time                         -3.213    
                         arrival time                           3.269    
  -------------------------------------------------------------------
                         slack                                  0.056    

Slack (MET) :             0.058ns  (arrival time - required time)
  Source:                 u_mlkem/u_ctrl/alu_sc_reg[0]/C
                            (rising edge-triggered cell FDRE clocked by clk_core_mmcm  {rise@0.000ns fall@2.427ns period=4.854ns})
  Destination:            u_mlkem/u_alu/sc_reg[0]/D
                            (rising edge-triggered cell FDRE clocked by clk_core_mmcm  {rise@0.000ns fall@2.427ns period=4.854ns})
  Path Group:             clk_core_mmcm
  Path Type:              Hold (Min at Fast Process Corner)
  Requirement:            0.000ns  (clk_core_mmcm rise@0.000ns - clk_core_mmcm rise@0.000ns)
  Data Path Delay:        0.393ns  (logic 0.141ns (35.864%)  route 0.252ns (64.136%))
  Logic Levels:           0  
  Clock Path Skew:        0.272ns (DCD - SCD - CPR)
    Destination Clock Delay (DCD):    3.740ns
    Source Clock Delay      (SCD):    2.884ns
    Clock Pessimism Removal (CPR):    0.583ns

    Location             Delay type                Incr(ns)  Path(ns)    Netlist Resource(s)
  -------------------------------------------------------------------    -------------------
                         (clock clk_core_mmcm rise edge)
                                                      0.000     0.000 r  
    E3                                                0.000     0.000 r  clk_100mhz (IN)
                         net (fo=0)                   0.000     0.000    clk_100mhz
    E3                   IBUF (Prop_ibuf_I_O)         0.250     0.250 r  clk_100mhz_IBUF_inst/O
                         net (fo=1, routed)           0.644     0.894    clk_100mhz_IBUF
    BUFGCTRL_X0Y16       BUFG (Prop_bufg_I_O)         0.026     0.920 r  clk_100mhz_IBUF_BUFG_inst/O
                         net (fo=2651, routed)        0.624     1.544    clk_100mhz_IBUF_BUFG
    MMCME2_ADV_X0Y0      MMCME2_ADV (Prop_mmcme2_adv_CLKIN1_CLKOUT0)
                                                      0.050     1.594 r  u_mmcm/CLKOUT0
                         net (fo=1, routed)           0.648     2.242    clk_core_mmcm
    BUFGCTRL_X0Y1        BUFG (Prop_bufg_I_O)         0.026     2.268 r  u_bufg_core_replica/O
                         net (fo=14, routed)          0.030     2.298    clk_core_repN
    BUFGCTRL_X0Y0        BUFG (Prop_bufg_I_O)         0.026     2.324 r  u_bufg_core/O
                         net (fo=4912, routed)        0.561     2.884    u_mlkem/u_ctrl/clk_core
    SLICE_X52Y100        FDRE                                         r  u_mlkem/u_ctrl/alu_sc_reg[0]/C
  -------------------------------------------------------------------    -------------------
    SLICE_X52Y100        FDRE (Prop_fdre_C_Q)         0.141     3.025 r  u_mlkem/u_ctrl/alu_sc_reg[0]/Q
                         net (fo=1, routed)           0.252     3.278    u_mlkem/u_alu/alu_sc[0]
    SLICE_X56Y93         FDRE                                         r  u_mlkem/u_alu/sc_reg[0]/D
  -------------------------------------------------------------------    -------------------

                         (clock clk_core_mmcm rise edge)
                                                      0.000     0.000 r  
    E3                                                0.000     0.000 r  clk_100mhz (IN)
                         net (fo=0)                   0.000     0.000    clk_100mhz
    E3                   IBUF (Prop_ibuf_I_O)         0.438     0.438 r  clk_100mhz_IBUF_inst/O
                         net (fo=1, routed)           0.699     1.136    clk_100mhz_IBUF
    BUFGCTRL_X0Y16       BUFG (Prop_bufg_I_O)         0.029     1.165 r  clk_100mhz_IBUF_BUFG_inst/O
                         net (fo=2651, routed)        0.898     2.063    clk_100mhz_IBUF_BUFG
    MMCME2_ADV_X0Y0      MMCME2_ADV (Prop_mmcme2_adv_CLKIN1_CLKOUT0)
                                                      0.053     2.116 r  u_mmcm/CLKOUT0
                         net (fo=1, routed)           0.700     2.816    clk_core_mmcm
    BUFGCTRL_X0Y1        BUFG (Prop_bufg_I_O)         0.029     2.845 r  u_bufg_core_replica/O
                         net (fo=14, routed)          0.033     2.878    clk_core_repN
    BUFGCTRL_X0Y0        BUFG (Prop_bufg_I_O)         0.029     2.907 r  u_bufg_core/O
                         net (fo=4912, routed)        0.833     3.740    u_mlkem/u_alu/clk_core
    SLICE_X56Y93         FDRE                                         r  u_mlkem/u_alu/sc_reg[0]/C
                         clock pessimism             -0.583     3.156    
    SLICE_X56Y93         FDRE (Hold_fdre_C_D)         0.063     3.219    u_mlkem/u_alu/sc_reg[0]
  -------------------------------------------------------------------
                         required time                         -3.219    
                         arrival time                           3.278    
  -------------------------------------------------------------------
                         slack                                  0.058    

Slack (MET) :             0.061ns  (arrival time - required time)
  Source:                 u_mlkem/u_ctrl/alu_sb_reg[0]/C
                            (rising edge-triggered cell FDRE clocked by clk_core_mmcm  {rise@0.000ns fall@2.427ns period=4.854ns})
  Destination:            u_mlkem/u_alu/sb_reg[0]/D
                            (rising edge-triggered cell FDRE clocked by clk_core_mmcm  {rise@0.000ns fall@2.427ns period=4.854ns})
  Path Group:             clk_core_mmcm
  Path Type:              Hold (Min at Fast Process Corner)
  Requirement:            0.000ns  (clk_core_mmcm rise@0.000ns - clk_core_mmcm rise@0.000ns)
  Data Path Delay:        0.383ns  (logic 0.141ns (36.786%)  route 0.242ns (63.214%))
  Logic Levels:           0  
  Clock Path Skew:        0.270ns (DCD - SCD - CPR)
    Destination Clock Delay (DCD):    3.738ns
    Source Clock Delay      (SCD):    2.884ns
    Clock Pessimism Removal (CPR):    0.583ns

    Location             Delay type                Incr(ns)  Path(ns)    Netlist Resource(s)
  -------------------------------------------------------------------    -------------------
                         (clock clk_core_mmcm rise edge)
                                                      0.000     0.000 r  
    E3                                                0.000     0.000 r  clk_100mhz (IN)
                         net (fo=0)                   0.000     0.000    clk_100mhz
    E3                   IBUF (Prop_ibuf_I_O)         0.250     0.250 r  clk_100mhz_IBUF_inst/O
                         net (fo=1, routed)           0.644     0.894    clk_100mhz_IBUF
    BUFGCTRL_X0Y16       BUFG (Prop_bufg_I_O)         0.026     0.920 r  clk_100mhz_IBUF_BUFG_inst/O
                         net (fo=2651, routed)        0.624     1.544    clk_100mhz_IBUF_BUFG
    MMCME2_ADV_X0Y0      MMCME2_ADV (Prop_mmcme2_adv_CLKIN1_CLKOUT0)
                                                      0.050     1.594 r  u_mmcm/CLKOUT0
                         net (fo=1, routed)           0.648     2.242    clk_core_mmcm
    BUFGCTRL_X0Y1        BUFG (Prop_bufg_I_O)         0.026     2.268 r  u_bufg_core_replica/O
                         net (fo=14, routed)          0.030     2.298    clk_core_repN
    BUFGCTRL_X0Y0        BUFG (Prop_bufg_I_O)         0.026     2.324 r  u_bufg_core/O
                         net (fo=4912, routed)        0.561     2.884    u_mlkem/u_ctrl/clk_core
    SLICE_X52Y100        FDRE                                         r  u_mlkem/u_ctrl/alu_sb_reg[0]/C
  -------------------------------------------------------------------    -------------------
    SLICE_X52Y100        FDRE (Prop_fdre_C_Q)         0.141     3.025 r  u_mlkem/u_ctrl/alu_sb_reg[0]/Q
                         net (fo=1, routed)           0.242     3.268    u_mlkem/u_alu/alu_sb[0]
    SLICE_X54Y92         FDRE                                         r  u_mlkem/u_alu/sb_reg[0]/D
  -------------------------------------------------------------------    -------------------

                         (clock clk_core_mmcm rise edge)
                                                      0.000     0.000 r  
    E3                                                0.000     0.000 r  clk_100mhz (IN)
                         net (fo=0)                   0.000     0.000    clk_100mhz
    E3                   IBUF (Prop_ibuf_I_O)         0.438     0.438 r  clk_100mhz_IBUF_inst/O
                         net (fo=1, routed)           0.699     1.136    clk_100mhz_IBUF
    BUFGCTRL_X0Y16       BUFG (Prop_bufg_I_O)         0.029     1.165 r  clk_100mhz_IBUF_BUFG_inst/O
                         net (fo=2651, routed)        0.898     2.063    clk_100mhz_IBUF_BUFG
    MMCME2_ADV_X0Y0      MMCME2_ADV (Prop_mmcme2_adv_CLKIN1_CLKOUT0)
                                                      0.053     2.116 r  u_mmcm/CLKOUT0
                         net (fo=1, routed)           0.700     2.816    clk_core_mmcm
    BUFGCTRL_X0Y1        BUFG (Prop_bufg_I_O)         0.029     2.845 r  u_bufg_core_replica/O
                         net (fo=14, routed)          0.033     2.878    clk_core_repN
    BUFGCTRL_X0Y0        BUFG (Prop_bufg_I_O)         0.029     2.907 r  u_bufg_core/O
                         net (fo=4912, routed)        0.831     3.738    u_mlkem/u_alu/clk_core
    SLICE_X54Y92         FDRE                                         r  u_mlkem/u_alu/sb_reg[0]/C
                         clock pessimism             -0.583     3.154    
    SLICE_X54Y92         FDRE (Hold_fdre_C_D)         0.052     3.206    u_mlkem/u_alu/sb_reg[0]
  -------------------------------------------------------------------
                         required time                         -3.206    
                         arrival time                           3.268    
  -------------------------------------------------------------------
                         slack                                  0.061    

Slack (MET) :             0.063ns  (arrival time - required time)
  Source:                 u_mlkem/u_ctrl/u_rom/rom_q_reg[40]/C
                            (rising edge-triggered cell FDRE clocked by clk_core_mmcm  {rise@0.000ns fall@2.427ns period=4.854ns})
  Destination:            u_mlkem/u_ctrl/up_check_reg/D
                            (rising edge-triggered cell FDRE clocked by clk_core_mmcm  {rise@0.000ns fall@2.427ns period=4.854ns})
  Path Group:             clk_core_mmcm
  Path Type:              Hold (Min at Fast Process Corner)
  Requirement:            0.000ns  (clk_core_mmcm rise@0.000ns - clk_core_mmcm rise@0.000ns)
  Data Path Delay:        0.383ns  (logic 0.141ns (36.788%)  route 0.242ns (63.212%))
  Logic Levels:           0  
  Clock Path Skew:        0.261ns (DCD - SCD - CPR)
    Destination Clock Delay (DCD):    3.735ns
    Source Clock Delay      (SCD):    2.885ns
    Clock Pessimism Removal (CPR):    0.588ns

    Location             Delay type                Incr(ns)  Path(ns)    Netlist Resource(s)
  -------------------------------------------------------------------    -------------------
                         (clock clk_core_mmcm rise edge)
                                                      0.000     0.000 r  
    E3                                                0.000     0.000 r  clk_100mhz (IN)
                         net (fo=0)                   0.000     0.000    clk_100mhz
    E3                   IBUF (Prop_ibuf_I_O)         0.250     0.250 r  clk_100mhz_IBUF_inst/O
                         net (fo=1, routed)           0.644     0.894    clk_100mhz_IBUF
    BUFGCTRL_X0Y16       BUFG (Prop_bufg_I_O)         0.026     0.920 r  clk_100mhz_IBUF_BUFG_inst/O
                         net (fo=2651, routed)        0.624     1.544    clk_100mhz_IBUF_BUFG
    MMCME2_ADV_X0Y0      MMCME2_ADV (Prop_mmcme2_adv_CLKIN1_CLKOUT0)
                                                      0.050     1.594 r  u_mmcm/CLKOUT0
                         net (fo=1, routed)           0.648     2.242    clk_core_mmcm
    BUFGCTRL_X0Y1        BUFG (Prop_bufg_I_O)         0.026     2.268 r  u_bufg_core_replica/O
                         net (fo=14, routed)          0.030     2.298    clk_core_repN
    BUFGCTRL_X0Y0        BUFG (Prop_bufg_I_O)         0.026     2.324 r  u_bufg_core/O
                         net (fo=4912, routed)        0.562     2.885    u_mlkem/u_ctrl/u_rom/clk_core
    SLICE_X45Y111        FDRE                                         r  u_mlkem/u_ctrl/u_rom/rom_q_reg[40]/C
  -------------------------------------------------------------------    -------------------
    SLICE_X45Y111        FDRE (Prop_fdre_C_Q)         0.141     3.026 r  u_mlkem/u_ctrl/u_rom/rom_q_reg[40]/Q
                         net (fo=2, routed)           0.242     3.269    u_mlkem/u_ctrl/rom_data[84]
    SLICE_X54Y111        FDRE                                         r  u_mlkem/u_ctrl/up_check_reg/D
  -------------------------------------------------------------------    -------------------

                         (clock clk_core_mmcm rise edge)
                                                      0.000     0.000 r  
    E3                                                0.000     0.000 r  clk_100mhz (IN)
                         net (fo=0)                   0.000     0.000    clk_100mhz
    E3                   IBUF (Prop_ibuf_I_O)         0.438     0.438 r  clk_100mhz_IBUF_inst/O
                         net (fo=1, routed)           0.699     1.136    clk_100mhz_IBUF
    BUFGCTRL_X0Y16       BUFG (Prop_bufg_I_O)         0.029     1.165 r  clk_100mhz_IBUF_BUFG_inst/O
                         net (fo=2651, routed)        0.898     2.063    clk_100mhz_IBUF_BUFG
    MMCME2_ADV_X0Y0      MMCME2_ADV (Prop_mmcme2_adv_CLKIN1_CLKOUT0)
                                                      0.053     2.116 r  u_mmcm/CLKOUT0
                         net (fo=1, routed)           0.700     2.816    clk_core_mmcm
    BUFGCTRL_X0Y1        BUFG (Prop_bufg_I_O)         0.029     2.845 r  u_bufg_core_replica/O
                         net (fo=14, routed)          0.033     2.878    clk_core_repN
    BUFGCTRL_X0Y0        BUFG (Prop_bufg_I_O)         0.029     2.907 r  u_bufg_core/O
                         net (fo=4912, routed)        0.827     3.735    u_mlkem/u_ctrl/clk_core
    SLICE_X54Y111        FDRE                                         r  u_mlkem/u_ctrl/up_check_reg/C
                         clock pessimism             -0.588     3.146    
    SLICE_X54Y111        FDRE (Hold_fdre_C_D)         0.059     3.205    u_mlkem/u_ctrl/up_check_reg
  -------------------------------------------------------------------
                         required time                         -3.205    
                         arrival time                           3.269    
  -------------------------------------------------------------------
                         slack                                  0.063    

Slack (MET) :             0.064ns  (arrival time - required time)
  Source:                 u_mlkem/u_ctrl/alu_sc_reg[2]/C
                            (rising edge-triggered cell FDRE clocked by clk_core_mmcm  {rise@0.000ns fall@2.427ns period=4.854ns})
  Destination:            u_mlkem/u_alu/sc_reg[2]/D
                            (rising edge-triggered cell FDRE clocked by clk_core_mmcm  {rise@0.000ns fall@2.427ns period=4.854ns})
  Path Group:             clk_core_mmcm
  Path Type:              Hold (Min at Fast Process Corner)
  Requirement:            0.000ns  (clk_core_mmcm rise@0.000ns - clk_core_mmcm rise@0.000ns)
  Data Path Delay:        0.394ns  (logic 0.141ns (35.763%)  route 0.253ns (64.237%))
  Logic Levels:           0  
  Clock Path Skew:        0.271ns (DCD - SCD - CPR)
    Destination Clock Delay (DCD):    3.739ns
    Source Clock Delay      (SCD):    2.884ns
    Clock Pessimism Removal (CPR):    0.583ns

    Location             Delay type                Incr(ns)  Path(ns)    Netlist Resource(s)
  -------------------------------------------------------------------    -------------------
                         (clock clk_core_mmcm rise edge)
                                                      0.000     0.000 r  
    E3                                                0.000     0.000 r  clk_100mhz (IN)
                         net (fo=0)                   0.000     0.000    clk_100mhz
    E3                   IBUF (Prop_ibuf_I_O)         0.250     0.250 r  clk_100mhz_IBUF_inst/O
                         net (fo=1, routed)           0.644     0.894    clk_100mhz_IBUF
    BUFGCTRL_X0Y16       BUFG (Prop_bufg_I_O)         0.026     0.920 r  clk_100mhz_IBUF_BUFG_inst/O
                         net (fo=2651, routed)        0.624     1.544    clk_100mhz_IBUF_BUFG
    MMCME2_ADV_X0Y0      MMCME2_ADV (Prop_mmcme2_adv_CLKIN1_CLKOUT0)
                                                      0.050     1.594 r  u_mmcm/CLKOUT0
                         net (fo=1, routed)           0.648     2.242    clk_core_mmcm
    BUFGCTRL_X0Y1        BUFG (Prop_bufg_I_O)         0.026     2.268 r  u_bufg_core_replica/O
                         net (fo=14, routed)          0.030     2.298    clk_core_repN
    BUFGCTRL_X0Y0        BUFG (Prop_bufg_I_O)         0.026     2.324 r  u_bufg_core/O
                         net (fo=4912, routed)        0.561     2.884    u_mlkem/u_ctrl/clk_core
    SLICE_X52Y100        FDRE                                         r  u_mlkem/u_ctrl/alu_sc_reg[2]/C
  -------------------------------------------------------------------    -------------------
    SLICE_X52Y100        FDRE (Prop_fdre_C_Q)         0.141     3.025 r  u_mlkem/u_ctrl/alu_sc_reg[2]/Q
                         net (fo=1, routed)           0.253     3.279    u_mlkem/u_alu/alu_sc[2]
    SLICE_X54Y93         FDRE                                         r  u_mlkem/u_alu/sc_reg[2]/D
  -------------------------------------------------------------------    -------------------

                         (clock clk_core_mmcm rise edge)
                                                      0.000     0.000 r  
    E3                                                0.000     0.000 r  clk_100mhz (IN)
                         net (fo=0)                   0.000     0.000    clk_100mhz
    E3                   IBUF (Prop_ibuf_I_O)         0.438     0.438 r  clk_100mhz_IBUF_inst/O
                         net (fo=1, routed)           0.699     1.136    clk_100mhz_IBUF
    BUFGCTRL_X0Y16       BUFG (Prop_bufg_I_O)         0.029     1.165 r  clk_100mhz_IBUF_BUFG_inst/O
                         net (fo=2651, routed)        0.898     2.063    clk_100mhz_IBUF_BUFG
    MMCME2_ADV_X0Y0      MMCME2_ADV (Prop_mmcme2_adv_CLKIN1_CLKOUT0)
                                                      0.053     2.116 r  u_mmcm/CLKOUT0
                         net (fo=1, routed)           0.700     2.816    clk_core_mmcm
    BUFGCTRL_X0Y1        BUFG (Prop_bufg_I_O)         0.029     2.845 r  u_bufg_core_replica/O
                         net (fo=14, routed)          0.033     2.878    clk_core_repN
    BUFGCTRL_X0Y0        BUFG (Prop_bufg_I_O)         0.029     2.907 r  u_bufg_core/O
                         net (fo=4912, routed)        0.832     3.739    u_mlkem/u_alu/clk_core
    SLICE_X54Y93         FDRE                                         r  u_mlkem/u_alu/sc_reg[2]/C
                         clock pessimism             -0.583     3.155    
    SLICE_X54Y93         FDRE (Hold_fdre_C_D)         0.059     3.214    u_mlkem/u_alu/sc_reg[2]
  -------------------------------------------------------------------
                         required time                         -3.214    
                         arrival time                           3.279    
  -------------------------------------------------------------------
                         slack                                  0.064    

Slack (MET) :             0.065ns  (arrival time - required time)
  Source:                 u_mlkem/u_unpack/qf0_reg[2]/C
                            (rising edge-triggered cell FDRE clocked by clk_core_mmcm  {rise@0.000ns fall@2.427ns period=4.854ns})
  Destination:            u_mlkem/u_unpack/rn0_reg[8]/D
                            (rising edge-triggered cell FDRE clocked by clk_core_mmcm  {rise@0.000ns fall@2.427ns period=4.854ns})
  Path Group:             clk_core_mmcm
  Path Type:              Hold (Min at Fast Process Corner)
  Requirement:            0.000ns  (clk_core_mmcm rise@0.000ns - clk_core_mmcm rise@0.000ns)
  Data Path Delay:        0.468ns  (logic 0.394ns (84.144%)  route 0.074ns (15.856%))
  Logic Levels:           3  (CARRY4=3)
  Clock Path Skew:        0.269ns (DCD - SCD - CPR)
    Destination Clock Delay (DCD):    3.741ns
    Source Clock Delay      (SCD):    2.888ns
    Clock Pessimism Removal (CPR):    0.583ns

    Location             Delay type                Incr(ns)  Path(ns)    Netlist Resource(s)
  -------------------------------------------------------------------    -------------------
                         (clock clk_core_mmcm rise edge)
                                                      0.000     0.000 r  
    E3                                                0.000     0.000 r  clk_100mhz (IN)
                         net (fo=0)                   0.000     0.000    clk_100mhz
    E3                   IBUF (Prop_ibuf_I_O)         0.250     0.250 r  clk_100mhz_IBUF_inst/O
                         net (fo=1, routed)           0.644     0.894    clk_100mhz_IBUF
    BUFGCTRL_X0Y16       BUFG (Prop_bufg_I_O)         0.026     0.920 r  clk_100mhz_IBUF_BUFG_inst/O
                         net (fo=2651, routed)        0.624     1.544    clk_100mhz_IBUF_BUFG
    MMCME2_ADV_X0Y0      MMCME2_ADV (Prop_mmcme2_adv_CLKIN1_CLKOUT0)
                                                      0.050     1.594 r  u_mmcm/CLKOUT0
                         net (fo=1, routed)           0.648     2.242    clk_core_mmcm
    BUFGCTRL_X0Y1        BUFG (Prop_bufg_I_O)         0.026     2.268 r  u_bufg_core_replica/O
                         net (fo=14, routed)          0.030     2.298    clk_core_repN
    BUFGCTRL_X0Y0        BUFG (Prop_bufg_I_O)         0.026     2.324 r  u_bufg_core/O
                         net (fo=4912, routed)        0.565     2.888    u_mlkem/u_unpack/clk_core
    SLICE_X61Y98         FDRE                                         r  u_mlkem/u_unpack/qf0_reg[2]/C
  -------------------------------------------------------------------    -------------------
    SLICE_X61Y98         FDRE (Prop_fdre_C_Q)         0.128     3.016 r  u_mlkem/u_unpack/qf0_reg[2]/Q
                         net (fo=2, routed)           0.074     3.090    u_mlkem/u_unpack/qf0[2]
    SLICE_X60Y98         CARRY4 (Prop_carry4_DI[2]_CO[3])
                                                      0.173     3.263 r  u_mlkem/u_unpack/rn0_reg[3]_i_1/CO[3]
                         net (fo=1, routed)           0.000     3.263    u_mlkem/u_unpack/rn0_reg[3]_i_1_n_0
    SLICE_X60Y99         CARRY4 (Prop_carry4_CI_CO[3])
                                                      0.040     3.303 r  u_mlkem/u_unpack/rn0_reg[7]_i_1/CO[3]
                         net (fo=1, routed)           0.001     3.304    u_mlkem/u_unpack/rn0_reg[7]_i_1_n_0
    SLICE_X60Y100        CARRY4 (Prop_carry4_CI_O[0])
                                                      0.053     3.357 r  u_mlkem/u_unpack/rn0_reg[11]_i_1/O[0]
                         net (fo=1, routed)           0.000     3.357    u_mlkem/u_unpack/rn00[8]
    SLICE_X60Y100        FDRE                                         r  u_mlkem/u_unpack/rn0_reg[8]/D
  -------------------------------------------------------------------    -------------------

                         (clock clk_core_mmcm rise edge)
                                                      0.000     0.000 r  
    E3                                                0.000     0.000 r  clk_100mhz (IN)
                         net (fo=0)                   0.000     0.000    clk_100mhz
    E3                   IBUF (Prop_ibuf_I_O)         0.438     0.438 r  clk_100mhz_IBUF_inst/O
                         net (fo=1, routed)           0.699     1.136    clk_100mhz_IBUF
    BUFGCTRL_X0Y16       BUFG (Prop_bufg_I_O)         0.029     1.165 r  clk_100mhz_IBUF_BUFG_inst/O
                         net (fo=2651, routed)        0.898     2.063    clk_100mhz_IBUF_BUFG
    MMCME2_ADV_X0Y0      MMCME2_ADV (Prop_mmcme2_adv_CLKIN1_CLKOUT0)
                                                      0.053     2.116 r  u_mmcm/CLKOUT0
                         net (fo=1, routed)           0.700     2.816    clk_core_mmcm
    BUFGCTRL_X0Y1        BUFG (Prop_bufg_I_O)         0.029     2.845 r  u_bufg_core_replica/O
                         net (fo=14, routed)          0.033     2.878    clk_core_repN
    BUFGCTRL_X0Y0        BUFG (Prop_bufg_I_O)         0.029     2.907 r  u_bufg_core/O
                         net (fo=4912, routed)        0.833     3.741    u_mlkem/u_unpack/clk_core
    SLICE_X60Y100        FDRE                                         r  u_mlkem/u_unpack/rn0_reg[8]/C
                         clock pessimism             -0.583     3.157    
    SLICE_X60Y100        FDRE (Hold_fdre_C_D)         0.134     3.291    u_mlkem/u_unpack/rn0_reg[8]
  -------------------------------------------------------------------
                         required time                         -3.291    
                         arrival time                           3.357    
  -------------------------------------------------------------------
                         slack                                  0.065    





Pulse Width Checks
--------------------------------------------------------------------------------------
Clock Name:         clk_core_mmcm
Waveform(ns):       { 0.000 2.427 }
Period(ns):         4.854
Sources:            { u_mmcm/CLKOUT0 }

Check Type        Corner  Lib Pin             Reference Pin  Required(ns)  Actual(ns)  Slack(ns)  Location         Pin
Min Period        n/a     RAMB36E1/CLKARDCLK  n/a            2.944         4.854       1.910      RAMB36_X1Y24     u_mlkem/u_dbuf/mem_reg_0/CLKARDCLK
Min Period        n/a     RAMB36E1/CLKBWRCLK  n/a            2.944         4.854       1.910      RAMB36_X1Y24     u_mlkem/u_dbuf/mem_reg_0/CLKBWRCLK
Min Period        n/a     RAMB36E1/CLKARDCLK  n/a            2.944         4.854       1.910      RAMB36_X1Y23     u_mlkem/u_dbuf/mem_reg_1/CLKARDCLK
Min Period        n/a     RAMB36E1/CLKBWRCLK  n/a            2.944         4.854       1.910      RAMB36_X1Y23     u_mlkem/u_dbuf/mem_reg_1/CLKBWRCLK
Min Period        n/a     RAMB36E1/CLKARDCLK  n/a            2.944         4.854       1.910      RAMB36_X1Y18     u_mlkem/u_polyram/mem_reg/CLKARDCLK
Min Period        n/a     RAMB36E1/CLKBWRCLK  n/a            2.944         4.854       1.910      RAMB36_X1Y18     u_mlkem/u_polyram/mem_reg/CLKBWRCLK
Min Period        n/a     BUFG/I              n/a            2.155         4.854       2.699      BUFGCTRL_X0Y0    u_bufg_core/I
Min Period        n/a     BUFG/I              n/a            2.155         4.854       2.699      BUFGCTRL_X0Y1    u_bufg_core_replica/I
Min Period        n/a     DSP48E1/CLK         n/a            2.154         4.854       2.700      DSP48_X2Y30      u_mlkem/u_alu/u_mul0/p2_reg/CLK
Min Period        n/a     DSP48E1/CLK         n/a            2.154         4.854       2.700      DSP48_X1Y30      u_mlkem/u_alu/u_mul1/p2_reg/CLK
Max Period        n/a     MMCME2_ADV/CLKOUT0  n/a            213.360       4.854       208.506    MMCME2_ADV_X0Y0  u_mmcm/CLKOUT0
Low Pulse Width   Slow    RAMD32/CLK          n/a            1.250         2.427       1.177      SLICE_X50Y134    u_mlkem/u_read_fifo/even_mem_reg_0_3_0_5/RAMA/CLK
Low Pulse Width   Fast    RAMD32/CLK          n/a            1.250         2.427       1.177      SLICE_X50Y134    u_mlkem/u_read_fifo/even_mem_reg_0_3_0_5/RAMA/CLK
Low Pulse Width   Slow    RAMD32/CLK          n/a            1.250         2.427       1.177      SLICE_X50Y134    u_mlkem/u_read_fifo/even_mem_reg_0_3_0_5/RAMA_D1/CLK
Low Pulse Width   Fast    RAMD32/CLK          n/a            1.250         2.427       1.177      SLICE_X50Y134    u_mlkem/u_read_fifo/even_mem_reg_0_3_0_5/RAMA_D1/CLK
Low Pulse Width   Slow    RAMD32/CLK          n/a            1.250         2.427       1.177      SLICE_X50Y134    u_mlkem/u_read_fifo/even_mem_reg_0_3_0_5/RAMB/CLK
Low Pulse Width   Fast    RAMD32/CLK          n/a            1.250         2.427       1.177      SLICE_X50Y134    u_mlkem/u_read_fifo/even_mem_reg_0_3_0_5/RAMB/CLK
Low Pulse Width   Slow    RAMD32/CLK          n/a            1.250         2.427       1.177      SLICE_X50Y134    u_mlkem/u_read_fifo/even_mem_reg_0_3_0_5/RAMB_D1/CLK
Low Pulse Width   Fast    RAMD32/CLK          n/a            1.250         2.427       1.177      SLICE_X50Y134    u_mlkem/u_read_fifo/even_mem_reg_0_3_0_5/RAMB_D1/CLK
Low Pulse Width   Slow    RAMD32/CLK          n/a            1.250         2.427       1.177      SLICE_X50Y134    u_mlkem/u_read_fifo/even_mem_reg_0_3_0_5/RAMC/CLK
Low Pulse Width   Fast    RAMD32/CLK          n/a            1.250         2.427       1.177      SLICE_X50Y134    u_mlkem/u_read_fifo/even_mem_reg_0_3_0_5/RAMC/CLK
High Pulse Width  Slow    RAMD32/CLK          n/a            1.250         2.427       1.177      SLICE_X50Y134    u_mlkem/u_read_fifo/even_mem_reg_0_3_0_5/RAMA/CLK
High Pulse Width  Fast    RAMD32/CLK          n/a            1.250         2.427       1.177      SLICE_X50Y134    u_mlkem/u_read_fifo/even_mem_reg_0_3_0_5/RAMA/CLK
High Pulse Width  Slow    RAMD32/CLK          n/a            1.250         2.427       1.177      SLICE_X50Y134    u_mlkem/u_read_fifo/even_mem_reg_0_3_0_5/RAMA_D1/CLK
High Pulse Width  Fast    RAMD32/CLK          n/a            1.250         2.427       1.177      SLICE_X50Y134    u_mlkem/u_read_fifo/even_mem_reg_0_3_0_5/RAMA_D1/CLK
High Pulse Width  Slow    RAMD32/CLK          n/a            1.250         2.427       1.177      SLICE_X50Y134    u_mlkem/u_read_fifo/even_mem_reg_0_3_0_5/RAMB/CLK
High Pulse Width  Fast    RAMD32/CLK          n/a            1.250         2.427       1.177      SLICE_X50Y134    u_mlkem/u_read_fifo/even_mem_reg_0_3_0_5/RAMB/CLK
High Pulse Width  Slow    RAMD32/CLK          n/a            1.250         2.427       1.177      SLICE_X50Y134    u_mlkem/u_read_fifo/even_mem_reg_0_3_0_5/RAMB_D1/CLK
High Pulse Width  Fast    RAMD32/CLK          n/a            1.250         2.427       1.177      SLICE_X50Y134    u_mlkem/u_read_fifo/even_mem_reg_0_3_0_5/RAMB_D1/CLK
High Pulse Width  Slow    RAMD32/CLK          n/a            1.250         2.427       1.177      SLICE_X50Y134    u_mlkem/u_read_fifo/even_mem_reg_0_3_0_5/RAMC/CLK
High Pulse Width  Fast    RAMD32/CLK          n/a            1.250         2.427       1.177      SLICE_X50Y134    u_mlkem/u_read_fifo/even_mem_reg_0_3_0_5/RAMC/CLK



---------------------------------------------------------------------------------------------------
From Clock:  mmcm_fb
  To Clock:  mmcm_fb

Setup :           NA  Failing Endpoints,  Worst Slack           NA  ,  Total Violation           NA
Hold  :           NA  Failing Endpoints,  Worst Slack           NA  ,  Total Violation           NA
PW    :            0  Failing Endpoints,  Worst Slack       48.751ns,  Total Violation        0.000ns
---------------------------------------------------------------------------------------------------


Pulse Width Checks
--------------------------------------------------------------------------------------
Clock Name:         mmcm_fb
Waveform(ns):       { 0.000 25.000 }
Period(ns):         50.000
Sources:            { u_mmcm/CLKFBOUT }

Check Type  Corner  Lib Pin              Reference Pin  Required(ns)  Actual(ns)  Slack(ns)  Location         Pin
Min Period  n/a     MMCME2_ADV/CLKFBOUT  n/a            1.249         50.000      48.751     MMCME2_ADV_X0Y0  u_mmcm/CLKFBOUT
Min Period  n/a     MMCME2_ADV/CLKFBIN   n/a            1.249         50.000      48.751     MMCME2_ADV_X0Y0  u_mmcm/CLKFBIN
Max Period  n/a     MMCME2_ADV/CLKFBIN   n/a            100.000       50.000      50.000     MMCME2_ADV_X0Y0  u_mmcm/CLKFBIN
Max Period  n/a     MMCME2_ADV/CLKFBOUT  n/a            213.360       50.000      163.360    MMCME2_ADV_X0Y0  u_mmcm/CLKFBOUT



---------------------------------------------------------------------------------------------------
Path Group:  **async_default**
From Clock:  sys_clk
  To Clock:  sys_clk

Setup :            0  Failing Endpoints,  Worst Slack        2.727ns,  Total Violation        0.000ns
Hold  :            0  Failing Endpoints,  Worst Slack        1.089ns,  Total Violation        0.000ns
---------------------------------------------------------------------------------------------------


Max Delay Paths
--------------------------------------------------------------------------------------
Slack (MET) :             2.727ns  (required time - arrival time)
  Source:                 rst_sync_reg[3]/C
                            (rising edge-triggered cell FDCE clocked by sys_clk  {rise@0.000ns fall@5.000ns period=10.000ns})
  Destination:            u_cdc/s_axi_rdata_reg[10]/CLR
                            (recovery check against rising-edge clock sys_clk  {rise@0.000ns fall@5.000ns period=10.000ns})
  Path Group:             **async_default**
  Path Type:              Recovery (Max at Slow Process Corner)
  Requirement:            10.000ns  (sys_clk rise@10.000ns - sys_clk rise@0.000ns)
  Data Path Delay:        6.699ns  (logic 0.642ns (9.583%)  route 6.057ns (90.417%))
  Logic Levels:           1  (LUT1=1)
  Clock Path Skew:        -0.134ns (DCD - SCD + CPR)
    Destination Clock Delay (DCD):    4.921ns = ( 14.921 - 10.000 ) 
    Source Clock Delay      (SCD):    5.235ns
    Clock Pessimism Removal (CPR):    0.180ns
  Clock Uncertainty:      0.035ns  ((TSJ^2 + TIJ^2)^1/2 + DJ) / 2 + PE
    Total System Jitter     (TSJ):    0.071ns
    Total Input Jitter      (TIJ):    0.000ns
    Discrete Jitter          (DJ):    0.000ns
    Phase Error              (PE):    0.000ns

    Location             Delay type                Incr(ns)  Path(ns)    Netlist Resource(s)
  -------------------------------------------------------------------    -------------------
                         (clock sys_clk rise edge)    0.000     0.000 r  
    E3                                                0.000     0.000 r  clk_100mhz (IN)
                         net (fo=0)                   0.000     0.000    clk_100mhz
    E3                   IBUF (Prop_ibuf_I_O)         1.482     1.482 r  clk_100mhz_IBUF_inst/O
                         net (fo=1, routed)           2.025     3.506    clk_100mhz_IBUF
    BUFGCTRL_X0Y16       BUFG (Prop_bufg_I_O)         0.096     3.602 r  clk_100mhz_IBUF_BUFG_inst/O
                         net (fo=2651, routed)        1.632     5.235    clk_100mhz_IBUF_BUFG
    SLICE_X30Y82         FDCE                                         r  rst_sync_reg[3]/C
  -------------------------------------------------------------------    -------------------
    SLICE_X30Y82         FDCE (Prop_fdce_C_Q)         0.518     5.753 r  rst_sync_reg[3]/Q
                         net (fo=41, routed)          1.625     7.377    u_bridge/tx_valid_reg_0[0]
    SLICE_X47Y91         LUT1 (Prop_lut1_I0_O)        0.124     7.501 f  u_bridge/FSM_sequential_state[1]_i_2/O
                         net (fo=596, routed)         4.433    11.934    u_cdc/s_wpend_reg_0
    SLICE_X43Y106        FDCE                                         f  u_cdc/s_axi_rdata_reg[10]/CLR
  -------------------------------------------------------------------    -------------------

                         (clock sys_clk rise edge)   10.000    10.000 r  
    E3                                                0.000    10.000 r  clk_100mhz (IN)
                         net (fo=0)                   0.000    10.000    clk_100mhz
    E3                   IBUF (Prop_ibuf_I_O)         1.411    11.411 r  clk_100mhz_IBUF_inst/O
                         net (fo=1, routed)           1.920    13.331    clk_100mhz_IBUF
    BUFGCTRL_X0Y16       BUFG (Prop_bufg_I_O)         0.091    13.422 r  clk_100mhz_IBUF_BUFG_inst/O
                         net (fo=2651, routed)        1.499    14.921    u_cdc/clk_100mhz_IBUF_BUFG
    SLICE_X43Y106        FDCE                                         r  u_cdc/s_axi_rdata_reg[10]/C
                         clock pessimism              0.180    15.101    
                         clock uncertainty           -0.035    15.066    
    SLICE_X43Y106        FDCE (Recov_fdce_C_CLR)     -0.405    14.661    u_cdc/s_axi_rdata_reg[10]
  -------------------------------------------------------------------
                         required time                         14.661    
                         arrival time                         -11.934    
  -------------------------------------------------------------------
                         slack                                  2.727    

Slack (MET) :             2.727ns  (required time - arrival time)
  Source:                 rst_sync_reg[3]/C
                            (rising edge-triggered cell FDCE clocked by sys_clk  {rise@0.000ns fall@5.000ns period=10.000ns})
  Destination:            u_cdc/s_axi_rdata_reg[17]/CLR
                            (recovery check against rising-edge clock sys_clk  {rise@0.000ns fall@5.000ns period=10.000ns})
  Path Group:             **async_default**
  Path Type:              Recovery (Max at Slow Process Corner)
  Requirement:            10.000ns  (sys_clk rise@10.000ns - sys_clk rise@0.000ns)
  Data Path Delay:        6.699ns  (logic 0.642ns (9.583%)  route 6.057ns (90.417%))
  Logic Levels:           1  (LUT1=1)
  Clock Path Skew:        -0.134ns (DCD - SCD + CPR)
    Destination Clock Delay (DCD):    4.921ns = ( 14.921 - 10.000 ) 
    Source Clock Delay      (SCD):    5.235ns
    Clock Pessimism Removal (CPR):    0.180ns
  Clock Uncertainty:      0.035ns  ((TSJ^2 + TIJ^2)^1/2 + DJ) / 2 + PE
    Total System Jitter     (TSJ):    0.071ns
    Total Input Jitter      (TIJ):    0.000ns
    Discrete Jitter          (DJ):    0.000ns
    Phase Error              (PE):    0.000ns

    Location             Delay type                Incr(ns)  Path(ns)    Netlist Resource(s)
  -------------------------------------------------------------------    -------------------
                         (clock sys_clk rise edge)    0.000     0.000 r  
    E3                                                0.000     0.000 r  clk_100mhz (IN)
                         net (fo=0)                   0.000     0.000    clk_100mhz
    E3                   IBUF (Prop_ibuf_I_O)         1.482     1.482 r  clk_100mhz_IBUF_inst/O
                         net (fo=1, routed)           2.025     3.506    clk_100mhz_IBUF
    BUFGCTRL_X0Y16       BUFG (Prop_bufg_I_O)         0.096     3.602 r  clk_100mhz_IBUF_BUFG_inst/O
                         net (fo=2651, routed)        1.632     5.235    clk_100mhz_IBUF_BUFG
    SLICE_X30Y82         FDCE                                         r  rst_sync_reg[3]/C
  -------------------------------------------------------------------    -------------------
    SLICE_X30Y82         FDCE (Prop_fdce_C_Q)         0.518     5.753 r  rst_sync_reg[3]/Q
                         net (fo=41, routed)          1.625     7.377    u_bridge/tx_valid_reg_0[0]
    SLICE_X47Y91         LUT1 (Prop_lut1_I0_O)        0.124     7.501 f  u_bridge/FSM_sequential_state[1]_i_2/O
                         net (fo=596, routed)         4.433    11.934    u_cdc/s_wpend_reg_0
    SLICE_X43Y106        FDCE                                         f  u_cdc/s_axi_rdata_reg[17]/CLR
  -------------------------------------------------------------------    -------------------

                         (clock sys_clk rise edge)   10.000    10.000 r  
    E3                                                0.000    10.000 r  clk_100mhz (IN)
                         net (fo=0)                   0.000    10.000    clk_100mhz
    E3                   IBUF (Prop_ibuf_I_O)         1.411    11.411 r  clk_100mhz_IBUF_inst/O
                         net (fo=1, routed)           1.920    13.331    clk_100mhz_IBUF
    BUFGCTRL_X0Y16       BUFG (Prop_bufg_I_O)         0.091    13.422 r  clk_100mhz_IBUF_BUFG_inst/O
                         net (fo=2651, routed)        1.499    14.921    u_cdc/clk_100mhz_IBUF_BUFG
    SLICE_X43Y106        FDCE                                         r  u_cdc/s_axi_rdata_reg[17]/C
                         clock pessimism              0.180    15.101    
                         clock uncertainty           -0.035    15.066    
    SLICE_X43Y106        FDCE (Recov_fdce_C_CLR)     -0.405    14.661    u_cdc/s_axi_rdata_reg[17]
  -------------------------------------------------------------------
                         required time                         14.661    
                         arrival time                         -11.934    
  -------------------------------------------------------------------
                         slack                                  2.727    

Slack (MET) :             2.727ns  (required time - arrival time)
  Source:                 rst_sync_reg[3]/C
                            (rising edge-triggered cell FDCE clocked by sys_clk  {rise@0.000ns fall@5.000ns period=10.000ns})
  Destination:            u_cdc/s_axi_rdata_reg[18]/CLR
                            (recovery check against rising-edge clock sys_clk  {rise@0.000ns fall@5.000ns period=10.000ns})
  Path Group:             **async_default**
  Path Type:              Recovery (Max at Slow Process Corner)
  Requirement:            10.000ns  (sys_clk rise@10.000ns - sys_clk rise@0.000ns)
  Data Path Delay:        6.699ns  (logic 0.642ns (9.583%)  route 6.057ns (90.417%))
  Logic Levels:           1  (LUT1=1)
  Clock Path Skew:        -0.134ns (DCD - SCD + CPR)
    Destination Clock Delay (DCD):    4.921ns = ( 14.921 - 10.000 ) 
    Source Clock Delay      (SCD):    5.235ns
    Clock Pessimism Removal (CPR):    0.180ns
  Clock Uncertainty:      0.035ns  ((TSJ^2 + TIJ^2)^1/2 + DJ) / 2 + PE
    Total System Jitter     (TSJ):    0.071ns
    Total Input Jitter      (TIJ):    0.000ns
    Discrete Jitter          (DJ):    0.000ns
    Phase Error              (PE):    0.000ns

    Location             Delay type                Incr(ns)  Path(ns)    Netlist Resource(s)
  -------------------------------------------------------------------    -------------------
                         (clock sys_clk rise edge)    0.000     0.000 r  
    E3                                                0.000     0.000 r  clk_100mhz (IN)
                         net (fo=0)                   0.000     0.000    clk_100mhz
    E3                   IBUF (Prop_ibuf_I_O)         1.482     1.482 r  clk_100mhz_IBUF_inst/O
                         net (fo=1, routed)           2.025     3.506    clk_100mhz_IBUF
    BUFGCTRL_X0Y16       BUFG (Prop_bufg_I_O)         0.096     3.602 r  clk_100mhz_IBUF_BUFG_inst/O
                         net (fo=2651, routed)        1.632     5.235    clk_100mhz_IBUF_BUFG
    SLICE_X30Y82         FDCE                                         r  rst_sync_reg[3]/C
  -------------------------------------------------------------------    -------------------
    SLICE_X30Y82         FDCE (Prop_fdce_C_Q)         0.518     5.753 r  rst_sync_reg[3]/Q
                         net (fo=41, routed)          1.625     7.377    u_bridge/tx_valid_reg_0[0]
    SLICE_X47Y91         LUT1 (Prop_lut1_I0_O)        0.124     7.501 f  u_bridge/FSM_sequential_state[1]_i_2/O
                         net (fo=596, routed)         4.433    11.934    u_cdc/s_wpend_reg_0
    SLICE_X43Y106        FDCE                                         f  u_cdc/s_axi_rdata_reg[18]/CLR
  -------------------------------------------------------------------    -------------------

                         (clock sys_clk rise edge)   10.000    10.000 r  
    E3                                                0.000    10.000 r  clk_100mhz (IN)
                         net (fo=0)                   0.000    10.000    clk_100mhz
    E3                   IBUF (Prop_ibuf_I_O)         1.411    11.411 r  clk_100mhz_IBUF_inst/O
                         net (fo=1, routed)           1.920    13.331    clk_100mhz_IBUF
    BUFGCTRL_X0Y16       BUFG (Prop_bufg_I_O)         0.091    13.422 r  clk_100mhz_IBUF_BUFG_inst/O
                         net (fo=2651, routed)        1.499    14.921    u_cdc/clk_100mhz_IBUF_BUFG
    SLICE_X43Y106        FDCE                                         r  u_cdc/s_axi_rdata_reg[18]/C
                         clock pessimism              0.180    15.101    
                         clock uncertainty           -0.035    15.066    
    SLICE_X43Y106        FDCE (Recov_fdce_C_CLR)     -0.405    14.661    u_cdc/s_axi_rdata_reg[18]
  -------------------------------------------------------------------
                         required time                         14.661    
                         arrival time                         -11.934    
  -------------------------------------------------------------------
                         slack                                  2.727    

Slack (MET) :             2.727ns  (required time - arrival time)
  Source:                 rst_sync_reg[3]/C
                            (rising edge-triggered cell FDCE clocked by sys_clk  {rise@0.000ns fall@5.000ns period=10.000ns})
  Destination:            u_cdc/s_axi_rdata_reg[19]/CLR
                            (recovery check against rising-edge clock sys_clk  {rise@0.000ns fall@5.000ns period=10.000ns})
  Path Group:             **async_default**
  Path Type:              Recovery (Max at Slow Process Corner)
  Requirement:            10.000ns  (sys_clk rise@10.000ns - sys_clk rise@0.000ns)
  Data Path Delay:        6.699ns  (logic 0.642ns (9.583%)  route 6.057ns (90.417%))
  Logic Levels:           1  (LUT1=1)
  Clock Path Skew:        -0.134ns (DCD - SCD + CPR)
    Destination Clock Delay (DCD):    4.921ns = ( 14.921 - 10.000 ) 
    Source Clock Delay      (SCD):    5.235ns
    Clock Pessimism Removal (CPR):    0.180ns
  Clock Uncertainty:      0.035ns  ((TSJ^2 + TIJ^2)^1/2 + DJ) / 2 + PE
    Total System Jitter     (TSJ):    0.071ns
    Total Input Jitter      (TIJ):    0.000ns
    Discrete Jitter          (DJ):    0.000ns
    Phase Error              (PE):    0.000ns

    Location             Delay type                Incr(ns)  Path(ns)    Netlist Resource(s)
  -------------------------------------------------------------------    -------------------
                         (clock sys_clk rise edge)    0.000     0.000 r  
    E3                                                0.000     0.000 r  clk_100mhz (IN)
                         net (fo=0)                   0.000     0.000    clk_100mhz
    E3                   IBUF (Prop_ibuf_I_O)         1.482     1.482 r  clk_100mhz_IBUF_inst/O
                         net (fo=1, routed)           2.025     3.506    clk_100mhz_IBUF
    BUFGCTRL_X0Y16       BUFG (Prop_bufg_I_O)         0.096     3.602 r  clk_100mhz_IBUF_BUFG_inst/O
                         net (fo=2651, routed)        1.632     5.235    clk_100mhz_IBUF_BUFG
    SLICE_X30Y82         FDCE                                         r  rst_sync_reg[3]/C
  -------------------------------------------------------------------    -------------------
    SLICE_X30Y82         FDCE (Prop_fdce_C_Q)         0.518     5.753 r  rst_sync_reg[3]/Q
                         net (fo=41, routed)          1.625     7.377    u_bridge/tx_valid_reg_0[0]
    SLICE_X47Y91         LUT1 (Prop_lut1_I0_O)        0.124     7.501 f  u_bridge/FSM_sequential_state[1]_i_2/O
                         net (fo=596, routed)         4.433    11.934    u_cdc/s_wpend_reg_0
    SLICE_X43Y106        FDCE                                         f  u_cdc/s_axi_rdata_reg[19]/CLR
  -------------------------------------------------------------------    -------------------

                         (clock sys_clk rise edge)   10.000    10.000 r  
    E3                                                0.000    10.000 r  clk_100mhz (IN)
                         net (fo=0)                   0.000    10.000    clk_100mhz
    E3                   IBUF (Prop_ibuf_I_O)         1.411    11.411 r  clk_100mhz_IBUF_inst/O
                         net (fo=1, routed)           1.920    13.331    clk_100mhz_IBUF
    BUFGCTRL_X0Y16       BUFG (Prop_bufg_I_O)         0.091    13.422 r  clk_100mhz_IBUF_BUFG_inst/O
                         net (fo=2651, routed)        1.499    14.921    u_cdc/clk_100mhz_IBUF_BUFG
    SLICE_X43Y106        FDCE                                         r  u_cdc/s_axi_rdata_reg[19]/C
                         clock pessimism              0.180    15.101    
                         clock uncertainty           -0.035    15.066    
    SLICE_X43Y106        FDCE (Recov_fdce_C_CLR)     -0.405    14.661    u_cdc/s_axi_rdata_reg[19]
  -------------------------------------------------------------------
                         required time                         14.661    
                         arrival time                         -11.934    
  -------------------------------------------------------------------
                         slack                                  2.727    

Slack (MET) :             2.813ns  (required time - arrival time)
  Source:                 rst_sync_reg[3]/C
                            (rising edge-triggered cell FDCE clocked by sys_clk  {rise@0.000ns fall@5.000ns period=10.000ns})
  Destination:            u_cdc/s_axi_rdata_reg[26]/CLR
                            (recovery check against rising-edge clock sys_clk  {rise@0.000ns fall@5.000ns period=10.000ns})
  Path Group:             **async_default**
  Path Type:              Recovery (Max at Slow Process Corner)
  Requirement:            10.000ns  (sys_clk rise@10.000ns - sys_clk rise@0.000ns)
  Data Path Delay:        6.699ns  (logic 0.642ns (9.583%)  route 6.057ns (90.417%))
  Logic Levels:           1  (LUT1=1)
  Clock Path Skew:        -0.134ns (DCD - SCD + CPR)
    Destination Clock Delay (DCD):    4.921ns = ( 14.921 - 10.000 ) 
    Source Clock Delay      (SCD):    5.235ns
    Clock Pessimism Removal (CPR):    0.180ns
  Clock Uncertainty:      0.035ns  ((TSJ^2 + TIJ^2)^1/2 + DJ) / 2 + PE
    Total System Jitter     (TSJ):    0.071ns
    Total Input Jitter      (TIJ):    0.000ns
    Discrete Jitter          (DJ):    0.000ns
    Phase Error              (PE):    0.000ns

    Location             Delay type                Incr(ns)  Path(ns)    Netlist Resource(s)
  -------------------------------------------------------------------    -------------------
                         (clock sys_clk rise edge)    0.000     0.000 r  
    E3                                                0.000     0.000 r  clk_100mhz (IN)
                         net (fo=0)                   0.000     0.000    clk_100mhz
    E3                   IBUF (Prop_ibuf_I_O)         1.482     1.482 r  clk_100mhz_IBUF_inst/O
                         net (fo=1, routed)           2.025     3.506    clk_100mhz_IBUF
    BUFGCTRL_X0Y16       BUFG (Prop_bufg_I_O)         0.096     3.602 r  clk_100mhz_IBUF_BUFG_inst/O
                         net (fo=2651, routed)        1.632     5.235    clk_100mhz_IBUF_BUFG
    SLICE_X30Y82         FDCE                                         r  rst_sync_reg[3]/C
  -------------------------------------------------------------------    -------------------
    SLICE_X30Y82         FDCE (Prop_fdce_C_Q)         0.518     5.753 r  rst_sync_reg[3]/Q
                         net (fo=41, routed)          1.625     7.377    u_bridge/tx_valid_reg_0[0]
    SLICE_X47Y91         LUT1 (Prop_lut1_I0_O)        0.124     7.501 f  u_bridge/FSM_sequential_state[1]_i_2/O
                         net (fo=596, routed)         4.433    11.934    u_cdc/s_wpend_reg_0
    SLICE_X42Y106        FDCE                                         f  u_cdc/s_axi_rdata_reg[26]/CLR
  -------------------------------------------------------------------    -------------------

                         (clock sys_clk rise edge)   10.000    10.000 r  
    E3                                                0.000    10.000 r  clk_100mhz (IN)
                         net (fo=0)                   0.000    10.000    clk_100mhz
    E3                   IBUF (Prop_ibuf_I_O)         1.411    11.411 r  clk_100mhz_IBUF_inst/O
                         net (fo=1, routed)           1.920    13.331    clk_100mhz_IBUF
    BUFGCTRL_X0Y16       BUFG (Prop_bufg_I_O)         0.091    13.422 r  clk_100mhz_IBUF_BUFG_inst/O
                         net (fo=2651, routed)        1.499    14.921    u_cdc/clk_100mhz_IBUF_BUFG
    SLICE_X42Y106        FDCE                                         r  u_cdc/s_axi_rdata_reg[26]/C
                         clock pessimism              0.180    15.101    
                         clock uncertainty           -0.035    15.066    
    SLICE_X42Y106        FDCE (Recov_fdce_C_CLR)     -0.319    14.747    u_cdc/s_axi_rdata_reg[26]
  -------------------------------------------------------------------
                         required time                         14.747    
                         arrival time                         -11.934    
  -------------------------------------------------------------------
                         slack                                  2.813    

Slack (MET) :             2.813ns  (required time - arrival time)
  Source:                 rst_sync_reg[3]/C
                            (rising edge-triggered cell FDCE clocked by sys_clk  {rise@0.000ns fall@5.000ns period=10.000ns})
  Destination:            u_cdc/s_axi_rdata_reg[28]/CLR
                            (recovery check against rising-edge clock sys_clk  {rise@0.000ns fall@5.000ns period=10.000ns})
  Path Group:             **async_default**
  Path Type:              Recovery (Max at Slow Process Corner)
  Requirement:            10.000ns  (sys_clk rise@10.000ns - sys_clk rise@0.000ns)
  Data Path Delay:        6.699ns  (logic 0.642ns (9.583%)  route 6.057ns (90.417%))
  Logic Levels:           1  (LUT1=1)
  Clock Path Skew:        -0.134ns (DCD - SCD + CPR)
    Destination Clock Delay (DCD):    4.921ns = ( 14.921 - 10.000 ) 
    Source Clock Delay      (SCD):    5.235ns
    Clock Pessimism Removal (CPR):    0.180ns
  Clock Uncertainty:      0.035ns  ((TSJ^2 + TIJ^2)^1/2 + DJ) / 2 + PE
    Total System Jitter     (TSJ):    0.071ns
    Total Input Jitter      (TIJ):    0.000ns
    Discrete Jitter          (DJ):    0.000ns
    Phase Error              (PE):    0.000ns

    Location             Delay type                Incr(ns)  Path(ns)    Netlist Resource(s)
  -------------------------------------------------------------------    -------------------
                         (clock sys_clk rise edge)    0.000     0.000 r  
    E3                                                0.000     0.000 r  clk_100mhz (IN)
                         net (fo=0)                   0.000     0.000    clk_100mhz
    E3                   IBUF (Prop_ibuf_I_O)         1.482     1.482 r  clk_100mhz_IBUF_inst/O
                         net (fo=1, routed)           2.025     3.506    clk_100mhz_IBUF
    BUFGCTRL_X0Y16       BUFG (Prop_bufg_I_O)         0.096     3.602 r  clk_100mhz_IBUF_BUFG_inst/O
                         net (fo=2651, routed)        1.632     5.235    clk_100mhz_IBUF_BUFG
    SLICE_X30Y82         FDCE                                         r  rst_sync_reg[3]/C
  -------------------------------------------------------------------    -------------------
    SLICE_X30Y82         FDCE (Prop_fdce_C_Q)         0.518     5.753 r  rst_sync_reg[3]/Q
                         net (fo=41, routed)          1.625     7.377    u_bridge/tx_valid_reg_0[0]
    SLICE_X47Y91         LUT1 (Prop_lut1_I0_O)        0.124     7.501 f  u_bridge/FSM_sequential_state[1]_i_2/O
                         net (fo=596, routed)         4.433    11.934    u_cdc/s_wpend_reg_0
    SLICE_X42Y106        FDCE                                         f  u_cdc/s_axi_rdata_reg[28]/CLR
  -------------------------------------------------------------------    -------------------

                         (clock sys_clk rise edge)   10.000    10.000 r  
    E3                                                0.000    10.000 r  clk_100mhz (IN)
                         net (fo=0)                   0.000    10.000    clk_100mhz
    E3                   IBUF (Prop_ibuf_I_O)         1.411    11.411 r  clk_100mhz_IBUF_inst/O
                         net (fo=1, routed)           1.920    13.331    clk_100mhz_IBUF
    BUFGCTRL_X0Y16       BUFG (Prop_bufg_I_O)         0.091    13.422 r  clk_100mhz_IBUF_BUFG_inst/O
                         net (fo=2651, routed)        1.499    14.921    u_cdc/clk_100mhz_IBUF_BUFG
    SLICE_X42Y106        FDCE                                         r  u_cdc/s_axi_rdata_reg[28]/C
                         clock pessimism              0.180    15.101    
                         clock uncertainty           -0.035    15.066    
    SLICE_X42Y106        FDCE (Recov_fdce_C_CLR)     -0.319    14.747    u_cdc/s_axi_rdata_reg[28]
  -------------------------------------------------------------------
                         required time                         14.747    
                         arrival time                         -11.934    
  -------------------------------------------------------------------
                         slack                                  2.813    

Slack (MET) :             2.813ns  (required time - arrival time)
  Source:                 rst_sync_reg[3]/C
                            (rising edge-triggered cell FDCE clocked by sys_clk  {rise@0.000ns fall@5.000ns period=10.000ns})
  Destination:            u_cdc/s_axi_rdata_reg[2]/CLR
                            (recovery check against rising-edge clock sys_clk  {rise@0.000ns fall@5.000ns period=10.000ns})
  Path Group:             **async_default**
  Path Type:              Recovery (Max at Slow Process Corner)
  Requirement:            10.000ns  (sys_clk rise@10.000ns - sys_clk rise@0.000ns)
  Data Path Delay:        6.699ns  (logic 0.642ns (9.583%)  route 6.057ns (90.417%))
  Logic Levels:           1  (LUT1=1)
  Clock Path Skew:        -0.134ns (DCD - SCD + CPR)
    Destination Clock Delay (DCD):    4.921ns = ( 14.921 - 10.000 ) 
    Source Clock Delay      (SCD):    5.235ns
    Clock Pessimism Removal (CPR):    0.180ns
  Clock Uncertainty:      0.035ns  ((TSJ^2 + TIJ^2)^1/2 + DJ) / 2 + PE
    Total System Jitter     (TSJ):    0.071ns
    Total Input Jitter      (TIJ):    0.000ns
    Discrete Jitter          (DJ):    0.000ns
    Phase Error              (PE):    0.000ns

    Location             Delay type                Incr(ns)  Path(ns)    Netlist Resource(s)
  -------------------------------------------------------------------    -------------------
                         (clock sys_clk rise edge)    0.000     0.000 r  
    E3                                                0.000     0.000 r  clk_100mhz (IN)
                         net (fo=0)                   0.000     0.000    clk_100mhz
    E3                   IBUF (Prop_ibuf_I_O)         1.482     1.482 r  clk_100mhz_IBUF_inst/O
                         net (fo=1, routed)           2.025     3.506    clk_100mhz_IBUF
    BUFGCTRL_X0Y16       BUFG (Prop_bufg_I_O)         0.096     3.602 r  clk_100mhz_IBUF_BUFG_inst/O
                         net (fo=2651, routed)        1.632     5.235    clk_100mhz_IBUF_BUFG
    SLICE_X30Y82         FDCE                                         r  rst_sync_reg[3]/C
  -------------------------------------------------------------------    -------------------
    SLICE_X30Y82         FDCE (Prop_fdce_C_Q)         0.518     5.753 r  rst_sync_reg[3]/Q
                         net (fo=41, routed)          1.625     7.377    u_bridge/tx_valid_reg_0[0]
    SLICE_X47Y91         LUT1 (Prop_lut1_I0_O)        0.124     7.501 f  u_bridge/FSM_sequential_state[1]_i_2/O
                         net (fo=596, routed)         4.433    11.934    u_cdc/s_wpend_reg_0
    SLICE_X42Y106        FDCE                                         f  u_cdc/s_axi_rdata_reg[2]/CLR
  -------------------------------------------------------------------    -------------------

                         (clock sys_clk rise edge)   10.000    10.000 r  
    E3                                                0.000    10.000 r  clk_100mhz (IN)
                         net (fo=0)                   0.000    10.000    clk_100mhz
    E3                   IBUF (Prop_ibuf_I_O)         1.411    11.411 r  clk_100mhz_IBUF_inst/O
                         net (fo=1, routed)           1.920    13.331    clk_100mhz_IBUF
    BUFGCTRL_X0Y16       BUFG (Prop_bufg_I_O)         0.091    13.422 r  clk_100mhz_IBUF_BUFG_inst/O
                         net (fo=2651, routed)        1.499    14.921    u_cdc/clk_100mhz_IBUF_BUFG
    SLICE_X42Y106        FDCE                                         r  u_cdc/s_axi_rdata_reg[2]/C
                         clock pessimism              0.180    15.101    
                         clock uncertainty           -0.035    15.066    
    SLICE_X42Y106        FDCE (Recov_fdce_C_CLR)     -0.319    14.747    u_cdc/s_axi_rdata_reg[2]
  -------------------------------------------------------------------
                         required time                         14.747    
                         arrival time                         -11.934    
  -------------------------------------------------------------------
                         slack                                  2.813    

Slack (MET) :             2.813ns  (required time - arrival time)
  Source:                 rst_sync_reg[3]/C
                            (rising edge-triggered cell FDCE clocked by sys_clk  {rise@0.000ns fall@5.000ns period=10.000ns})
  Destination:            u_cdc/s_axi_rdata_reg[4]/CLR
                            (recovery check against rising-edge clock sys_clk  {rise@0.000ns fall@5.000ns period=10.000ns})
  Path Group:             **async_default**
  Path Type:              Recovery (Max at Slow Process Corner)
  Requirement:            10.000ns  (sys_clk rise@10.000ns - sys_clk rise@0.000ns)
  Data Path Delay:        6.699ns  (logic 0.642ns (9.583%)  route 6.057ns (90.417%))
  Logic Levels:           1  (LUT1=1)
  Clock Path Skew:        -0.134ns (DCD - SCD + CPR)
    Destination Clock Delay (DCD):    4.921ns = ( 14.921 - 10.000 ) 
    Source Clock Delay      (SCD):    5.235ns
    Clock Pessimism Removal (CPR):    0.180ns
  Clock Uncertainty:      0.035ns  ((TSJ^2 + TIJ^2)^1/2 + DJ) / 2 + PE
    Total System Jitter     (TSJ):    0.071ns
    Total Input Jitter      (TIJ):    0.000ns
    Discrete Jitter          (DJ):    0.000ns
    Phase Error              (PE):    0.000ns

    Location             Delay type                Incr(ns)  Path(ns)    Netlist Resource(s)
  -------------------------------------------------------------------    -------------------
                         (clock sys_clk rise edge)    0.000     0.000 r  
    E3                                                0.000     0.000 r  clk_100mhz (IN)
                         net (fo=0)                   0.000     0.000    clk_100mhz
    E3                   IBUF (Prop_ibuf_I_O)         1.482     1.482 r  clk_100mhz_IBUF_inst/O
                         net (fo=1, routed)           2.025     3.506    clk_100mhz_IBUF
    BUFGCTRL_X0Y16       BUFG (Prop_bufg_I_O)         0.096     3.602 r  clk_100mhz_IBUF_BUFG_inst/O
                         net (fo=2651, routed)        1.632     5.235    clk_100mhz_IBUF_BUFG
    SLICE_X30Y82         FDCE                                         r  rst_sync_reg[3]/C
  -------------------------------------------------------------------    -------------------
    SLICE_X30Y82         FDCE (Prop_fdce_C_Q)         0.518     5.753 r  rst_sync_reg[3]/Q
                         net (fo=41, routed)          1.625     7.377    u_bridge/tx_valid_reg_0[0]
    SLICE_X47Y91         LUT1 (Prop_lut1_I0_O)        0.124     7.501 f  u_bridge/FSM_sequential_state[1]_i_2/O
                         net (fo=596, routed)         4.433    11.934    u_cdc/s_wpend_reg_0
    SLICE_X42Y106        FDCE                                         f  u_cdc/s_axi_rdata_reg[4]/CLR
  -------------------------------------------------------------------    -------------------

                         (clock sys_clk rise edge)   10.000    10.000 r  
    E3                                                0.000    10.000 r  clk_100mhz (IN)
                         net (fo=0)                   0.000    10.000    clk_100mhz
    E3                   IBUF (Prop_ibuf_I_O)         1.411    11.411 r  clk_100mhz_IBUF_inst/O
                         net (fo=1, routed)           1.920    13.331    clk_100mhz_IBUF
    BUFGCTRL_X0Y16       BUFG (Prop_bufg_I_O)         0.091    13.422 r  clk_100mhz_IBUF_BUFG_inst/O
                         net (fo=2651, routed)        1.499    14.921    u_cdc/clk_100mhz_IBUF_BUFG
    SLICE_X42Y106        FDCE                                         r  u_cdc/s_axi_rdata_reg[4]/C
                         clock pessimism              0.180    15.101    
                         clock uncertainty           -0.035    15.066    
    SLICE_X42Y106        FDCE (Recov_fdce_C_CLR)     -0.319    14.747    u_cdc/s_axi_rdata_reg[4]
  -------------------------------------------------------------------
                         required time                         14.747    
                         arrival time                         -11.934    
  -------------------------------------------------------------------
                         slack                                  2.813    

Slack (MET) :             3.016ns  (required time - arrival time)
  Source:                 rst_sync_reg[3]/C
                            (rising edge-triggered cell FDCE clocked by sys_clk  {rise@0.000ns fall@5.000ns period=10.000ns})
  Destination:            u_cdc/s_wack_sync_reg[0]/CLR
                            (recovery check against rising-edge clock sys_clk  {rise@0.000ns fall@5.000ns period=10.000ns})
  Path Group:             **async_default**
  Path Type:              Recovery (Max at Slow Process Corner)
  Requirement:            10.000ns  (sys_clk rise@10.000ns - sys_clk rise@0.000ns)
  Data Path Delay:        6.413ns  (logic 0.642ns (10.011%)  route 5.771ns (89.989%))
  Logic Levels:           1  (LUT1=1)
  Clock Path Skew:        -0.131ns (DCD - SCD + CPR)
    Destination Clock Delay (DCD):    4.924ns = ( 14.924 - 10.000 ) 
    Source Clock Delay      (SCD):    5.235ns
    Clock Pessimism Removal (CPR):    0.180ns
  Clock Uncertainty:      0.035ns  ((TSJ^2 + TIJ^2)^1/2 + DJ) / 2 + PE
    Total System Jitter     (TSJ):    0.071ns
    Total Input Jitter      (TIJ):    0.000ns
    Discrete Jitter          (DJ):    0.000ns
    Phase Error              (PE):    0.000ns

    Location             Delay type                Incr(ns)  Path(ns)    Netlist Resource(s)
  -------------------------------------------------------------------    -------------------
                         (clock sys_clk rise edge)    0.000     0.000 r  
    E3                                                0.000     0.000 r  clk_100mhz (IN)
                         net (fo=0)                   0.000     0.000    clk_100mhz
    E3                   IBUF (Prop_ibuf_I_O)         1.482     1.482 r  clk_100mhz_IBUF_inst/O
                         net (fo=1, routed)           2.025     3.506    clk_100mhz_IBUF
    BUFGCTRL_X0Y16       BUFG (Prop_bufg_I_O)         0.096     3.602 r  clk_100mhz_IBUF_BUFG_inst/O
                         net (fo=2651, routed)        1.632     5.235    clk_100mhz_IBUF_BUFG
    SLICE_X30Y82         FDCE                                         r  rst_sync_reg[3]/C
  -------------------------------------------------------------------    -------------------
    SLICE_X30Y82         FDCE (Prop_fdce_C_Q)         0.518     5.753 r  rst_sync_reg[3]/Q
                         net (fo=41, routed)          1.625     7.377    u_bridge/tx_valid_reg_0[0]
    SLICE_X47Y91         LUT1 (Prop_lut1_I0_O)        0.124     7.501 f  u_bridge/FSM_sequential_state[1]_i_2/O
                         net (fo=596, routed)         4.147    11.648    u_cdc/s_wpend_reg_0
    SLICE_X39Y106        FDCE                                         f  u_cdc/s_wack_sync_reg[0]/CLR
  -------------------------------------------------------------------    -------------------

                         (clock sys_clk rise edge)   10.000    10.000 r  
    E3                                                0.000    10.000 r  clk_100mhz (IN)
                         net (fo=0)                   0.000    10.000    clk_100mhz
    E3                   IBUF (Prop_ibuf_I_O)         1.411    11.411 r  clk_100mhz_IBUF_inst/O
                         net (fo=1, routed)           1.920    13.331    clk_100mhz_IBUF
    BUFGCTRL_X0Y16       BUFG (Prop_bufg_I_O)         0.091    13.422 r  clk_100mhz_IBUF_BUFG_inst/O
                         net (fo=2651, routed)        1.502    14.924    u_cdc/clk_100mhz_IBUF_BUFG
    SLICE_X39Y106        FDCE                                         r  u_cdc/s_wack_sync_reg[0]/C
                         clock pessimism              0.180    15.104    
                         clock uncertainty           -0.035    15.069    
    SLICE_X39Y106        FDCE (Recov_fdce_C_CLR)     -0.405    14.664    u_cdc/s_wack_sync_reg[0]
  -------------------------------------------------------------------
                         required time                         14.664    
                         arrival time                         -11.648    
  -------------------------------------------------------------------
                         slack                                  3.016    

Slack (MET) :             3.016ns  (required time - arrival time)
  Source:                 rst_sync_reg[3]/C
                            (rising edge-triggered cell FDCE clocked by sys_clk  {rise@0.000ns fall@5.000ns period=10.000ns})
  Destination:            u_cdc/s_wack_sync_reg[1]/CLR
                            (recovery check against rising-edge clock sys_clk  {rise@0.000ns fall@5.000ns period=10.000ns})
  Path Group:             **async_default**
  Path Type:              Recovery (Max at Slow Process Corner)
  Requirement:            10.000ns  (sys_clk rise@10.000ns - sys_clk rise@0.000ns)
  Data Path Delay:        6.413ns  (logic 0.642ns (10.011%)  route 5.771ns (89.989%))
  Logic Levels:           1  (LUT1=1)
  Clock Path Skew:        -0.131ns (DCD - SCD + CPR)
    Destination Clock Delay (DCD):    4.924ns = ( 14.924 - 10.000 ) 
    Source Clock Delay      (SCD):    5.235ns
    Clock Pessimism Removal (CPR):    0.180ns
  Clock Uncertainty:      0.035ns  ((TSJ^2 + TIJ^2)^1/2 + DJ) / 2 + PE
    Total System Jitter     (TSJ):    0.071ns
    Total Input Jitter      (TIJ):    0.000ns
    Discrete Jitter          (DJ):    0.000ns
    Phase Error              (PE):    0.000ns

    Location             Delay type                Incr(ns)  Path(ns)    Netlist Resource(s)
  -------------------------------------------------------------------    -------------------
                         (clock sys_clk rise edge)    0.000     0.000 r  
    E3                                                0.000     0.000 r  clk_100mhz (IN)
                         net (fo=0)                   0.000     0.000    clk_100mhz
    E3                   IBUF (Prop_ibuf_I_O)         1.482     1.482 r  clk_100mhz_IBUF_inst/O
                         net (fo=1, routed)           2.025     3.506    clk_100mhz_IBUF
    BUFGCTRL_X0Y16       BUFG (Prop_bufg_I_O)         0.096     3.602 r  clk_100mhz_IBUF_BUFG_inst/O
                         net (fo=2651, routed)        1.632     5.235    clk_100mhz_IBUF_BUFG
    SLICE_X30Y82         FDCE                                         r  rst_sync_reg[3]/C
  -------------------------------------------------------------------    -------------------
    SLICE_X30Y82         FDCE (Prop_fdce_C_Q)         0.518     5.753 r  rst_sync_reg[3]/Q
                         net (fo=41, routed)          1.625     7.377    u_bridge/tx_valid_reg_0[0]
    SLICE_X47Y91         LUT1 (Prop_lut1_I0_O)        0.124     7.501 f  u_bridge/FSM_sequential_state[1]_i_2/O
                         net (fo=596, routed)         4.147    11.648    u_cdc/s_wpend_reg_0
    SLICE_X39Y106        FDCE                                         f  u_cdc/s_wack_sync_reg[1]/CLR
  -------------------------------------------------------------------    -------------------

                         (clock sys_clk rise edge)   10.000    10.000 r  
    E3                                                0.000    10.000 r  clk_100mhz (IN)
                         net (fo=0)                   0.000    10.000    clk_100mhz
    E3                   IBUF (Prop_ibuf_I_O)         1.411    11.411 r  clk_100mhz_IBUF_inst/O
                         net (fo=1, routed)           1.920    13.331    clk_100mhz_IBUF
    BUFGCTRL_X0Y16       BUFG (Prop_bufg_I_O)         0.091    13.422 r  clk_100mhz_IBUF_BUFG_inst/O
                         net (fo=2651, routed)        1.502    14.924    u_cdc/clk_100mhz_IBUF_BUFG
    SLICE_X39Y106        FDCE                                         r  u_cdc/s_wack_sync_reg[1]/C
                         clock pessimism              0.180    15.104    
                         clock uncertainty           -0.035    15.069    
    SLICE_X39Y106        FDCE (Recov_fdce_C_CLR)     -0.405    14.664    u_cdc/s_wack_sync_reg[1]
  -------------------------------------------------------------------
                         required time                         14.664    
                         arrival time                         -11.648    
  -------------------------------------------------------------------
                         slack                                  3.016    





Min Delay Paths
--------------------------------------------------------------------------------------
Slack (MET) :             1.089ns  (arrival time - required time)
  Source:                 rst_sync_reg[3]/C
                            (rising edge-triggered cell FDCE clocked by sys_clk  {rise@0.000ns fall@5.000ns period=10.000ns})
  Destination:            u_bridge/cnt_reg[0]_rep__3/CLR
                            (removal check against rising-edge clock sys_clk  {rise@0.000ns fall@5.000ns period=10.000ns})
  Path Group:             **async_default**
  Path Type:              Removal (Min at Fast Process Corner)
  Requirement:            0.000ns  (sys_clk rise@0.000ns - sys_clk rise@0.000ns)
  Data Path Delay:        1.060ns  (logic 0.209ns (19.725%)  route 0.851ns (80.275%))
  Logic Levels:           1  (LUT1=1)
  Clock Path Skew:        0.038ns (DCD - SCD - CPR)
    Destination Clock Delay (DCD):    2.002ns
    Source Clock Delay      (SCD):    1.484ns
    Clock Pessimism Removal (CPR):    0.479ns

    Location             Delay type                Incr(ns)  Path(ns)    Netlist Resource(s)
  -------------------------------------------------------------------    -------------------
                         (clock sys_clk rise edge)    0.000     0.000 r  
    E3                                                0.000     0.000 r  clk_100mhz (IN)
                         net (fo=0)                   0.000     0.000    clk_100mhz
    E3                   IBUF (Prop_ibuf_I_O)         0.250     0.250 r  clk_100mhz_IBUF_inst/O
                         net (fo=1, routed)           0.644     0.894    clk_100mhz_IBUF
    BUFGCTRL_X0Y16       BUFG (Prop_bufg_I_O)         0.026     0.920 r  clk_100mhz_IBUF_BUFG_inst/O
                         net (fo=2651, routed)        0.565     1.484    clk_100mhz_IBUF_BUFG
    SLICE_X30Y82         FDCE                                         r  rst_sync_reg[3]/C
  -------------------------------------------------------------------    -------------------
    SLICE_X30Y82         FDCE (Prop_fdce_C_Q)         0.164     1.648 r  rst_sync_reg[3]/Q
                         net (fo=41, routed)          0.666     2.314    u_bridge/tx_valid_reg_0[0]
    SLICE_X47Y91         LUT1 (Prop_lut1_I0_O)        0.045     2.359 f  u_bridge/FSM_sequential_state[1]_i_2/O
                         net (fo=596, routed)         0.185     2.544    u_bridge/rst_sync_reg[3]
    SLICE_X42Y91         FDCE                                         f  u_bridge/cnt_reg[0]_rep__3/CLR
  -------------------------------------------------------------------    -------------------

                         (clock sys_clk rise edge)    0.000     0.000 r  
    E3                                                0.000     0.000 r  clk_100mhz (IN)
                         net (fo=0)                   0.000     0.000    clk_100mhz
    E3                   IBUF (Prop_ibuf_I_O)         0.438     0.438 r  clk_100mhz_IBUF_inst/O
                         net (fo=1, routed)           0.699     1.136    clk_100mhz_IBUF
    BUFGCTRL_X0Y16       BUFG (Prop_bufg_I_O)         0.029     1.165 r  clk_100mhz_IBUF_BUFG_inst/O
                         net (fo=2651, routed)        0.837     2.002    u_bridge/clk_100mhz_IBUF_BUFG
    SLICE_X42Y91         FDCE                                         r  u_bridge/cnt_reg[0]_rep__3/C
                         clock pessimism             -0.479     1.522    
    SLICE_X42Y91         FDCE (Remov_fdce_C_CLR)     -0.067     1.455    u_bridge/cnt_reg[0]_rep__3
  -------------------------------------------------------------------
                         required time                         -1.455    
                         arrival time                           2.544    
  -------------------------------------------------------------------
                         slack                                  1.089    

Slack (MET) :             1.089ns  (arrival time - required time)
  Source:                 rst_sync_reg[3]/C
                            (rising edge-triggered cell FDCE clocked by sys_clk  {rise@0.000ns fall@5.000ns period=10.000ns})
  Destination:            u_bridge/cnt_reg[0]_rep__4/CLR
                            (removal check against rising-edge clock sys_clk  {rise@0.000ns fall@5.000ns period=10.000ns})
  Path Group:             **async_default**
  Path Type:              Removal (Min at Fast Process Corner)
  Requirement:            0.000ns  (sys_clk rise@0.000ns - sys_clk rise@0.000ns)
  Data Path Delay:        1.060ns  (logic 0.209ns (19.725%)  route 0.851ns (80.275%))
  Logic Levels:           1  (LUT1=1)
  Clock Path Skew:        0.038ns (DCD - SCD - CPR)
    Destination Clock Delay (DCD):    2.002ns
    Source Clock Delay      (SCD):    1.484ns
    Clock Pessimism Removal (CPR):    0.479ns

    Location             Delay type                Incr(ns)  Path(ns)    Netlist Resource(s)
  -------------------------------------------------------------------    -------------------
                         (clock sys_clk rise edge)    0.000     0.000 r  
    E3                                                0.000     0.000 r  clk_100mhz (IN)
                         net (fo=0)                   0.000     0.000    clk_100mhz
    E3                   IBUF (Prop_ibuf_I_O)         0.250     0.250 r  clk_100mhz_IBUF_inst/O
                         net (fo=1, routed)           0.644     0.894    clk_100mhz_IBUF
    BUFGCTRL_X0Y16       BUFG (Prop_bufg_I_O)         0.026     0.920 r  clk_100mhz_IBUF_BUFG_inst/O
                         net (fo=2651, routed)        0.565     1.484    clk_100mhz_IBUF_BUFG
    SLICE_X30Y82         FDCE                                         r  rst_sync_reg[3]/C
  -------------------------------------------------------------------    -------------------
    SLICE_X30Y82         FDCE (Prop_fdce_C_Q)         0.164     1.648 r  rst_sync_reg[3]/Q
                         net (fo=41, routed)          0.666     2.314    u_bridge/tx_valid_reg_0[0]
    SLICE_X47Y91         LUT1 (Prop_lut1_I0_O)        0.045     2.359 f  u_bridge/FSM_sequential_state[1]_i_2/O
                         net (fo=596, routed)         0.185     2.544    u_bridge/rst_sync_reg[3]
    SLICE_X42Y91         FDCE                                         f  u_bridge/cnt_reg[0]_rep__4/CLR
  -------------------------------------------------------------------    -------------------

                         (clock sys_clk rise edge)    0.000     0.000 r  
    E3                                                0.000     0.000 r  clk_100mhz (IN)
                         net (fo=0)                   0.000     0.000    clk_100mhz
    E3                   IBUF (Prop_ibuf_I_O)         0.438     0.438 r  clk_100mhz_IBUF_inst/O
                         net (fo=1, routed)           0.699     1.136    clk_100mhz_IBUF
    BUFGCTRL_X0Y16       BUFG (Prop_bufg_I_O)         0.029     1.165 r  clk_100mhz_IBUF_BUFG_inst/O
                         net (fo=2651, routed)        0.837     2.002    u_bridge/clk_100mhz_IBUF_BUFG
    SLICE_X42Y91         FDCE                                         r  u_bridge/cnt_reg[0]_rep__4/C
                         clock pessimism             -0.479     1.522    
    SLICE_X42Y91         FDCE (Remov_fdce_C_CLR)     -0.067     1.455    u_bridge/cnt_reg[0]_rep__4
  -------------------------------------------------------------------
                         required time                         -1.455    
                         arrival time                           2.544    
  -------------------------------------------------------------------
                         slack                                  1.089    

Slack (MET) :             1.090ns  (arrival time - required time)
  Source:                 rst_sync_reg[3]/C
                            (rising edge-triggered cell FDCE clocked by sys_clk  {rise@0.000ns fall@5.000ns period=10.000ns})
  Destination:            u_cdc/s_axi_rdata_reg[9]/CLR
                            (removal check against rising-edge clock sys_clk  {rise@0.000ns fall@5.000ns period=10.000ns})
  Path Group:             **async_default**
  Path Type:              Removal (Min at Fast Process Corner)
  Requirement:            0.000ns  (sys_clk rise@0.000ns - sys_clk rise@0.000ns)
  Data Path Delay:        1.290ns  (logic 0.209ns (16.199%)  route 1.081ns (83.801%))
  Logic Levels:           1  (LUT1=1)
  Clock Path Skew:        0.267ns (DCD - SCD - CPR)
    Destination Clock Delay (DCD):    1.997ns
    Source Clock Delay      (SCD):    1.484ns
    Clock Pessimism Removal (CPR):    0.245ns

    Location             Delay type                Incr(ns)  Path(ns)    Netlist Resource(s)
  -------------------------------------------------------------------    -------------------
                         (clock sys_clk rise edge)    0.000     0.000 r  
    E3                                                0.000     0.000 r  clk_100mhz (IN)
                         net (fo=0)                   0.000     0.000    clk_100mhz
    E3                   IBUF (Prop_ibuf_I_O)         0.250     0.250 r  clk_100mhz_IBUF_inst/O
                         net (fo=1, routed)           0.644     0.894    clk_100mhz_IBUF
    BUFGCTRL_X0Y16       BUFG (Prop_bufg_I_O)         0.026     0.920 r  clk_100mhz_IBUF_BUFG_inst/O
                         net (fo=2651, routed)        0.565     1.484    clk_100mhz_IBUF_BUFG
    SLICE_X30Y82         FDCE                                         r  rst_sync_reg[3]/C
  -------------------------------------------------------------------    -------------------
    SLICE_X30Y82         FDCE (Prop_fdce_C_Q)         0.164     1.648 r  rst_sync_reg[3]/Q
                         net (fo=41, routed)          0.666     2.314    u_bridge/tx_valid_reg_0[0]
    SLICE_X47Y91         LUT1 (Prop_lut1_I0_O)        0.045     2.359 f  u_bridge/FSM_sequential_state[1]_i_2/O
                         net (fo=596, routed)         0.416     2.774    u_cdc/s_wpend_reg_0
    SLICE_X42Y105        FDCE                                         f  u_cdc/s_axi_rdata_reg[9]/CLR
  -------------------------------------------------------------------    -------------------

                         (clock sys_clk rise edge)    0.000     0.000 r  
    E3                                                0.000     0.000 r  clk_100mhz (IN)
                         net (fo=0)                   0.000     0.000    clk_100mhz
    E3                   IBUF (Prop_ibuf_I_O)         0.438     0.438 r  clk_100mhz_IBUF_inst/O
                         net (fo=1, routed)           0.699     1.136    clk_100mhz_IBUF
    BUFGCTRL_X0Y16       BUFG (Prop_bufg_I_O)         0.029     1.165 r  clk_100mhz_IBUF_BUFG_inst/O
                         net (fo=2651, routed)        0.831     1.997    u_cdc/clk_100mhz_IBUF_BUFG
    SLICE_X42Y105        FDCE                                         r  u_cdc/s_axi_rdata_reg[9]/C
                         clock pessimism             -0.245     1.751    
    SLICE_X42Y105        FDCE (Remov_fdce_C_CLR)     -0.067     1.684    u_cdc/s_axi_rdata_reg[9]
  -------------------------------------------------------------------
                         required time                         -1.684    
                         arrival time                           2.774    
  -------------------------------------------------------------------
                         slack                                  1.090    

Slack (MET) :             1.151ns  (arrival time - required time)
  Source:                 rst_sync_reg[3]/C
                            (rising edge-triggered cell FDCE clocked by sys_clk  {rise@0.000ns fall@5.000ns period=10.000ns})
  Destination:            u_cdc/s_axi_rdata_reg[3]/CLR
                            (removal check against rising-edge clock sys_clk  {rise@0.000ns fall@5.000ns period=10.000ns})
  Path Group:             **async_default**
  Path Type:              Removal (Min at Fast Process Corner)
  Requirement:            0.000ns  (sys_clk rise@0.000ns - sys_clk rise@0.000ns)
  Data Path Delay:        1.350ns  (logic 0.209ns (15.479%)  route 1.141ns (84.521%))
  Logic Levels:           1  (LUT1=1)
  Clock Path Skew:        0.266ns (DCD - SCD - CPR)
    Destination Clock Delay (DCD):    1.996ns
    Source Clock Delay      (SCD):    1.484ns
    Clock Pessimism Removal (CPR):    0.245ns

    Location             Delay type                Incr(ns)  Path(ns)    Netlist Resource(s)
  -------------------------------------------------------------------    -------------------
                         (clock sys_clk rise edge)    0.000     0.000 r  
    E3                                                0.000     0.000 r  clk_100mhz (IN)
                         net (fo=0)                   0.000     0.000    clk_100mhz
    E3                   IBUF (Prop_ibuf_I_O)         0.250     0.250 r  clk_100mhz_IBUF_inst/O
                         net (fo=1, routed)           0.644     0.894    clk_100mhz_IBUF
    BUFGCTRL_X0Y16       BUFG (Prop_bufg_I_O)         0.026     0.920 r  clk_100mhz_IBUF_BUFG_inst/O
                         net (fo=2651, routed)        0.565     1.484    clk_100mhz_IBUF_BUFG
    SLICE_X30Y82         FDCE                                         r  rst_sync_reg[3]/C
  -------------------------------------------------------------------    -------------------
    SLICE_X30Y82         FDCE (Prop_fdce_C_Q)         0.164     1.648 r  rst_sync_reg[3]/Q
                         net (fo=41, routed)          0.666     2.314    u_bridge/tx_valid_reg_0[0]
    SLICE_X47Y91         LUT1 (Prop_lut1_I0_O)        0.045     2.359 f  u_bridge/FSM_sequential_state[1]_i_2/O
                         net (fo=596, routed)         0.476     2.835    u_cdc/s_wpend_reg_0
    SLICE_X42Y107        FDCE                                         f  u_cdc/s_axi_rdata_reg[3]/CLR
  -------------------------------------------------------------------    -------------------

                         (clock sys_clk rise edge)    0.000     0.000 r  
    E3                                                0.000     0.000 r  clk_100mhz (IN)
                         net (fo=0)                   0.000     0.000    clk_100mhz
    E3                   IBUF (Prop_ibuf_I_O)         0.438     0.438 r  clk_100mhz_IBUF_inst/O
                         net (fo=1, routed)           0.699     1.136    clk_100mhz_IBUF
    BUFGCTRL_X0Y16       BUFG (Prop_bufg_I_O)         0.029     1.165 r  clk_100mhz_IBUF_BUFG_inst/O
                         net (fo=2651, routed)        0.831     1.996    u_cdc/clk_100mhz_IBUF_BUFG
    SLICE_X42Y107        FDCE                                         r  u_cdc/s_axi_rdata_reg[3]/C
                         clock pessimism             -0.245     1.750    
    SLICE_X42Y107        FDCE (Remov_fdce_C_CLR)     -0.067     1.683    u_cdc/s_axi_rdata_reg[3]
  -------------------------------------------------------------------
                         required time                         -1.683    
                         arrival time                           2.835    
  -------------------------------------------------------------------
                         slack                                  1.151    

Slack (MET) :             1.179ns  (arrival time - required time)
  Source:                 rst_sync_reg[3]/C
                            (rising edge-triggered cell FDCE clocked by sys_clk  {rise@0.000ns fall@5.000ns period=10.000ns})
  Destination:            u_bridge/crc_reg[29]/PRE
                            (removal check against rising-edge clock sys_clk  {rise@0.000ns fall@5.000ns period=10.000ns})
  Path Group:             **async_default**
  Path Type:              Removal (Min at Fast Process Corner)
  Requirement:            0.000ns  (sys_clk rise@0.000ns - sys_clk rise@0.000ns)
  Data Path Delay:        1.379ns  (logic 0.209ns (15.159%)  route 1.170ns (84.841%))
  Logic Levels:           1  (LUT1=1)
  Clock Path Skew:        0.271ns (DCD - SCD - CPR)
    Destination Clock Delay (DCD):    2.001ns
    Source Clock Delay      (SCD):    1.484ns
    Clock Pessimism Removal (CPR):    0.245ns

    Location             Delay type                Incr(ns)  Path(ns)    Netlist Resource(s)
  -------------------------------------------------------------------    -------------------
                         (clock sys_clk rise edge)    0.000     0.000 r  
    E3                                                0.000     0.000 r  clk_100mhz (IN)
                         net (fo=0)                   0.000     0.000    clk_100mhz
    E3                   IBUF (Prop_ibuf_I_O)         0.250     0.250 r  clk_100mhz_IBUF_inst/O
                         net (fo=1, routed)           0.644     0.894    clk_100mhz_IBUF
    BUFGCTRL_X0Y16       BUFG (Prop_bufg_I_O)         0.026     0.920 r  clk_100mhz_IBUF_BUFG_inst/O
                         net (fo=2651, routed)        0.565     1.484    clk_100mhz_IBUF_BUFG
    SLICE_X30Y82         FDCE                                         r  rst_sync_reg[3]/C
  -------------------------------------------------------------------    -------------------
    SLICE_X30Y82         FDCE (Prop_fdce_C_Q)         0.164     1.648 r  rst_sync_reg[3]/Q
                         net (fo=41, routed)          0.666     2.314    u_bridge/tx_valid_reg_0[0]
    SLICE_X47Y91         LUT1 (Prop_lut1_I0_O)        0.045     2.359 f  u_bridge/FSM_sequential_state[1]_i_2/O
                         net (fo=596, routed)         0.504     2.863    u_bridge/rst_sync_reg[3]
    SLICE_X34Y101        FDPE                                         f  u_bridge/crc_reg[29]/PRE
  -------------------------------------------------------------------    -------------------

                         (clock sys_clk rise edge)    0.000     0.000 r  
    E3                                                0.000     0.000 r  clk_100mhz (IN)
                         net (fo=0)                   0.000     0.000    clk_100mhz
    E3                   IBUF (Prop_ibuf_I_O)         0.438     0.438 r  clk_100mhz_IBUF_inst/O
                         net (fo=1, routed)           0.699     1.136    clk_100mhz_IBUF
    BUFGCTRL_X0Y16       BUFG (Prop_bufg_I_O)         0.029     1.165 r  clk_100mhz_IBUF_BUFG_inst/O
                         net (fo=2651, routed)        0.836     2.001    u_bridge/clk_100mhz_IBUF_BUFG
    SLICE_X34Y101        FDPE                                         r  u_bridge/crc_reg[29]/C
                         clock pessimism             -0.245     1.755    
    SLICE_X34Y101        FDPE (Remov_fdpe_C_PRE)     -0.071     1.684    u_bridge/crc_reg[29]
  -------------------------------------------------------------------
                         required time                         -1.684    
                         arrival time                           2.863    
  -------------------------------------------------------------------
                         slack                                  1.179    

Slack (MET) :             1.203ns  (arrival time - required time)
  Source:                 rst_sync_reg[3]/C
                            (rising edge-triggered cell FDCE clocked by sys_clk  {rise@0.000ns fall@5.000ns period=10.000ns})
  Destination:            u_bridge/crc_reg[7]/PRE
                            (removal check against rising-edge clock sys_clk  {rise@0.000ns fall@5.000ns period=10.000ns})
  Path Group:             **async_default**
  Path Type:              Removal (Min at Fast Process Corner)
  Requirement:            0.000ns  (sys_clk rise@0.000ns - sys_clk rise@0.000ns)
  Data Path Delay:        1.379ns  (logic 0.209ns (15.159%)  route 1.170ns (84.841%))
  Logic Levels:           1  (LUT1=1)
  Clock Path Skew:        0.271ns (DCD - SCD - CPR)
    Destination Clock Delay (DCD):    2.001ns
    Source Clock Delay      (SCD):    1.484ns
    Clock Pessimism Removal (CPR):    0.245ns

    Location             Delay type                Incr(ns)  Path(ns)    Netlist Resource(s)
  -------------------------------------------------------------------    -------------------
                         (clock sys_clk rise edge)    0.000     0.000 r  
    E3                                                0.000     0.000 r  clk_100mhz (IN)
                         net (fo=0)                   0.000     0.000    clk_100mhz
    E3                   IBUF (Prop_ibuf_I_O)         0.250     0.250 r  clk_100mhz_IBUF_inst/O
                         net (fo=1, routed)           0.644     0.894    clk_100mhz_IBUF
    BUFGCTRL_X0Y16       BUFG (Prop_bufg_I_O)         0.026     0.920 r  clk_100mhz_IBUF_BUFG_inst/O
                         net (fo=2651, routed)        0.565     1.484    clk_100mhz_IBUF_BUFG
    SLICE_X30Y82         FDCE                                         r  rst_sync_reg[3]/C
  -------------------------------------------------------------------    -------------------
    SLICE_X30Y82         FDCE (Prop_fdce_C_Q)         0.164     1.648 r  rst_sync_reg[3]/Q
                         net (fo=41, routed)          0.666     2.314    u_bridge/tx_valid_reg_0[0]
    SLICE_X47Y91         LUT1 (Prop_lut1_I0_O)        0.045     2.359 f  u_bridge/FSM_sequential_state[1]_i_2/O
                         net (fo=596, routed)         0.504     2.863    u_bridge/rst_sync_reg[3]
    SLICE_X35Y101        FDPE                                         f  u_bridge/crc_reg[7]/PRE
  -------------------------------------------------------------------    -------------------

                         (clock sys_clk rise edge)    0.000     0.000 r  
    E3                                                0.000     0.000 r  clk_100mhz (IN)
                         net (fo=0)                   0.000     0.000    clk_100mhz
    E3                   IBUF (Prop_ibuf_I_O)         0.438     0.438 r  clk_100mhz_IBUF_inst/O
                         net (fo=1, routed)           0.699     1.136    clk_100mhz_IBUF
    BUFGCTRL_X0Y16       BUFG (Prop_bufg_I_O)         0.029     1.165 r  clk_100mhz_IBUF_BUFG_inst/O
                         net (fo=2651, routed)        0.836     2.001    u_bridge/clk_100mhz_IBUF_BUFG
    SLICE_X35Y101        FDPE                                         r  u_bridge/crc_reg[7]/C
                         clock pessimism             -0.245     1.755    
    SLICE_X35Y101        FDPE (Remov_fdpe_C_PRE)     -0.095     1.660    u_bridge/crc_reg[7]
  -------------------------------------------------------------------
                         required time                         -1.660    
                         arrival time                           2.863    
  -------------------------------------------------------------------
                         slack                                  1.203    

Slack (MET) :             1.243ns  (arrival time - required time)
  Source:                 rst_sync_reg[3]/C
                            (rising edge-triggered cell FDCE clocked by sys_clk  {rise@0.000ns fall@5.000ns period=10.000ns})
  Destination:            u_bridge/crc_reg[14]/PRE
                            (removal check against rising-edge clock sys_clk  {rise@0.000ns fall@5.000ns period=10.000ns})
  Path Group:             **async_default**
  Path Type:              Removal (Min at Fast Process Corner)
  Requirement:            0.000ns  (sys_clk rise@0.000ns - sys_clk rise@0.000ns)
  Data Path Delay:        1.420ns  (logic 0.209ns (14.723%)  route 1.211ns (85.277%))
  Logic Levels:           1  (LUT1=1)
  Clock Path Skew:        0.272ns (DCD - SCD - CPR)
    Destination Clock Delay (DCD):    2.002ns
    Source Clock Delay      (SCD):    1.484ns
    Clock Pessimism Removal (CPR):    0.245ns

    Location             Delay type                Incr(ns)  Path(ns)    Netlist Resource(s)
  -------------------------------------------------------------------    -------------------
                         (clock sys_clk rise edge)    0.000     0.000 r  
    E3                                                0.000     0.000 r  clk_100mhz (IN)
                         net (fo=0)                   0.000     0.000    clk_100mhz
    E3                   IBUF (Prop_ibuf_I_O)         0.250     0.250 r  clk_100mhz_IBUF_inst/O
                         net (fo=1, routed)           0.644     0.894    clk_100mhz_IBUF
    BUFGCTRL_X0Y16       BUFG (Prop_bufg_I_O)         0.026     0.920 r  clk_100mhz_IBUF_BUFG_inst/O
                         net (fo=2651, routed)        0.565     1.484    clk_100mhz_IBUF_BUFG
    SLICE_X30Y82         FDCE                                         r  rst_sync_reg[3]/C
  -------------------------------------------------------------------    -------------------
    SLICE_X30Y82         FDCE (Prop_fdce_C_Q)         0.164     1.648 r  rst_sync_reg[3]/Q
                         net (fo=41, routed)          0.666     2.314    u_bridge/tx_valid_reg_0[0]
    SLICE_X47Y91         LUT1 (Prop_lut1_I0_O)        0.045     2.359 f  u_bridge/FSM_sequential_state[1]_i_2/O
                         net (fo=596, routed)         0.545     2.904    u_bridge/rst_sync_reg[3]
    SLICE_X32Y100        FDPE                                         f  u_bridge/crc_reg[14]/PRE
  -------------------------------------------------------------------    -------------------

                         (clock sys_clk rise edge)    0.000     0.000 r  
    E3                                                0.000     0.000 r  clk_100mhz (IN)
                         net (fo=0)                   0.000     0.000    clk_100mhz
    E3                   IBUF (Prop_ibuf_I_O)         0.438     0.438 r  clk_100mhz_IBUF_inst/O
                         net (fo=1, routed)           0.699     1.136    clk_100mhz_IBUF
    BUFGCTRL_X0Y16       BUFG (Prop_bufg_I_O)         0.029     1.165 r  clk_100mhz_IBUF_BUFG_inst/O
                         net (fo=2651, routed)        0.837     2.002    u_bridge/clk_100mhz_IBUF_BUFG
    SLICE_X32Y100        FDPE                                         r  u_bridge/crc_reg[14]/C
                         clock pessimism             -0.245     1.756    
    SLICE_X32Y100        FDPE (Remov_fdpe_C_PRE)     -0.095     1.661    u_bridge/crc_reg[14]
  -------------------------------------------------------------------
                         required time                         -1.661    
                         arrival time                           2.904    
  -------------------------------------------------------------------
                         slack                                  1.243    

Slack (MET) :             1.243ns  (arrival time - required time)
  Source:                 rst_sync_reg[3]/C
                            (rising edge-triggered cell FDCE clocked by sys_clk  {rise@0.000ns fall@5.000ns period=10.000ns})
  Destination:            u_bridge/crc_reg[22]/PRE
                            (removal check against rising-edge clock sys_clk  {rise@0.000ns fall@5.000ns period=10.000ns})
  Path Group:             **async_default**
  Path Type:              Removal (Min at Fast Process Corner)
  Requirement:            0.000ns  (sys_clk rise@0.000ns - sys_clk rise@0.000ns)
  Data Path Delay:        1.420ns  (logic 0.209ns (14.723%)  route 1.211ns (85.277%))
  Logic Levels:           1  (LUT1=1)
  Clock Path Skew:        0.272ns (DCD - SCD - CPR)
    Destination Clock Delay (DCD):    2.002ns
    Source Clock Delay      (SCD):    1.484ns
    Clock Pessimism Removal (CPR):    0.245ns

    Location             Delay type                Incr(ns)  Path(ns)    Netlist Resource(s)
  -------------------------------------------------------------------    -------------------
                         (clock sys_clk rise edge)    0.000     0.000 r  
    E3                                                0.000     0.000 r  clk_100mhz (IN)
                         net (fo=0)                   0.000     0.000    clk_100mhz
    E3                   IBUF (Prop_ibuf_I_O)         0.250     0.250 r  clk_100mhz_IBUF_inst/O
                         net (fo=1, routed)           0.644     0.894    clk_100mhz_IBUF
    BUFGCTRL_X0Y16       BUFG (Prop_bufg_I_O)         0.026     0.920 r  clk_100mhz_IBUF_BUFG_inst/O
                         net (fo=2651, routed)        0.565     1.484    clk_100mhz_IBUF_BUFG
    SLICE_X30Y82         FDCE                                         r  rst_sync_reg[3]/C
  -------------------------------------------------------------------    -------------------
    SLICE_X30Y82         FDCE (Prop_fdce_C_Q)         0.164     1.648 r  rst_sync_reg[3]/Q
                         net (fo=41, routed)          0.666     2.314    u_bridge/tx_valid_reg_0[0]
    SLICE_X47Y91         LUT1 (Prop_lut1_I0_O)        0.045     2.359 f  u_bridge/FSM_sequential_state[1]_i_2/O
                         net (fo=596, routed)         0.545     2.904    u_bridge/rst_sync_reg[3]
    SLICE_X32Y100        FDPE                                         f  u_bridge/crc_reg[22]/PRE
  -------------------------------------------------------------------    -------------------

                         (clock sys_clk rise edge)    0.000     0.000 r  
    E3                                                0.000     0.000 r  clk_100mhz (IN)
                         net (fo=0)                   0.000     0.000    clk_100mhz
    E3                   IBUF (Prop_ibuf_I_O)         0.438     0.438 r  clk_100mhz_IBUF_inst/O
                         net (fo=1, routed)           0.699     1.136    clk_100mhz_IBUF
    BUFGCTRL_X0Y16       BUFG (Prop_bufg_I_O)         0.029     1.165 r  clk_100mhz_IBUF_BUFG_inst/O
                         net (fo=2651, routed)        0.837     2.002    u_bridge/clk_100mhz_IBUF_BUFG
    SLICE_X32Y100        FDPE                                         r  u_bridge/crc_reg[22]/C
                         clock pessimism             -0.245     1.756    
    SLICE_X32Y100        FDPE (Remov_fdpe_C_PRE)     -0.095     1.661    u_bridge/crc_reg[22]
  -------------------------------------------------------------------
                         required time                         -1.661    
                         arrival time                           2.904    
  -------------------------------------------------------------------
                         slack                                  1.243    

Slack (MET) :             1.257ns  (arrival time - required time)
  Source:                 rst_sync_reg[3]/C
                            (rising edge-triggered cell FDCE clocked by sys_clk  {rise@0.000ns fall@5.000ns period=10.000ns})
  Destination:            u_bridge/state_reg[1]/CLR
                            (removal check against rising-edge clock sys_clk  {rise@0.000ns fall@5.000ns period=10.000ns})
  Path Group:             **async_default**
  Path Type:              Removal (Min at Fast Process Corner)
  Requirement:            0.000ns  (sys_clk rise@0.000ns - sys_clk rise@0.000ns)
  Data Path Delay:        1.436ns  (logic 0.209ns (14.553%)  route 1.227ns (85.447%))
  Logic Levels:           1  (LUT1=1)
  Clock Path Skew:        0.271ns (DCD - SCD - CPR)
    Destination Clock Delay (DCD):    2.001ns
    Source Clock Delay      (SCD):    1.484ns
    Clock Pessimism Removal (CPR):    0.245ns

    Location             Delay type                Incr(ns)  Path(ns)    Netlist Resource(s)
  -------------------------------------------------------------------    -------------------
                         (clock sys_clk rise edge)    0.000     0.000 r  
    E3                                                0.000     0.000 r  clk_100mhz (IN)
                         net (fo=0)                   0.000     0.000    clk_100mhz
    E3                   IBUF (Prop_ibuf_I_O)         0.250     0.250 r  clk_100mhz_IBUF_inst/O
                         net (fo=1, routed)           0.644     0.894    clk_100mhz_IBUF
    BUFGCTRL_X0Y16       BUFG (Prop_bufg_I_O)         0.026     0.920 r  clk_100mhz_IBUF_BUFG_inst/O
                         net (fo=2651, routed)        0.565     1.484    clk_100mhz_IBUF_BUFG
    SLICE_X30Y82         FDCE                                         r  rst_sync_reg[3]/C
  -------------------------------------------------------------------    -------------------
    SLICE_X30Y82         FDCE (Prop_fdce_C_Q)         0.164     1.648 r  rst_sync_reg[3]/Q
                         net (fo=41, routed)          0.666     2.314    u_bridge/tx_valid_reg_0[0]
    SLICE_X47Y91         LUT1 (Prop_lut1_I0_O)        0.045     2.359 f  u_bridge/FSM_sequential_state[1]_i_2/O
                         net (fo=596, routed)         0.562     2.920    u_bridge/rst_sync_reg[3]
    SLICE_X37Y102        FDCE                                         f  u_bridge/state_reg[1]/CLR
  -------------------------------------------------------------------    -------------------

                         (clock sys_clk rise edge)    0.000     0.000 r  
    E3                                                0.000     0.000 r  clk_100mhz (IN)
                         net (fo=0)                   0.000     0.000    clk_100mhz
    E3                   IBUF (Prop_ibuf_I_O)         0.438     0.438 r  clk_100mhz_IBUF_inst/O
                         net (fo=1, routed)           0.699     1.136    clk_100mhz_IBUF
    BUFGCTRL_X0Y16       BUFG (Prop_bufg_I_O)         0.029     1.165 r  clk_100mhz_IBUF_BUFG_inst/O
                         net (fo=2651, routed)        0.836     2.001    u_bridge/clk_100mhz_IBUF_BUFG
    SLICE_X37Y102        FDCE                                         r  u_bridge/state_reg[1]/C
                         clock pessimism             -0.245     1.755    
    SLICE_X37Y102        FDCE (Remov_fdce_C_CLR)     -0.092     1.663    u_bridge/state_reg[1]
  -------------------------------------------------------------------
                         required time                         -1.663    
                         arrival time                           2.920    
  -------------------------------------------------------------------
                         slack                                  1.257    

Slack (MET) :             1.266ns  (arrival time - required time)
  Source:                 rst_sync_reg[3]/C
                            (rising edge-triggered cell FDCE clocked by sys_clk  {rise@0.000ns fall@5.000ns period=10.000ns})
  Destination:            u_bridge/resp_len_reg[30]/CLR
                            (removal check against rising-edge clock sys_clk  {rise@0.000ns fall@5.000ns period=10.000ns})
  Path Group:             **async_default**
  Path Type:              Removal (Min at Fast Process Corner)
  Requirement:            0.000ns  (sys_clk rise@0.000ns - sys_clk rise@0.000ns)
  Data Path Delay:        1.444ns  (logic 0.209ns (14.473%)  route 1.235ns (85.527%))
  Logic Levels:           1  (LUT1=1)
  Clock Path Skew:        0.270ns (DCD - SCD - CPR)
    Destination Clock Delay (DCD):    2.000ns
    Source Clock Delay      (SCD):    1.484ns
    Clock Pessimism Removal (CPR):    0.245ns

    Location             Delay type                Incr(ns)  Path(ns)    Netlist Resource(s)
  -------------------------------------------------------------------    -------------------
                         (clock sys_clk rise edge)    0.000     0.000 r  
    E3                                                0.000     0.000 r  clk_100mhz (IN)
                         net (fo=0)                   0.000     0.000    clk_100mhz
    E3                   IBUF (Prop_ibuf_I_O)         0.250     0.250 r  clk_100mhz_IBUF_inst/O
                         net (fo=1, routed)           0.644     0.894    clk_100mhz_IBUF
    BUFGCTRL_X0Y16       BUFG (Prop_bufg_I_O)         0.026     0.920 r  clk_100mhz_IBUF_BUFG_inst/O
                         net (fo=2651, routed)        0.565     1.484    clk_100mhz_IBUF_BUFG
    SLICE_X30Y82         FDCE                                         r  rst_sync_reg[3]/C
  -------------------------------------------------------------------    -------------------
    SLICE_X30Y82         FDCE (Prop_fdce_C_Q)         0.164     1.648 r  rst_sync_reg[3]/Q
                         net (fo=41, routed)          0.666     2.314    u_bridge/tx_valid_reg_0[0]
    SLICE_X47Y91         LUT1 (Prop_lut1_I0_O)        0.045     2.359 f  u_bridge/FSM_sequential_state[1]_i_2/O
                         net (fo=596, routed)         0.569     2.928    u_bridge/rst_sync_reg[3]
    SLICE_X41Y100        FDCE                                         f  u_bridge/resp_len_reg[30]/CLR
  -------------------------------------------------------------------    -------------------

                         (clock sys_clk rise edge)    0.000     0.000 r  
    E3                                                0.000     0.000 r  clk_100mhz (IN)
                         net (fo=0)                   0.000     0.000    clk_100mhz
    E3                   IBUF (Prop_ibuf_I_O)         0.438     0.438 r  clk_100mhz_IBUF_inst/O
                         net (fo=1, routed)           0.699     1.136    clk_100mhz_IBUF
    BUFGCTRL_X0Y16       BUFG (Prop_bufg_I_O)         0.029     1.165 r  clk_100mhz_IBUF_BUFG_inst/O
                         net (fo=2651, routed)        0.835     2.000    u_bridge/clk_100mhz_IBUF_BUFG
    SLICE_X41Y100        FDCE                                         r  u_bridge/resp_len_reg[30]/C
                         clock pessimism             -0.245     1.754    
    SLICE_X41Y100        FDCE (Remov_fdce_C_CLR)     -0.092     1.662    u_bridge/resp_len_reg[30]
  -------------------------------------------------------------------
                         required time                         -1.662    
                         arrival time                           2.928    
  -------------------------------------------------------------------
                         slack                                  1.266    





