Copyright 1986-2022 Xilinx, Inc. All Rights Reserved. Copyright 2022-2024 Advanced Micro Devices, Inc. All Rights Reserved.
---------------------------------------------------------------------------------------------------------------------------------------------------------------------------------------------------
| Tool Version : Vivado v.2024.1 (lin64) Build 5076996 Wed May 22 18:36:09 MDT 2024
| Date         : Sat Oct  3 06:14:55 2026
| Host         : orbstack running 64-bit unknown
| Command      : report_timing -max_paths 30 -nworst 1 -unique_pins -sort_by slack -file /home/vivadouser/project/ML_KEM_Test/ML-KEM-Testkit/build/vivado/arty-a7-100t_mlkem/timing_paths_impl.rpt
| Design       : arty_a7_top
| Device       : 7a100t-csg324
| Speed File   : -1  PRODUCTION 1.23 2018-06-13
| Design State : Physopt postRoute
---------------------------------------------------------------------------------------------------------------------------------------------------------------------------------------------------

Timing Report

Slack (VIOLATED) :        -0.068ns  (required time - arrival time)
  Source:                 u_mlkem/u_unpack/pw1_reg[6]/C
                            (rising edge-triggered cell FDRE clocked by clk_core_mmcm  {rise@0.000ns fall@2.427ns period=4.854ns})
  Destination:            u_mlkem/u_unpack/f1_reg[7]/D
                            (rising edge-triggered cell FDRE clocked by clk_core_mmcm  {rise@0.000ns fall@2.427ns period=4.854ns})
  Path Group:             clk_core_mmcm
  Path Type:              Setup (Max at Slow Process Corner)
  Requirement:            4.854ns  (clk_core_mmcm rise@4.854ns - clk_core_mmcm rise@0.000ns)
  Data Path Delay:        4.852ns  (logic 1.482ns (30.546%)  route 3.370ns (69.454%))
  Logic Levels:           5  (LUT4=1 LUT5=1 LUT6=2 MUXF7=1)
  Clock Path Skew:        -0.041ns (DCD - SCD + CPR)
    Destination Clock Delay (DCD):    9.137ns = ( 13.991 - 4.854 ) 
    Source Clock Delay      (SCD):    9.692ns
    Clock Pessimism Removal (CPR):    0.514ns
  Clock Uncertainty:      0.109ns  ((TSJ^2 + DJ^2)^1/2) / 2 + PE
    Total System Jitter     (TSJ):    0.071ns
    Discrete Jitter          (DJ):    0.206ns
    Phase Error              (PE):    0.000ns

    Location             Delay type                Incr(ns)  Path(ns)    Netlist Resource(s)
  -------------------------------------------------------------------    -------------------
                         (clock clk_core_mmcm rise edge)
                                                      0.000     0.000 r  
    E3                                                0.000     0.000 r  clk_100mhz (IN)
                         net (fo=0)                   0.000     0.000    clk_100mhz
    E3                   IBUF (Prop_ibuf_I_O)         1.482     1.482 r  clk_100mhz_IBUF_inst/O
                         net (fo=1, routed)           2.025     3.506    clk_100mhz_IBUF
    BUFGCTRL_X0Y16       BUFG (Prop_bufg_I_O)         0.096     3.602 r  clk_100mhz_IBUF_BUFG_inst/O
                         net (fo=2651, routed)        1.809     5.412    clk_100mhz_IBUF_BUFG
    MMCME2_ADV_X0Y0      MMCME2_ADV (Prop_mmcme2_adv_CLKIN1_CLKOUT0)
                                                      0.088     5.500 r  u_mmcm/CLKOUT0
                         net (fo=1, routed)           2.018     7.518    clk_core_mmcm
    BUFGCTRL_X0Y2        BUFG (Prop_bufg_I_O)         0.096     7.614 r  u_bufg_core_replica_1/O
                         net (fo=8, routed)           0.140     7.754    clk_core_repN_1
    BUFGCTRL_X0Y1        BUFG (Prop_bufg_I_O)         0.096     7.850 r  u_bufg_core_replica/O
                         net (fo=6, routed)           0.140     7.990    clk_core_repN
    BUFGCTRL_X0Y0        BUFG (Prop_bufg_I_O)         0.096     8.086 r  u_bufg_core/O
                         net (fo=4900, routed)        1.606     9.692    u_mlkem/u_unpack/clk_core
    SLICE_X53Y136        FDRE                                         r  u_mlkem/u_unpack/pw1_reg[6]/C
  -------------------------------------------------------------------    -------------------
    SLICE_X53Y136        FDRE (Prop_fdre_C_Q)         0.419    10.111 r  u_mlkem/u_unpack/pw1_reg[6]/Q
                         net (fo=52, routed)          1.267    11.378    u_mlkem/u_unpack/pw1_reg_n_0_[6]
    SLICE_X51Y138        LUT6 (Prop_lut6_I4_O)        0.299    11.677 r  u_mlkem/u_unpack/f1[11]_i_48/O
                         net (fo=1, routed)           0.000    11.677    u_mlkem/u_unpack/f1[11]_i_48_n_0
    SLICE_X51Y138        MUXF7 (Prop_muxf7_I1_O)      0.217    11.894 r  u_mlkem/u_unpack/f1_reg[11]_i_39/O
                         net (fo=3, routed)           0.675    12.569    u_mlkem/u_unpack/f1_reg[11]_i_39_n_0
    SLICE_X56Y133        LUT5 (Prop_lut5_I4_O)        0.299    12.868 r  u_mlkem/u_unpack/f1[11]_i_14/O
                         net (fo=3, routed)           0.517    13.385    u_mlkem/u_unpack/f1[11]_i_14_n_0
    SLICE_X57Y133        LUT6 (Prop_lut6_I0_O)        0.124    13.509 r  u_mlkem/u_unpack/f1[8]_i_2/O
                         net (fo=2, routed)           0.911    14.420    u_mlkem/u_unpack/f1[8]_i_2_n_0
    SLICE_X62Y129        LUT4 (Prop_lut4_I2_O)        0.124    14.544 r  u_mlkem/u_unpack/f1[7]_i_1/O
                         net (fo=1, routed)           0.000    14.544    u_mlkem/u_unpack/f1[7]_i_1_n_0
    SLICE_X62Y129        FDRE                                         r  u_mlkem/u_unpack/f1_reg[7]/D
  -------------------------------------------------------------------    -------------------

                         (clock clk_core_mmcm rise edge)
                                                      4.854     4.854 r  
    E3                                                0.000     4.854 r  clk_100mhz (IN)
                         net (fo=0)                   0.000     4.854    clk_100mhz
    E3                   IBUF (Prop_ibuf_I_O)         1.411     6.266 r  clk_100mhz_IBUF_inst/O
                         net (fo=1, routed)           1.920     8.186    clk_100mhz_IBUF
    BUFGCTRL_X0Y16       BUFG (Prop_bufg_I_O)         0.091     8.277 r  clk_100mhz_IBUF_BUFG_inst/O
                         net (fo=2651, routed)        1.683     9.960    clk_100mhz_IBUF_BUFG
    MMCME2_ADV_X0Y0      MMCME2_ADV (Prop_mmcme2_adv_CLKIN1_CLKOUT0)
                                                      0.083    10.043 r  u_mmcm/CLKOUT0
                         net (fo=1, routed)           1.923    11.966    clk_core_mmcm
    BUFGCTRL_X0Y2        BUFG (Prop_bufg_I_O)         0.091    12.057 r  u_bufg_core_replica_1/O
                         net (fo=8, routed)           0.133    12.190    clk_core_repN_1
    BUFGCTRL_X0Y1        BUFG (Prop_bufg_I_O)         0.091    12.281 r  u_bufg_core_replica/O
                         net (fo=6, routed)           0.133    12.414    clk_core_repN
    BUFGCTRL_X0Y0        BUFG (Prop_bufg_I_O)         0.091    12.505 r  u_bufg_core/O
                         net (fo=4900, routed)        1.487    13.991    u_mlkem/u_unpack/clk_core
    SLICE_X62Y129        FDRE                                         r  u_mlkem/u_unpack/f1_reg[7]/C
                         clock pessimism              0.514    14.505    
                         clock uncertainty           -0.109    14.396    
    SLICE_X62Y129        FDRE (Setup_fdre_C_D)        0.079    14.475    u_mlkem/u_unpack/f1_reg[7]
  -------------------------------------------------------------------
                         required time                         14.475    
                         arrival time                         -14.544    
  -------------------------------------------------------------------
                         slack                                 -0.068    

Slack (VIOLATED) :        -0.048ns  (required time - arrival time)
  Source:                 u_mlkem/u_unpack/pw1_reg[6]/C
                            (rising edge-triggered cell FDRE clocked by clk_core_mmcm  {rise@0.000ns fall@2.427ns period=4.854ns})
  Destination:            u_mlkem/u_unpack/f1_reg[5]/D
                            (rising edge-triggered cell FDRE clocked by clk_core_mmcm  {rise@0.000ns fall@2.427ns period=4.854ns})
  Path Group:             clk_core_mmcm
  Path Type:              Setup (Max at Slow Process Corner)
  Requirement:            4.854ns  (clk_core_mmcm rise@4.854ns - clk_core_mmcm rise@0.000ns)
  Data Path Delay:        4.828ns  (logic 1.482ns (30.693%)  route 3.346ns (69.307%))
  Logic Levels:           5  (LUT4=1 LUT5=1 LUT6=2 MUXF7=1)
  Clock Path Skew:        -0.042ns (DCD - SCD + CPR)
    Destination Clock Delay (DCD):    9.136ns = ( 13.990 - 4.854 ) 
    Source Clock Delay      (SCD):    9.692ns
    Clock Pessimism Removal (CPR):    0.514ns
  Clock Uncertainty:      0.109ns  ((TSJ^2 + DJ^2)^1/2) / 2 + PE
    Total System Jitter     (TSJ):    0.071ns
    Discrete Jitter          (DJ):    0.206ns
    Phase Error              (PE):    0.000ns

    Location             Delay type                Incr(ns)  Path(ns)    Netlist Resource(s)
  -------------------------------------------------------------------    -------------------
                         (clock clk_core_mmcm rise edge)
                                                      0.000     0.000 r  
    E3                                                0.000     0.000 r  clk_100mhz (IN)
                         net (fo=0)                   0.000     0.000    clk_100mhz
    E3                   IBUF (Prop_ibuf_I_O)         1.482     1.482 r  clk_100mhz_IBUF_inst/O
                         net (fo=1, routed)           2.025     3.506    clk_100mhz_IBUF
    BUFGCTRL_X0Y16       BUFG (Prop_bufg_I_O)         0.096     3.602 r  clk_100mhz_IBUF_BUFG_inst/O
                         net (fo=2651, routed)        1.809     5.412    clk_100mhz_IBUF_BUFG
    MMCME2_ADV_X0Y0      MMCME2_ADV (Prop_mmcme2_adv_CLKIN1_CLKOUT0)
                                                      0.088     5.500 r  u_mmcm/CLKOUT0
                         net (fo=1, routed)           2.018     7.518    clk_core_mmcm
    BUFGCTRL_X0Y2        BUFG (Prop_bufg_I_O)         0.096     7.614 r  u_bufg_core_replica_1/O
                         net (fo=8, routed)           0.140     7.754    clk_core_repN_1
    BUFGCTRL_X0Y1        BUFG (Prop_bufg_I_O)         0.096     7.850 r  u_bufg_core_replica/O
                         net (fo=6, routed)           0.140     7.990    clk_core_repN
    BUFGCTRL_X0Y0        BUFG (Prop_bufg_I_O)         0.096     8.086 r  u_bufg_core/O
                         net (fo=4900, routed)        1.606     9.692    u_mlkem/u_unpack/clk_core
    SLICE_X53Y136        FDRE                                         r  u_mlkem/u_unpack/pw1_reg[6]/C
  -------------------------------------------------------------------    -------------------
    SLICE_X53Y136        FDRE (Prop_fdre_C_Q)         0.419    10.111 r  u_mlkem/u_unpack/pw1_reg[6]/Q
                         net (fo=52, routed)          1.267    11.378    u_mlkem/u_unpack/pw1_reg_n_0_[6]
    SLICE_X51Y138        LUT6 (Prop_lut6_I4_O)        0.299    11.677 r  u_mlkem/u_unpack/f1[11]_i_48/O
                         net (fo=1, routed)           0.000    11.677    u_mlkem/u_unpack/f1[11]_i_48_n_0
    SLICE_X51Y138        MUXF7 (Prop_muxf7_I1_O)      0.217    11.894 r  u_mlkem/u_unpack/f1_reg[11]_i_39/O
                         net (fo=3, routed)           0.490    12.384    u_mlkem/u_unpack/f1_reg[11]_i_39_n_0
    SLICE_X50Y138        LUT5 (Prop_lut5_I0_O)        0.299    12.683 r  u_mlkem/u_unpack/f1[6]_i_3/O
                         net (fo=4, routed)           1.131    13.814    u_mlkem/u_unpack/f1[6]_i_3_n_0
    SLICE_X62Y130        LUT6 (Prop_lut6_I5_O)        0.124    13.938 r  u_mlkem/u_unpack/f1[6]_i_2/O
                         net (fo=2, routed)           0.459    14.397    u_mlkem/u_unpack/f1[6]_i_2_n_0
    SLICE_X62Y128        LUT4 (Prop_lut4_I2_O)        0.124    14.521 r  u_mlkem/u_unpack/f1[5]_i_1/O
                         net (fo=1, routed)           0.000    14.521    u_mlkem/u_unpack/f1[5]_i_1_n_0
    SLICE_X62Y128        FDRE                                         r  u_mlkem/u_unpack/f1_reg[5]/D
  -------------------------------------------------------------------    -------------------

                         (clock clk_core_mmcm rise edge)
                                                      4.854     4.854 r  
    E3                                                0.000     4.854 r  clk_100mhz (IN)
                         net (fo=0)                   0.000     4.854    clk_100mhz
    E3                   IBUF (Prop_ibuf_I_O)         1.411     6.266 r  clk_100mhz_IBUF_inst/O
                         net (fo=1, routed)           1.920     8.186    clk_100mhz_IBUF
    BUFGCTRL_X0Y16       BUFG (Prop_bufg_I_O)         0.091     8.277 r  clk_100mhz_IBUF_BUFG_inst/O
                         net (fo=2651, routed)        1.683     9.960    clk_100mhz_IBUF_BUFG
    MMCME2_ADV_X0Y0      MMCME2_ADV (Prop_mmcme2_adv_CLKIN1_CLKOUT0)
                                                      0.083    10.043 r  u_mmcm/CLKOUT0
                         net (fo=1, routed)           1.923    11.966    clk_core_mmcm
    BUFGCTRL_X0Y2        BUFG (Prop_bufg_I_O)         0.091    12.057 r  u_bufg_core_replica_1/O
                         net (fo=8, routed)           0.133    12.190    clk_core_repN_1
    BUFGCTRL_X0Y1        BUFG (Prop_bufg_I_O)         0.091    12.281 r  u_bufg_core_replica/O
                         net (fo=6, routed)           0.133    12.414    clk_core_repN
    BUFGCTRL_X0Y0        BUFG (Prop_bufg_I_O)         0.091    12.505 r  u_bufg_core/O
                         net (fo=4900, routed)        1.486    13.990    u_mlkem/u_unpack/clk_core
    SLICE_X62Y128        FDRE                                         r  u_mlkem/u_unpack/f1_reg[5]/C
                         clock pessimism              0.514    14.504    
                         clock uncertainty           -0.109    14.395    
    SLICE_X62Y128        FDRE (Setup_fdre_C_D)        0.077    14.472    u_mlkem/u_unpack/f1_reg[5]
  -------------------------------------------------------------------
                         required time                         14.472    
                         arrival time                         -14.521    
  -------------------------------------------------------------------
                         slack                                 -0.048    

Slack (VIOLATED) :        -0.042ns  (required time - arrival time)
  Source:                 u_mlkem/u_unpack/pw1_reg[6]/C
                            (rising edge-triggered cell FDRE clocked by clk_core_mmcm  {rise@0.000ns fall@2.427ns period=4.854ns})
  Destination:            u_mlkem/u_unpack/f1_reg[3]/D
                            (rising edge-triggered cell FDRE clocked by clk_core_mmcm  {rise@0.000ns fall@2.427ns period=4.854ns})
  Path Group:             clk_core_mmcm
  Path Type:              Setup (Max at Slow Process Corner)
  Requirement:            4.854ns  (clk_core_mmcm rise@4.854ns - clk_core_mmcm rise@0.000ns)
  Data Path Delay:        4.827ns  (logic 1.482ns (30.703%)  route 3.345ns (69.297%))
  Logic Levels:           5  (LUT4=1 LUT5=1 LUT6=2 MUXF7=1)
  Clock Path Skew:        -0.041ns (DCD - SCD + CPR)
    Destination Clock Delay (DCD):    9.137ns = ( 13.991 - 4.854 ) 
    Source Clock Delay      (SCD):    9.692ns
    Clock Pessimism Removal (CPR):    0.514ns
  Clock Uncertainty:      0.109ns  ((TSJ^2 + DJ^2)^1/2) / 2 + PE
    Total System Jitter     (TSJ):    0.071ns
    Discrete Jitter          (DJ):    0.206ns
    Phase Error              (PE):    0.000ns

    Location             Delay type                Incr(ns)  Path(ns)    Netlist Resource(s)
  -------------------------------------------------------------------    -------------------
                         (clock clk_core_mmcm rise edge)
                                                      0.000     0.000 r  
    E3                                                0.000     0.000 r  clk_100mhz (IN)
                         net (fo=0)                   0.000     0.000    clk_100mhz
    E3                   IBUF (Prop_ibuf_I_O)         1.482     1.482 r  clk_100mhz_IBUF_inst/O
                         net (fo=1, routed)           2.025     3.506    clk_100mhz_IBUF
    BUFGCTRL_X0Y16       BUFG (Prop_bufg_I_O)         0.096     3.602 r  clk_100mhz_IBUF_BUFG_inst/O
                         net (fo=2651, routed)        1.809     5.412    clk_100mhz_IBUF_BUFG
    MMCME2_ADV_X0Y0      MMCME2_ADV (Prop_mmcme2_adv_CLKIN1_CLKOUT0)
                                                      0.088     5.500 r  u_mmcm/CLKOUT0
                         net (fo=1, routed)           2.018     7.518    clk_core_mmcm
    BUFGCTRL_X0Y2        BUFG (Prop_bufg_I_O)         0.096     7.614 r  u_bufg_core_replica_1/O
                         net (fo=8, routed)           0.140     7.754    clk_core_repN_1
    BUFGCTRL_X0Y1        BUFG (Prop_bufg_I_O)         0.096     7.850 r  u_bufg_core_replica/O
                         net (fo=6, routed)           0.140     7.990    clk_core_repN
    BUFGCTRL_X0Y0        BUFG (Prop_bufg_I_O)         0.096     8.086 r  u_bufg_core/O
                         net (fo=4900, routed)        1.606     9.692    u_mlkem/u_unpack/clk_core
    SLICE_X53Y136        FDRE                                         r  u_mlkem/u_unpack/pw1_reg[6]/C
  -------------------------------------------------------------------    -------------------
    SLICE_X53Y136        FDRE (Prop_fdre_C_Q)         0.419    10.111 r  u_mlkem/u_unpack/pw1_reg[6]/Q
                         net (fo=52, routed)          1.267    11.378    u_mlkem/u_unpack/pw1_reg_n_0_[6]
    SLICE_X51Y138        LUT6 (Prop_lut6_I4_O)        0.299    11.677 r  u_mlkem/u_unpack/f1[11]_i_48/O
                         net (fo=1, routed)           0.000    11.677    u_mlkem/u_unpack/f1[11]_i_48_n_0
    SLICE_X51Y138        MUXF7 (Prop_muxf7_I1_O)      0.217    11.894 r  u_mlkem/u_unpack/f1_reg[11]_i_39/O
                         net (fo=3, routed)           0.490    12.384    u_mlkem/u_unpack/f1_reg[11]_i_39_n_0
    SLICE_X50Y138        LUT5 (Prop_lut5_I0_O)        0.299    12.683 r  u_mlkem/u_unpack/f1[6]_i_3/O
                         net (fo=4, routed)           1.001    13.685    u_mlkem/u_unpack/f1[6]_i_3_n_0
    SLICE_X59Y133        LUT6 (Prop_lut6_I1_O)        0.124    13.809 r  u_mlkem/u_unpack/f1[4]_i_2/O
                         net (fo=1, routed)           0.586    14.395    u_mlkem/u_unpack/f1[4]_i_2_n_0
    SLICE_X62Y129        LUT4 (Prop_lut4_I2_O)        0.124    14.519 r  u_mlkem/u_unpack/f1[3]_i_1/O
                         net (fo=1, routed)           0.000    14.519    u_mlkem/u_unpack/f1[3]_i_1_n_0
    SLICE_X62Y129        FDRE                                         r  u_mlkem/u_unpack/f1_reg[3]/D
  -------------------------------------------------------------------    -------------------

                         (clock clk_core_mmcm rise edge)
                                                      4.854     4.854 r  
    E3                                                0.000     4.854 r  clk_100mhz (IN)
                         net (fo=0)                   0.000     4.854    clk_100mhz
    E3                   IBUF (Prop_ibuf_I_O)         1.411     6.266 r  clk_100mhz_IBUF_inst/O
                         net (fo=1, routed)           1.920     8.186    clk_100mhz_IBUF
    BUFGCTRL_X0Y16       BUFG (Prop_bufg_I_O)         0.091     8.277 r  clk_100mhz_IBUF_BUFG_inst/O
                         net (fo=2651, routed)        1.683     9.960    clk_100mhz_IBUF_BUFG
    MMCME2_ADV_X0Y0      MMCME2_ADV (Prop_mmcme2_adv_CLKIN1_CLKOUT0)
                                                      0.083    10.043 r  u_mmcm/CLKOUT0
                         net (fo=1, routed)           1.923    11.966    clk_core_mmcm
    BUFGCTRL_X0Y2        BUFG (Prop_bufg_I_O)         0.091    12.057 r  u_bufg_core_replica_1/O
                         net (fo=8, routed)           0.133    12.190    clk_core_repN_1
    BUFGCTRL_X0Y1        BUFG (Prop_bufg_I_O)         0.091    12.281 r  u_bufg_core_replica/O
                         net (fo=6, routed)           0.133    12.414    clk_core_repN
    BUFGCTRL_X0Y0        BUFG (Prop_bufg_I_O)         0.091    12.505 r  u_bufg_core/O
                         net (fo=4900, routed)        1.487    13.991    u_mlkem/u_unpack/clk_core
    SLICE_X62Y129        FDRE                                         r  u_mlkem/u_unpack/f1_reg[3]/C
                         clock pessimism              0.514    14.505    
                         clock uncertainty           -0.109    14.396    
    SLICE_X62Y129        FDRE (Setup_fdre_C_D)        0.081    14.477    u_mlkem/u_unpack/f1_reg[3]
  -------------------------------------------------------------------
                         required time                         14.477    
                         arrival time                         -14.519    
  -------------------------------------------------------------------
                         slack                                 -0.042    

Slack (VIOLATED) :        -0.041ns  (required time - arrival time)
  Source:                 u_mlkem/u_unpack/pw1_reg[5]/C
                            (rising edge-triggered cell FDRE clocked by clk_core_mmcm  {rise@0.000ns fall@2.427ns period=4.854ns})
  Destination:            u_mlkem/u_unpack/f1_reg[10]/D
                            (rising edge-triggered cell FDRE clocked by clk_core_mmcm  {rise@0.000ns fall@2.427ns period=4.854ns})
  Path Group:             clk_core_mmcm
  Path Type:              Setup (Max at Slow Process Corner)
  Requirement:            4.854ns  (clk_core_mmcm rise@4.854ns - clk_core_mmcm rise@0.000ns)
  Data Path Delay:        4.776ns  (logic 1.076ns (22.528%)  route 3.700ns (77.472%))
  Logic Levels:           5  (LUT4=1 LUT5=1 LUT6=3)
  Clock Path Skew:        -0.041ns (DCD - SCD + CPR)
    Destination Clock Delay (DCD):    9.137ns = ( 13.991 - 4.854 ) 
    Source Clock Delay      (SCD):    9.692ns
    Clock Pessimism Removal (CPR):    0.514ns
  Clock Uncertainty:      0.109ns  ((TSJ^2 + DJ^2)^1/2) / 2 + PE
    Total System Jitter     (TSJ):    0.071ns
    Discrete Jitter          (DJ):    0.206ns
    Phase Error              (PE):    0.000ns

    Location             Delay type                Incr(ns)  Path(ns)    Netlist Resource(s)
  -------------------------------------------------------------------    -------------------
                         (clock clk_core_mmcm rise edge)
                                                      0.000     0.000 r  
    E3                                                0.000     0.000 r  clk_100mhz (IN)
                         net (fo=0)                   0.000     0.000    clk_100mhz
    E3                   IBUF (Prop_ibuf_I_O)         1.482     1.482 r  clk_100mhz_IBUF_inst/O
                         net (fo=1, routed)           2.025     3.506    clk_100mhz_IBUF
    BUFGCTRL_X0Y16       BUFG (Prop_bufg_I_O)         0.096     3.602 r  clk_100mhz_IBUF_BUFG_inst/O
                         net (fo=2651, routed)        1.809     5.412    clk_100mhz_IBUF_BUFG
    MMCME2_ADV_X0Y0      MMCME2_ADV (Prop_mmcme2_adv_CLKIN1_CLKOUT0)
                                                      0.088     5.500 r  u_mmcm/CLKOUT0
                         net (fo=1, routed)           2.018     7.518    clk_core_mmcm
    BUFGCTRL_X0Y2        BUFG (Prop_bufg_I_O)         0.096     7.614 r  u_bufg_core_replica_1/O
                         net (fo=8, routed)           0.140     7.754    clk_core_repN_1
    BUFGCTRL_X0Y1        BUFG (Prop_bufg_I_O)         0.096     7.850 r  u_bufg_core_replica/O
                         net (fo=6, routed)           0.140     7.990    clk_core_repN
    BUFGCTRL_X0Y0        BUFG (Prop_bufg_I_O)         0.096     8.086 r  u_bufg_core/O
                         net (fo=4900, routed)        1.606     9.692    u_mlkem/u_unpack/clk_core
    SLICE_X53Y136        FDRE                                         r  u_mlkem/u_unpack/pw1_reg[5]/C
  -------------------------------------------------------------------    -------------------
    SLICE_X53Y136        FDRE (Prop_fdre_C_Q)         0.456    10.148 r  u_mlkem/u_unpack/pw1_reg[5]/Q
                         net (fo=47, routed)          1.087    11.235    u_mlkem/u_unpack/pw1_reg_n_0_[5]
    SLICE_X59Y137        LUT6 (Prop_lut6_I2_O)        0.124    11.359 r  u_mlkem/u_unpack/f1[1]_i_4/O
                         net (fo=2, routed)           0.375    11.734    u_mlkem/u_unpack/f1[1]_i_4_n_0
    SLICE_X59Y137        LUT6 (Prop_lut6_I5_O)        0.124    11.858 r  u_mlkem/u_unpack/f1[11]_i_17/O
                         net (fo=2, routed)           0.549    12.407    u_mlkem/u_unpack/f1[11]_i_17_n_0
    SLICE_X62Y136        LUT5 (Prop_lut5_I4_O)        0.124    12.531 r  u_mlkem/u_unpack/f1[11]_i_5/O
                         net (fo=1, routed)           0.930    13.461    u_mlkem/u_unpack/f1[11]_i_5_n_0
    SLICE_X63Y133        LUT6 (Prop_lut6_I0_O)        0.124    13.585 r  u_mlkem/u_unpack/f1[11]_i_2/O
                         net (fo=2, routed)           0.759    14.344    u_mlkem/u_unpack/f1[11]_i_2_n_0
    SLICE_X63Y130        LUT4 (Prop_lut4_I0_O)        0.124    14.468 r  u_mlkem/u_unpack/f1[10]_i_1/O
                         net (fo=1, routed)           0.000    14.468    u_mlkem/u_unpack/f10[10]
    SLICE_X63Y130        FDRE                                         r  u_mlkem/u_unpack/f1_reg[10]/D
  -------------------------------------------------------------------    -------------------

                         (clock clk_core_mmcm rise edge)
                                                      4.854     4.854 r  
    E3                                                0.000     4.854 r  clk_100mhz (IN)
                         net (fo=0)                   0.000     4.854    clk_100mhz
    E3                   IBUF (Prop_ibuf_I_O)         1.411     6.266 r  clk_100mhz_IBUF_inst/O
                         net (fo=1, routed)           1.920     8.186    clk_100mhz_IBUF
    BUFGCTRL_X0Y16       BUFG (Prop_bufg_I_O)         0.091     8.277 r  clk_100mhz_IBUF_BUFG_inst/O
                         net (fo=2651, routed)        1.683     9.960    clk_100mhz_IBUF_BUFG
    MMCME2_ADV_X0Y0      MMCME2_ADV (Prop_mmcme2_adv_CLKIN1_CLKOUT0)
                                                      0.083    10.043 r  u_mmcm/CLKOUT0
                         net (fo=1, routed)           1.923    11.966    clk_core_mmcm
    BUFGCTRL_X0Y2        BUFG (Prop_bufg_I_O)         0.091    12.057 r  u_bufg_core_replica_1/O
                         net (fo=8, routed)           0.133    12.190    clk_core_repN_1
    BUFGCTRL_X0Y1        BUFG (Prop_bufg_I_O)         0.091    12.281 r  u_bufg_core_replica/O
                         net (fo=6, routed)           0.133    12.414    clk_core_repN
    BUFGCTRL_X0Y0        BUFG (Prop_bufg_I_O)         0.091    12.505 r  u_bufg_core/O
                         net (fo=4900, routed)        1.487    13.991    u_mlkem/u_unpack/clk_core
    SLICE_X63Y130        FDRE                                         r  u_mlkem/u_unpack/f1_reg[10]/C
                         clock pessimism              0.514    14.505    
                         clock uncertainty           -0.109    14.396    
    SLICE_X63Y130        FDRE (Setup_fdre_C_D)        0.031    14.427    u_mlkem/u_unpack/f1_reg[10]
  -------------------------------------------------------------------
                         required time                         14.427    
                         arrival time                         -14.468    
  -------------------------------------------------------------------
                         slack                                 -0.041    

Slack (VIOLATED) :        -0.038ns  (required time - arrival time)
  Source:                 u_mlkem/u_unpack/pw1_reg[5]/C
                            (rising edge-triggered cell FDRE clocked by clk_core_mmcm  {rise@0.000ns fall@2.427ns period=4.854ns})
  Destination:            u_mlkem/u_unpack/f1_reg[0]/D
                            (rising edge-triggered cell FDRE clocked by clk_core_mmcm  {rise@0.000ns fall@2.427ns period=4.854ns})
  Path Group:             clk_core_mmcm
  Path Type:              Setup (Max at Slow Process Corner)
  Requirement:            4.854ns  (clk_core_mmcm rise@4.854ns - clk_core_mmcm rise@0.000ns)
  Data Path Delay:        4.765ns  (logic 0.952ns (19.978%)  route 3.813ns (80.022%))
  Logic Levels:           4  (LUT5=2 LUT6=2)
  Clock Path Skew:        -0.047ns (DCD - SCD + CPR)
    Destination Clock Delay (DCD):    9.131ns = ( 13.985 - 4.854 ) 
    Source Clock Delay      (SCD):    9.692ns
    Clock Pessimism Removal (CPR):    0.514ns
  Clock Uncertainty:      0.109ns  ((TSJ^2 + DJ^2)^1/2) / 2 + PE
    Total System Jitter     (TSJ):    0.071ns
    Discrete Jitter          (DJ):    0.206ns
    Phase Error              (PE):    0.000ns

    Location             Delay type                Incr(ns)  Path(ns)    Netlist Resource(s)
  -------------------------------------------------------------------    -------------------
                         (clock clk_core_mmcm rise edge)
                                                      0.000     0.000 r  
    E3                                                0.000     0.000 r  clk_100mhz (IN)
                         net (fo=0)                   0.000     0.000    clk_100mhz
    E3                   IBUF (Prop_ibuf_I_O)         1.482     1.482 r  clk_100mhz_IBUF_inst/O
                         net (fo=1, routed)           2.025     3.506    clk_100mhz_IBUF
    BUFGCTRL_X0Y16       BUFG (Prop_bufg_I_O)         0.096     3.602 r  clk_100mhz_IBUF_BUFG_inst/O
                         net (fo=2651, routed)        1.809     5.412    clk_100mhz_IBUF_BUFG
    MMCME2_ADV_X0Y0      MMCME2_ADV (Prop_mmcme2_adv_CLKIN1_CLKOUT0)
                                                      0.088     5.500 r  u_mmcm/CLKOUT0
                         net (fo=1, routed)           2.018     7.518    clk_core_mmcm
    BUFGCTRL_X0Y2        BUFG (Prop_bufg_I_O)         0.096     7.614 r  u_bufg_core_replica_1/O
                         net (fo=8, routed)           0.140     7.754    clk_core_repN_1
    BUFGCTRL_X0Y1        BUFG (Prop_bufg_I_O)         0.096     7.850 r  u_bufg_core_replica/O
                         net (fo=6, routed)           0.140     7.990    clk_core_repN
    BUFGCTRL_X0Y0        BUFG (Prop_bufg_I_O)         0.096     8.086 r  u_bufg_core/O
                         net (fo=4900, routed)        1.606     9.692    u_mlkem/u_unpack/clk_core
    SLICE_X53Y136        FDRE                                         r  u_mlkem/u_unpack/pw1_reg[5]/C
  -------------------------------------------------------------------    -------------------
    SLICE_X53Y136        FDRE (Prop_fdre_C_Q)         0.456    10.148 r  u_mlkem/u_unpack/pw1_reg[5]/Q
                         net (fo=47, routed)          1.210    11.358    u_mlkem/u_unpack/pw1_reg_n_0_[5]
    SLICE_X58Y142        LUT6 (Prop_lut6_I2_O)        0.124    11.482 r  u_mlkem/u_unpack/f1[4]_i_4/O
                         net (fo=1, routed)           0.935    12.418    u_mlkem/u_unpack/f1[4]_i_4_n_0
    SLICE_X58Y138        LUT5 (Prop_lut5_I4_O)        0.124    12.542 r  u_mlkem/u_unpack/f1[4]_i_3/O
                         net (fo=4, routed)           0.876    13.417    u_mlkem/u_unpack/f1[4]_i_3_n_0
    SLICE_X59Y125        LUT5 (Prop_lut5_I0_O)        0.124    13.541 r  u_mlkem/u_unpack/f1[0]_i_2/O
                         net (fo=1, routed)           0.792    14.333    u_mlkem/u_unpack/f1[0]_i_2_n_0
    SLICE_X63Y125        LUT6 (Prop_lut6_I0_O)        0.124    14.457 r  u_mlkem/u_unpack/f1[0]_i_1/O
                         net (fo=1, routed)           0.000    14.457    u_mlkem/u_unpack/f1[0]_i_1_n_0
    SLICE_X63Y125        FDRE                                         r  u_mlkem/u_unpack/f1_reg[0]/D
  -------------------------------------------------------------------    -------------------

                         (clock clk_core_mmcm rise edge)
                                                      4.854     4.854 r  
    E3                                                0.000     4.854 r  clk_100mhz (IN)
                         net (fo=0)                   0.000     4.854    clk_100mhz
    E3                   IBUF (Prop_ibuf_I_O)         1.411     6.266 r  clk_100mhz_IBUF_inst/O
                         net (fo=1, routed)           1.920     8.186    clk_100mhz_IBUF
    BUFGCTRL_X0Y16       BUFG (Prop_bufg_I_O)         0.091     8.277 r  clk_100mhz_IBUF_BUFG_inst/O
                         net (fo=2651, routed)        1.683     9.960    clk_100mhz_IBUF_BUFG
    MMCME2_ADV_X0Y0      MMCME2_ADV (Prop_mmcme2_adv_CLKIN1_CLKOUT0)
                                                      0.083    10.043 r  u_mmcm/CLKOUT0
                         net (fo=1, routed)           1.923    11.966    clk_core_mmcm
    BUFGCTRL_X0Y2        BUFG (Prop_bufg_I_O)         0.091    12.057 r  u_bufg_core_replica_1/O
                         net (fo=8, routed)           0.133    12.190    clk_core_repN_1
    BUFGCTRL_X0Y1        BUFG (Prop_bufg_I_O)         0.091    12.281 r  u_bufg_core_replica/O
                         net (fo=6, routed)           0.133    12.414    clk_core_repN
    BUFGCTRL_X0Y0        BUFG (Prop_bufg_I_O)         0.091    12.505 r  u_bufg_core/O
                         net (fo=4900, routed)        1.481    13.985    u_mlkem/u_unpack/clk_core
    SLICE_X63Y125        FDRE                                         r  u_mlkem/u_unpack/f1_reg[0]/C
                         clock pessimism              0.514    14.499    
                         clock uncertainty           -0.109    14.390    
    SLICE_X63Y125        FDRE (Setup_fdre_C_D)        0.029    14.419    u_mlkem/u_unpack/f1_reg[0]
  -------------------------------------------------------------------
                         required time                         14.419    
                         arrival time                         -14.457    
  -------------------------------------------------------------------
                         slack                                 -0.038    

Slack (VIOLATED) :        -0.016ns  (required time - arrival time)
  Source:                 u_mlkem/u_ctrl/u_read_fifo/rd_ptr_reg[1]/C
                            (rising edge-triggered cell FDRE clocked by clk_core_mmcm  {rise@0.000ns fall@2.427ns period=4.854ns})
  Destination:            u_mlkem/u_ctrl/flag_reg/D
                            (rising edge-triggered cell FDRE clocked by clk_core_mmcm  {rise@0.000ns fall@2.427ns period=4.854ns})
  Path Group:             clk_core_mmcm
  Path Type:              Setup (Max at Slow Process Corner)
  Requirement:            4.854ns  (clk_core_mmcm rise@4.854ns - clk_core_mmcm rise@0.000ns)
  Data Path Delay:        4.900ns  (logic 2.111ns (43.085%)  route 2.789ns (56.915%))
  Logic Levels:           7  (CARRY4=3 LUT2=1 LUT6=2 RAMD32=1)
  Clock Path Skew:        0.108ns (DCD - SCD + CPR)
    Destination Clock Delay (DCD):    9.154ns = ( 14.008 - 4.854 ) 
    Source Clock Delay      (SCD):    9.470ns
    Clock Pessimism Removal (CPR):    0.424ns
  Clock Uncertainty:      0.109ns  ((TSJ^2 + DJ^2)^1/2) / 2 + PE
    Total System Jitter     (TSJ):    0.071ns
    Discrete Jitter          (DJ):    0.206ns
    Phase Error              (PE):    0.000ns

    Location             Delay type                Incr(ns)  Path(ns)    Netlist Resource(s)
  -------------------------------------------------------------------    -------------------
                         (clock clk_core_mmcm rise edge)
                                                      0.000     0.000 r  
    E3                                                0.000     0.000 r  clk_100mhz (IN)
                         net (fo=0)                   0.000     0.000    clk_100mhz
    E3                   IBUF (Prop_ibuf_I_O)         1.482     1.482 r  clk_100mhz_IBUF_inst/O
                         net (fo=1, routed)           2.025     3.506    clk_100mhz_IBUF
    BUFGCTRL_X0Y16       BUFG (Prop_bufg_I_O)         0.096     3.602 r  clk_100mhz_IBUF_BUFG_inst/O
                         net (fo=2651, routed)        1.809     5.412    clk_100mhz_IBUF_BUFG
    MMCME2_ADV_X0Y0      MMCME2_ADV (Prop_mmcme2_adv_CLKIN1_CLKOUT0)
                                                      0.088     5.500 r  u_mmcm/CLKOUT0
                         net (fo=1, routed)           2.018     7.518    clk_core_mmcm
    BUFGCTRL_X0Y2        BUFG (Prop_bufg_I_O)         0.096     7.614 r  u_bufg_core_replica_1/O
                         net (fo=8, routed)           0.140     7.754    clk_core_repN_1
    BUFGCTRL_X0Y1        BUFG (Prop_bufg_I_O)         0.096     7.850 r  u_bufg_core_replica/O
                         net (fo=6, routed)           1.620     9.470    u_mlkem/u_ctrl/u_read_fifo/clk_core_repN_alias
    SLICE_X43Y142        FDRE                                         r  u_mlkem/u_ctrl/u_read_fifo/rd_ptr_reg[1]/C
  -------------------------------------------------------------------    -------------------
    SLICE_X43Y142        FDRE (Prop_fdre_C_Q)         0.456     9.926 r  u_mlkem/u_ctrl/u_read_fifo/rd_ptr_reg[1]/Q
                         net (fo=36, routed)          0.386    10.312    u_mlkem/u_ctrl/u_read_fifo/rd_ptr_reg[2]_0[1]
    SLICE_X44Y143        LUT2 (Prop_lut2_I1_O)        0.124    10.436 r  u_mlkem/u_ctrl/u_read_fifo/even_mem_reg_0_3_0_5_i_3/O
                         net (fo=32, routed)          1.189    11.625    u_mlkem/u_read_fifo/even_mem_reg_0_3_6_11/ADDRA0
    SLICE_X42Y144        RAMD32 (Prop_ramd32_RADR0_O)
                                                      0.150    11.775 r  u_mlkem/u_read_fifo/even_mem_reg_0_3_6_11/RAMA/O
                         net (fo=5, routed)           0.927    12.702    u_mlkem/u_ctrl/u_read_fifo/even_head[6]
    SLICE_X41Y140        LUT6 (Prop_lut6_I1_O)        0.328    13.030 r  u_mlkem/u_ctrl/u_read_fifo/flag_i_13/O
                         net (fo=1, routed)           0.000    13.030    u_mlkem/u_ctrl/u_read_fifo/flag_i_13_n_0
    SLICE_X41Y140        CARRY4 (Prop_carry4_S[2]_CO[3])
                                                      0.398    13.428 r  u_mlkem/u_ctrl/u_read_fifo/flag_reg_i_7/CO[3]
                         net (fo=1, routed)           0.000    13.428    u_mlkem/u_ctrl/u_read_fifo/flag_reg_i_7_n_0
    SLICE_X41Y141        CARRY4 (Prop_carry4_CI_CO[3])
                                                      0.114    13.542 r  u_mlkem/u_ctrl/u_read_fifo/flag_reg_i_3/CO[3]
                         net (fo=1, routed)           0.000    13.542    u_mlkem/u_ctrl/u_read_fifo/flag_reg_i_3_n_0
    SLICE_X41Y142        CARRY4 (Prop_carry4_CI_CO[2])
                                                      0.228    13.770 r  u_mlkem/u_ctrl/u_read_fifo/flag_reg_i_2/CO[2]
                         net (fo=1, routed)           0.287    14.057    u_mlkem/u_ctrl/u_read_fifo/flag0
    SLICE_X39Y142        LUT6 (Prop_lut6_I2_O)        0.313    14.370 r  u_mlkem/u_ctrl/u_read_fifo/flag_i_1/O
                         net (fo=1, routed)           0.000    14.370    u_mlkem/u_ctrl/u_read_fifo_n_151
    SLICE_X39Y142        FDRE                                         r  u_mlkem/u_ctrl/flag_reg/D
  -------------------------------------------------------------------    -------------------

                         (clock clk_core_mmcm rise edge)
                                                      4.854     4.854 r  
    E3                                                0.000     4.854 r  clk_100mhz (IN)
                         net (fo=0)                   0.000     4.854    clk_100mhz
    E3                   IBUF (Prop_ibuf_I_O)         1.411     6.266 r  clk_100mhz_IBUF_inst/O
                         net (fo=1, routed)           1.920     8.186    clk_100mhz_IBUF
    BUFGCTRL_X0Y16       BUFG (Prop_bufg_I_O)         0.091     8.277 r  clk_100mhz_IBUF_BUFG_inst/O
                         net (fo=2651, routed)        1.683     9.960    clk_100mhz_IBUF_BUFG
    MMCME2_ADV_X0Y0      MMCME2_ADV (Prop_mmcme2_adv_CLKIN1_CLKOUT0)
                                                      0.083    10.043 r  u_mmcm/CLKOUT0
                         net (fo=1, routed)           1.923    11.966    clk_core_mmcm
    BUFGCTRL_X0Y2        BUFG (Prop_bufg_I_O)         0.091    12.057 r  u_bufg_core_replica_1/O
                         net (fo=8, routed)           0.133    12.190    clk_core_repN_1
    BUFGCTRL_X0Y1        BUFG (Prop_bufg_I_O)         0.091    12.281 r  u_bufg_core_replica/O
                         net (fo=6, routed)           0.133    12.414    clk_core_repN
    BUFGCTRL_X0Y0        BUFG (Prop_bufg_I_O)         0.091    12.505 r  u_bufg_core/O
                         net (fo=4900, routed)        1.504    14.008    u_mlkem/u_ctrl/clk_core
    SLICE_X39Y142        FDRE                                         r  u_mlkem/u_ctrl/flag_reg/C
                         clock pessimism              0.424    14.432    
                         clock uncertainty           -0.109    14.323    
    SLICE_X39Y142        FDRE (Setup_fdre_C_D)        0.031    14.354    u_mlkem/u_ctrl/flag_reg
  -------------------------------------------------------------------
                         required time                         14.354    
                         arrival time                         -14.370    
  -------------------------------------------------------------------
                         slack                                 -0.016    

Slack (VIOLATED) :        -0.011ns  (required time - arrival time)
  Source:                 u_mlkem/u_unpack/pw1_reg[6]/C
                            (rising edge-triggered cell FDRE clocked by clk_core_mmcm  {rise@0.000ns fall@2.427ns period=4.854ns})
  Destination:            u_mlkem/u_unpack/f1_reg[6]/D
                            (rising edge-triggered cell FDRE clocked by clk_core_mmcm  {rise@0.000ns fall@2.427ns period=4.854ns})
  Path Group:             clk_core_mmcm
  Path Type:              Setup (Max at Slow Process Corner)
  Requirement:            4.854ns  (clk_core_mmcm rise@4.854ns - clk_core_mmcm rise@0.000ns)
  Data Path Delay:        4.748ns  (logic 1.090ns (22.958%)  route 3.658ns (77.042%))
  Logic Levels:           4  (LUT4=1 LUT5=2 LUT6=1)
  Clock Path Skew:        -0.040ns (DCD - SCD + CPR)
    Destination Clock Delay (DCD):    9.138ns = ( 13.992 - 4.854 ) 
    Source Clock Delay      (SCD):    9.692ns
    Clock Pessimism Removal (CPR):    0.514ns
  Clock Uncertainty:      0.109ns  ((TSJ^2 + DJ^2)^1/2) / 2 + PE
    Total System Jitter     (TSJ):    0.071ns
    Discrete Jitter          (DJ):    0.206ns
    Phase Error              (PE):    0.000ns

    Location             Delay type                Incr(ns)  Path(ns)    Netlist Resource(s)
  -------------------------------------------------------------------    -------------------
                         (clock clk_core_mmcm rise edge)
                                                      0.000     0.000 r  
    E3                                                0.000     0.000 r  clk_100mhz (IN)
                         net (fo=0)                   0.000     0.000    clk_100mhz
    E3                   IBUF (Prop_ibuf_I_O)         1.482     1.482 r  clk_100mhz_IBUF_inst/O
                         net (fo=1, routed)           2.025     3.506    clk_100mhz_IBUF
    BUFGCTRL_X0Y16       BUFG (Prop_bufg_I_O)         0.096     3.602 r  clk_100mhz_IBUF_BUFG_inst/O
                         net (fo=2651, routed)        1.809     5.412    clk_100mhz_IBUF_BUFG
    MMCME2_ADV_X0Y0      MMCME2_ADV (Prop_mmcme2_adv_CLKIN1_CLKOUT0)
                                                      0.088     5.500 r  u_mmcm/CLKOUT0
                         net (fo=1, routed)           2.018     7.518    clk_core_mmcm
    BUFGCTRL_X0Y2        BUFG (Prop_bufg_I_O)         0.096     7.614 r  u_bufg_core_replica_1/O
                         net (fo=8, routed)           0.140     7.754    clk_core_repN_1
    BUFGCTRL_X0Y1        BUFG (Prop_bufg_I_O)         0.096     7.850 r  u_bufg_core_replica/O
                         net (fo=6, routed)           0.140     7.990    clk_core_repN
    BUFGCTRL_X0Y0        BUFG (Prop_bufg_I_O)         0.096     8.086 r  u_bufg_core/O
                         net (fo=4900, routed)        1.606     9.692    u_mlkem/u_unpack/clk_core
    SLICE_X53Y136        FDRE                                         r  u_mlkem/u_unpack/pw1_reg[6]/C
  -------------------------------------------------------------------    -------------------
    SLICE_X53Y136        FDRE (Prop_fdre_C_Q)         0.419    10.111 r  u_mlkem/u_unpack/pw1_reg[6]/Q
                         net (fo=52, routed)          1.542    11.653    u_mlkem/u_unpack/pw1_reg_n_0_[6]
    SLICE_X61Y139        LUT5 (Prop_lut5_I3_O)        0.299    11.952 r  u_mlkem/u_unpack/f1[11]_i_18/O
                         net (fo=1, routed)           0.846    12.798    u_mlkem/u_unpack/f1[11]_i_18_n_0
    SLICE_X63Y132        LUT5 (Prop_lut5_I0_O)        0.124    12.922 r  u_mlkem/u_unpack/f1[11]_i_6/O
                         net (fo=3, routed)           0.688    13.610    u_mlkem/u_unpack/f1[11]_i_6_n_0
    SLICE_X62Y130        LUT6 (Prop_lut6_I0_O)        0.124    13.734 r  u_mlkem/u_unpack/f1[7]_i_2/O
                         net (fo=2, routed)           0.582    14.316    u_mlkem/u_unpack/f1[7]_i_2_n_0
    SLICE_X65Y130        LUT4 (Prop_lut4_I2_O)        0.124    14.440 r  u_mlkem/u_unpack/f1[6]_i_1/O
                         net (fo=1, routed)           0.000    14.440    u_mlkem/u_unpack/f1[6]_i_1_n_0
    SLICE_X65Y130        FDRE                                         r  u_mlkem/u_unpack/f1_reg[6]/D
  -------------------------------------------------------------------    -------------------

                         (clock clk_core_mmcm rise edge)
                                                      4.854     4.854 r  
    E3                                                0.000     4.854 r  clk_100mhz (IN)
                         net (fo=0)                   0.000     4.854    clk_100mhz
    E3                   IBUF (Prop_ibuf_I_O)         1.411     6.266 r  clk_100mhz_IBUF_inst/O
                         net (fo=1, routed)           1.920     8.186    clk_100mhz_IBUF
    BUFGCTRL_X0Y16       BUFG (Prop_bufg_I_O)         0.091     8.277 r  clk_100mhz_IBUF_BUFG_inst/O
                         net (fo=2651, routed)        1.683     9.960    clk_100mhz_IBUF_BUFG
    MMCME2_ADV_X0Y0      MMCME2_ADV (Prop_mmcme2_adv_CLKIN1_CLKOUT0)
                                                      0.083    10.043 r  u_mmcm/CLKOUT0
                         net (fo=1, routed)           1.923    11.966    clk_core_mmcm
    BUFGCTRL_X0Y2        BUFG (Prop_bufg_I_O)         0.091    12.057 r  u_bufg_core_replica_1/O
                         net (fo=8, routed)           0.133    12.190    clk_core_repN_1
    BUFGCTRL_X0Y1        BUFG (Prop_bufg_I_O)         0.091    12.281 r  u_bufg_core_replica/O
                         net (fo=6, routed)           0.133    12.414    clk_core_repN
    BUFGCTRL_X0Y0        BUFG (Prop_bufg_I_O)         0.091    12.505 r  u_bufg_core/O
                         net (fo=4900, routed)        1.488    13.992    u_mlkem/u_unpack/clk_core
    SLICE_X65Y130        FDRE                                         r  u_mlkem/u_unpack/f1_reg[6]/C
                         clock pessimism              0.514    14.506    
                         clock uncertainty           -0.109    14.397    
    SLICE_X65Y130        FDRE (Setup_fdre_C_D)        0.032    14.429    u_mlkem/u_unpack/f1_reg[6]
  -------------------------------------------------------------------
                         required time                         14.429    
                         arrival time                         -14.440    
  -------------------------------------------------------------------
                         slack                                 -0.011    

Slack (VIOLATED) :        -0.008ns  (required time - arrival time)
  Source:                 u_mlkem/u_unpack/v1_reg/C
                            (rising edge-triggered cell FDRE clocked by clk_core_mmcm  {rise@0.000ns fall@2.427ns period=4.854ns})
  Destination:            u_mlkem/u_unpack/pw1_reg[5]/D
                            (rising edge-triggered cell FDRE clocked by clk_core_mmcm  {rise@0.000ns fall@2.427ns period=4.854ns})
  Path Group:             clk_core_mmcm
  Path Type:              Setup (Max at Slow Process Corner)
  Requirement:            4.854ns  (clk_core_mmcm rise@4.854ns - clk_core_mmcm rise@0.000ns)
  Data Path Delay:        4.741ns  (logic 1.076ns (22.694%)  route 3.665ns (77.306%))
  Logic Levels:           5  (LUT4=2 LUT5=1 LUT6=2)
  Clock Path Skew:        -0.041ns (DCD - SCD + CPR)
    Destination Clock Delay (DCD):    9.136ns = ( 13.990 - 4.854 ) 
    Source Clock Delay      (SCD):    9.691ns
    Clock Pessimism Removal (CPR):    0.514ns
  Clock Uncertainty:      0.109ns  ((TSJ^2 + DJ^2)^1/2) / 2 + PE
    Total System Jitter     (TSJ):    0.071ns
    Discrete Jitter          (DJ):    0.206ns
    Phase Error              (PE):    0.000ns

    Location             Delay type                Incr(ns)  Path(ns)    Netlist Resource(s)
  -------------------------------------------------------------------    -------------------
                         (clock clk_core_mmcm rise edge)
                                                      0.000     0.000 r  
    E3                                                0.000     0.000 r  clk_100mhz (IN)
                         net (fo=0)                   0.000     0.000    clk_100mhz
    E3                   IBUF (Prop_ibuf_I_O)         1.482     1.482 r  clk_100mhz_IBUF_inst/O
                         net (fo=1, routed)           2.025     3.506    clk_100mhz_IBUF
    BUFGCTRL_X0Y16       BUFG (Prop_bufg_I_O)         0.096     3.602 r  clk_100mhz_IBUF_BUFG_inst/O
                         net (fo=2651, routed)        1.809     5.412    clk_100mhz_IBUF_BUFG
    MMCME2_ADV_X0Y0      MMCME2_ADV (Prop_mmcme2_adv_CLKIN1_CLKOUT0)
                                                      0.088     5.500 r  u_mmcm/CLKOUT0
                         net (fo=1, routed)           2.018     7.518    clk_core_mmcm
    BUFGCTRL_X0Y2        BUFG (Prop_bufg_I_O)         0.096     7.614 r  u_bufg_core_replica_1/O
                         net (fo=8, routed)           0.140     7.754    clk_core_repN_1
    BUFGCTRL_X0Y1        BUFG (Prop_bufg_I_O)         0.096     7.850 r  u_bufg_core_replica/O
                         net (fo=6, routed)           0.140     7.990    clk_core_repN
    BUFGCTRL_X0Y0        BUFG (Prop_bufg_I_O)         0.096     8.086 r  u_bufg_core/O
                         net (fo=4900, routed)        1.605     9.691    u_mlkem/u_unpack/clk_core
    SLICE_X61Y131        FDRE                                         r  u_mlkem/u_unpack/v1_reg/C
  -------------------------------------------------------------------    -------------------
    SLICE_X61Y131        FDRE (Prop_fdre_C_Q)         0.456    10.147 r  u_mlkem/u_unpack/v1_reg/Q
                         net (fo=78, routed)          1.277    11.424    u_mlkem/u_unpack/v1_reg_n_0
    SLICE_X65Y130        LUT6 (Prop_lut6_I3_O)        0.124    11.548 r  u_mlkem/u_unpack/p[5]_i_2/O
                         net (fo=9, routed)           0.362    11.910    u_mlkem/u_unpack/p[5]_i_2_n_0
    SLICE_X65Y132        LUT5 (Prop_lut5_I3_O)        0.124    12.034 r  u_mlkem/u_unpack/p[0]_i_2/O
                         net (fo=14, routed)          0.998    13.032    u_mlkem/u_unpack/p[0]_i_1_n_0
    SLICE_X60Y135        LUT6 (Prop_lut6_I3_O)        0.124    13.156 r  u_mlkem/u_unpack/pw1[4]_i_2/O
                         net (fo=3, routed)           0.485    13.641    u_mlkem/u_unpack/pw1[4]_i_2_n_0
    SLICE_X56Y135        LUT4 (Prop_lut4_I3_O)        0.124    13.765 r  u_mlkem/u_unpack/pw1[6]_i_3/O
                         net (fo=2, routed)           0.543    14.309    u_mlkem/u_unpack/pw1[6]_i_3_n_0
    SLICE_X53Y136        LUT4 (Prop_lut4_I0_O)        0.124    14.433 r  u_mlkem/u_unpack/pw1[5]_i_1/O
                         net (fo=1, routed)           0.000    14.433    u_mlkem/u_unpack/p_1_in[5]
    SLICE_X53Y136        FDRE                                         r  u_mlkem/u_unpack/pw1_reg[5]/D
  -------------------------------------------------------------------    -------------------

                         (clock clk_core_mmcm rise edge)
                                                      4.854     4.854 r  
    E3                                                0.000     4.854 r  clk_100mhz (IN)
                         net (fo=0)                   0.000     4.854    clk_100mhz
    E3                   IBUF (Prop_ibuf_I_O)         1.411     6.266 r  clk_100mhz_IBUF_inst/O
                         net (fo=1, routed)           1.920     8.186    clk_100mhz_IBUF
    BUFGCTRL_X0Y16       BUFG (Prop_bufg_I_O)         0.091     8.277 r  clk_100mhz_IBUF_BUFG_inst/O
                         net (fo=2651, routed)        1.683     9.960    clk_100mhz_IBUF_BUFG
    MMCME2_ADV_X0Y0      MMCME2_ADV (Prop_mmcme2_adv_CLKIN1_CLKOUT0)
                                                      0.083    10.043 r  u_mmcm/CLKOUT0
                         net (fo=1, routed)           1.923    11.966    clk_core_mmcm
    BUFGCTRL_X0Y2        BUFG (Prop_bufg_I_O)         0.091    12.057 r  u_bufg_core_replica_1/O
                         net (fo=8, routed)           0.133    12.190    clk_core_repN_1
    BUFGCTRL_X0Y1        BUFG (Prop_bufg_I_O)         0.091    12.281 r  u_bufg_core_replica/O
                         net (fo=6, routed)           0.133    12.414    clk_core_repN
    BUFGCTRL_X0Y0        BUFG (Prop_bufg_I_O)         0.091    12.505 r  u_bufg_core/O
                         net (fo=4900, routed)        1.486    13.990    u_mlkem/u_unpack/clk_core
    SLICE_X53Y136        FDRE                                         r  u_mlkem/u_unpack/pw1_reg[5]/C
                         clock pessimism              0.514    14.504    
                         clock uncertainty           -0.109    14.395    
    SLICE_X53Y136        FDRE (Setup_fdre_C_D)        0.029    14.424    u_mlkem/u_unpack/pw1_reg[5]
  -------------------------------------------------------------------
                         required time                         14.424    
                         arrival time                         -14.433    
  -------------------------------------------------------------------
                         slack                                 -0.008    

Slack (VIOLATED) :        -0.001ns  (required time - arrival time)
  Source:                 u_mlkem/u_unpack/q0_reg[48]/C
                            (rising edge-triggered cell FDRE clocked by clk_core_mmcm  {rise@0.000ns fall@2.427ns period=4.854ns})
  Destination:            u_mlkem/u_unpack/f1_reg[9]/D
                            (rising edge-triggered cell FDRE clocked by clk_core_mmcm  {rise@0.000ns fall@2.427ns period=4.854ns})
  Path Group:             clk_core_mmcm
  Path Type:              Setup (Max at Slow Process Corner)
  Requirement:            4.854ns  (clk_core_mmcm rise@4.854ns - clk_core_mmcm rise@0.000ns)
  Data Path Delay:        4.652ns  (logic 1.076ns (23.128%)  route 3.576ns (76.872%))
  Logic Levels:           5  (LUT5=1 LUT6=4)
  Clock Path Skew:        -0.123ns (DCD - SCD + CPR)
    Destination Clock Delay (DCD):    9.137ns = ( 13.991 - 4.854 ) 
    Source Clock Delay      (SCD):    9.703ns
    Clock Pessimism Removal (CPR):    0.443ns
  Clock Uncertainty:      0.109ns  ((TSJ^2 + DJ^2)^1/2) / 2 + PE
    Total System Jitter     (TSJ):    0.071ns
    Discrete Jitter          (DJ):    0.206ns
    Phase Error              (PE):    0.000ns

    Location             Delay type                Incr(ns)  Path(ns)    Netlist Resource(s)
  -------------------------------------------------------------------    -------------------
                         (clock clk_core_mmcm rise edge)
                                                      0.000     0.000 r  
    E3                                                0.000     0.000 r  clk_100mhz (IN)
                         net (fo=0)                   0.000     0.000    clk_100mhz
    E3                   IBUF (Prop_ibuf_I_O)         1.482     1.482 r  clk_100mhz_IBUF_inst/O
                         net (fo=1, routed)           2.025     3.506    clk_100mhz_IBUF
    BUFGCTRL_X0Y16       BUFG (Prop_bufg_I_O)         0.096     3.602 r  clk_100mhz_IBUF_BUFG_inst/O
                         net (fo=2651, routed)        1.809     5.412    clk_100mhz_IBUF_BUFG
    MMCME2_ADV_X0Y0      MMCME2_ADV (Prop_mmcme2_adv_CLKIN1_CLKOUT0)
                                                      0.088     5.500 r  u_mmcm/CLKOUT0
                         net (fo=1, routed)           2.018     7.518    clk_core_mmcm
    BUFGCTRL_X0Y2        BUFG (Prop_bufg_I_O)         0.096     7.614 r  u_bufg_core_replica_1/O
                         net (fo=8, routed)           0.140     7.754    clk_core_repN_1
    BUFGCTRL_X0Y1        BUFG (Prop_bufg_I_O)         0.096     7.850 r  u_bufg_core_replica/O
                         net (fo=6, routed)           0.140     7.990    clk_core_repN
    BUFGCTRL_X0Y0        BUFG (Prop_bufg_I_O)         0.096     8.086 r  u_bufg_core/O
                         net (fo=4900, routed)        1.617     9.703    u_mlkem/u_unpack/clk_core
    SLICE_X49Y138        FDRE                                         r  u_mlkem/u_unpack/q0_reg[48]/C
  -------------------------------------------------------------------    -------------------
    SLICE_X49Y138        FDRE (Prop_fdre_C_Q)         0.456    10.159 r  u_mlkem/u_unpack/q0_reg[48]/Q
                         net (fo=3, routed)           0.831    10.991    u_mlkem/u_unpack/win[48]
    SLICE_X51Y137        LUT6 (Prop_lut6_I1_O)        0.124    11.115 r  u_mlkem/u_unpack/f1[11]_i_29/O
                         net (fo=2, routed)           0.566    11.680    u_mlkem/u_unpack/f1[11]_i_29_n_0
    SLICE_X53Y136        LUT6 (Prop_lut6_I5_O)        0.124    11.804 r  u_mlkem/u_unpack/f1[11]_i_10/O
                         net (fo=4, routed)           0.804    12.608    u_mlkem/u_unpack/f1[11]_i_10_n_0
    SLICE_X58Y136        LUT5 (Prop_lut5_I4_O)        0.124    12.732 r  u_mlkem/u_unpack/f1[10]_i_3/O
                         net (fo=1, routed)           0.596    13.329    u_mlkem/u_unpack/f1[10]_i_3_n_0
    SLICE_X58Y134        LUT6 (Prop_lut6_I0_O)        0.124    13.453 r  u_mlkem/u_unpack/f1[10]_i_2/O
                         net (fo=2, routed)           0.779    14.231    u_mlkem/u_unpack/f1[10]_i_2_n_0
    SLICE_X63Y130        LUT6 (Prop_lut6_I4_O)        0.124    14.355 r  u_mlkem/u_unpack/f1[9]_i_1/O
                         net (fo=1, routed)           0.000    14.355    u_mlkem/u_unpack/f1[9]_i_1_n_0
    SLICE_X63Y130        FDRE                                         r  u_mlkem/u_unpack/f1_reg[9]/D
  -------------------------------------------------------------------    -------------------

                         (clock clk_core_mmcm rise edge)
                                                      4.854     4.854 r  
    E3                                                0.000     4.854 r  clk_100mhz (IN)
                         net (fo=0)                   0.000     4.854    clk_100mhz
    E3                   IBUF (Prop_ibuf_I_O)         1.411     6.266 r  clk_100mhz_IBUF_inst/O
                         net (fo=1, routed)           1.920     8.186    clk_100mhz_IBUF
    BUFGCTRL_X0Y16       BUFG (Prop_bufg_I_O)         0.091     8.277 r  clk_100mhz_IBUF_BUFG_inst/O
                         net (fo=2651, routed)        1.683     9.960    clk_100mhz_IBUF_BUFG
    MMCME2_ADV_X0Y0      MMCME2_ADV (Prop_mmcme2_adv_CLKIN1_CLKOUT0)
                                                      0.083    10.043 r  u_mmcm/CLKOUT0
                         net (fo=1, routed)           1.923    11.966    clk_core_mmcm
    BUFGCTRL_X0Y2        BUFG (Prop_bufg_I_O)         0.091    12.057 r  u_bufg_core_replica_1/O
                         net (fo=8, routed)           0.133    12.190    clk_core_repN_1
    BUFGCTRL_X0Y1        BUFG (Prop_bufg_I_O)         0.091    12.281 r  u_bufg_core_replica/O
                         net (fo=6, routed)           0.133    12.414    clk_core_repN
    BUFGCTRL_X0Y0        BUFG (Prop_bufg_I_O)         0.091    12.505 r  u_bufg_core/O
                         net (fo=4900, routed)        1.487    13.991    u_mlkem/u_unpack/clk_core
    SLICE_X63Y130        FDRE                                         r  u_mlkem/u_unpack/f1_reg[9]/C
                         clock pessimism              0.443    14.434    
                         clock uncertainty           -0.109    14.325    
    SLICE_X63Y130        FDRE (Setup_fdre_C_D)        0.029    14.354    u_mlkem/u_unpack/f1_reg[9]
  -------------------------------------------------------------------
                         required time                         14.354    
                         arrival time                         -14.355    
  -------------------------------------------------------------------
                         slack                                 -0.001    

Slack (MET) :             0.007ns  (required time - arrival time)
  Source:                 u_mlkem/u_ctrl/u_read_fifo/count_reg[2]/C
                            (rising edge-triggered cell FDRE clocked by clk_core_mmcm  {rise@0.000ns fall@2.427ns period=4.854ns})
  Destination:            u_mlkem/u_unpack/want_q_reg/D
                            (rising edge-triggered cell FDRE clocked by clk_core_mmcm  {rise@0.000ns fall@2.427ns period=4.854ns})
  Path Group:             clk_core_mmcm
  Path Type:              Setup (Max at Slow Process Corner)
  Requirement:            4.854ns  (clk_core_mmcm rise@4.854ns - clk_core_mmcm rise@0.000ns)
  Data Path Delay:        4.724ns  (logic 1.711ns (36.218%)  route 3.013ns (63.782%))
  Logic Levels:           5  (CARRY4=1 LUT2=1 LUT4=1 LUT6=2)
  Clock Path Skew:        -0.045ns (DCD - SCD + CPR)
    Destination Clock Delay (DCD):    9.147ns = ( 14.001 - 4.854 ) 
    Source Clock Delay      (SCD):    9.706ns
    Clock Pessimism Removal (CPR):    0.514ns
  Clock Uncertainty:      0.109ns  ((TSJ^2 + DJ^2)^1/2) / 2 + PE
    Total System Jitter     (TSJ):    0.071ns
    Discrete Jitter          (DJ):    0.206ns
    Phase Error              (PE):    0.000ns

    Location             Delay type                Incr(ns)  Path(ns)    Netlist Resource(s)
  -------------------------------------------------------------------    -------------------
                         (clock clk_core_mmcm rise edge)
                                                      0.000     0.000 r  
    E3                                                0.000     0.000 r  clk_100mhz (IN)
                         net (fo=0)                   0.000     0.000    clk_100mhz
    E3                   IBUF (Prop_ibuf_I_O)         1.482     1.482 r  clk_100mhz_IBUF_inst/O
                         net (fo=1, routed)           2.025     3.506    clk_100mhz_IBUF
    BUFGCTRL_X0Y16       BUFG (Prop_bufg_I_O)         0.096     3.602 r  clk_100mhz_IBUF_BUFG_inst/O
                         net (fo=2651, routed)        1.809     5.412    clk_100mhz_IBUF_BUFG
    MMCME2_ADV_X0Y0      MMCME2_ADV (Prop_mmcme2_adv_CLKIN1_CLKOUT0)
                                                      0.088     5.500 r  u_mmcm/CLKOUT0
                         net (fo=1, routed)           2.018     7.518    clk_core_mmcm
    BUFGCTRL_X0Y2        BUFG (Prop_bufg_I_O)         0.096     7.614 r  u_bufg_core_replica_1/O
                         net (fo=8, routed)           0.140     7.754    clk_core_repN_1
    BUFGCTRL_X0Y1        BUFG (Prop_bufg_I_O)         0.096     7.850 r  u_bufg_core_replica/O
                         net (fo=6, routed)           0.140     7.990    clk_core_repN
    BUFGCTRL_X0Y0        BUFG (Prop_bufg_I_O)         0.096     8.086 r  u_bufg_core/O
                         net (fo=4900, routed)        1.620     9.706    u_mlkem/u_ctrl/u_read_fifo/clk_core
    SLICE_X49Y143        FDRE                                         r  u_mlkem/u_ctrl/u_read_fifo/count_reg[2]/C
  -------------------------------------------------------------------    -------------------
    SLICE_X49Y143        FDRE (Prop_fdre_C_Q)         0.456    10.162 r  u_mlkem/u_ctrl/u_read_fifo/count_reg[2]/Q
                         net (fo=6, routed)           0.440    10.602    u_mlkem/u_ctrl/u_read_fifo/fcnt[2]
    SLICE_X49Y141        LUT2 (Prop_lut2_I0_O)        0.124    10.726 r  u_mlkem/u_ctrl/u_read_fifo/pos[7]_i_4/O
                         net (fo=3, routed)           0.613    11.338    u_mlkem/u_unpack/q2_reg[63]_2
    SLICE_X50Y141        LUT6 (Prop_lut6_I2_O)        0.124    11.462 r  u_mlkem/u_unpack/q2[63]_i_4/O
                         net (fo=84, routed)          1.078    12.541    u_mlkem/u_unpack/up_src_take
    SLICE_X52Y134        LUT4 (Prop_lut4_I1_O)        0.124    12.665 r  u_mlkem/u_unpack/want_q_i_8/O
                         net (fo=1, routed)           0.000    12.665    u_mlkem/u_unpack/want_q_i_8_n_0
    SLICE_X52Y134        CARRY4 (Prop_carry4_S[1]_CO[2])
                                                      0.570    13.235 f  u_mlkem/u_unpack/want_q_reg_i_3/CO[2]
                         net (fo=1, routed)           0.882    14.117    u_mlkem/u_unpack/want_q_reg_i_3_n_1
    SLICE_X51Y141        LUT6 (Prop_lut6_I5_O)        0.313    14.430 r  u_mlkem/u_unpack/want_q_i_1_comp/O
                         net (fo=1, routed)           0.000    14.430    u_mlkem/u_unpack/want_q_i_1_n_0
    SLICE_X51Y141        FDRE                                         r  u_mlkem/u_unpack/want_q_reg/D
  -------------------------------------------------------------------    -------------------

                         (clock clk_core_mmcm rise edge)
                                                      4.854     4.854 r  
    E3                                                0.000     4.854 r  clk_100mhz (IN)
                         net (fo=0)                   0.000     4.854    clk_100mhz
    E3                   IBUF (Prop_ibuf_I_O)         1.411     6.266 r  clk_100mhz_IBUF_inst/O
                         net (fo=1, routed)           1.920     8.186    clk_100mhz_IBUF
    BUFGCTRL_X0Y16       BUFG (Prop_bufg_I_O)         0.091     8.277 r  clk_100mhz_IBUF_BUFG_inst/O
                         net (fo=2651, routed)        1.683     9.960    clk_100mhz_IBUF_BUFG
    MMCME2_ADV_X0Y0      MMCME2_ADV (Prop_mmcme2_adv_CLKIN1_CLKOUT0)
                                                      0.083    10.043 r  u_mmcm/CLKOUT0
                         net (fo=1, routed)           1.923    11.966    clk_core_mmcm
    BUFGCTRL_X0Y2        BUFG (Prop_bufg_I_O)         0.091    12.057 r  u_bufg_core_replica_1/O
                         net (fo=8, routed)           0.133    12.190    clk_core_repN_1
    BUFGCTRL_X0Y1        BUFG (Prop_bufg_I_O)         0.091    12.281 r  u_bufg_core_replica/O
                         net (fo=6, routed)           0.133    12.414    clk_core_repN
    BUFGCTRL_X0Y0        BUFG (Prop_bufg_I_O)         0.091    12.505 r  u_bufg_core/O
                         net (fo=4900, routed)        1.497    14.001    u_mlkem/u_unpack/clk_core
    SLICE_X51Y141        FDRE                                         r  u_mlkem/u_unpack/want_q_reg/C
                         clock pessimism              0.514    14.515    
                         clock uncertainty           -0.109    14.406    
    SLICE_X51Y141        FDRE (Setup_fdre_C_D)        0.031    14.437    u_mlkem/u_unpack/want_q_reg
  -------------------------------------------------------------------
                         required time                         14.437    
                         arrival time                         -14.430    
  -------------------------------------------------------------------
                         slack                                  0.007    

Slack (MET) :             0.020ns  (required time - arrival time)
  Source:                 u_mlkem/u_unpack/v0_reg/C
                            (rising edge-triggered cell FDRE clocked by clk_core_mmcm  {rise@0.000ns fall@2.427ns period=4.854ns})
  Destination:            u_mlkem/u_unpack/gt2_reg/D
                            (rising edge-triggered cell FDRE clocked by clk_core_mmcm  {rise@0.000ns fall@2.427ns period=4.854ns})
  Path Group:             clk_core_mmcm
  Path Type:              Setup (Max at Slow Process Corner)
  Requirement:            4.854ns  (clk_core_mmcm rise@4.854ns - clk_core_mmcm rise@0.000ns)
  Data Path Delay:        4.836ns  (logic 1.440ns (29.776%)  route 3.396ns (70.224%))
  Logic Levels:           4  (CARRY4=1 LUT4=1 LUT5=2)
  Clock Path Skew:        -0.027ns (DCD - SCD + CPR)
    Destination Clock Delay (DCD):    9.135ns = ( 13.989 - 4.854 ) 
    Source Clock Delay      (SCD):    9.693ns
    Clock Pessimism Removal (CPR):    0.531ns
  Clock Uncertainty:      0.109ns  ((TSJ^2 + DJ^2)^1/2) / 2 + PE
    Total System Jitter     (TSJ):    0.071ns
    Discrete Jitter          (DJ):    0.206ns
    Phase Error              (PE):    0.000ns

    Location             Delay type                Incr(ns)  Path(ns)    Netlist Resource(s)
  -------------------------------------------------------------------    -------------------
                         (clock clk_core_mmcm rise edge)
                                                      0.000     0.000 r  
    E3                                                0.000     0.000 r  clk_100mhz (IN)
                         net (fo=0)                   0.000     0.000    clk_100mhz
    E3                   IBUF (Prop_ibuf_I_O)         1.482     1.482 r  clk_100mhz_IBUF_inst/O
                         net (fo=1, routed)           2.025     3.506    clk_100mhz_IBUF
    BUFGCTRL_X0Y16       BUFG (Prop_bufg_I_O)         0.096     3.602 r  clk_100mhz_IBUF_BUFG_inst/O
                         net (fo=2651, routed)        1.809     5.412    clk_100mhz_IBUF_BUFG
    MMCME2_ADV_X0Y0      MMCME2_ADV (Prop_mmcme2_adv_CLKIN1_CLKOUT0)
                                                      0.088     5.500 r  u_mmcm/CLKOUT0
                         net (fo=1, routed)           2.018     7.518    clk_core_mmcm
    BUFGCTRL_X0Y2        BUFG (Prop_bufg_I_O)         0.096     7.614 r  u_bufg_core_replica_1/O
                         net (fo=8, routed)           0.140     7.754    clk_core_repN_1
    BUFGCTRL_X0Y1        BUFG (Prop_bufg_I_O)         0.096     7.850 r  u_bufg_core_replica/O
                         net (fo=6, routed)           0.140     7.990    clk_core_repN
    BUFGCTRL_X0Y0        BUFG (Prop_bufg_I_O)         0.096     8.086 r  u_bufg_core/O
                         net (fo=4900, routed)        1.607     9.693    u_mlkem/u_unpack/clk_core
    SLICE_X60Y132        FDRE                                         r  u_mlkem/u_unpack/v0_reg/C
  -------------------------------------------------------------------    -------------------
    SLICE_X60Y132        FDRE (Prop_fdre_C_Q)         0.518    10.211 r  u_mlkem/u_unpack/v0_reg/Q
                         net (fo=77, routed)          1.056    11.267    u_mlkem/u_unpack/v0_reg_n_0
    SLICE_X65Y130        LUT5 (Prop_lut5_I2_O)        0.124    11.391 r  u_mlkem/u_unpack/fv1_i_1/O
                         net (fo=13, routed)          0.602    11.994    u_mlkem/u_unpack/fv1_i_1_n_0
    SLICE_X65Y132        LUT5 (Prop_lut5_I4_O)        0.124    12.118 r  u_mlkem/u_unpack/p[2]_i_1/O
                         net (fo=14, routed)          1.050    13.168    u_mlkem/u_unpack/p[2]_i_1_n_0
    SLICE_X61Y130        LUT4 (Prop_lut4_I2_O)        0.124    13.292 r  u_mlkem/u_unpack/gt2_i_7/O
                         net (fo=1, routed)           0.000    13.292    u_mlkem/u_unpack/gt2_i_7_n_0
    SLICE_X61Y130        CARRY4 (Prop_carry4_S[1]_CO[3])
                                                      0.550    13.842 r  u_mlkem/u_unpack/gt2_reg_i_1/CO[3]
                         net (fo=1, routed)           0.687    14.529    u_mlkem/u_unpack/gt2_reg_i_1_n_0
    SLICE_X61Y130        FDRE                                         r  u_mlkem/u_unpack/gt2_reg/D
  -------------------------------------------------------------------    -------------------

                         (clock clk_core_mmcm rise edge)
                                                      4.854     4.854 r  
    E3                                                0.000     4.854 r  clk_100mhz (IN)
                         net (fo=0)                   0.000     4.854    clk_100mhz
    E3                   IBUF (Prop_ibuf_I_O)         1.411     6.266 r  clk_100mhz_IBUF_inst/O
                         net (fo=1, routed)           1.920     8.186    clk_100mhz_IBUF
    BUFGCTRL_X0Y16       BUFG (Prop_bufg_I_O)         0.091     8.277 r  clk_100mhz_IBUF_BUFG_inst/O
                         net (fo=2651, routed)        1.683     9.960    clk_100mhz_IBUF_BUFG
    MMCME2_ADV_X0Y0      MMCME2_ADV (Prop_mmcme2_adv_CLKIN1_CLKOUT0)
                                                      0.083    10.043 r  u_mmcm/CLKOUT0
                         net (fo=1, routed)           1.923    11.966    clk_core_mmcm
    BUFGCTRL_X0Y2        BUFG (Prop_bufg_I_O)         0.091    12.057 r  u_bufg_core_replica_1/O
                         net (fo=8, routed)           0.133    12.190    clk_core_repN_1
    BUFGCTRL_X0Y1        BUFG (Prop_bufg_I_O)         0.091    12.281 r  u_bufg_core_replica/O
                         net (fo=6, routed)           0.133    12.414    clk_core_repN
    BUFGCTRL_X0Y0        BUFG (Prop_bufg_I_O)         0.091    12.505 r  u_bufg_core/O
                         net (fo=4900, routed)        1.485    13.989    u_mlkem/u_unpack/clk_core
    SLICE_X61Y130        FDRE                                         r  u_mlkem/u_unpack/gt2_reg/C
                         clock pessimism              0.531    14.520    
                         clock uncertainty           -0.109    14.411    
    SLICE_X61Y130        FDRE (Setup_fdre_C_D)        0.138    14.549    u_mlkem/u_unpack/gt2_reg
  -------------------------------------------------------------------
                         required time                         14.549    
                         arrival time                         -14.529    
  -------------------------------------------------------------------
                         slack                                  0.020    

Slack (MET) :             0.021ns  (required time - arrival time)
  Source:                 u_mlkem/u_ctrl/u_read_fifo/count_reg[2]/C
                            (rising edge-triggered cell FDRE clocked by clk_core_mmcm  {rise@0.000ns fall@2.427ns period=4.854ns})
  Destination:            u_mlkem/u_sponge/x_data_reg[40]/D
                            (rising edge-triggered cell FDRE clocked by clk_core_mmcm  {rise@0.000ns fall@2.427ns period=4.854ns})
  Path Group:             clk_core_mmcm
  Path Type:              Setup (Max at Slow Process Corner)
  Requirement:            4.854ns  (clk_core_mmcm rise@4.854ns - clk_core_mmcm rise@0.000ns)
  Data Path Delay:        4.780ns  (logic 1.076ns (22.509%)  route 3.704ns (77.491%))
  Logic Levels:           5  (LUT2=1 LUT5=2 LUT6=2)
  Clock Path Skew:        -0.025ns (DCD - SCD + CPR)
    Destination Clock Delay (DCD):    9.150ns = ( 14.004 - 4.854 ) 
    Source Clock Delay      (SCD):    9.706ns
    Clock Pessimism Removal (CPR):    0.531ns
  Clock Uncertainty:      0.109ns  ((TSJ^2 + DJ^2)^1/2) / 2 + PE
    Total System Jitter     (TSJ):    0.071ns
    Discrete Jitter          (DJ):    0.206ns
    Phase Error              (PE):    0.000ns

    Location             Delay type                Incr(ns)  Path(ns)    Netlist Resource(s)
  -------------------------------------------------------------------    -------------------
                         (clock clk_core_mmcm rise edge)
                                                      0.000     0.000 r  
    E3                                                0.000     0.000 r  clk_100mhz (IN)
                         net (fo=0)                   0.000     0.000    clk_100mhz
    E3                   IBUF (Prop_ibuf_I_O)         1.482     1.482 r  clk_100mhz_IBUF_inst/O
                         net (fo=1, routed)           2.025     3.506    clk_100mhz_IBUF
    BUFGCTRL_X0Y16       BUFG (Prop_bufg_I_O)         0.096     3.602 r  clk_100mhz_IBUF_BUFG_inst/O
                         net (fo=2651, routed)        1.809     5.412    clk_100mhz_IBUF_BUFG
    MMCME2_ADV_X0Y0      MMCME2_ADV (Prop_mmcme2_adv_CLKIN1_CLKOUT0)
                                                      0.088     5.500 r  u_mmcm/CLKOUT0
                         net (fo=1, routed)           2.018     7.518    clk_core_mmcm
    BUFGCTRL_X0Y2        BUFG (Prop_bufg_I_O)         0.096     7.614 r  u_bufg_core_replica_1/O
                         net (fo=8, routed)           0.140     7.754    clk_core_repN_1
    BUFGCTRL_X0Y1        BUFG (Prop_bufg_I_O)         0.096     7.850 r  u_bufg_core_replica/O
                         net (fo=6, routed)           0.140     7.990    clk_core_repN
    BUFGCTRL_X0Y0        BUFG (Prop_bufg_I_O)         0.096     8.086 r  u_bufg_core/O
                         net (fo=4900, routed)        1.620     9.706    u_mlkem/u_ctrl/u_read_fifo/clk_core
    SLICE_X49Y143        FDRE                                         r  u_mlkem/u_ctrl/u_read_fifo/count_reg[2]/C
  -------------------------------------------------------------------    -------------------
    SLICE_X49Y143        FDRE (Prop_fdre_C_Q)         0.456    10.162 f  u_mlkem/u_ctrl/u_read_fifo/count_reg[2]/Q
                         net (fo=6, routed)           0.440    10.602    u_mlkem/u_ctrl/u_read_fifo/fcnt[2]
    SLICE_X49Y141        LUT2 (Prop_lut2_I0_O)        0.124    10.726 f  u_mlkem/u_ctrl/u_read_fifo/pos[7]_i_4/O
                         net (fo=3, routed)           0.648    11.374    u_mlkem/u_ctrl/u_read_fifo/count_reg[2]_1
    SLICE_X44Y146        LUT6 (Prop_lut6_I4_O)        0.124    11.498 f  u_mlkem/u_ctrl/u_read_fifo/rem[7]_i_3/O
                         net (fo=9, routed)           0.567    12.065    u_mlkem/u_sponge/rem_reg[0]_0
    SLICE_X40Y152        LUT6 (Prop_lut6_I0_O)        0.124    12.189 f  u_mlkem/u_sponge/x_data[63]_i_3/O
                         net (fo=58, routed)          1.019    13.209    u_mlkem/u_sponge/x_data[63]_i_3_n_0
    SLICE_X35Y158        LUT5 (Prop_lut5_I2_O)        0.124    13.333 r  u_mlkem/u_sponge/x_data[40]_i_3/O
                         net (fo=1, routed)           1.030    14.362    u_mlkem/u_sponge/x_data[40]_i_3_n_0
    SLICE_X46Y143        LUT5 (Prop_lut5_I4_O)        0.124    14.486 r  u_mlkem/u_sponge/x_data[40]_i_1/O
                         net (fo=1, routed)           0.000    14.486    u_mlkem/u_sponge/x_data[40]_i_1_n_0
    SLICE_X46Y143        FDRE                                         r  u_mlkem/u_sponge/x_data_reg[40]/D
  -------------------------------------------------------------------    -------------------

                         (clock clk_core_mmcm rise edge)
                                                      4.854     4.854 r  
    E3                                                0.000     4.854 r  clk_100mhz (IN)
                         net (fo=0)                   0.000     4.854    clk_100mhz
    E3                   IBUF (Prop_ibuf_I_O)         1.411     6.266 r  clk_100mhz_IBUF_inst/O
                         net (fo=1, routed)           1.920     8.186    clk_100mhz_IBUF
    BUFGCTRL_X0Y16       BUFG (Prop_bufg_I_O)         0.091     8.277 r  clk_100mhz_IBUF_BUFG_inst/O
                         net (fo=2651, routed)        1.683     9.960    clk_100mhz_IBUF_BUFG
    MMCME2_ADV_X0Y0      MMCME2_ADV (Prop_mmcme2_adv_CLKIN1_CLKOUT0)
                                                      0.083    10.043 r  u_mmcm/CLKOUT0
                         net (fo=1, routed)           1.923    11.966    clk_core_mmcm
    BUFGCTRL_X0Y2        BUFG (Prop_bufg_I_O)         0.091    12.057 r  u_bufg_core_replica_1/O
                         net (fo=8, routed)           0.133    12.190    clk_core_repN_1
    BUFGCTRL_X0Y1        BUFG (Prop_bufg_I_O)         0.091    12.281 r  u_bufg_core_replica/O
                         net (fo=6, routed)           0.133    12.414    clk_core_repN
    BUFGCTRL_X0Y0        BUFG (Prop_bufg_I_O)         0.091    12.505 r  u_bufg_core/O
                         net (fo=4900, routed)        1.500    14.004    u_mlkem/u_sponge/clk_core
    SLICE_X46Y143        FDRE                                         r  u_mlkem/u_sponge/x_data_reg[40]/C
                         clock pessimism              0.531    14.535    
                         clock uncertainty           -0.109    14.426    
    SLICE_X46Y143        FDRE (Setup_fdre_C_D)        0.081    14.507    u_mlkem/u_sponge/x_data_reg[40]
  -------------------------------------------------------------------
                         required time                         14.507    
                         arrival time                         -14.486    
  -------------------------------------------------------------------
                         slack                                  0.021    

Slack (MET) :             0.021ns  (required time - arrival time)
  Source:                 u_mlkem/u_unpack/pw1_reg[6]/C
                            (rising edge-triggered cell FDRE clocked by clk_core_mmcm  {rise@0.000ns fall@2.427ns period=4.854ns})
  Destination:            u_mlkem/u_unpack/f1_reg[8]/D
                            (rising edge-triggered cell FDRE clocked by clk_core_mmcm  {rise@0.000ns fall@2.427ns period=4.854ns})
  Path Group:             clk_core_mmcm
  Path Type:              Setup (Max at Slow Process Corner)
  Requirement:            4.854ns  (clk_core_mmcm rise@4.854ns - clk_core_mmcm rise@0.000ns)
  Data Path Delay:        4.713ns  (logic 1.090ns (23.128%)  route 3.623ns (76.872%))
  Logic Levels:           4  (LUT5=1 LUT6=3)
  Clock Path Skew:        -0.042ns (DCD - SCD + CPR)
    Destination Clock Delay (DCD):    9.136ns = ( 13.990 - 4.854 ) 
    Source Clock Delay      (SCD):    9.692ns
    Clock Pessimism Removal (CPR):    0.514ns
  Clock Uncertainty:      0.109ns  ((TSJ^2 + DJ^2)^1/2) / 2 + PE
    Total System Jitter     (TSJ):    0.071ns
    Discrete Jitter          (DJ):    0.206ns
    Phase Error              (PE):    0.000ns

    Location             Delay type                Incr(ns)  Path(ns)    Netlist Resource(s)
  -------------------------------------------------------------------    -------------------
                         (clock clk_core_mmcm rise edge)
                                                      0.000     0.000 r  
    E3                                                0.000     0.000 r  clk_100mhz (IN)
                         net (fo=0)                   0.000     0.000    clk_100mhz
    E3                   IBUF (Prop_ibuf_I_O)         1.482     1.482 r  clk_100mhz_IBUF_inst/O
                         net (fo=1, routed)           2.025     3.506    clk_100mhz_IBUF
    BUFGCTRL_X0Y16       BUFG (Prop_bufg_I_O)         0.096     3.602 r  clk_100mhz_IBUF_BUFG_inst/O
                         net (fo=2651, routed)        1.809     5.412    clk_100mhz_IBUF_BUFG
    MMCME2_ADV_X0Y0      MMCME2_ADV (Prop_mmcme2_adv_CLKIN1_CLKOUT0)
                                                      0.088     5.500 r  u_mmcm/CLKOUT0
                         net (fo=1, routed)           2.018     7.518    clk_core_mmcm
    BUFGCTRL_X0Y2        BUFG (Prop_bufg_I_O)         0.096     7.614 r  u_bufg_core_replica_1/O
                         net (fo=8, routed)           0.140     7.754    clk_core_repN_1
    BUFGCTRL_X0Y1        BUFG (Prop_bufg_I_O)         0.096     7.850 r  u_bufg_core_replica/O
                         net (fo=6, routed)           0.140     7.990    clk_core_repN
    BUFGCTRL_X0Y0        BUFG (Prop_bufg_I_O)         0.096     8.086 r  u_bufg_core/O
                         net (fo=4900, routed)        1.606     9.692    u_mlkem/u_unpack/clk_core
    SLICE_X53Y136        FDRE                                         r  u_mlkem/u_unpack/pw1_reg[6]/C
  -------------------------------------------------------------------    -------------------
    SLICE_X53Y136        FDRE (Prop_fdre_C_Q)         0.419    10.111 r  u_mlkem/u_unpack/pw1_reg[6]/Q
                         net (fo=52, routed)          1.268    11.379    u_mlkem/u_unpack/pw1_reg_n_0_[6]
    SLICE_X60Y139        LUT6 (Prop_lut6_I4_O)        0.299    11.678 r  u_mlkem/u_unpack/f1[11]_i_22/O
                         net (fo=3, routed)           0.662    12.341    u_mlkem/u_unpack/f1[11]_i_22_n_0
    SLICE_X62Y138        LUT6 (Prop_lut6_I5_O)        0.124    12.465 r  u_mlkem/u_unpack/f1[9]_i_5/O
                         net (fo=1, routed)           0.616    13.080    u_mlkem/u_unpack/f1[9]_i_5_n_0
    SLICE_X62Y136        LUT5 (Prop_lut5_I0_O)        0.124    13.204 r  u_mlkem/u_unpack/f1[9]_i_3/O
                         net (fo=2, routed)           1.077    14.281    u_mlkem/u_unpack/f1[9]_i_3_n_0
    SLICE_X57Y134        LUT6 (Prop_lut6_I4_O)        0.124    14.405 r  u_mlkem/u_unpack/f1[8]_i_1/O
                         net (fo=1, routed)           0.000    14.405    u_mlkem/u_unpack/f1[8]_i_1_n_0
    SLICE_X57Y134        FDRE                                         r  u_mlkem/u_unpack/f1_reg[8]/D
  -------------------------------------------------------------------    -------------------

                         (clock clk_core_mmcm rise edge)
                                                      4.854     4.854 r  
    E3                                                0.000     4.854 r  clk_100mhz (IN)
                         net (fo=0)                   0.000     4.854    clk_100mhz
    E3                   IBUF (Prop_ibuf_I_O)         1.411     6.266 r  clk_100mhz_IBUF_inst/O
                         net (fo=1, routed)           1.920     8.186    clk_100mhz_IBUF
    BUFGCTRL_X0Y16       BUFG (Prop_bufg_I_O)         0.091     8.277 r  clk_100mhz_IBUF_BUFG_inst/O
                         net (fo=2651, routed)        1.683     9.960    clk_100mhz_IBUF_BUFG
    MMCME2_ADV_X0Y0      MMCME2_ADV (Prop_mmcme2_adv_CLKIN1_CLKOUT0)
                                                      0.083    10.043 r  u_mmcm/CLKOUT0
                         net (fo=1, routed)           1.923    11.966    clk_core_mmcm
    BUFGCTRL_X0Y2        BUFG (Prop_bufg_I_O)         0.091    12.057 r  u_bufg_core_replica_1/O
                         net (fo=8, routed)           0.133    12.190    clk_core_repN_1
    BUFGCTRL_X0Y1        BUFG (Prop_bufg_I_O)         0.091    12.281 r  u_bufg_core_replica/O
                         net (fo=6, routed)           0.133    12.414    clk_core_repN
    BUFGCTRL_X0Y0        BUFG (Prop_bufg_I_O)         0.091    12.505 r  u_bufg_core/O
                         net (fo=4900, routed)        1.486    13.990    u_mlkem/u_unpack/clk_core
    SLICE_X57Y134        FDRE                                         r  u_mlkem/u_unpack/f1_reg[8]/C
                         clock pessimism              0.514    14.504    
                         clock uncertainty           -0.109    14.395    
    SLICE_X57Y134        FDRE (Setup_fdre_C_D)        0.031    14.426    u_mlkem/u_unpack/f1_reg[8]
  -------------------------------------------------------------------
                         required time                         14.426    
                         arrival time                         -14.405    
  -------------------------------------------------------------------
                         slack                                  0.021    

Slack (MET) :             0.023ns  (required time - arrival time)
  Source:                 u_mlkem/u_sponge/nlanes_reg[4]/C
                            (rising edge-triggered cell FDSE clocked by clk_core_mmcm  {rise@0.000ns fall@2.427ns period=4.854ns})
  Destination:            u_mlkem/u_sponge/li_p3_reg[0]/CE
                            (rising edge-triggered cell FDSE clocked by clk_core_mmcm  {rise@0.000ns fall@2.427ns period=4.854ns})
  Path Group:             clk_core_mmcm
  Path Type:              Setup (Max at Slow Process Corner)
  Requirement:            4.854ns  (clk_core_mmcm rise@4.854ns - clk_core_mmcm rise@0.000ns)
  Data Path Delay:        3.911ns  (logic 0.966ns (24.700%)  route 2.945ns (75.300%))
  Logic Levels:           3  (LUT3=1 LUT5=1 LUT6=1)
  Clock Path Skew:        -0.606ns (DCD - SCD + CPR)
    Destination Clock Delay (DCD):    8.875ns = ( 13.730 - 4.854 ) 
    Source Clock Delay      (SCD):    9.894ns
    Clock Pessimism Removal (CPR):    0.412ns
  Clock Uncertainty:      0.109ns  ((TSJ^2 + DJ^2)^1/2) / 2 + PE
    Total System Jitter     (TSJ):    0.071ns
    Discrete Jitter          (DJ):    0.206ns
    Phase Error              (PE):    0.000ns

    Location             Delay type                Incr(ns)  Path(ns)    Netlist Resource(s)
  -------------------------------------------------------------------    -------------------
                         (clock clk_core_mmcm rise edge)
                                                      0.000     0.000 r  
    E3                                                0.000     0.000 r  clk_100mhz (IN)
                         net (fo=0)                   0.000     0.000    clk_100mhz
    E3                   IBUF (Prop_ibuf_I_O)         1.482     1.482 r  clk_100mhz_IBUF_inst/O
                         net (fo=1, routed)           2.025     3.506    clk_100mhz_IBUF
    BUFGCTRL_X0Y16       BUFG (Prop_bufg_I_O)         0.096     3.602 r  clk_100mhz_IBUF_BUFG_inst/O
                         net (fo=2651, routed)        1.809     5.412    clk_100mhz_IBUF_BUFG
    MMCME2_ADV_X0Y0      MMCME2_ADV (Prop_mmcme2_adv_CLKIN1_CLKOUT0)
                                                      0.088     5.500 r  u_mmcm/CLKOUT0
                         net (fo=1, routed)           2.018     7.518    clk_core_mmcm
    BUFGCTRL_X0Y2        BUFG (Prop_bufg_I_O)         0.096     7.614 r  u_bufg_core_replica_1/O
                         net (fo=8, routed)           0.140     7.754    clk_core_repN_1
    BUFGCTRL_X0Y1        BUFG (Prop_bufg_I_O)         0.096     7.850 r  u_bufg_core_replica/O
                         net (fo=6, routed)           0.140     7.990    clk_core_repN
    BUFGCTRL_X0Y0        BUFG (Prop_bufg_I_O)         0.096     8.086 r  u_bufg_core/O
                         net (fo=4900, routed)        1.807     9.894    u_mlkem/u_sponge/clk_core
    SLICE_X45Y150        FDSE                                         r  u_mlkem/u_sponge/nlanes_reg[4]/C
  -------------------------------------------------------------------    -------------------
    SLICE_X45Y150        FDSE (Prop_fdse_C_Q)         0.419    10.313 r  u_mlkem/u_sponge/nlanes_reg[4]/Q
                         net (fo=2, routed)           0.595    10.908    u_mlkem/u_sponge/nlanes[4]
    SLICE_X45Y154        LUT3 (Prop_lut3_I2_O)        0.299    11.207 r  u_mlkem/u_sponge/round[4]_i_6_comp/O
                         net (fo=1, routed)           0.303    11.510    u_mlkem/u_sponge/round[4]_i_6_n_0
    SLICE_X44Y153        LUT6 (Prop_lut6_I4_O)        0.124    11.634 r  u_mlkem/u_sponge/round[4]_i_5_comp/O
                         net (fo=6, routed)           0.479    12.113    u_mlkem/u_sponge/round[4]_i_5_n_0
    SLICE_X45Y151        LUT5 (Prop_lut5_I4_O)        0.124    12.237 r  u_mlkem/u_sponge/squeeze_avail[3]_i_3/O
                         net (fo=270, routed)         1.568    13.804    u_mlkem/u_sponge/li_p1
    SLICE_X35Y167        FDSE                                         r  u_mlkem/u_sponge/li_p3_reg[0]/CE
  -------------------------------------------------------------------    -------------------

                         (clock clk_core_mmcm rise edge)
                                                      4.854     4.854 r  
    E3                                                0.000     4.854 r  clk_100mhz (IN)
                         net (fo=0)                   0.000     4.854    clk_100mhz
    E3                   IBUF (Prop_ibuf_I_O)         1.411     6.266 r  clk_100mhz_IBUF_inst/O
                         net (fo=1, routed)           1.920     8.186    clk_100mhz_IBUF
    BUFGCTRL_X0Y16       BUFG (Prop_bufg_I_O)         0.091     8.277 r  clk_100mhz_IBUF_BUFG_inst/O
                         net (fo=2651, routed)        1.683     9.960    clk_100mhz_IBUF_BUFG
    MMCME2_ADV_X0Y0      MMCME2_ADV (Prop_mmcme2_adv_CLKIN1_CLKOUT0)
                                                      0.083    10.043 r  u_mmcm/CLKOUT0
                         net (fo=1, routed)           1.923    11.966    clk_core_mmcm
    BUFGCTRL_X0Y2        BUFG (Prop_bufg_I_O)         0.091    12.057 r  u_bufg_core_replica_1/O
                         net (fo=8, routed)           1.673    13.730    u_mlkem/u_sponge/clk_core_repN_1_alias
    SLICE_X35Y167        FDSE                                         r  u_mlkem/u_sponge/li_p3_reg[0]/C
                         clock pessimism              0.412    14.142    
                         clock uncertainty           -0.109    14.032    
    SLICE_X35Y167        FDSE (Setup_fdse_C_CE)      -0.205    13.827    u_mlkem/u_sponge/li_p3_reg[0]
  -------------------------------------------------------------------
                         required time                         13.827    
                         arrival time                         -13.805    
  -------------------------------------------------------------------
                         slack                                  0.023    

Slack (MET) :             0.023ns  (required time - arrival time)
  Source:                 u_mlkem/u_sponge/nlanes_reg[4]/C
                            (rising edge-triggered cell FDSE clocked by clk_core_mmcm  {rise@0.000ns fall@2.427ns period=4.854ns})
  Destination:            u_mlkem/u_sponge/li_p3_reg[1]_replica/CE
                            (rising edge-triggered cell FDSE clocked by clk_core_mmcm  {rise@0.000ns fall@2.427ns period=4.854ns})
  Path Group:             clk_core_mmcm
  Path Type:              Setup (Max at Slow Process Corner)
  Requirement:            4.854ns  (clk_core_mmcm rise@4.854ns - clk_core_mmcm rise@0.000ns)
  Data Path Delay:        3.911ns  (logic 0.966ns (24.700%)  route 2.945ns (75.300%))
  Logic Levels:           3  (LUT3=1 LUT5=1 LUT6=1)
  Clock Path Skew:        -0.606ns (DCD - SCD + CPR)
    Destination Clock Delay (DCD):    8.875ns = ( 13.730 - 4.854 ) 
    Source Clock Delay      (SCD):    9.894ns
    Clock Pessimism Removal (CPR):    0.412ns
  Clock Uncertainty:      0.109ns  ((TSJ^2 + DJ^2)^1/2) / 2 + PE
    Total System Jitter     (TSJ):    0.071ns
    Discrete Jitter          (DJ):    0.206ns
    Phase Error              (PE):    0.000ns

    Location             Delay type                Incr(ns)  Path(ns)    Netlist Resource(s)
  -------------------------------------------------------------------    -------------------
                         (clock clk_core_mmcm rise edge)
                                                      0.000     0.000 r  
    E3                                                0.000     0.000 r  clk_100mhz (IN)
                         net (fo=0)                   0.000     0.000    clk_100mhz
    E3                   IBUF (Prop_ibuf_I_O)         1.482     1.482 r  clk_100mhz_IBUF_inst/O
                         net (fo=1, routed)           2.025     3.506    clk_100mhz_IBUF
    BUFGCTRL_X0Y16       BUFG (Prop_bufg_I_O)         0.096     3.602 r  clk_100mhz_IBUF_BUFG_inst/O
                         net (fo=2651, routed)        1.809     5.412    clk_100mhz_IBUF_BUFG
    MMCME2_ADV_X0Y0      MMCME2_ADV (Prop_mmcme2_adv_CLKIN1_CLKOUT0)
                                                      0.088     5.500 r  u_mmcm/CLKOUT0
                         net (fo=1, routed)           2.018     7.518    clk_core_mmcm
    BUFGCTRL_X0Y2        BUFG (Prop_bufg_I_O)         0.096     7.614 r  u_bufg_core_replica_1/O
                         net (fo=8, routed)           0.140     7.754    clk_core_repN_1
    BUFGCTRL_X0Y1        BUFG (Prop_bufg_I_O)         0.096     7.850 r  u_bufg_core_replica/O
                         net (fo=6, routed)           0.140     7.990    clk_core_repN
    BUFGCTRL_X0Y0        BUFG (Prop_bufg_I_O)         0.096     8.086 r  u_bufg_core/O
                         net (fo=4900, routed)        1.807     9.894    u_mlkem/u_sponge/clk_core
    SLICE_X45Y150        FDSE                                         r  u_mlkem/u_sponge/nlanes_reg[4]/C
  -------------------------------------------------------------------    -------------------
    SLICE_X45Y150        FDSE (Prop_fdse_C_Q)         0.419    10.313 r  u_mlkem/u_sponge/nlanes_reg[4]/Q
                         net (fo=2, routed)           0.595    10.908    u_mlkem/u_sponge/nlanes[4]
    SLICE_X45Y154        LUT3 (Prop_lut3_I2_O)        0.299    11.207 r  u_mlkem/u_sponge/round[4]_i_6_comp/O
                         net (fo=1, routed)           0.303    11.510    u_mlkem/u_sponge/round[4]_i_6_n_0
    SLICE_X44Y153        LUT6 (Prop_lut6_I4_O)        0.124    11.634 r  u_mlkem/u_sponge/round[4]_i_5_comp/O
                         net (fo=6, routed)           0.479    12.113    u_mlkem/u_sponge/round[4]_i_5_n_0
    SLICE_X45Y151        LUT5 (Prop_lut5_I4_O)        0.124    12.237 r  u_mlkem/u_sponge/squeeze_avail[3]_i_3/O
                         net (fo=270, routed)         1.568    13.804    u_mlkem/u_sponge/li_p1
    SLICE_X35Y167        FDSE                                         r  u_mlkem/u_sponge/li_p3_reg[1]_replica/CE
  -------------------------------------------------------------------    -------------------

                         (clock clk_core_mmcm rise edge)
                                                      4.854     4.854 r  
    E3                                                0.000     4.854 r  clk_100mhz (IN)
                         net (fo=0)                   0.000     4.854    clk_100mhz
    E3                   IBUF (Prop_ibuf_I_O)         1.411     6.266 r  clk_100mhz_IBUF_inst/O
                         net (fo=1, routed)           1.920     8.186    clk_100mhz_IBUF
    BUFGCTRL_X0Y16       BUFG (Prop_bufg_I_O)         0.091     8.277 r  clk_100mhz_IBUF_BUFG_inst/O
                         net (fo=2651, routed)        1.683     9.960    clk_100mhz_IBUF_BUFG
    MMCME2_ADV_X0Y0      MMCME2_ADV (Prop_mmcme2_adv_CLKIN1_CLKOUT0)
                                                      0.083    10.043 r  u_mmcm/CLKOUT0
                         net (fo=1, routed)           1.923    11.966    clk_core_mmcm
    BUFGCTRL_X0Y2        BUFG (Prop_bufg_I_O)         0.091    12.057 r  u_bufg_core_replica_1/O
                         net (fo=8, routed)           1.673    13.730    u_mlkem/u_sponge/clk_core_repN_1_alias
    SLICE_X35Y167        FDSE                                         r  u_mlkem/u_sponge/li_p3_reg[1]_replica/C
                         clock pessimism              0.412    14.142    
                         clock uncertainty           -0.109    14.032    
    SLICE_X35Y167        FDSE (Setup_fdse_C_CE)      -0.205    13.827    u_mlkem/u_sponge/li_p3_reg[1]_replica
  -------------------------------------------------------------------
                         required time                         13.827    
                         arrival time                         -13.805    
  -------------------------------------------------------------------
                         slack                                  0.023    

Slack (MET) :             0.023ns  (required time - arrival time)
  Source:                 u_mlkem/u_sponge/nlanes_reg[4]/C
                            (rising edge-triggered cell FDSE clocked by clk_core_mmcm  {rise@0.000ns fall@2.427ns period=4.854ns})
  Destination:            u_mlkem/u_sponge/li_p3_reg[1]_replica_1/CE
                            (rising edge-triggered cell FDSE clocked by clk_core_mmcm  {rise@0.000ns fall@2.427ns period=4.854ns})
  Path Group:             clk_core_mmcm
  Path Type:              Setup (Max at Slow Process Corner)
  Requirement:            4.854ns  (clk_core_mmcm rise@4.854ns - clk_core_mmcm rise@0.000ns)
  Data Path Delay:        3.911ns  (logic 0.966ns (24.700%)  route 2.945ns (75.300%))
  Logic Levels:           3  (LUT3=1 LUT5=1 LUT6=1)
  Clock Path Skew:        -0.606ns (DCD - SCD + CPR)
    Destination Clock Delay (DCD):    8.875ns = ( 13.730 - 4.854 ) 
    Source Clock Delay      (SCD):    9.894ns
    Clock Pessimism Removal (CPR):    0.412ns
  Clock Uncertainty:      0.109ns  ((TSJ^2 + DJ^2)^1/2) / 2 + PE
    Total System Jitter     (TSJ):    0.071ns
    Discrete Jitter          (DJ):    0.206ns
    Phase Error              (PE):    0.000ns

    Location             Delay type                Incr(ns)  Path(ns)    Netlist Resource(s)
  -------------------------------------------------------------------    -------------------
                         (clock clk_core_mmcm rise edge)
                                                      0.000     0.000 r  
    E3                                                0.000     0.000 r  clk_100mhz (IN)
                         net (fo=0)                   0.000     0.000    clk_100mhz
    E3                   IBUF (Prop_ibuf_I_O)         1.482     1.482 r  clk_100mhz_IBUF_inst/O
                         net (fo=1, routed)           2.025     3.506    clk_100mhz_IBUF
    BUFGCTRL_X0Y16       BUFG (Prop_bufg_I_O)         0.096     3.602 r  clk_100mhz_IBUF_BUFG_inst/O
                         net (fo=2651, routed)        1.809     5.412    clk_100mhz_IBUF_BUFG
    MMCME2_ADV_X0Y0      MMCME2_ADV (Prop_mmcme2_adv_CLKIN1_CLKOUT0)
                                                      0.088     5.500 r  u_mmcm/CLKOUT0
                         net (fo=1, routed)           2.018     7.518    clk_core_mmcm
    BUFGCTRL_X0Y2        BUFG (Prop_bufg_I_O)         0.096     7.614 r  u_bufg_core_replica_1/O
                         net (fo=8, routed)           0.140     7.754    clk_core_repN_1
    BUFGCTRL_X0Y1        BUFG (Prop_bufg_I_O)         0.096     7.850 r  u_bufg_core_replica/O
                         net (fo=6, routed)           0.140     7.990    clk_core_repN
    BUFGCTRL_X0Y0        BUFG (Prop_bufg_I_O)         0.096     8.086 r  u_bufg_core/O
                         net (fo=4900, routed)        1.807     9.894    u_mlkem/u_sponge/clk_core
    SLICE_X45Y150        FDSE                                         r  u_mlkem/u_sponge/nlanes_reg[4]/C
  -------------------------------------------------------------------    -------------------
    SLICE_X45Y150        FDSE (Prop_fdse_C_Q)         0.419    10.313 r  u_mlkem/u_sponge/nlanes_reg[4]/Q
                         net (fo=2, routed)           0.595    10.908    u_mlkem/u_sponge/nlanes[4]
    SLICE_X45Y154        LUT3 (Prop_lut3_I2_O)        0.299    11.207 r  u_mlkem/u_sponge/round[4]_i_6_comp/O
                         net (fo=1, routed)           0.303    11.510    u_mlkem/u_sponge/round[4]_i_6_n_0
    SLICE_X44Y153        LUT6 (Prop_lut6_I4_O)        0.124    11.634 r  u_mlkem/u_sponge/round[4]_i_5_comp/O
                         net (fo=6, routed)           0.479    12.113    u_mlkem/u_sponge/round[4]_i_5_n_0
    SLICE_X45Y151        LUT5 (Prop_lut5_I4_O)        0.124    12.237 r  u_mlkem/u_sponge/squeeze_avail[3]_i_3/O
                         net (fo=270, routed)         1.568    13.804    u_mlkem/u_sponge/li_p1
    SLICE_X35Y167        FDSE                                         r  u_mlkem/u_sponge/li_p3_reg[1]_replica_1/CE
  -------------------------------------------------------------------    -------------------

                         (clock clk_core_mmcm rise edge)
                                                      4.854     4.854 r  
    E3                                                0.000     4.854 r  clk_100mhz (IN)
                         net (fo=0)                   0.000     4.854    clk_100mhz
    E3                   IBUF (Prop_ibuf_I_O)         1.411     6.266 r  clk_100mhz_IBUF_inst/O
                         net (fo=1, routed)           1.920     8.186    clk_100mhz_IBUF
    BUFGCTRL_X0Y16       BUFG (Prop_bufg_I_O)         0.091     8.277 r  clk_100mhz_IBUF_BUFG_inst/O
                         net (fo=2651, routed)        1.683     9.960    clk_100mhz_IBUF_BUFG
    MMCME2_ADV_X0Y0      MMCME2_ADV (Prop_mmcme2_adv_CLKIN1_CLKOUT0)
                                                      0.083    10.043 r  u_mmcm/CLKOUT0
                         net (fo=1, routed)           1.923    11.966    clk_core_mmcm
    BUFGCTRL_X0Y2        BUFG (Prop_bufg_I_O)         0.091    12.057 r  u_bufg_core_replica_1/O
                         net (fo=8, routed)           1.673    13.730    u_mlkem/u_sponge/clk_core_repN_1_alias
    SLICE_X35Y167        FDSE                                         r  u_mlkem/u_sponge/li_p3_reg[1]_replica_1/C
                         clock pessimism              0.412    14.142    
                         clock uncertainty           -0.109    14.032    
    SLICE_X35Y167        FDSE (Setup_fdse_C_CE)      -0.205    13.827    u_mlkem/u_sponge/li_p3_reg[1]_replica_1
  -------------------------------------------------------------------
                         required time                         13.827    
                         arrival time                         -13.805    
  -------------------------------------------------------------------
                         slack                                  0.023    

Slack (MET) :             0.023ns  (required time - arrival time)
  Source:                 u_mlkem/u_sponge/nlanes_reg[4]/C
                            (rising edge-triggered cell FDSE clocked by clk_core_mmcm  {rise@0.000ns fall@2.427ns period=4.854ns})
  Destination:            u_mlkem/u_sponge/li_p3_reg[2]/CE
                            (rising edge-triggered cell FDRE clocked by clk_core_mmcm  {rise@0.000ns fall@2.427ns period=4.854ns})
  Path Group:             clk_core_mmcm
  Path Type:              Setup (Max at Slow Process Corner)
  Requirement:            4.854ns  (clk_core_mmcm rise@4.854ns - clk_core_mmcm rise@0.000ns)
  Data Path Delay:        3.911ns  (logic 0.966ns (24.700%)  route 2.945ns (75.300%))
  Logic Levels:           3  (LUT3=1 LUT5=1 LUT6=1)
  Clock Path Skew:        -0.606ns (DCD - SCD + CPR)
    Destination Clock Delay (DCD):    8.875ns = ( 13.730 - 4.854 ) 
    Source Clock Delay      (SCD):    9.894ns
    Clock Pessimism Removal (CPR):    0.412ns
  Clock Uncertainty:      0.109ns  ((TSJ^2 + DJ^2)^1/2) / 2 + PE
    Total System Jitter     (TSJ):    0.071ns
    Discrete Jitter          (DJ):    0.206ns
    Phase Error              (PE):    0.000ns

    Location             Delay type                Incr(ns)  Path(ns)    Netlist Resource(s)
  -------------------------------------------------------------------    -------------------
                         (clock clk_core_mmcm rise edge)
                                                      0.000     0.000 r  
    E3                                                0.000     0.000 r  clk_100mhz (IN)
                         net (fo=0)                   0.000     0.000    clk_100mhz
    E3                   IBUF (Prop_ibuf_I_O)         1.482     1.482 r  clk_100mhz_IBUF_inst/O
                         net (fo=1, routed)           2.025     3.506    clk_100mhz_IBUF
    BUFGCTRL_X0Y16       BUFG (Prop_bufg_I_O)         0.096     3.602 r  clk_100mhz_IBUF_BUFG_inst/O
                         net (fo=2651, routed)        1.809     5.412    clk_100mhz_IBUF_BUFG
    MMCME2_ADV_X0Y0      MMCME2_ADV (Prop_mmcme2_adv_CLKIN1_CLKOUT0)
                                                      0.088     5.500 r  u_mmcm/CLKOUT0
                         net (fo=1, routed)           2.018     7.518    clk_core_mmcm
    BUFGCTRL_X0Y2        BUFG (Prop_bufg_I_O)         0.096     7.614 r  u_bufg_core_replica_1/O
                         net (fo=8, routed)           0.140     7.754    clk_core_repN_1
    BUFGCTRL_X0Y1        BUFG (Prop_bufg_I_O)         0.096     7.850 r  u_bufg_core_replica/O
                         net (fo=6, routed)           0.140     7.990    clk_core_repN
    BUFGCTRL_X0Y0        BUFG (Prop_bufg_I_O)         0.096     8.086 r  u_bufg_core/O
                         net (fo=4900, routed)        1.807     9.894    u_mlkem/u_sponge/clk_core
    SLICE_X45Y150        FDSE                                         r  u_mlkem/u_sponge/nlanes_reg[4]/C
  -------------------------------------------------------------------    -------------------
    SLICE_X45Y150        FDSE (Prop_fdse_C_Q)         0.419    10.313 r  u_mlkem/u_sponge/nlanes_reg[4]/Q
                         net (fo=2, routed)           0.595    10.908    u_mlkem/u_sponge/nlanes[4]
    SLICE_X45Y154        LUT3 (Prop_lut3_I2_O)        0.299    11.207 r  u_mlkem/u_sponge/round[4]_i_6_comp/O
                         net (fo=1, routed)           0.303    11.510    u_mlkem/u_sponge/round[4]_i_6_n_0
    SLICE_X44Y153        LUT6 (Prop_lut6_I4_O)        0.124    11.634 r  u_mlkem/u_sponge/round[4]_i_5_comp/O
                         net (fo=6, routed)           0.479    12.113    u_mlkem/u_sponge/round[4]_i_5_n_0
    SLICE_X45Y151        LUT5 (Prop_lut5_I4_O)        0.124    12.237 r  u_mlkem/u_sponge/squeeze_avail[3]_i_3/O
                         net (fo=270, routed)         1.568    13.804    u_mlkem/u_sponge/li_p1
    SLICE_X35Y167        FDRE                                         r  u_mlkem/u_sponge/li_p3_reg[2]/CE
  -------------------------------------------------------------------    -------------------

                         (clock clk_core_mmcm rise edge)
                                                      4.854     4.854 r  
    E3                                                0.000     4.854 r  clk_100mhz (IN)
                         net (fo=0)                   0.000     4.854    clk_100mhz
    E3                   IBUF (Prop_ibuf_I_O)         1.411     6.266 r  clk_100mhz_IBUF_inst/O
                         net (fo=1, routed)           1.920     8.186    clk_100mhz_IBUF
    BUFGCTRL_X0Y16       BUFG (Prop_bufg_I_O)         0.091     8.277 r  clk_100mhz_IBUF_BUFG_inst/O
                         net (fo=2651, routed)        1.683     9.960    clk_100mhz_IBUF_BUFG
    MMCME2_ADV_X0Y0      MMCME2_ADV (Prop_mmcme2_adv_CLKIN1_CLKOUT0)
                                                      0.083    10.043 r  u_mmcm/CLKOUT0
                         net (fo=1, routed)           1.923    11.966    clk_core_mmcm
    BUFGCTRL_X0Y2        BUFG (Prop_bufg_I_O)         0.091    12.057 r  u_bufg_core_replica_1/O
                         net (fo=8, routed)           1.673    13.730    u_mlkem/u_sponge/clk_core_repN_1_alias
    SLICE_X35Y167        FDRE                                         r  u_mlkem/u_sponge/li_p3_reg[2]/C
                         clock pessimism              0.412    14.142    
                         clock uncertainty           -0.109    14.032    
    SLICE_X35Y167        FDRE (Setup_fdre_C_CE)      -0.205    13.827    u_mlkem/u_sponge/li_p3_reg[2]
  -------------------------------------------------------------------
                         required time                         13.827    
                         arrival time                         -13.805    
  -------------------------------------------------------------------
                         slack                                  0.023    

Slack (MET) :             0.026ns  (required time - arrival time)
  Source:                 u_mlkem/u_sponge/li_p3_reg[3]/C
                            (rising edge-triggered cell FDRE clocked by clk_core_mmcm  {rise@0.000ns fall@2.427ns period=4.854ns})
  Destination:            u_mlkem/u_sponge/nx2_reg[11]/D
                            (rising edge-triggered cell FDRE clocked by clk_core_mmcm  {rise@0.000ns fall@2.427ns period=4.854ns})
  Path Group:             clk_core_mmcm
  Path Type:              Setup (Max at Slow Process Corner)
  Requirement:            4.854ns  (clk_core_mmcm rise@4.854ns - clk_core_mmcm rise@0.000ns)
  Data Path Delay:        4.889ns  (logic 1.076ns (22.009%)  route 3.813ns (77.991%))
  Logic Levels:           5  (LUT4=1 LUT5=2 LUT6=2)
  Clock Path Skew:        0.089ns (DCD - SCD + CPR)
    Destination Clock Delay (DCD):    9.312ns = ( 14.167 - 4.854 ) 
    Source Clock Delay      (SCD):    9.648ns
    Clock Pessimism Removal (CPR):    0.424ns
  Clock Uncertainty:      0.109ns  ((TSJ^2 + DJ^2)^1/2) / 2 + PE
    Total System Jitter     (TSJ):    0.071ns
    Discrete Jitter          (DJ):    0.206ns
    Phase Error              (PE):    0.000ns

    Location             Delay type                Incr(ns)  Path(ns)    Netlist Resource(s)
  -------------------------------------------------------------------    -------------------
                         (clock clk_core_mmcm rise edge)
                                                      0.000     0.000 r  
    E3                                                0.000     0.000 r  clk_100mhz (IN)
                         net (fo=0)                   0.000     0.000    clk_100mhz
    E3                   IBUF (Prop_ibuf_I_O)         1.482     1.482 r  clk_100mhz_IBUF_inst/O
                         net (fo=1, routed)           2.025     3.506    clk_100mhz_IBUF
    BUFGCTRL_X0Y16       BUFG (Prop_bufg_I_O)         0.096     3.602 r  clk_100mhz_IBUF_BUFG_inst/O
                         net (fo=2651, routed)        1.809     5.412    clk_100mhz_IBUF_BUFG
    MMCME2_ADV_X0Y0      MMCME2_ADV (Prop_mmcme2_adv_CLKIN1_CLKOUT0)
                                                      0.088     5.500 r  u_mmcm/CLKOUT0
                         net (fo=1, routed)           2.018     7.518    clk_core_mmcm
    BUFGCTRL_X0Y2        BUFG (Prop_bufg_I_O)         0.096     7.614 r  u_bufg_core_replica_1/O
                         net (fo=8, routed)           0.140     7.754    clk_core_repN_1
    BUFGCTRL_X0Y1        BUFG (Prop_bufg_I_O)         0.096     7.850 r  u_bufg_core_replica/O
                         net (fo=6, routed)           1.797     9.648    u_mlkem/u_sponge/clk_core_repN_alias
    SLICE_X35Y169        FDRE                                         r  u_mlkem/u_sponge/li_p3_reg[3]/C
  -------------------------------------------------------------------    -------------------
    SLICE_X35Y169        FDRE (Prop_fdre_C_Q)         0.456    10.104 f  u_mlkem/u_sponge/li_p3_reg[3]/Q
                         net (fo=72, routed)          1.066    11.170    u_mlkem/u_sponge/li_p3_reg[3]
    SLICE_X35Y169        LUT5 (Prop_lut5_I1_O)        0.124    11.294 f  u_mlkem/u_sponge/nx2[60]_i_11/O
                         net (fo=61, routed)          1.194    12.488    u_mlkem/u_sponge/nx2[60]_i_11_n_0
    SLICE_X48Y178        LUT4 (Prop_lut4_I0_O)        0.124    12.612 r  u_mlkem/u_sponge/nx2[11]_i_12/O
                         net (fo=1, routed)           0.301    12.913    u_mlkem/u_sponge/nx2[11]_i_12_n_0
    SLICE_X47Y179        LUT5 (Prop_lut5_I4_O)        0.124    13.037 r  u_mlkem/u_sponge/nx2[11]_i_8/O
                         net (fo=1, routed)           0.582    13.619    u_mlkem/u_sponge/nx2[11]_i_8_n_0
    SLICE_X46Y177        LUT6 (Prop_lut6_I5_O)        0.124    13.743 r  u_mlkem/u_sponge/nx2[11]_i_3/O
                         net (fo=1, routed)           0.669    14.412    u_mlkem/u_sponge/nx2[11]_i_3_n_0
    SLICE_X46Y171        LUT6 (Prop_lut6_I2_O)        0.124    14.536 r  u_mlkem/u_sponge/nx2[11]_i_1/O
                         net (fo=1, routed)           0.000    14.536    u_mlkem/u_sponge/nx2[11]
    SLICE_X46Y171        FDRE                                         r  u_mlkem/u_sponge/nx2_reg[11]/D
  -------------------------------------------------------------------    -------------------

                         (clock clk_core_mmcm rise edge)
                                                      4.854     4.854 r  
    E3                                                0.000     4.854 r  clk_100mhz (IN)
                         net (fo=0)                   0.000     4.854    clk_100mhz
    E3                   IBUF (Prop_ibuf_I_O)         1.411     6.266 r  clk_100mhz_IBUF_inst/O
                         net (fo=1, routed)           1.920     8.186    clk_100mhz_IBUF
    BUFGCTRL_X0Y16       BUFG (Prop_bufg_I_O)         0.091     8.277 r  clk_100mhz_IBUF_BUFG_inst/O
                         net (fo=2651, routed)        1.683     9.960    clk_100mhz_IBUF_BUFG
    MMCME2_ADV_X0Y0      MMCME2_ADV (Prop_mmcme2_adv_CLKIN1_CLKOUT0)
                                                      0.083    10.043 r  u_mmcm/CLKOUT0
                         net (fo=1, routed)           1.923    11.966    clk_core_mmcm
    BUFGCTRL_X0Y2        BUFG (Prop_bufg_I_O)         0.091    12.057 r  u_bufg_core_replica_1/O
                         net (fo=8, routed)           0.133    12.190    clk_core_repN_1
    BUFGCTRL_X0Y1        BUFG (Prop_bufg_I_O)         0.091    12.281 r  u_bufg_core_replica/O
                         net (fo=6, routed)           0.133    12.414    clk_core_repN
    BUFGCTRL_X0Y0        BUFG (Prop_bufg_I_O)         0.091    12.505 r  u_bufg_core/O
                         net (fo=4900, routed)        1.662    14.167    u_mlkem/u_sponge/clk_core
    SLICE_X46Y171        FDRE                                         r  u_mlkem/u_sponge/nx2_reg[11]/C
                         clock pessimism              0.424    14.591    
                         clock uncertainty           -0.109    14.481    
    SLICE_X46Y171        FDRE (Setup_fdre_C_D)        0.081    14.562    u_mlkem/u_sponge/nx2_reg[11]
  -------------------------------------------------------------------
                         required time                         14.562    
                         arrival time                         -14.536    
  -------------------------------------------------------------------
                         slack                                  0.026    

Slack (MET) :             0.026ns  (required time - arrival time)
  Source:                 u_mlkem/u_ctrl/u_read_fifo/count_reg[2]/C
                            (rising edge-triggered cell FDRE clocked by clk_core_mmcm  {rise@0.000ns fall@2.427ns period=4.854ns})
  Destination:            u_mlkem/u_sponge/x_data_reg[34]/D
                            (rising edge-triggered cell FDRE clocked by clk_core_mmcm  {rise@0.000ns fall@2.427ns period=4.854ns})
  Path Group:             clk_core_mmcm
  Path Type:              Setup (Max at Slow Process Corner)
  Requirement:            4.854ns  (clk_core_mmcm rise@4.854ns - clk_core_mmcm rise@0.000ns)
  Data Path Delay:        4.711ns  (logic 1.076ns (22.840%)  route 3.635ns (77.160%))
  Logic Levels:           5  (LUT2=1 LUT4=1 LUT5=1 LUT6=2)
  Clock Path Skew:        -0.040ns (DCD - SCD + CPR)
    Destination Clock Delay (DCD):    9.152ns = ( 14.006 - 4.854 ) 
    Source Clock Delay      (SCD):    9.706ns
    Clock Pessimism Removal (CPR):    0.514ns
  Clock Uncertainty:      0.109ns  ((TSJ^2 + DJ^2)^1/2) / 2 + PE
    Total System Jitter     (TSJ):    0.071ns
    Discrete Jitter          (DJ):    0.206ns
    Phase Error              (PE):    0.000ns

    Location             Delay type                Incr(ns)  Path(ns)    Netlist Resource(s)
  -------------------------------------------------------------------    -------------------
                         (clock clk_core_mmcm rise edge)
                                                      0.000     0.000 r  
    E3                                                0.000     0.000 r  clk_100mhz (IN)
                         net (fo=0)                   0.000     0.000    clk_100mhz
    E3                   IBUF (Prop_ibuf_I_O)         1.482     1.482 r  clk_100mhz_IBUF_inst/O
                         net (fo=1, routed)           2.025     3.506    clk_100mhz_IBUF
    BUFGCTRL_X0Y16       BUFG (Prop_bufg_I_O)         0.096     3.602 r  clk_100mhz_IBUF_BUFG_inst/O
                         net (fo=2651, routed)        1.809     5.412    clk_100mhz_IBUF_BUFG
    MMCME2_ADV_X0Y0      MMCME2_ADV (Prop_mmcme2_adv_CLKIN1_CLKOUT0)
                                                      0.088     5.500 r  u_mmcm/CLKOUT0
                         net (fo=1, routed)           2.018     7.518    clk_core_mmcm
    BUFGCTRL_X0Y2        BUFG (Prop_bufg_I_O)         0.096     7.614 r  u_bufg_core_replica_1/O
                         net (fo=8, routed)           0.140     7.754    clk_core_repN_1
    BUFGCTRL_X0Y1        BUFG (Prop_bufg_I_O)         0.096     7.850 r  u_bufg_core_replica/O
                         net (fo=6, routed)           0.140     7.990    clk_core_repN
    BUFGCTRL_X0Y0        BUFG (Prop_bufg_I_O)         0.096     8.086 r  u_bufg_core/O
                         net (fo=4900, routed)        1.620     9.706    u_mlkem/u_ctrl/u_read_fifo/clk_core
    SLICE_X49Y143        FDRE                                         r  u_mlkem/u_ctrl/u_read_fifo/count_reg[2]/C
  -------------------------------------------------------------------    -------------------
    SLICE_X49Y143        FDRE (Prop_fdre_C_Q)         0.456    10.162 f  u_mlkem/u_ctrl/u_read_fifo/count_reg[2]/Q
                         net (fo=6, routed)           0.440    10.602    u_mlkem/u_ctrl/u_read_fifo/fcnt[2]
    SLICE_X49Y141        LUT2 (Prop_lut2_I0_O)        0.124    10.726 f  u_mlkem/u_ctrl/u_read_fifo/pos[7]_i_4/O
                         net (fo=3, routed)           0.648    11.374    u_mlkem/u_ctrl/u_read_fifo/count_reg[2]_1
    SLICE_X44Y146        LUT6 (Prop_lut6_I4_O)        0.124    11.498 f  u_mlkem/u_ctrl/u_read_fifo/rem[7]_i_3/O
                         net (fo=9, routed)           0.567    12.065    u_mlkem/u_sponge/rem_reg[0]_0
    SLICE_X40Y152        LUT6 (Prop_lut6_I0_O)        0.124    12.189 f  u_mlkem/u_sponge/x_data[63]_i_3/O
                         net (fo=58, routed)          1.131    13.320    u_mlkem/u_sponge/x_data[63]_i_3_n_0
    SLICE_X37Y157        LUT4 (Prop_lut4_I1_O)        0.124    13.444 r  u_mlkem/u_sponge/x_data[34]_i_3/O
                         net (fo=1, routed)           0.849    14.293    u_mlkem/u_sponge/x_data[34]_i_3_n_0
    SLICE_X45Y145        LUT5 (Prop_lut5_I4_O)        0.124    14.417 r  u_mlkem/u_sponge/x_data[34]_i_1/O
                         net (fo=1, routed)           0.000    14.417    u_mlkem/u_sponge/x_data[34]_i_1_n_0
    SLICE_X45Y145        FDRE                                         r  u_mlkem/u_sponge/x_data_reg[34]/D
  -------------------------------------------------------------------    -------------------

                         (clock clk_core_mmcm rise edge)
                                                      4.854     4.854 r  
    E3                                                0.000     4.854 r  clk_100mhz (IN)
                         net (fo=0)                   0.000     4.854    clk_100mhz
    E3                   IBUF (Prop_ibuf_I_O)         1.411     6.266 r  clk_100mhz_IBUF_inst/O
                         net (fo=1, routed)           1.920     8.186    clk_100mhz_IBUF
    BUFGCTRL_X0Y16       BUFG (Prop_bufg_I_O)         0.091     8.277 r  clk_100mhz_IBUF_BUFG_inst/O
                         net (fo=2651, routed)        1.683     9.960    clk_100mhz_IBUF_BUFG
    MMCME2_ADV_X0Y0      MMCME2_ADV (Prop_mmcme2_adv_CLKIN1_CLKOUT0)
                                                      0.083    10.043 r  u_mmcm/CLKOUT0
                         net (fo=1, routed)           1.923    11.966    clk_core_mmcm
    BUFGCTRL_X0Y2        BUFG (Prop_bufg_I_O)         0.091    12.057 r  u_bufg_core_replica_1/O
                         net (fo=8, routed)           0.133    12.190    clk_core_repN_1
    BUFGCTRL_X0Y1        BUFG (Prop_bufg_I_O)         0.091    12.281 r  u_bufg_core_replica/O
                         net (fo=6, routed)           0.133    12.414    clk_core_repN
    BUFGCTRL_X0Y0        BUFG (Prop_bufg_I_O)         0.091    12.505 r  u_bufg_core/O
                         net (fo=4900, routed)        1.502    14.006    u_mlkem/u_sponge/clk_core
    SLICE_X45Y145        FDRE                                         r  u_mlkem/u_sponge/x_data_reg[34]/C
                         clock pessimism              0.514    14.520    
                         clock uncertainty           -0.109    14.411    
    SLICE_X45Y145        FDRE (Setup_fdre_C_D)        0.032    14.443    u_mlkem/u_sponge/x_data_reg[34]
  -------------------------------------------------------------------
                         required time                         14.443    
                         arrival time                         -14.417    
  -------------------------------------------------------------------
                         slack                                  0.026    

Slack (MET) :             0.028ns  (required time - arrival time)
  Source:                 u_mlkem/u_sponge/li_p3_reg[3]_replica/C
                            (rising edge-triggered cell FDRE clocked by clk_core_mmcm  {rise@0.000ns fall@2.427ns period=4.854ns})
  Destination:            u_mlkem/u_sponge/nx2_reg[52]/D
                            (rising edge-triggered cell FDRE clocked by clk_core_mmcm  {rise@0.000ns fall@2.427ns period=4.854ns})
  Path Group:             clk_core_mmcm
  Path Type:              Setup (Max at Slow Process Corner)
  Requirement:            4.854ns  (clk_core_mmcm rise@4.854ns - clk_core_mmcm rise@0.000ns)
  Data Path Delay:        4.887ns  (logic 1.076ns (22.016%)  route 3.811ns (77.984%))
  Logic Levels:           5  (LUT4=1 LUT5=2 LUT6=2)
  Clock Path Skew:        0.091ns (DCD - SCD + CPR)
    Destination Clock Delay (DCD):    9.314ns = ( 14.169 - 4.854 ) 
    Source Clock Delay      (SCD):    9.648ns
    Clock Pessimism Removal (CPR):    0.424ns
  Clock Uncertainty:      0.109ns  ((TSJ^2 + DJ^2)^1/2) / 2 + PE
    Total System Jitter     (TSJ):    0.071ns
    Discrete Jitter          (DJ):    0.206ns
    Phase Error              (PE):    0.000ns

    Location             Delay type                Incr(ns)  Path(ns)    Netlist Resource(s)
  -------------------------------------------------------------------    -------------------
                         (clock clk_core_mmcm rise edge)
                                                      0.000     0.000 r  
    E3                                                0.000     0.000 r  clk_100mhz (IN)
                         net (fo=0)                   0.000     0.000    clk_100mhz
    E3                   IBUF (Prop_ibuf_I_O)         1.482     1.482 r  clk_100mhz_IBUF_inst/O
                         net (fo=1, routed)           2.025     3.506    clk_100mhz_IBUF
    BUFGCTRL_X0Y16       BUFG (Prop_bufg_I_O)         0.096     3.602 r  clk_100mhz_IBUF_BUFG_inst/O
                         net (fo=2651, routed)        1.809     5.412    clk_100mhz_IBUF_BUFG
    MMCME2_ADV_X0Y0      MMCME2_ADV (Prop_mmcme2_adv_CLKIN1_CLKOUT0)
                                                      0.088     5.500 r  u_mmcm/CLKOUT0
                         net (fo=1, routed)           2.018     7.518    clk_core_mmcm
    BUFGCTRL_X0Y2        BUFG (Prop_bufg_I_O)         0.096     7.614 r  u_bufg_core_replica_1/O
                         net (fo=8, routed)           0.140     7.754    clk_core_repN_1
    BUFGCTRL_X0Y1        BUFG (Prop_bufg_I_O)         0.096     7.850 r  u_bufg_core_replica/O
                         net (fo=6, routed)           1.797     9.648    u_mlkem/u_sponge/clk_core_repN_alias
    SLICE_X35Y169        FDRE                                         r  u_mlkem/u_sponge/li_p3_reg[3]_replica/C
  -------------------------------------------------------------------    -------------------
    SLICE_X35Y169        FDRE (Prop_fdre_C_Q)         0.456    10.104 f  u_mlkem/u_sponge/li_p3_reg[3]_replica/Q
                         net (fo=28, routed)          0.829    10.933    u_mlkem/u_sponge/li_p3_reg[3]_repN
    SLICE_X34Y169        LUT5 (Prop_lut5_I1_O)        0.124    11.057 f  u_mlkem/u_sponge/nx2[57]_i_7/O
                         net (fo=63, routed)          1.417    12.474    u_mlkem/u_sponge/nx2[57]_i_7_n_0
    SLICE_X43Y180        LUT4 (Prop_lut4_I0_O)        0.124    12.598 r  u_mlkem/u_sponge/nx2[52]_i_13/O
                         net (fo=1, routed)           0.433    13.031    u_mlkem/u_sponge/nx2[52]_i_13_n_0
    SLICE_X43Y179        LUT5 (Prop_lut5_I4_O)        0.124    13.155 r  u_mlkem/u_sponge/nx2[52]_i_9/O
                         net (fo=1, routed)           0.701    13.856    u_mlkem/u_sponge/nx2[52]_i_9_n_0
    SLICE_X38Y171        LUT6 (Prop_lut6_I5_O)        0.124    13.980 r  u_mlkem/u_sponge/nx2[52]_i_3/O
                         net (fo=1, routed)           0.430    14.411    u_mlkem/u_sponge/nx2[52]_i_3_n_0
    SLICE_X42Y171        LUT6 (Prop_lut6_I4_O)        0.124    14.535 r  u_mlkem/u_sponge/nx2[52]_i_1/O
                         net (fo=1, routed)           0.000    14.535    u_mlkem/u_sponge/nx2[52]
    SLICE_X42Y171        FDRE                                         r  u_mlkem/u_sponge/nx2_reg[52]/D
  -------------------------------------------------------------------    -------------------

                         (clock clk_core_mmcm rise edge)
                                                      4.854     4.854 r  
    E3                                                0.000     4.854 r  clk_100mhz (IN)
                         net (fo=0)                   0.000     4.854    clk_100mhz
    E3                   IBUF (Prop_ibuf_I_O)         1.411     6.266 r  clk_100mhz_IBUF_inst/O
                         net (fo=1, routed)           1.920     8.186    clk_100mhz_IBUF
    BUFGCTRL_X0Y16       BUFG (Prop_bufg_I_O)         0.091     8.277 r  clk_100mhz_IBUF_BUFG_inst/O
                         net (fo=2651, routed)        1.683     9.960    clk_100mhz_IBUF_BUFG
    MMCME2_ADV_X0Y0      MMCME2_ADV (Prop_mmcme2_adv_CLKIN1_CLKOUT0)
                                                      0.083    10.043 r  u_mmcm/CLKOUT0
                         net (fo=1, routed)           1.923    11.966    clk_core_mmcm
    BUFGCTRL_X0Y2        BUFG (Prop_bufg_I_O)         0.091    12.057 r  u_bufg_core_replica_1/O
                         net (fo=8, routed)           0.133    12.190    clk_core_repN_1
    BUFGCTRL_X0Y1        BUFG (Prop_bufg_I_O)         0.091    12.281 r  u_bufg_core_replica/O
                         net (fo=6, routed)           0.133    12.414    clk_core_repN
    BUFGCTRL_X0Y0        BUFG (Prop_bufg_I_O)         0.091    12.505 r  u_bufg_core/O
                         net (fo=4900, routed)        1.664    14.169    u_mlkem/u_sponge/clk_core
    SLICE_X42Y171        FDRE                                         r  u_mlkem/u_sponge/nx2_reg[52]/C
                         clock pessimism              0.424    14.593    
                         clock uncertainty           -0.109    14.483    
    SLICE_X42Y171        FDRE (Setup_fdre_C_D)        0.079    14.562    u_mlkem/u_sponge/nx2_reg[52]
  -------------------------------------------------------------------
                         required time                         14.562    
                         arrival time                         -14.535    
  -------------------------------------------------------------------
                         slack                                  0.028    

Slack (MET) :             0.029ns  (required time - arrival time)
  Source:                 u_mlkem/u_unpack/v2_reg/C
                            (rising edge-triggered cell FDRE clocked by clk_core_mmcm  {rise@0.000ns fall@2.427ns period=4.854ns})
  Destination:            u_mlkem/u_sponge/nx2_reg[45]/D
                            (rising edge-triggered cell FDRE clocked by clk_core_mmcm  {rise@0.000ns fall@2.427ns period=4.854ns})
  Path Group:             clk_core_mmcm
  Path Type:              Setup (Max at Slow Process Corner)
  Requirement:            4.854ns  (clk_core_mmcm rise@4.854ns - clk_core_mmcm rise@0.000ns)
  Data Path Delay:        4.806ns  (logic 1.076ns (22.387%)  route 3.730ns (77.613%))
  Logic Levels:           5  (LUT2=1 LUT5=1 LUT6=3)
  Clock Path Skew:        0.061ns (DCD - SCD + CPR)
    Destination Clock Delay (DCD):    9.321ns = ( 14.176 - 4.854 ) 
    Source Clock Delay      (SCD):    9.703ns
    Clock Pessimism Removal (CPR):    0.443ns
  Clock Uncertainty:      0.109ns  ((TSJ^2 + DJ^2)^1/2) / 2 + PE
    Total System Jitter     (TSJ):    0.071ns
    Discrete Jitter          (DJ):    0.206ns
    Phase Error              (PE):    0.000ns

    Location             Delay type                Incr(ns)  Path(ns)    Netlist Resource(s)
  -------------------------------------------------------------------    -------------------
                         (clock clk_core_mmcm rise edge)
                                                      0.000     0.000 r  
    E3                                                0.000     0.000 r  clk_100mhz (IN)
                         net (fo=0)                   0.000     0.000    clk_100mhz
    E3                   IBUF (Prop_ibuf_I_O)         1.482     1.482 r  clk_100mhz_IBUF_inst/O
                         net (fo=1, routed)           2.025     3.506    clk_100mhz_IBUF
    BUFGCTRL_X0Y16       BUFG (Prop_bufg_I_O)         0.096     3.602 r  clk_100mhz_IBUF_BUFG_inst/O
                         net (fo=2651, routed)        1.809     5.412    clk_100mhz_IBUF_BUFG
    MMCME2_ADV_X0Y0      MMCME2_ADV (Prop_mmcme2_adv_CLKIN1_CLKOUT0)
                                                      0.088     5.500 r  u_mmcm/CLKOUT0
                         net (fo=1, routed)           2.018     7.518    clk_core_mmcm
    BUFGCTRL_X0Y2        BUFG (Prop_bufg_I_O)         0.096     7.614 r  u_bufg_core_replica_1/O
                         net (fo=8, routed)           0.140     7.754    clk_core_repN_1
    BUFGCTRL_X0Y1        BUFG (Prop_bufg_I_O)         0.096     7.850 r  u_bufg_core_replica/O
                         net (fo=6, routed)           0.140     7.990    clk_core_repN
    BUFGCTRL_X0Y0        BUFG (Prop_bufg_I_O)         0.096     8.086 r  u_bufg_core/O
                         net (fo=4900, routed)        1.617     9.703    u_mlkem/u_unpack/clk_core
    SLICE_X51Y141        FDRE                                         r  u_mlkem/u_unpack/v2_reg/C
  -------------------------------------------------------------------    -------------------
    SLICE_X51Y141        FDRE (Prop_fdre_C_Q)         0.456    10.159 r  u_mlkem/u_unpack/v2_reg/Q
                         net (fo=4, routed)           0.439    10.598    u_mlkem/u_unpack/v2_reg_n_0
    SLICE_X51Y143        LUT2 (Prop_lut2_I0_O)        0.124    10.722 r  u_mlkem/u_unpack/squeeze_avail[3]_i_7/O
                         net (fo=1, routed)           0.807    11.529    u_mlkem/u_ctrl/u_read_fifo/squeeze_avail[3]_i_3
    SLICE_X44Y149        LUT6 (Prop_lut6_I4_O)        0.124    11.653 r  u_mlkem/u_ctrl/u_read_fifo/squeeze_avail[3]_i_5_comp/O
                         net (fo=2, routed)           0.417    12.070    u_mlkem/u_sponge/squeeze_data_reg[63]_2
    SLICE_X45Y151        LUT5 (Prop_lut5_I0_O)        0.124    12.194 f  u_mlkem/u_sponge/squeeze_avail[3]_i_3/O
                         net (fo=270, routed)         1.493    13.687    u_mlkem/u_sponge/li_p1
    SLICE_X31Y168        LUT6 (Prop_lut6_I4_O)        0.124    13.811 r  u_mlkem/u_sponge/nx2[45]_i_4/O
                         net (fo=1, routed)           0.575    14.385    u_mlkem/u_sponge/nx2[45]_i_4_n_0
    SLICE_X31Y169        LUT6 (Prop_lut6_I5_O)        0.124    14.509 r  u_mlkem/u_sponge/nx2[45]_i_1/O
                         net (fo=1, routed)           0.000    14.509    u_mlkem/u_sponge/nx2[45]
    SLICE_X31Y169        FDRE                                         r  u_mlkem/u_sponge/nx2_reg[45]/D
  -------------------------------------------------------------------    -------------------

                         (clock clk_core_mmcm rise edge)
                                                      4.854     4.854 r  
    E3                                                0.000     4.854 r  clk_100mhz (IN)
                         net (fo=0)                   0.000     4.854    clk_100mhz
    E3                   IBUF (Prop_ibuf_I_O)         1.411     6.266 r  clk_100mhz_IBUF_inst/O
                         net (fo=1, routed)           1.920     8.186    clk_100mhz_IBUF
    BUFGCTRL_X0Y16       BUFG (Prop_bufg_I_O)         0.091     8.277 r  clk_100mhz_IBUF_BUFG_inst/O
                         net (fo=2651, routed)        1.683     9.960    clk_100mhz_IBUF_BUFG
    MMCME2_ADV_X0Y0      MMCME2_ADV (Prop_mmcme2_adv_CLKIN1_CLKOUT0)
                                                      0.083    10.043 r  u_mmcm/CLKOUT0
                         net (fo=1, routed)           1.923    11.966    clk_core_mmcm
    BUFGCTRL_X0Y2        BUFG (Prop_bufg_I_O)         0.091    12.057 r  u_bufg_core_replica_1/O
                         net (fo=8, routed)           0.133    12.190    clk_core_repN_1
    BUFGCTRL_X0Y1        BUFG (Prop_bufg_I_O)         0.091    12.281 r  u_bufg_core_replica/O
                         net (fo=6, routed)           0.133    12.414    clk_core_repN
    BUFGCTRL_X0Y0        BUFG (Prop_bufg_I_O)         0.091    12.505 r  u_bufg_core/O
                         net (fo=4900, routed)        1.671    14.176    u_mlkem/u_sponge/clk_core
    SLICE_X31Y169        FDRE                                         r  u_mlkem/u_sponge/nx2_reg[45]/C
                         clock pessimism              0.443    14.619    
                         clock uncertainty           -0.109    14.509    
    SLICE_X31Y169        FDRE (Setup_fdre_C_D)        0.029    14.538    u_mlkem/u_sponge/nx2_reg[45]
  -------------------------------------------------------------------
                         required time                         14.538    
                         arrival time                         -14.509    
  -------------------------------------------------------------------
                         slack                                  0.029    

Slack (MET) :             0.032ns  (required time - arrival time)
  Source:                 u_mlkem/u_sponge/nlanes_reg[4]/C
                            (rising edge-triggered cell FDSE clocked by clk_core_mmcm  {rise@0.000ns fall@2.427ns period=4.854ns})
  Destination:            u_mlkem/u_sponge/li_p3_reg[4]_replica/CE
                            (rising edge-triggered cell FDRE clocked by clk_core_mmcm  {rise@0.000ns fall@2.427ns period=4.854ns})
  Path Group:             clk_core_mmcm
  Path Type:              Setup (Max at Slow Process Corner)
  Requirement:            4.854ns  (clk_core_mmcm rise@4.854ns - clk_core_mmcm rise@0.000ns)
  Data Path Delay:        3.935ns  (logic 0.966ns (24.550%)  route 2.969ns (75.450%))
  Logic Levels:           3  (LUT3=1 LUT5=1 LUT6=1)
  Clock Path Skew:        -0.609ns (DCD - SCD + CPR)
    Destination Clock Delay (DCD):    8.872ns = ( 13.727 - 4.854 ) 
    Source Clock Delay      (SCD):    9.894ns
    Clock Pessimism Removal (CPR):    0.412ns
  Clock Uncertainty:      0.109ns  ((TSJ^2 + DJ^2)^1/2) / 2 + PE
    Total System Jitter     (TSJ):    0.071ns
    Discrete Jitter          (DJ):    0.206ns
    Phase Error              (PE):    0.000ns

    Location             Delay type                Incr(ns)  Path(ns)    Netlist Resource(s)
  -------------------------------------------------------------------    -------------------
                         (clock clk_core_mmcm rise edge)
                                                      0.000     0.000 r  
    E3                                                0.000     0.000 r  clk_100mhz (IN)
                         net (fo=0)                   0.000     0.000    clk_100mhz
    E3                   IBUF (Prop_ibuf_I_O)         1.482     1.482 r  clk_100mhz_IBUF_inst/O
                         net (fo=1, routed)           2.025     3.506    clk_100mhz_IBUF
    BUFGCTRL_X0Y16       BUFG (Prop_bufg_I_O)         0.096     3.602 r  clk_100mhz_IBUF_BUFG_inst/O
                         net (fo=2651, routed)        1.809     5.412    clk_100mhz_IBUF_BUFG
    MMCME2_ADV_X0Y0      MMCME2_ADV (Prop_mmcme2_adv_CLKIN1_CLKOUT0)
                                                      0.088     5.500 r  u_mmcm/CLKOUT0
                         net (fo=1, routed)           2.018     7.518    clk_core_mmcm
    BUFGCTRL_X0Y2        BUFG (Prop_bufg_I_O)         0.096     7.614 r  u_bufg_core_replica_1/O
                         net (fo=8, routed)           0.140     7.754    clk_core_repN_1
    BUFGCTRL_X0Y1        BUFG (Prop_bufg_I_O)         0.096     7.850 r  u_bufg_core_replica/O
                         net (fo=6, routed)           0.140     7.990    clk_core_repN
    BUFGCTRL_X0Y0        BUFG (Prop_bufg_I_O)         0.096     8.086 r  u_bufg_core/O
                         net (fo=4900, routed)        1.807     9.894    u_mlkem/u_sponge/clk_core
    SLICE_X45Y150        FDSE                                         r  u_mlkem/u_sponge/nlanes_reg[4]/C
  -------------------------------------------------------------------    -------------------
    SLICE_X45Y150        FDSE (Prop_fdse_C_Q)         0.419    10.313 r  u_mlkem/u_sponge/nlanes_reg[4]/Q
                         net (fo=2, routed)           0.595    10.908    u_mlkem/u_sponge/nlanes[4]
    SLICE_X45Y154        LUT3 (Prop_lut3_I2_O)        0.299    11.207 r  u_mlkem/u_sponge/round[4]_i_6_comp/O
                         net (fo=1, routed)           0.303    11.510    u_mlkem/u_sponge/round[4]_i_6_n_0
    SLICE_X44Y153        LUT6 (Prop_lut6_I4_O)        0.124    11.634 r  u_mlkem/u_sponge/round[4]_i_5_comp/O
                         net (fo=6, routed)           0.479    12.113    u_mlkem/u_sponge/round[4]_i_5_n_0
    SLICE_X45Y151        LUT5 (Prop_lut5_I4_O)        0.124    12.237 r  u_mlkem/u_sponge/squeeze_avail[3]_i_3/O
                         net (fo=270, routed)         1.592    13.828    u_mlkem/u_sponge/li_p1
    SLICE_X34Y169        FDRE                                         r  u_mlkem/u_sponge/li_p3_reg[4]_replica/CE
  -------------------------------------------------------------------    -------------------

                         (clock clk_core_mmcm rise edge)
                                                      4.854     4.854 r  
    E3                                                0.000     4.854 r  clk_100mhz (IN)
                         net (fo=0)                   0.000     4.854    clk_100mhz
    E3                   IBUF (Prop_ibuf_I_O)         1.411     6.266 r  clk_100mhz_IBUF_inst/O
                         net (fo=1, routed)           1.920     8.186    clk_100mhz_IBUF
    BUFGCTRL_X0Y16       BUFG (Prop_bufg_I_O)         0.091     8.277 r  clk_100mhz_IBUF_BUFG_inst/O
                         net (fo=2651, routed)        1.683     9.960    clk_100mhz_IBUF_BUFG
    MMCME2_ADV_X0Y0      MMCME2_ADV (Prop_mmcme2_adv_CLKIN1_CLKOUT0)
                                                      0.083    10.043 r  u_mmcm/CLKOUT0
                         net (fo=1, routed)           1.923    11.966    clk_core_mmcm
    BUFGCTRL_X0Y2        BUFG (Prop_bufg_I_O)         0.091    12.057 r  u_bufg_core_replica_1/O
                         net (fo=8, routed)           1.670    13.727    u_mlkem/u_sponge/clk_core_repN_1_alias
    SLICE_X34Y169        FDRE                                         r  u_mlkem/u_sponge/li_p3_reg[4]_replica/C
                         clock pessimism              0.412    14.139    
                         clock uncertainty           -0.109    14.029    
    SLICE_X34Y169        FDRE (Setup_fdre_C_CE)      -0.169    13.860    u_mlkem/u_sponge/li_p3_reg[4]_replica
  -------------------------------------------------------------------
                         required time                         13.860    
                         arrival time                         -13.828    
  -------------------------------------------------------------------
                         slack                                  0.032    

Slack (MET) :             0.035ns  (required time - arrival time)
  Source:                 u_mlkem/u_unpack/rq0_reg[13]/C
                            (rising edge-triggered cell FDRE clocked by clk_core_mmcm  {rise@0.000ns fall@2.427ns period=4.854ns})
  Destination:            u_mlkem/u_unpack/done_reg/D
                            (rising edge-triggered cell FDRE clocked by clk_core_mmcm  {rise@0.000ns fall@2.427ns period=4.854ns})
  Path Group:             clk_core_mmcm
  Path Type:              Setup (Max at Slow Process Corner)
  Requirement:            4.854ns  (clk_core_mmcm rise@4.854ns - clk_core_mmcm rise@0.000ns)
  Data Path Delay:        4.696ns  (logic 1.138ns (24.234%)  route 3.558ns (75.766%))
  Logic Levels:           5  (LUT4=1 LUT5=1 LUT6=3)
  Clock Path Skew:        -0.043ns (DCD - SCD + CPR)
    Destination Clock Delay (DCD):    9.131ns = ( 13.985 - 4.854 ) 
    Source Clock Delay      (SCD):    9.688ns
    Clock Pessimism Removal (CPR):    0.514ns
  Clock Uncertainty:      0.109ns  ((TSJ^2 + DJ^2)^1/2) / 2 + PE
    Total System Jitter     (TSJ):    0.071ns
    Discrete Jitter          (DJ):    0.206ns
    Phase Error              (PE):    0.000ns

    Location             Delay type                Incr(ns)  Path(ns)    Netlist Resource(s)
  -------------------------------------------------------------------    -------------------
                         (clock clk_core_mmcm rise edge)
                                                      0.000     0.000 r  
    E3                                                0.000     0.000 r  clk_100mhz (IN)
                         net (fo=0)                   0.000     0.000    clk_100mhz
    E3                   IBUF (Prop_ibuf_I_O)         1.482     1.482 r  clk_100mhz_IBUF_inst/O
                         net (fo=1, routed)           2.025     3.506    clk_100mhz_IBUF
    BUFGCTRL_X0Y16       BUFG (Prop_bufg_I_O)         0.096     3.602 r  clk_100mhz_IBUF_BUFG_inst/O
                         net (fo=2651, routed)        1.809     5.412    clk_100mhz_IBUF_BUFG
    MMCME2_ADV_X0Y0      MMCME2_ADV (Prop_mmcme2_adv_CLKIN1_CLKOUT0)
                                                      0.088     5.500 r  u_mmcm/CLKOUT0
                         net (fo=1, routed)           2.018     7.518    clk_core_mmcm
    BUFGCTRL_X0Y2        BUFG (Prop_bufg_I_O)         0.096     7.614 r  u_bufg_core_replica_1/O
                         net (fo=8, routed)           0.140     7.754    clk_core_repN_1
    BUFGCTRL_X0Y1        BUFG (Prop_bufg_I_O)         0.096     7.850 r  u_bufg_core_replica/O
                         net (fo=6, routed)           0.140     7.990    clk_core_repN
    BUFGCTRL_X0Y0        BUFG (Prop_bufg_I_O)         0.096     8.086 r  u_bufg_core/O
                         net (fo=4900, routed)        1.602     9.688    u_mlkem/u_unpack/clk_core
    SLICE_X58Y128        FDRE                                         r  u_mlkem/u_unpack/rq0_reg[13]/C
  -------------------------------------------------------------------    -------------------
    SLICE_X58Y128        FDRE (Prop_fdre_C_Q)         0.518    10.206 r  u_mlkem/u_unpack/rq0_reg[13]/Q
                         net (fo=18, routed)          1.014    11.220    u_mlkem/u_unpack/p_0_in22_in
    SLICE_X56Y130        LUT6 (Prop_lut6_I1_O)        0.124    11.344 f  u_mlkem/u_unpack/count[0]_i_4/O
                         net (fo=1, routed)           0.304    11.648    u_mlkem/u_unpack/count[0]_i_4_n_0
    SLICE_X57Y129        LUT6 (Prop_lut6_I5_O)        0.124    11.772 r  u_mlkem/u_unpack/count[0]_i_3/O
                         net (fo=4, routed)           0.455    12.227    u_mlkem/u_unpack/count[0]_i_3_n_0
    SLICE_X57Y130        LUT5 (Prop_lut5_I3_O)        0.124    12.351 f  u_mlkem/u_unpack/running_i_4/O
                         net (fo=1, routed)           0.799    13.150    u_mlkem/u_unpack/running_i_4_n_0
    SLICE_X57Y144        LUT6 (Prop_lut6_I4_O)        0.124    13.274 f  u_mlkem/u_unpack/running_i_2__1/O
                         net (fo=3, routed)           0.986    14.260    u_mlkem/u_unpack/count_reg[7]_0
    SLICE_X55Y131        LUT4 (Prop_lut4_I0_O)        0.124    14.384 r  u_mlkem/u_unpack/done_i_1__0/O
                         net (fo=1, routed)           0.000    14.384    u_mlkem/u_unpack/done_i_1__0_n_0
    SLICE_X55Y131        FDRE                                         r  u_mlkem/u_unpack/done_reg/D
  -------------------------------------------------------------------    -------------------

                         (clock clk_core_mmcm rise edge)
                                                      4.854     4.854 r  
    E3                                                0.000     4.854 r  clk_100mhz (IN)
                         net (fo=0)                   0.000     4.854    clk_100mhz
    E3                   IBUF (Prop_ibuf_I_O)         1.411     6.266 r  clk_100mhz_IBUF_inst/O
                         net (fo=1, routed)           1.920     8.186    clk_100mhz_IBUF
    BUFGCTRL_X0Y16       BUFG (Prop_bufg_I_O)         0.091     8.277 r  clk_100mhz_IBUF_BUFG_inst/O
                         net (fo=2651, routed)        1.683     9.960    clk_100mhz_IBUF_BUFG
    MMCME2_ADV_X0Y0      MMCME2_ADV (Prop_mmcme2_adv_CLKIN1_CLKOUT0)
                                                      0.083    10.043 r  u_mmcm/CLKOUT0
                         net (fo=1, routed)           1.923    11.966    clk_core_mmcm
    BUFGCTRL_X0Y2        BUFG (Prop_bufg_I_O)         0.091    12.057 r  u_bufg_core_replica_1/O
                         net (fo=8, routed)           0.133    12.190    clk_core_repN_1
    BUFGCTRL_X0Y1        BUFG (Prop_bufg_I_O)         0.091    12.281 r  u_bufg_core_replica/O
                         net (fo=6, routed)           0.133    12.414    clk_core_repN
    BUFGCTRL_X0Y0        BUFG (Prop_bufg_I_O)         0.091    12.505 r  u_bufg_core/O
                         net (fo=4900, routed)        1.481    13.985    u_mlkem/u_unpack/clk_core
    SLICE_X55Y131        FDRE                                         r  u_mlkem/u_unpack/done_reg/C
                         clock pessimism              0.514    14.499    
                         clock uncertainty           -0.109    14.390    
    SLICE_X55Y131        FDRE (Setup_fdre_C_D)        0.029    14.419    u_mlkem/u_unpack/done_reg
  -------------------------------------------------------------------
                         required time                         14.419    
                         arrival time                         -14.384    
  -------------------------------------------------------------------
                         slack                                  0.035    

Slack (MET) :             0.036ns  (required time - arrival time)
  Source:                 u_mlkem/u_unpack/v2_reg/C
                            (rising edge-triggered cell FDRE clocked by clk_core_mmcm  {rise@0.000ns fall@2.427ns period=4.854ns})
  Destination:            u_mlkem/u_sponge/nx2_reg[36]/D
                            (rising edge-triggered cell FDRE clocked by clk_core_mmcm  {rise@0.000ns fall@2.427ns period=4.854ns})
  Path Group:             clk_core_mmcm
  Path Type:              Setup (Max at Slow Process Corner)
  Requirement:            4.854ns  (clk_core_mmcm rise@4.854ns - clk_core_mmcm rise@0.000ns)
  Data Path Delay:        4.844ns  (logic 1.076ns (22.212%)  route 3.768ns (77.788%))
  Logic Levels:           5  (LUT2=1 LUT5=1 LUT6=3)
  Clock Path Skew:        0.054ns (DCD - SCD + CPR)
    Destination Clock Delay (DCD):    9.314ns = ( 14.169 - 4.854 ) 
    Source Clock Delay      (SCD):    9.703ns
    Clock Pessimism Removal (CPR):    0.443ns
  Clock Uncertainty:      0.109ns  ((TSJ^2 + DJ^2)^1/2) / 2 + PE
    Total System Jitter     (TSJ):    0.071ns
    Discrete Jitter          (DJ):    0.206ns
    Phase Error              (PE):    0.000ns

    Location             Delay type                Incr(ns)  Path(ns)    Netlist Resource(s)
  -------------------------------------------------------------------    -------------------
                         (clock clk_core_mmcm rise edge)
                                                      0.000     0.000 r  
    E3                                                0.000     0.000 r  clk_100mhz (IN)
                         net (fo=0)                   0.000     0.000    clk_100mhz
    E3                   IBUF (Prop_ibuf_I_O)         1.482     1.482 r  clk_100mhz_IBUF_inst/O
                         net (fo=1, routed)           2.025     3.506    clk_100mhz_IBUF
    BUFGCTRL_X0Y16       BUFG (Prop_bufg_I_O)         0.096     3.602 r  clk_100mhz_IBUF_BUFG_inst/O
                         net (fo=2651, routed)        1.809     5.412    clk_100mhz_IBUF_BUFG
    MMCME2_ADV_X0Y0      MMCME2_ADV (Prop_mmcme2_adv_CLKIN1_CLKOUT0)
                                                      0.088     5.500 r  u_mmcm/CLKOUT0
                         net (fo=1, routed)           2.018     7.518    clk_core_mmcm
    BUFGCTRL_X0Y2        BUFG (Prop_bufg_I_O)         0.096     7.614 r  u_bufg_core_replica_1/O
                         net (fo=8, routed)           0.140     7.754    clk_core_repN_1
    BUFGCTRL_X0Y1        BUFG (Prop_bufg_I_O)         0.096     7.850 r  u_bufg_core_replica/O
                         net (fo=6, routed)           0.140     7.990    clk_core_repN
    BUFGCTRL_X0Y0        BUFG (Prop_bufg_I_O)         0.096     8.086 r  u_bufg_core/O
                         net (fo=4900, routed)        1.617     9.703    u_mlkem/u_unpack/clk_core
    SLICE_X51Y141        FDRE                                         r  u_mlkem/u_unpack/v2_reg/C
  -------------------------------------------------------------------    -------------------
    SLICE_X51Y141        FDRE (Prop_fdre_C_Q)         0.456    10.159 r  u_mlkem/u_unpack/v2_reg/Q
                         net (fo=4, routed)           0.439    10.598    u_mlkem/u_unpack/v2_reg_n_0
    SLICE_X51Y143        LUT2 (Prop_lut2_I0_O)        0.124    10.722 r  u_mlkem/u_unpack/squeeze_avail[3]_i_7/O
                         net (fo=1, routed)           0.807    11.529    u_mlkem/u_ctrl/u_read_fifo/squeeze_avail[3]_i_3
    SLICE_X44Y149        LUT6 (Prop_lut6_I4_O)        0.124    11.653 r  u_mlkem/u_ctrl/u_read_fifo/squeeze_avail[3]_i_5_comp/O
                         net (fo=2, routed)           0.417    12.070    u_mlkem/u_sponge/squeeze_data_reg[63]_2
    SLICE_X45Y151        LUT5 (Prop_lut5_I0_O)        0.124    12.194 f  u_mlkem/u_sponge/squeeze_avail[3]_i_3/O
                         net (fo=270, routed)         1.508    13.701    u_mlkem/u_sponge/li_p1
    SLICE_X34Y174        LUT6 (Prop_lut6_I5_O)        0.124    13.825 r  u_mlkem/u_sponge/nx2[36]_i_3/O
                         net (fo=1, routed)           0.598    14.423    u_mlkem/u_sponge/nx2[36]_i_3_n_0
    SLICE_X34Y174        LUT6 (Prop_lut6_I2_O)        0.124    14.547 r  u_mlkem/u_sponge/nx2[36]_i_1/O
                         net (fo=1, routed)           0.000    14.547    u_mlkem/u_sponge/nx2[36]
    SLICE_X34Y174        FDRE                                         r  u_mlkem/u_sponge/nx2_reg[36]/D
  -------------------------------------------------------------------    -------------------

                         (clock clk_core_mmcm rise edge)
                                                      4.854     4.854 r  
    E3                                                0.000     4.854 r  clk_100mhz (IN)
                         net (fo=0)                   0.000     4.854    clk_100mhz
    E3                   IBUF (Prop_ibuf_I_O)         1.411     6.266 r  clk_100mhz_IBUF_inst/O
                         net (fo=1, routed)           1.920     8.186    clk_100mhz_IBUF
    BUFGCTRL_X0Y16       BUFG (Prop_bufg_I_O)         0.091     8.277 r  clk_100mhz_IBUF_BUFG_inst/O
                         net (fo=2651, routed)        1.683     9.960    clk_100mhz_IBUF_BUFG
    MMCME2_ADV_X0Y0      MMCME2_ADV (Prop_mmcme2_adv_CLKIN1_CLKOUT0)
                                                      0.083    10.043 r  u_mmcm/CLKOUT0
                         net (fo=1, routed)           1.923    11.966    clk_core_mmcm
    BUFGCTRL_X0Y2        BUFG (Prop_bufg_I_O)         0.091    12.057 r  u_bufg_core_replica_1/O
                         net (fo=8, routed)           0.133    12.190    clk_core_repN_1
    BUFGCTRL_X0Y1        BUFG (Prop_bufg_I_O)         0.091    12.281 r  u_bufg_core_replica/O
                         net (fo=6, routed)           0.133    12.414    clk_core_repN
    BUFGCTRL_X0Y0        BUFG (Prop_bufg_I_O)         0.091    12.505 r  u_bufg_core/O
                         net (fo=4900, routed)        1.664    14.169    u_mlkem/u_sponge/clk_core
    SLICE_X34Y174        FDRE                                         r  u_mlkem/u_sponge/nx2_reg[36]/C
                         clock pessimism              0.443    14.612    
                         clock uncertainty           -0.109    14.502    
    SLICE_X34Y174        FDRE (Setup_fdre_C_D)        0.081    14.583    u_mlkem/u_sponge/nx2_reg[36]
  -------------------------------------------------------------------
                         required time                         14.583    
                         arrival time                         -14.547    
  -------------------------------------------------------------------
                         slack                                  0.036    

Slack (MET) :             0.038ns  (required time - arrival time)
  Source:                 u_mlkem/u_sponge/running_reg/C
                            (rising edge-triggered cell FDRE clocked by clk_core_mmcm  {rise@0.000ns fall@2.427ns period=4.854ns})
  Destination:            u_mlkem/u_sponge/x_data_reg[52]/D
                            (rising edge-triggered cell FDRE clocked by clk_core_mmcm  {rise@0.000ns fall@2.427ns period=4.854ns})
  Path Group:             clk_core_mmcm
  Path Type:              Setup (Max at Slow Process Corner)
  Requirement:            4.854ns  (clk_core_mmcm rise@4.854ns - clk_core_mmcm rise@0.000ns)
  Data Path Delay:        4.446ns  (logic 1.014ns (22.806%)  route 3.432ns (77.194%))
  Logic Levels:           4  (LUT5=3 LUT6=1)
  Clock Path Skew:        -0.293ns (DCD - SCD + CPR)
    Destination Clock Delay (DCD):    9.155ns = ( 14.009 - 4.854 ) 
    Source Clock Delay      (SCD):    9.891ns
    Clock Pessimism Removal (CPR):    0.443ns
  Clock Uncertainty:      0.109ns  ((TSJ^2 + DJ^2)^1/2) / 2 + PE
    Total System Jitter     (TSJ):    0.071ns
    Discrete Jitter          (DJ):    0.206ns
    Phase Error              (PE):    0.000ns

    Location             Delay type                Incr(ns)  Path(ns)    Netlist Resource(s)
  -------------------------------------------------------------------    -------------------
                         (clock clk_core_mmcm rise edge)
                                                      0.000     0.000 r  
    E3                                                0.000     0.000 r  clk_100mhz (IN)
                         net (fo=0)                   0.000     0.000    clk_100mhz
    E3                   IBUF (Prop_ibuf_I_O)         1.482     1.482 r  clk_100mhz_IBUF_inst/O
                         net (fo=1, routed)           2.025     3.506    clk_100mhz_IBUF
    BUFGCTRL_X0Y16       BUFG (Prop_bufg_I_O)         0.096     3.602 r  clk_100mhz_IBUF_BUFG_inst/O
                         net (fo=2651, routed)        1.809     5.412    clk_100mhz_IBUF_BUFG
    MMCME2_ADV_X0Y0      MMCME2_ADV (Prop_mmcme2_adv_CLKIN1_CLKOUT0)
                                                      0.088     5.500 r  u_mmcm/CLKOUT0
                         net (fo=1, routed)           2.018     7.518    clk_core_mmcm
    BUFGCTRL_X0Y2        BUFG (Prop_bufg_I_O)         0.096     7.614 r  u_bufg_core_replica_1/O
                         net (fo=8, routed)           0.140     7.754    clk_core_repN_1
    BUFGCTRL_X0Y1        BUFG (Prop_bufg_I_O)         0.096     7.850 r  u_bufg_core_replica/O
                         net (fo=6, routed)           0.140     7.990    clk_core_repN
    BUFGCTRL_X0Y0        BUFG (Prop_bufg_I_O)         0.096     8.086 r  u_bufg_core/O
                         net (fo=4900, routed)        1.804     9.891    u_mlkem/u_sponge/clk_core
    SLICE_X46Y150        FDRE                                         r  u_mlkem/u_sponge/running_reg/C
  -------------------------------------------------------------------    -------------------
    SLICE_X46Y150        FDRE (Prop_fdre_C_Q)         0.518    10.409 r  u_mlkem/u_sponge/running_reg/Q
                         net (fo=13, routed)          0.613    11.021    u_mlkem/u_sponge/running
    SLICE_X43Y149        LUT5 (Prop_lut5_I3_O)        0.124    11.145 f  u_mlkem/u_sponge/dsuffix[3]_i_1/O
                         net (fo=43, routed)          0.764    11.909    u_mlkem/u_sponge/h_init
    SLICE_X42Y152        LUT6 (Prop_lut6_I1_O)        0.124    12.033 f  u_mlkem/u_sponge/x_data[52]_i_4/O
                         net (fo=5, routed)           1.051    13.084    u_mlkem/u_sponge/x_data[52]_i_4_n_0
    SLICE_X43Y157        LUT5 (Prop_lut5_I0_O)        0.124    13.208 r  u_mlkem/u_sponge/x_data[52]_i_3/O
                         net (fo=1, routed)           1.005    14.213    u_mlkem/u_sponge/x_data[52]_i_3_n_0
    SLICE_X37Y141        LUT5 (Prop_lut5_I4_O)        0.124    14.337 r  u_mlkem/u_sponge/x_data[52]_i_1/O
                         net (fo=1, routed)           0.000    14.337    u_mlkem/u_sponge/x_data[52]_i_1_n_0
    SLICE_X37Y141        FDRE                                         r  u_mlkem/u_sponge/x_data_reg[52]/D
  -------------------------------------------------------------------    -------------------

                         (clock clk_core_mmcm rise edge)
                                                      4.854     4.854 r  
    E3                                                0.000     4.854 r  clk_100mhz (IN)
                         net (fo=0)                   0.000     4.854    clk_100mhz
    E3                   IBUF (Prop_ibuf_I_O)         1.411     6.266 r  clk_100mhz_IBUF_inst/O
                         net (fo=1, routed)           1.920     8.186    clk_100mhz_IBUF
    BUFGCTRL_X0Y16       BUFG (Prop_bufg_I_O)         0.091     8.277 r  clk_100mhz_IBUF_BUFG_inst/O
                         net (fo=2651, routed)        1.683     9.960    clk_100mhz_IBUF_BUFG
    MMCME2_ADV_X0Y0      MMCME2_ADV (Prop_mmcme2_adv_CLKIN1_CLKOUT0)
                                                      0.083    10.043 r  u_mmcm/CLKOUT0
                         net (fo=1, routed)           1.923    11.966    clk_core_mmcm
    BUFGCTRL_X0Y2        BUFG (Prop_bufg_I_O)         0.091    12.057 r  u_bufg_core_replica_1/O
                         net (fo=8, routed)           0.133    12.190    clk_core_repN_1
    BUFGCTRL_X0Y1        BUFG (Prop_bufg_I_O)         0.091    12.281 r  u_bufg_core_replica/O
                         net (fo=6, routed)           0.133    12.414    clk_core_repN
    BUFGCTRL_X0Y0        BUFG (Prop_bufg_I_O)         0.091    12.505 r  u_bufg_core/O
                         net (fo=4900, routed)        1.505    14.009    u_mlkem/u_sponge/clk_core
    SLICE_X37Y141        FDRE                                         r  u_mlkem/u_sponge/x_data_reg[52]/C
                         clock pessimism              0.443    14.452    
                         clock uncertainty           -0.109    14.343    
    SLICE_X37Y141        FDRE (Setup_fdre_C_D)        0.032    14.375    u_mlkem/u_sponge/x_data_reg[52]
  -------------------------------------------------------------------
                         required time                         14.375    
                         arrival time                         -14.337    
  -------------------------------------------------------------------
                         slack                                  0.038    

Slack (MET) :             0.040ns  (required time - arrival time)
  Source:                 u_mlkem/u_unpack/v2_reg/C
                            (rising edge-triggered cell FDRE clocked by clk_core_mmcm  {rise@0.000ns fall@2.427ns period=4.854ns})
  Destination:            u_mlkem/u_sponge/nx2_reg[57]/D
                            (rising edge-triggered cell FDRE clocked by clk_core_mmcm  {rise@0.000ns fall@2.427ns period=4.854ns})
  Path Group:             clk_core_mmcm
  Path Type:              Setup (Max at Slow Process Corner)
  Requirement:            4.854ns  (clk_core_mmcm rise@4.854ns - clk_core_mmcm rise@0.000ns)
  Data Path Delay:        4.784ns  (logic 1.076ns (22.491%)  route 3.708ns (77.509%))
  Logic Levels:           5  (LUT2=1 LUT5=1 LUT6=3)
  Clock Path Skew:        0.048ns (DCD - SCD + CPR)
    Destination Clock Delay (DCD):    9.308ns = ( 14.163 - 4.854 ) 
    Source Clock Delay      (SCD):    9.703ns
    Clock Pessimism Removal (CPR):    0.443ns
  Clock Uncertainty:      0.109ns  ((TSJ^2 + DJ^2)^1/2) / 2 + PE
    Total System Jitter     (TSJ):    0.071ns
    Discrete Jitter          (DJ):    0.206ns
    Phase Error              (PE):    0.000ns

    Location             Delay type                Incr(ns)  Path(ns)    Netlist Resource(s)
  -------------------------------------------------------------------    -------------------
                         (clock clk_core_mmcm rise edge)
                                                      0.000     0.000 r  
    E3                                                0.000     0.000 r  clk_100mhz (IN)
                         net (fo=0)                   0.000     0.000    clk_100mhz
    E3                   IBUF (Prop_ibuf_I_O)         1.482     1.482 r  clk_100mhz_IBUF_inst/O
                         net (fo=1, routed)           2.025     3.506    clk_100mhz_IBUF
    BUFGCTRL_X0Y16       BUFG (Prop_bufg_I_O)         0.096     3.602 r  clk_100mhz_IBUF_BUFG_inst/O
                         net (fo=2651, routed)        1.809     5.412    clk_100mhz_IBUF_BUFG
    MMCME2_ADV_X0Y0      MMCME2_ADV (Prop_mmcme2_adv_CLKIN1_CLKOUT0)
                                                      0.088     5.500 r  u_mmcm/CLKOUT0
                         net (fo=1, routed)           2.018     7.518    clk_core_mmcm
    BUFGCTRL_X0Y2        BUFG (Prop_bufg_I_O)         0.096     7.614 r  u_bufg_core_replica_1/O
                         net (fo=8, routed)           0.140     7.754    clk_core_repN_1
    BUFGCTRL_X0Y1        BUFG (Prop_bufg_I_O)         0.096     7.850 r  u_bufg_core_replica/O
                         net (fo=6, routed)           0.140     7.990    clk_core_repN
    BUFGCTRL_X0Y0        BUFG (Prop_bufg_I_O)         0.096     8.086 r  u_bufg_core/O
                         net (fo=4900, routed)        1.617     9.703    u_mlkem/u_unpack/clk_core
    SLICE_X51Y141        FDRE                                         r  u_mlkem/u_unpack/v2_reg/C
  -------------------------------------------------------------------    -------------------
    SLICE_X51Y141        FDRE (Prop_fdre_C_Q)         0.456    10.159 r  u_mlkem/u_unpack/v2_reg/Q
                         net (fo=4, routed)           0.439    10.598    u_mlkem/u_unpack/v2_reg_n_0
    SLICE_X51Y143        LUT2 (Prop_lut2_I0_O)        0.124    10.722 r  u_mlkem/u_unpack/squeeze_avail[3]_i_7/O
                         net (fo=1, routed)           0.807    11.529    u_mlkem/u_ctrl/u_read_fifo/squeeze_avail[3]_i_3
    SLICE_X44Y149        LUT6 (Prop_lut6_I4_O)        0.124    11.653 r  u_mlkem/u_ctrl/u_read_fifo/squeeze_avail[3]_i_5_comp/O
                         net (fo=2, routed)           0.417    12.070    u_mlkem/u_sponge/squeeze_data_reg[63]_2
    SLICE_X45Y151        LUT5 (Prop_lut5_I0_O)        0.124    12.194 f  u_mlkem/u_sponge/squeeze_avail[3]_i_3/O
                         net (fo=270, routed)         1.565    13.759    u_mlkem/u_sponge/li_p1
    SLICE_X50Y172        LUT6 (Prop_lut6_I5_O)        0.124    13.883 r  u_mlkem/u_sponge/nx2[57]_i_3/O
                         net (fo=1, routed)           0.480    14.363    u_mlkem/u_sponge/nx2[57]_i_3_n_0
    SLICE_X51Y172        LUT6 (Prop_lut6_I2_O)        0.124    14.487 r  u_mlkem/u_sponge/nx2[57]_i_1/O
                         net (fo=1, routed)           0.000    14.487    u_mlkem/u_sponge/nx2[57]
    SLICE_X51Y172        FDRE                                         r  u_mlkem/u_sponge/nx2_reg[57]/D
  -------------------------------------------------------------------    -------------------

                         (clock clk_core_mmcm rise edge)
                                                      4.854     4.854 r  
    E3                                                0.000     4.854 r  clk_100mhz (IN)
                         net (fo=0)                   0.000     4.854    clk_100mhz
    E3                   IBUF (Prop_ibuf_I_O)         1.411     6.266 r  clk_100mhz_IBUF_inst/O
                         net (fo=1, routed)           1.920     8.186    clk_100mhz_IBUF
    BUFGCTRL_X0Y16       BUFG (Prop_bufg_I_O)         0.091     8.277 r  clk_100mhz_IBUF_BUFG_inst/O
                         net (fo=2651, routed)        1.683     9.960    clk_100mhz_IBUF_BUFG
    MMCME2_ADV_X0Y0      MMCME2_ADV (Prop_mmcme2_adv_CLKIN1_CLKOUT0)
                                                      0.083    10.043 r  u_mmcm/CLKOUT0
                         net (fo=1, routed)           1.923    11.966    clk_core_mmcm
    BUFGCTRL_X0Y2        BUFG (Prop_bufg_I_O)         0.091    12.057 r  u_bufg_core_replica_1/O
                         net (fo=8, routed)           0.133    12.190    clk_core_repN_1
    BUFGCTRL_X0Y1        BUFG (Prop_bufg_I_O)         0.091    12.281 r  u_bufg_core_replica/O
                         net (fo=6, routed)           0.133    12.414    clk_core_repN
    BUFGCTRL_X0Y0        BUFG (Prop_bufg_I_O)         0.091    12.505 r  u_bufg_core/O
                         net (fo=4900, routed)        1.658    14.163    u_mlkem/u_sponge/clk_core
    SLICE_X51Y172        FDRE                                         r  u_mlkem/u_sponge/nx2_reg[57]/C
                         clock pessimism              0.443    14.606    
                         clock uncertainty           -0.109    14.496    
    SLICE_X51Y172        FDRE (Setup_fdre_C_D)        0.031    14.527    u_mlkem/u_sponge/nx2_reg[57]
  -------------------------------------------------------------------
                         required time                         14.527    
                         arrival time                         -14.487    
  -------------------------------------------------------------------
                         slack                                  0.040    

Slack (MET) :             0.044ns  (required time - arrival time)
  Source:                 u_mlkem/u_unpack/v1_reg/C
                            (rising edge-triggered cell FDRE clocked by clk_core_mmcm  {rise@0.000ns fall@2.427ns period=4.854ns})
  Destination:            u_mlkem/u_unpack/pw1_reg[6]/D
                            (rising edge-triggered cell FDRE clocked by clk_core_mmcm  {rise@0.000ns fall@2.427ns period=4.854ns})
  Path Group:             clk_core_mmcm
  Path Type:              Setup (Max at Slow Process Corner)
  Requirement:            4.854ns  (clk_core_mmcm rise@4.854ns - clk_core_mmcm rise@0.000ns)
  Data Path Delay:        4.735ns  (logic 1.070ns (22.596%)  route 3.665ns (77.404%))
  Logic Levels:           5  (LUT4=2 LUT5=1 LUT6=2)
  Clock Path Skew:        -0.041ns (DCD - SCD + CPR)
    Destination Clock Delay (DCD):    9.136ns = ( 13.990 - 4.854 ) 
    Source Clock Delay      (SCD):    9.691ns
    Clock Pessimism Removal (CPR):    0.514ns
  Clock Uncertainty:      0.109ns  ((TSJ^2 + DJ^2)^1/2) / 2 + PE
    Total System Jitter     (TSJ):    0.071ns
    Discrete Jitter          (DJ):    0.206ns
    Phase Error              (PE):    0.000ns

    Location             Delay type                Incr(ns)  Path(ns)    Netlist Resource(s)
  -------------------------------------------------------------------    -------------------
                         (clock clk_core_mmcm rise edge)
                                                      0.000     0.000 r  
    E3                                                0.000     0.000 r  clk_100mhz (IN)
                         net (fo=0)                   0.000     0.000    clk_100mhz
    E3                   IBUF (Prop_ibuf_I_O)         1.482     1.482 r  clk_100mhz_IBUF_inst/O
                         net (fo=1, routed)           2.025     3.506    clk_100mhz_IBUF
    BUFGCTRL_X0Y16       BUFG (Prop_bufg_I_O)         0.096     3.602 r  clk_100mhz_IBUF_BUFG_inst/O
                         net (fo=2651, routed)        1.809     5.412    clk_100mhz_IBUF_BUFG
    MMCME2_ADV_X0Y0      MMCME2_ADV (Prop_mmcme2_adv_CLKIN1_CLKOUT0)
                                                      0.088     5.500 r  u_mmcm/CLKOUT0
                         net (fo=1, routed)           2.018     7.518    clk_core_mmcm
    BUFGCTRL_X0Y2        BUFG (Prop_bufg_I_O)         0.096     7.614 r  u_bufg_core_replica_1/O
                         net (fo=8, routed)           0.140     7.754    clk_core_repN_1
    BUFGCTRL_X0Y1        BUFG (Prop_bufg_I_O)         0.096     7.850 r  u_bufg_core_replica/O
                         net (fo=6, routed)           0.140     7.990    clk_core_repN
    BUFGCTRL_X0Y0        BUFG (Prop_bufg_I_O)         0.096     8.086 r  u_bufg_core/O
                         net (fo=4900, routed)        1.605     9.691    u_mlkem/u_unpack/clk_core
    SLICE_X61Y131        FDRE                                         r  u_mlkem/u_unpack/v1_reg/C
  -------------------------------------------------------------------    -------------------
    SLICE_X61Y131        FDRE (Prop_fdre_C_Q)         0.456    10.147 r  u_mlkem/u_unpack/v1_reg/Q
                         net (fo=78, routed)          1.277    11.424    u_mlkem/u_unpack/v1_reg_n_0
    SLICE_X65Y130        LUT6 (Prop_lut6_I3_O)        0.124    11.548 r  u_mlkem/u_unpack/p[5]_i_2/O
                         net (fo=9, routed)           0.362    11.910    u_mlkem/u_unpack/p[5]_i_2_n_0
    SLICE_X65Y132        LUT5 (Prop_lut5_I3_O)        0.124    12.034 r  u_mlkem/u_unpack/p[0]_i_2/O
                         net (fo=14, routed)          0.998    13.032    u_mlkem/u_unpack/p[0]_i_1_n_0
    SLICE_X60Y135        LUT6 (Prop_lut6_I3_O)        0.124    13.156 r  u_mlkem/u_unpack/pw1[4]_i_2/O
                         net (fo=3, routed)           0.485    13.641    u_mlkem/u_unpack/pw1[4]_i_2_n_0
    SLICE_X56Y135        LUT4 (Prop_lut4_I3_O)        0.124    13.765 r  u_mlkem/u_unpack/pw1[6]_i_3/O
                         net (fo=2, routed)           0.543    14.309    u_mlkem/u_unpack/pw1[6]_i_3_n_0
    SLICE_X53Y136        LUT4 (Prop_lut4_I2_O)        0.118    14.427 r  u_mlkem/u_unpack/pw1[6]_i_2/O
                         net (fo=1, routed)           0.000    14.427    u_mlkem/u_unpack/pw1[6]_i_2_n_0
    SLICE_X53Y136        FDRE                                         r  u_mlkem/u_unpack/pw1_reg[6]/D
  -------------------------------------------------------------------    -------------------

                         (clock clk_core_mmcm rise edge)
                                                      4.854     4.854 r  
    E3                                                0.000     4.854 r  clk_100mhz (IN)
                         net (fo=0)                   0.000     4.854    clk_100mhz
    E3                   IBUF (Prop_ibuf_I_O)         1.411     6.266 r  clk_100mhz_IBUF_inst/O
                         net (fo=1, routed)           1.920     8.186    clk_100mhz_IBUF
    BUFGCTRL_X0Y16       BUFG (Prop_bufg_I_O)         0.091     8.277 r  clk_100mhz_IBUF_BUFG_inst/O
                         net (fo=2651, routed)        1.683     9.960    clk_100mhz_IBUF_BUFG
    MMCME2_ADV_X0Y0      MMCME2_ADV (Prop_mmcme2_adv_CLKIN1_CLKOUT0)
                                                      0.083    10.043 r  u_mmcm/CLKOUT0
                         net (fo=1, routed)           1.923    11.966    clk_core_mmcm
    BUFGCTRL_X0Y2        BUFG (Prop_bufg_I_O)         0.091    12.057 r  u_bufg_core_replica_1/O
                         net (fo=8, routed)           0.133    12.190    clk_core_repN_1
    BUFGCTRL_X0Y1        BUFG (Prop_bufg_I_O)         0.091    12.281 r  u_bufg_core_replica/O
                         net (fo=6, routed)           0.133    12.414    clk_core_repN
    BUFGCTRL_X0Y0        BUFG (Prop_bufg_I_O)         0.091    12.505 r  u_bufg_core/O
                         net (fo=4900, routed)        1.486    13.990    u_mlkem/u_unpack/clk_core
    SLICE_X53Y136        FDRE                                         r  u_mlkem/u_unpack/pw1_reg[6]/C
                         clock pessimism              0.514    14.504    
                         clock uncertainty           -0.109    14.395    
    SLICE_X53Y136        FDRE (Setup_fdre_C_D)        0.075    14.470    u_mlkem/u_unpack/pw1_reg[6]
  -------------------------------------------------------------------
                         required time                         14.470    
                         arrival time                         -14.427    
  -------------------------------------------------------------------
                         slack                                  0.044    

Slack (MET) :             0.049ns  (required time - arrival time)
  Source:                 u_mlkem/u_sponge/li_p3_reg[3]_replica/C
                            (rising edge-triggered cell FDRE clocked by clk_core_mmcm  {rise@0.000ns fall@2.427ns period=4.854ns})
  Destination:            u_mlkem/u_sponge/nx2_reg[44]/D
                            (rising edge-triggered cell FDRE clocked by clk_core_mmcm  {rise@0.000ns fall@2.427ns period=4.854ns})
  Path Group:             clk_core_mmcm
  Path Type:              Setup (Max at Slow Process Corner)
  Requirement:            4.854ns  (clk_core_mmcm rise@4.854ns - clk_core_mmcm rise@0.000ns)
  Data Path Delay:        4.827ns  (logic 1.076ns (22.291%)  route 3.751ns (77.709%))
  Logic Levels:           5  (LUT4=1 LUT5=2 LUT6=2)
  Clock Path Skew:        0.102ns (DCD - SCD + CPR)
    Destination Clock Delay (DCD):    9.325ns = ( 14.180 - 4.854 ) 
    Source Clock Delay      (SCD):    9.648ns
    Clock Pessimism Removal (CPR):    0.424ns
  Clock Uncertainty:      0.109ns  ((TSJ^2 + DJ^2)^1/2) / 2 + PE
    Total System Jitter     (TSJ):    0.071ns
    Discrete Jitter          (DJ):    0.206ns
    Phase Error              (PE):    0.000ns

    Location             Delay type                Incr(ns)  Path(ns)    Netlist Resource(s)
  -------------------------------------------------------------------    -------------------
                         (clock clk_core_mmcm rise edge)
                                                      0.000     0.000 r  
    E3                                                0.000     0.000 r  clk_100mhz (IN)
                         net (fo=0)                   0.000     0.000    clk_100mhz
    E3                   IBUF (Prop_ibuf_I_O)         1.482     1.482 r  clk_100mhz_IBUF_inst/O
                         net (fo=1, routed)           2.025     3.506    clk_100mhz_IBUF
    BUFGCTRL_X0Y16       BUFG (Prop_bufg_I_O)         0.096     3.602 r  clk_100mhz_IBUF_BUFG_inst/O
                         net (fo=2651, routed)        1.809     5.412    clk_100mhz_IBUF_BUFG
    MMCME2_ADV_X0Y0      MMCME2_ADV (Prop_mmcme2_adv_CLKIN1_CLKOUT0)
                                                      0.088     5.500 r  u_mmcm/CLKOUT0
                         net (fo=1, routed)           2.018     7.518    clk_core_mmcm
    BUFGCTRL_X0Y2        BUFG (Prop_bufg_I_O)         0.096     7.614 r  u_bufg_core_replica_1/O
                         net (fo=8, routed)           0.140     7.754    clk_core_repN_1
    BUFGCTRL_X0Y1        BUFG (Prop_bufg_I_O)         0.096     7.850 r  u_bufg_core_replica/O
                         net (fo=6, routed)           1.797     9.648    u_mlkem/u_sponge/clk_core_repN_alias
    SLICE_X35Y169        FDRE                                         r  u_mlkem/u_sponge/li_p3_reg[3]_replica/C
  -------------------------------------------------------------------    -------------------
    SLICE_X35Y169        FDRE (Prop_fdre_C_Q)         0.456    10.104 f  u_mlkem/u_sponge/li_p3_reg[3]_replica/Q
                         net (fo=28, routed)          0.829    10.933    u_mlkem/u_sponge/li_p3_reg[3]_repN
    SLICE_X34Y169        LUT5 (Prop_lut5_I1_O)        0.124    11.057 f  u_mlkem/u_sponge/nx2[57]_i_7/O
                         net (fo=63, routed)          1.155    12.212    u_mlkem/u_sponge/nx2[57]_i_7_n_0
    SLICE_X21Y168        LUT4 (Prop_lut4_I0_O)        0.124    12.336 r  u_mlkem/u_sponge/nx2[44]_i_13/O
                         net (fo=1, routed)           0.419    12.755    u_mlkem/u_sponge/nx2[44]_i_13_n_0
    SLICE_X24Y168        LUT5 (Prop_lut5_I4_O)        0.124    12.879 r  u_mlkem/u_sponge/nx2[44]_i_9/O
                         net (fo=1, routed)           0.640    13.519    u_mlkem/u_sponge/nx2[44]_i_9_n_0
    SLICE_X24Y168        LUT6 (Prop_lut6_I5_O)        0.124    13.643 r  u_mlkem/u_sponge/nx2[44]_i_3/O
                         net (fo=1, routed)           0.707    14.351    u_mlkem/u_sponge/nx2[44]_i_3_n_0
    SLICE_X28Y167        LUT6 (Prop_lut6_I4_O)        0.124    14.475 r  u_mlkem/u_sponge/nx2[44]_i_1/O
                         net (fo=1, routed)           0.000    14.475    u_mlkem/u_sponge/nx2[44]
    SLICE_X28Y167        FDRE                                         r  u_mlkem/u_sponge/nx2_reg[44]/D
  -------------------------------------------------------------------    -------------------

                         (clock clk_core_mmcm rise edge)
                                                      4.854     4.854 r  
    E3                                                0.000     4.854 r  clk_100mhz (IN)
                         net (fo=0)                   0.000     4.854    clk_100mhz
    E3                   IBUF (Prop_ibuf_I_O)         1.411     6.266 r  clk_100mhz_IBUF_inst/O
                         net (fo=1, routed)           1.920     8.186    clk_100mhz_IBUF
    BUFGCTRL_X0Y16       BUFG (Prop_bufg_I_O)         0.091     8.277 r  clk_100mhz_IBUF_BUFG_inst/O
                         net (fo=2651, routed)        1.683     9.960    clk_100mhz_IBUF_BUFG
    MMCME2_ADV_X0Y0      MMCME2_ADV (Prop_mmcme2_adv_CLKIN1_CLKOUT0)
                                                      0.083    10.043 r  u_mmcm/CLKOUT0
                         net (fo=1, routed)           1.923    11.966    clk_core_mmcm
    BUFGCTRL_X0Y2        BUFG (Prop_bufg_I_O)         0.091    12.057 r  u_bufg_core_replica_1/O
                         net (fo=8, routed)           0.133    12.190    clk_core_repN_1
    BUFGCTRL_X0Y1        BUFG (Prop_bufg_I_O)         0.091    12.281 r  u_bufg_core_replica/O
                         net (fo=6, routed)           0.133    12.414    clk_core_repN
    BUFGCTRL_X0Y0        BUFG (Prop_bufg_I_O)         0.091    12.505 r  u_bufg_core/O
                         net (fo=4900, routed)        1.675    14.180    u_mlkem/u_sponge/clk_core
    SLICE_X28Y167        FDRE                                         r  u_mlkem/u_sponge/nx2_reg[44]/C
                         clock pessimism              0.424    14.604    
                         clock uncertainty           -0.109    14.494    
    SLICE_X28Y167        FDRE (Setup_fdre_C_D)        0.029    14.523    u_mlkem/u_sponge/nx2_reg[44]
  -------------------------------------------------------------------
                         required time                         14.523    
                         arrival time                         -14.475    
  -------------------------------------------------------------------
                         slack                                  0.049    

Slack (MET) :             0.057ns  (required time - arrival time)
  Source:                 u_mlkem/u_unpack/pw1_reg[6]/C
                            (rising edge-triggered cell FDRE clocked by clk_core_mmcm  {rise@0.000ns fall@2.427ns period=4.854ns})
  Destination:            u_mlkem/u_unpack/f1_reg[11]/D
                            (rising edge-triggered cell FDRE clocked by clk_core_mmcm  {rise@0.000ns fall@2.427ns period=4.854ns})
  Path Group:             clk_core_mmcm
  Path Type:              Setup (Max at Slow Process Corner)
  Requirement:            4.854ns  (clk_core_mmcm rise@4.854ns - clk_core_mmcm rise@0.000ns)
  Data Path Delay:        4.728ns  (logic 1.482ns (31.344%)  route 3.246ns (68.656%))
  Logic Levels:           5  (LUT5=2 LUT6=2 MUXF7=1)
  Clock Path Skew:        -0.037ns (DCD - SCD + CPR)
    Destination Clock Delay (DCD):    9.141ns = ( 13.995 - 4.854 ) 
    Source Clock Delay      (SCD):    9.692ns
    Clock Pessimism Removal (CPR):    0.514ns
  Clock Uncertainty:      0.109ns  ((TSJ^2 + DJ^2)^1/2) / 2 + PE
    Total System Jitter     (TSJ):    0.071ns
    Discrete Jitter          (DJ):    0.206ns
    Phase Error              (PE):    0.000ns

    Location             Delay type                Incr(ns)  Path(ns)    Netlist Resource(s)
  -------------------------------------------------------------------    -------------------
                         (clock clk_core_mmcm rise edge)
                                                      0.000     0.000 r  
    E3                                                0.000     0.000 r  clk_100mhz (IN)
                         net (fo=0)                   0.000     0.000    clk_100mhz
    E3                   IBUF (Prop_ibuf_I_O)         1.482     1.482 r  clk_100mhz_IBUF_inst/O
                         net (fo=1, routed)           2.025     3.506    clk_100mhz_IBUF
    BUFGCTRL_X0Y16       BUFG (Prop_bufg_I_O)         0.096     3.602 r  clk_100mhz_IBUF_BUFG_inst/O
                         net (fo=2651, routed)        1.809     5.412    clk_100mhz_IBUF_BUFG
    MMCME2_ADV_X0Y0      MMCME2_ADV (Prop_mmcme2_adv_CLKIN1_CLKOUT0)
                                                      0.088     5.500 r  u_mmcm/CLKOUT0
                         net (fo=1, routed)           2.018     7.518    clk_core_mmcm
    BUFGCTRL_X0Y2        BUFG (Prop_bufg_I_O)         0.096     7.614 r  u_bufg_core_replica_1/O
                         net (fo=8, routed)           0.140     7.754    clk_core_repN_1
    BUFGCTRL_X0Y1        BUFG (Prop_bufg_I_O)         0.096     7.850 r  u_bufg_core_replica/O
                         net (fo=6, routed)           0.140     7.990    clk_core_repN
    BUFGCTRL_X0Y0        BUFG (Prop_bufg_I_O)         0.096     8.086 r  u_bufg_core/O
                         net (fo=4900, routed)        1.606     9.692    u_mlkem/u_unpack/clk_core
    SLICE_X53Y136        FDRE                                         r  u_mlkem/u_unpack/pw1_reg[6]/C
  -------------------------------------------------------------------    -------------------
    SLICE_X53Y136        FDRE (Prop_fdre_C_Q)         0.419    10.111 r  u_mlkem/u_unpack/pw1_reg[6]/Q
                         net (fo=52, routed)          1.267    11.378    u_mlkem/u_unpack/pw1_reg_n_0_[6]
    SLICE_X51Y138        LUT6 (Prop_lut6_I4_O)        0.299    11.677 r  u_mlkem/u_unpack/f1[11]_i_48/O
                         net (fo=1, routed)           0.000    11.677    u_mlkem/u_unpack/f1[11]_i_48_n_0
    SLICE_X51Y138        MUXF7 (Prop_muxf7_I1_O)      0.217    11.894 r  u_mlkem/u_unpack/f1_reg[11]_i_39/O
                         net (fo=3, routed)           0.675    12.569    u_mlkem/u_unpack/f1_reg[11]_i_39_n_0
    SLICE_X56Y133        LUT5 (Prop_lut5_I4_O)        0.299    12.868 r  u_mlkem/u_unpack/f1[11]_i_14/O
                         net (fo=3, routed)           0.457    13.325    u_mlkem/u_unpack/f1[11]_i_14_n_0
    SLICE_X57Y136        LUT5 (Prop_lut5_I4_O)        0.124    13.449 r  u_mlkem/u_unpack/f1[11]_i_4/O
                         net (fo=1, routed)           0.848    14.296    u_mlkem/u_unpack/f1[11]_i_4_n_0
    SLICE_X62Y133        LUT6 (Prop_lut6_I4_O)        0.124    14.420 r  u_mlkem/u_unpack/f1[11]_i_1/O
                         net (fo=1, routed)           0.000    14.420    u_mlkem/u_unpack/f1[11]_i_1_n_0
    SLICE_X62Y133        FDRE                                         r  u_mlkem/u_unpack/f1_reg[11]/D
  -------------------------------------------------------------------    -------------------

                         (clock clk_core_mmcm rise edge)
                                                      4.854     4.854 r  
    E3                                                0.000     4.854 r  clk_100mhz (IN)
                         net (fo=0)                   0.000     4.854    clk_100mhz
    E3                   IBUF (Prop_ibuf_I_O)         1.411     6.266 r  clk_100mhz_IBUF_inst/O
                         net (fo=1, routed)           1.920     8.186    clk_100mhz_IBUF
    BUFGCTRL_X0Y16       BUFG (Prop_bufg_I_O)         0.091     8.277 r  clk_100mhz_IBUF_BUFG_inst/O
                         net (fo=2651, routed)        1.683     9.960    clk_100mhz_IBUF_BUFG
    MMCME2_ADV_X0Y0      MMCME2_ADV (Prop_mmcme2_adv_CLKIN1_CLKOUT0)
                                                      0.083    10.043 r  u_mmcm/CLKOUT0
                         net (fo=1, routed)           1.923    11.966    clk_core_mmcm
    BUFGCTRL_X0Y2        BUFG (Prop_bufg_I_O)         0.091    12.057 r  u_bufg_core_replica_1/O
                         net (fo=8, routed)           0.133    12.190    clk_core_repN_1
    BUFGCTRL_X0Y1        BUFG (Prop_bufg_I_O)         0.091    12.281 r  u_bufg_core_replica/O
                         net (fo=6, routed)           0.133    12.414    clk_core_repN
    BUFGCTRL_X0Y0        BUFG (Prop_bufg_I_O)         0.091    12.505 r  u_bufg_core/O
                         net (fo=4900, routed)        1.491    13.995    u_mlkem/u_unpack/clk_core
    SLICE_X62Y133        FDRE                                         r  u_mlkem/u_unpack/f1_reg[11]/C
                         clock pessimism              0.514    14.509    
                         clock uncertainty           -0.109    14.400    
    SLICE_X62Y133        FDRE (Setup_fdre_C_D)        0.077    14.477    u_mlkem/u_unpack/f1_reg[11]
  -------------------------------------------------------------------
                         required time                         14.477    
                         arrival time                         -14.420    
  -------------------------------------------------------------------
                         slack                                  0.057    

Slack (MET) :             0.057ns  (required time - arrival time)
  Source:                 u_mlkem/u_unpack/v2_reg/C
                            (rising edge-triggered cell FDRE clocked by clk_core_mmcm  {rise@0.000ns fall@2.427ns period=4.854ns})
  Destination:            u_mlkem/u_sponge/nx2_reg[35]/D
                            (rising edge-triggered cell FDRE clocked by clk_core_mmcm  {rise@0.000ns fall@2.427ns period=4.854ns})
  Path Group:             clk_core_mmcm
  Path Type:              Setup (Max at Slow Process Corner)
  Requirement:            4.854ns  (clk_core_mmcm rise@4.854ns - clk_core_mmcm rise@0.000ns)
  Data Path Delay:        4.773ns  (logic 1.076ns (22.543%)  route 3.697ns (77.457%))
  Logic Levels:           5  (LUT2=1 LUT5=1 LUT6=3)
  Clock Path Skew:        0.054ns (DCD - SCD + CPR)
    Destination Clock Delay (DCD):    9.314ns = ( 14.169 - 4.854 ) 
    Source Clock Delay      (SCD):    9.703ns
    Clock Pessimism Removal (CPR):    0.443ns
  Clock Uncertainty:      0.109ns  ((TSJ^2 + DJ^2)^1/2) / 2 + PE
    Total System Jitter     (TSJ):    0.071ns
    Discrete Jitter          (DJ):    0.206ns
    Phase Error              (PE):    0.000ns

    Location             Delay type                Incr(ns)  Path(ns)    Netlist Resource(s)
  -------------------------------------------------------------------    -------------------
                         (clock clk_core_mmcm rise edge)
                                                      0.000     0.000 r  
    E3                                                0.000     0.000 r  clk_100mhz (IN)
                         net (fo=0)                   0.000     0.000    clk_100mhz
    E3                   IBUF (Prop_ibuf_I_O)         1.482     1.482 r  clk_100mhz_IBUF_inst/O
                         net (fo=1, routed)           2.025     3.506    clk_100mhz_IBUF
    BUFGCTRL_X0Y16       BUFG (Prop_bufg_I_O)         0.096     3.602 r  clk_100mhz_IBUF_BUFG_inst/O
                         net (fo=2651, routed)        1.809     5.412    clk_100mhz_IBUF_BUFG
    MMCME2_ADV_X0Y0      MMCME2_ADV (Prop_mmcme2_adv_CLKIN1_CLKOUT0)
                                                      0.088     5.500 r  u_mmcm/CLKOUT0
                         net (fo=1, routed)           2.018     7.518    clk_core_mmcm
    BUFGCTRL_X0Y2        BUFG (Prop_bufg_I_O)         0.096     7.614 r  u_bufg_core_replica_1/O
                         net (fo=8, routed)           0.140     7.754    clk_core_repN_1
    BUFGCTRL_X0Y1        BUFG (Prop_bufg_I_O)         0.096     7.850 r  u_bufg_core_replica/O
                         net (fo=6, routed)           0.140     7.990    clk_core_repN
    BUFGCTRL_X0Y0        BUFG (Prop_bufg_I_O)         0.096     8.086 r  u_bufg_core/O
                         net (fo=4900, routed)        1.617     9.703    u_mlkem/u_unpack/clk_core
    SLICE_X51Y141        FDRE                                         r  u_mlkem/u_unpack/v2_reg/C
  -------------------------------------------------------------------    -------------------
    SLICE_X51Y141        FDRE (Prop_fdre_C_Q)         0.456    10.159 r  u_mlkem/u_unpack/v2_reg/Q
                         net (fo=4, routed)           0.439    10.598    u_mlkem/u_unpack/v2_reg_n_0
    SLICE_X51Y143        LUT2 (Prop_lut2_I0_O)        0.124    10.722 r  u_mlkem/u_unpack/squeeze_avail[3]_i_7/O
                         net (fo=1, routed)           0.807    11.529    u_mlkem/u_ctrl/u_read_fifo/squeeze_avail[3]_i_3
    SLICE_X44Y149        LUT6 (Prop_lut6_I4_O)        0.124    11.653 r  u_mlkem/u_ctrl/u_read_fifo/squeeze_avail[3]_i_5_comp/O
                         net (fo=2, routed)           0.417    12.070    u_mlkem/u_sponge/squeeze_data_reg[63]_2
    SLICE_X45Y151        LUT5 (Prop_lut5_I0_O)        0.124    12.194 f  u_mlkem/u_sponge/squeeze_avail[3]_i_3/O
                         net (fo=270, routed)         1.477    13.671    u_mlkem/u_sponge/li_p1
    SLICE_X36Y176        LUT6 (Prop_lut6_I5_O)        0.124    13.795 r  u_mlkem/u_sponge/nx2[35]_i_3/O
                         net (fo=1, routed)           0.557    14.352    u_mlkem/u_sponge/nx2[35]_i_3_n_0
    SLICE_X37Y175        LUT6 (Prop_lut6_I2_O)        0.124    14.476 r  u_mlkem/u_sponge/nx2[35]_i_1/O
                         net (fo=1, routed)           0.000    14.476    u_mlkem/u_sponge/nx2[35]
    SLICE_X37Y175        FDRE                                         r  u_mlkem/u_sponge/nx2_reg[35]/D
  -------------------------------------------------------------------    -------------------

                         (clock clk_core_mmcm rise edge)
                                                      4.854     4.854 r  
    E3                                                0.000     4.854 r  clk_100mhz (IN)
                         net (fo=0)                   0.000     4.854    clk_100mhz
    E3                   IBUF (Prop_ibuf_I_O)         1.411     6.266 r  clk_100mhz_IBUF_inst/O
                         net (fo=1, routed)           1.920     8.186    clk_100mhz_IBUF
    BUFGCTRL_X0Y16       BUFG (Prop_bufg_I_O)         0.091     8.277 r  clk_100mhz_IBUF_BUFG_inst/O
                         net (fo=2651, routed)        1.683     9.960    clk_100mhz_IBUF_BUFG
    MMCME2_ADV_X0Y0      MMCME2_ADV (Prop_mmcme2_adv_CLKIN1_CLKOUT0)
                                                      0.083    10.043 r  u_mmcm/CLKOUT0
                         net (fo=1, routed)           1.923    11.966    clk_core_mmcm
    BUFGCTRL_X0Y2        BUFG (Prop_bufg_I_O)         0.091    12.057 r  u_bufg_core_replica_1/O
                         net (fo=8, routed)           0.133    12.190    clk_core_repN_1
    BUFGCTRL_X0Y1        BUFG (Prop_bufg_I_O)         0.091    12.281 r  u_bufg_core_replica/O
                         net (fo=6, routed)           0.133    12.414    clk_core_repN
    BUFGCTRL_X0Y0        BUFG (Prop_bufg_I_O)         0.091    12.505 r  u_bufg_core/O
                         net (fo=4900, routed)        1.664    14.169    u_mlkem/u_sponge/clk_core
    SLICE_X37Y175        FDRE                                         r  u_mlkem/u_sponge/nx2_reg[35]/C
                         clock pessimism              0.443    14.612    
                         clock uncertainty           -0.109    14.502    
    SLICE_X37Y175        FDRE (Setup_fdre_C_D)        0.031    14.533    u_mlkem/u_sponge/nx2_reg[35]
  -------------------------------------------------------------------
                         required time                         14.533    
                         arrival time                         -14.476    
  -------------------------------------------------------------------
                         slack                                  0.057    




