Copyright 1986-2022 Xilinx, Inc. All Rights Reserved. Copyright 2022-2024 Advanced Micro Devices, Inc. All Rights Reserved.
-------------------------------------------------------------------------------------------------------------------------------------------------
| Tool Version : Vivado v.2024.1 (lin64) Build 5076996 Wed May 22 18:36:09 MDT 2024
| Date         : Fri Oct  2 05:45:38 2026
| Host         : 1e0658a68088 running 64-bit unknown
| Command      : report_timing_summary -max_paths 10 -file /home/vivadouser/project/ML_KEM_Test/ML-KEM-Testkit/reports/f206_1/timing_summary.rpt
| Design       : arty_a7_top
| Device       : 7a100t-csg324
| Speed File   : -1  PRODUCTION 1.23 2018-06-13
| Design State : Routed
-------------------------------------------------------------------------------------------------------------------------------------------------

Timing Summary Report

------------------------------------------------------------------------------------------------
| Timer Settings
| --------------
------------------------------------------------------------------------------------------------

  Enable Multi Corner Analysis               :  Yes
  Enable Pessimism Removal                   :  Yes
  Pessimism Removal Resolution               :  Nearest Common Node
  Enable Input Delay Default Clock           :  No
  Enable Preset / Clear Arcs                 :  No
  Disable Flight Delays                      :  No
  Ignore I/O Paths                           :  No
  Timing Early Launch at Borrowing Latches   :  No
  Borrow Time for Max Delay Exceptions       :  Yes
  Merge Timing Exceptions                    :  Yes
  Inter-SLR Compensation                     :  Conservative

  Corner  Analyze    Analyze    
  Name    Max Paths  Min Paths  
  ------  ---------  ---------  
  Slow    Yes        Yes        
  Fast    Yes        Yes        


------------------------------------------------------------------------------------------------
| Report Methodology
| ------------------
------------------------------------------------------------------------------------------------

No report available as report_methodology has not been run prior. Run report_methodology on the current design for the summary of methodology violations.



check_timing report

Table of Contents
-----------------
1. checking no_clock (0)
2. checking constant_clock (0)
3. checking pulse_width_clock (0)
4. checking unconstrained_internal_endpoints (0)
5. checking no_input_delay (2)
6. checking no_output_delay (5)
7. checking multiple_clock (0)
8. checking generated_clocks (0)
9. checking loops (0)
10. checking partial_input_delay (0)
11. checking partial_output_delay (0)
12. checking latch_loops (0)

1. checking no_clock (0)
------------------------
 There are 0 register/latch pins with no clock.


2. checking constant_clock (0)
------------------------------
 There are 0 register/latch pins with constant_clock.


3. checking pulse_width_clock (0)
---------------------------------
 There are 0 register/latch pins which need pulse_width check


4. checking unconstrained_internal_endpoints (0)
------------------------------------------------
 There are 0 pins that are not constrained for maximum delay.

 There are 0 pins that are not constrained for maximum delay due to constant clock.


5. checking no_input_delay (2)
------------------------------
 There are 0 input ports with no input delay specified.

 There are 2 input ports with no input delay but user has a false path constraint. (MEDIUM)


6. checking no_output_delay (5)
-------------------------------
 There are 0 ports with no output delay specified.

 There are 5 ports with no output delay but user has a false path constraint (MEDIUM)

 There are 0 ports with no output delay but with a timing clock defined on it or propagating through it


7. checking multiple_clock (0)
------------------------------
 There are 0 register/latch pins with multiple clocks.


8. checking generated_clocks (0)
--------------------------------
 There are 0 generated clocks that are not connected to a clock source.


9. checking loops (0)
---------------------
 There are 0 combinational loops in the design.


10. checking partial_input_delay (0)
------------------------------------
 There are 0 input ports with partial input delay specified.


11. checking partial_output_delay (0)
-------------------------------------
 There are 0 ports with partial output delay specified.


12. checking latch_loops (0)
----------------------------
 There are 0 combinational latch loops in the design through latch input



------------------------------------------------------------------------------------------------
| Design Timing Summary
| ---------------------
------------------------------------------------------------------------------------------------

    WNS(ns)      TNS(ns)  TNS Failing Endpoints  TNS Total Endpoints      WHS(ns)      THS(ns)  THS Failing Endpoints  THS Total Endpoints     WPWS(ns)     TPWS(ns)  TPWS Failing Endpoints  TPWS Total Endpoints  
    -------      -------  ---------------------  -------------------      -------      -------  ---------------------  -------------------     --------     --------  ----------------------  --------------------  
     -4.956    -7167.441                   4505                13844        0.045        0.000                      0                13844        1.444        0.000                       0                  6696  


Timing constraints are not met.


------------------------------------------------------------------------------------------------
| Clock Summary
| -------------
------------------------------------------------------------------------------------------------

Clock            Waveform(ns)         Period(ns)      Frequency(MHz)
-----            ------------         ----------      --------------
sys_clk          {0.000 5.000}        10.000          100.000         
  clk_core_mmcm  {0.000 2.424}        4.848           206.250         
  mmcm_fb        {0.000 10.000}       20.000          50.000          


------------------------------------------------------------------------------------------------
| Intra Clock Table
| -----------------
------------------------------------------------------------------------------------------------

Clock                WNS(ns)      TNS(ns)  TNS Failing Endpoints  TNS Total Endpoints      WHS(ns)      THS(ns)  THS Failing Endpoints  THS Total Endpoints     WPWS(ns)     TPWS(ns)  TPWS Failing Endpoints  TPWS Total Endpoints  
-----                -------      -------  ---------------------  -------------------      -------      -------  ---------------------  -------------------     --------     --------  ----------------------  --------------------  
sys_clk                1.155        0.000                      0                 5160        0.128        0.000                      0                 5160        3.000        0.000                       0                  2652  
  clk_core_mmcm       -4.956    -7167.441                   4505                 8088        0.045        0.000                      0                 8088        1.444        0.000                       0                  4042  
  mmcm_fb                                                                                                                                                         18.751        0.000                       0                     2  


------------------------------------------------------------------------------------------------
| Inter Clock Table
| -----------------
------------------------------------------------------------------------------------------------

From Clock    To Clock          WNS(ns)      TNS(ns)  TNS Failing Endpoints  TNS Total Endpoints      WHS(ns)      THS(ns)  THS Failing Endpoints  THS Total Endpoints  
----------    --------          -------      -------  ---------------------  -------------------      -------      -------  ---------------------  -------------------  


------------------------------------------------------------------------------------------------
| Other Path Groups Table
| -----------------------
------------------------------------------------------------------------------------------------

Path Group         From Clock         To Clock               WNS(ns)      TNS(ns)  TNS Failing Endpoints  TNS Total Endpoints      WHS(ns)      THS(ns)  THS Failing Endpoints  THS Total Endpoints  
----------         ----------         --------               -------      -------  ---------------------  -------------------      -------      -------  ---------------------  -------------------  
**async_default**  sys_clk            sys_clk                  3.388        0.000                      0                  596        0.753        0.000                      0                  596  


------------------------------------------------------------------------------------------------
| Timing Details
| --------------
------------------------------------------------------------------------------------------------


---------------------------------------------------------------------------------------------------
From Clock:  sys_clk
  To Clock:  sys_clk

Setup :            0  Failing Endpoints,  Worst Slack        1.155ns,  Total Violation        0.000ns
Hold  :            0  Failing Endpoints,  Worst Slack        0.128ns,  Total Violation        0.000ns
PW    :            0  Failing Endpoints,  Worst Slack        3.000ns,  Total Violation        0.000ns
---------------------------------------------------------------------------------------------------


Max Delay Paths
--------------------------------------------------------------------------------------
Slack (MET) :             1.155ns  (required time - arrival time)
  Source:                 u_rx/data_reg[5]/C
                            (rising edge-triggered cell FDCE clocked by sys_clk  {rise@0.000ns fall@5.000ns period=10.000ns})
  Destination:            u_bridge/payload_reg[194][5]/D
                            (rising edge-triggered cell FDRE clocked by sys_clk  {rise@0.000ns fall@5.000ns period=10.000ns})
  Path Group:             sys_clk
  Path Type:              Setup (Max at Slow Process Corner)
  Requirement:            10.000ns  (sys_clk rise@10.000ns - sys_clk rise@0.000ns)
  Data Path Delay:        8.699ns  (logic 0.518ns (5.955%)  route 8.181ns (94.045%))
  Logic Levels:           0  
  Clock Path Skew:        -0.049ns (DCD - SCD + CPR)
    Destination Clock Delay (DCD):    5.105ns = ( 15.105 - 10.000 ) 
    Source Clock Delay      (SCD):    5.422ns
    Clock Pessimism Removal (CPR):    0.267ns
  Clock Uncertainty:      0.035ns  ((TSJ^2 + TIJ^2)^1/2 + DJ) / 2 + PE
    Total System Jitter     (TSJ):    0.071ns
    Total Input Jitter      (TIJ):    0.000ns
    Discrete Jitter          (DJ):    0.000ns
    Phase Error              (PE):    0.000ns

    Location             Delay type                Incr(ns)  Path(ns)    Netlist Resource(s)
  -------------------------------------------------------------------    -------------------
                         (clock sys_clk rise edge)    0.000     0.000 r  
    E3                                                0.000     0.000 r  clk_100mhz (IN)
                         net (fo=0)                   0.000     0.000    clk_100mhz
    E3                   IBUF (Prop_ibuf_I_O)         1.482     1.482 r  clk_100mhz_IBUF_inst/O
                         net (fo=1, routed)           2.025     3.506    clk_100mhz_IBUF
    BUFGCTRL_X0Y16       BUFG (Prop_bufg_I_O)         0.096     3.602 r  clk_100mhz_IBUF_BUFG_inst/O
                         net (fo=2651, routed)        1.819     5.422    u_rx/clk_100mhz_IBUF_BUFG
    SLICE_X10Y8          FDCE                                         r  u_rx/data_reg[5]/C
  -------------------------------------------------------------------    -------------------
    SLICE_X10Y8          FDCE (Prop_fdce_C_Q)         0.518     5.940 r  u_rx/data_reg[5]/Q
                         net (fo=152, routed)         8.181    14.120    u_bridge/payload_reg[254][7]_0[5]
    SLICE_X39Y5          FDRE                                         r  u_bridge/payload_reg[194][5]/D
  -------------------------------------------------------------------    -------------------

                         (clock sys_clk rise edge)   10.000    10.000 r  
    E3                                                0.000    10.000 r  clk_100mhz (IN)
                         net (fo=0)                   0.000    10.000    clk_100mhz
    E3                   IBUF (Prop_ibuf_I_O)         1.411    11.411 r  clk_100mhz_IBUF_inst/O
                         net (fo=1, routed)           1.920    13.331    clk_100mhz_IBUF
    BUFGCTRL_X0Y16       BUFG (Prop_bufg_I_O)         0.091    13.422 r  clk_100mhz_IBUF_BUFG_inst/O
                         net (fo=2651, routed)        1.683    15.105    u_bridge/clk_100mhz_IBUF_BUFG
    SLICE_X39Y5          FDRE                                         r  u_bridge/payload_reg[194][5]/C
                         clock pessimism              0.267    15.373    
                         clock uncertainty           -0.035    15.337    
    SLICE_X39Y5          FDRE (Setup_fdre_C_D)       -0.062    15.275    u_bridge/payload_reg[194][5]
  -------------------------------------------------------------------
                         required time                         15.275    
                         arrival time                         -14.120    
  -------------------------------------------------------------------
                         slack                                  1.155    

Slack (MET) :             1.156ns  (required time - arrival time)
  Source:                 u_rx/data_reg[5]/C
                            (rising edge-triggered cell FDCE clocked by sys_clk  {rise@0.000ns fall@5.000ns period=10.000ns})
  Destination:            u_bridge/payload_reg[193][5]/D
                            (rising edge-triggered cell FDRE clocked by sys_clk  {rise@0.000ns fall@5.000ns period=10.000ns})
  Path Group:             sys_clk
  Path Type:              Setup (Max at Slow Process Corner)
  Requirement:            10.000ns  (sys_clk rise@10.000ns - sys_clk rise@0.000ns)
  Data Path Delay:        8.697ns  (logic 0.518ns (5.956%)  route 8.179ns (94.044%))
  Logic Levels:           0  
  Clock Path Skew:        -0.049ns (DCD - SCD + CPR)
    Destination Clock Delay (DCD):    5.105ns = ( 15.105 - 10.000 ) 
    Source Clock Delay      (SCD):    5.422ns
    Clock Pessimism Removal (CPR):    0.267ns
  Clock Uncertainty:      0.035ns  ((TSJ^2 + TIJ^2)^1/2 + DJ) / 2 + PE
    Total System Jitter     (TSJ):    0.071ns
    Total Input Jitter      (TIJ):    0.000ns
    Discrete Jitter          (DJ):    0.000ns
    Phase Error              (PE):    0.000ns

    Location             Delay type                Incr(ns)  Path(ns)    Netlist Resource(s)
  -------------------------------------------------------------------    -------------------
                         (clock sys_clk rise edge)    0.000     0.000 r  
    E3                                                0.000     0.000 r  clk_100mhz (IN)
                         net (fo=0)                   0.000     0.000    clk_100mhz
    E3                   IBUF (Prop_ibuf_I_O)         1.482     1.482 r  clk_100mhz_IBUF_inst/O
                         net (fo=1, routed)           2.025     3.506    clk_100mhz_IBUF
    BUFGCTRL_X0Y16       BUFG (Prop_bufg_I_O)         0.096     3.602 r  clk_100mhz_IBUF_BUFG_inst/O
                         net (fo=2651, routed)        1.819     5.422    u_rx/clk_100mhz_IBUF_BUFG
    SLICE_X10Y8          FDCE                                         r  u_rx/data_reg[5]/C
  -------------------------------------------------------------------    -------------------
    SLICE_X10Y8          FDCE (Prop_fdce_C_Q)         0.518     5.940 r  u_rx/data_reg[5]/Q
                         net (fo=152, routed)         8.179    14.119    u_bridge/payload_reg[254][7]_0[5]
    SLICE_X40Y4          FDRE                                         r  u_bridge/payload_reg[193][5]/D
  -------------------------------------------------------------------    -------------------

                         (clock sys_clk rise edge)   10.000    10.000 r  
    E3                                                0.000    10.000 r  clk_100mhz (IN)
                         net (fo=0)                   0.000    10.000    clk_100mhz
    E3                   IBUF (Prop_ibuf_I_O)         1.411    11.411 r  clk_100mhz_IBUF_inst/O
                         net (fo=1, routed)           1.920    13.331    clk_100mhz_IBUF
    BUFGCTRL_X0Y16       BUFG (Prop_bufg_I_O)         0.091    13.422 r  clk_100mhz_IBUF_BUFG_inst/O
                         net (fo=2651, routed)        1.683    15.105    u_bridge/clk_100mhz_IBUF_BUFG
    SLICE_X40Y4          FDRE                                         r  u_bridge/payload_reg[193][5]/C
                         clock pessimism              0.267    15.373    
                         clock uncertainty           -0.035    15.337    
    SLICE_X40Y4          FDRE (Setup_fdre_C_D)       -0.062    15.275    u_bridge/payload_reg[193][5]
  -------------------------------------------------------------------
                         required time                         15.275    
                         arrival time                         -14.119    
  -------------------------------------------------------------------
                         slack                                  1.156    

Slack (MET) :             1.297ns  (required time - arrival time)
  Source:                 u_rx/data_reg[5]/C
                            (rising edge-triggered cell FDCE clocked by sys_clk  {rise@0.000ns fall@5.000ns period=10.000ns})
  Destination:            u_bridge/payload_reg[203][5]/D
                            (rising edge-triggered cell FDRE clocked by sys_clk  {rise@0.000ns fall@5.000ns period=10.000ns})
  Path Group:             sys_clk
  Path Type:              Setup (Max at Slow Process Corner)
  Requirement:            10.000ns  (sys_clk rise@10.000ns - sys_clk rise@0.000ns)
  Data Path Delay:        8.557ns  (logic 0.518ns (6.054%)  route 8.039ns (93.946%))
  Logic Levels:           0  
  Clock Path Skew:        -0.049ns (DCD - SCD + CPR)
    Destination Clock Delay (DCD):    5.105ns = ( 15.105 - 10.000 ) 
    Source Clock Delay      (SCD):    5.422ns
    Clock Pessimism Removal (CPR):    0.267ns
  Clock Uncertainty:      0.035ns  ((TSJ^2 + TIJ^2)^1/2 + DJ) / 2 + PE
    Total System Jitter     (TSJ):    0.071ns
    Total Input Jitter      (TIJ):    0.000ns
    Discrete Jitter          (DJ):    0.000ns
    Phase Error              (PE):    0.000ns

    Location             Delay type                Incr(ns)  Path(ns)    Netlist Resource(s)
  -------------------------------------------------------------------    -------------------
                         (clock sys_clk rise edge)    0.000     0.000 r  
    E3                                                0.000     0.000 r  clk_100mhz (IN)
                         net (fo=0)                   0.000     0.000    clk_100mhz
    E3                   IBUF (Prop_ibuf_I_O)         1.482     1.482 r  clk_100mhz_IBUF_inst/O
                         net (fo=1, routed)           2.025     3.506    clk_100mhz_IBUF
    BUFGCTRL_X0Y16       BUFG (Prop_bufg_I_O)         0.096     3.602 r  clk_100mhz_IBUF_BUFG_inst/O
                         net (fo=2651, routed)        1.819     5.422    u_rx/clk_100mhz_IBUF_BUFG
    SLICE_X10Y8          FDCE                                         r  u_rx/data_reg[5]/C
  -------------------------------------------------------------------    -------------------
    SLICE_X10Y8          FDCE (Prop_fdce_C_Q)         0.518     5.940 r  u_rx/data_reg[5]/Q
                         net (fo=152, routed)         8.039    13.978    u_bridge/payload_reg[254][7]_0[5]
    SLICE_X41Y3          FDRE                                         r  u_bridge/payload_reg[203][5]/D
  -------------------------------------------------------------------    -------------------

                         (clock sys_clk rise edge)   10.000    10.000 r  
    E3                                                0.000    10.000 r  clk_100mhz (IN)
                         net (fo=0)                   0.000    10.000    clk_100mhz
    E3                   IBUF (Prop_ibuf_I_O)         1.411    11.411 r  clk_100mhz_IBUF_inst/O
                         net (fo=1, routed)           1.920    13.331    clk_100mhz_IBUF
    BUFGCTRL_X0Y16       BUFG (Prop_bufg_I_O)         0.091    13.422 r  clk_100mhz_IBUF_BUFG_inst/O
                         net (fo=2651, routed)        1.683    15.105    u_bridge/clk_100mhz_IBUF_BUFG
    SLICE_X41Y3          FDRE                                         r  u_bridge/payload_reg[203][5]/C
                         clock pessimism              0.267    15.373    
                         clock uncertainty           -0.035    15.337    
    SLICE_X41Y3          FDRE (Setup_fdre_C_D)       -0.062    15.275    u_bridge/payload_reg[203][5]
  -------------------------------------------------------------------
                         required time                         15.275    
                         arrival time                         -13.978    
  -------------------------------------------------------------------
                         slack                                  1.297    

Slack (MET) :             1.369ns  (required time - arrival time)
  Source:                 u_bridge/len_reg[1]/C
                            (rising edge-triggered cell FDCE clocked by sys_clk  {rise@0.000ns fall@5.000ns period=10.000ns})
  Destination:            u_bridge/cnt_reg[0]_rep__4/D
                            (rising edge-triggered cell FDCE clocked by sys_clk  {rise@0.000ns fall@5.000ns period=10.000ns})
  Path Group:             sys_clk
  Path Type:              Setup (Max at Slow Process Corner)
  Requirement:            10.000ns  (sys_clk rise@10.000ns - sys_clk rise@0.000ns)
  Data Path Delay:        8.243ns  (logic 3.732ns (45.276%)  route 4.511ns (54.724%))
  Logic Levels:           14  (CARRY4=9 LUT1=1 LUT3=1 LUT4=2 LUT5=1)
  Clock Path Skew:        -0.040ns (DCD - SCD + CPR)
    Destination Clock Delay (DCD):    5.103ns = ( 15.103 - 10.000 ) 
    Source Clock Delay      (SCD):    5.411ns
    Clock Pessimism Removal (CPR):    0.267ns
  Clock Uncertainty:      0.035ns  ((TSJ^2 + TIJ^2)^1/2 + DJ) / 2 + PE
    Total System Jitter     (TSJ):    0.071ns
    Total Input Jitter      (TIJ):    0.000ns
    Discrete Jitter          (DJ):    0.000ns
    Phase Error              (PE):    0.000ns

    Location             Delay type                Incr(ns)  Path(ns)    Netlist Resource(s)
  -------------------------------------------------------------------    -------------------
                         (clock sys_clk rise edge)    0.000     0.000 r  
    E3                                                0.000     0.000 r  clk_100mhz (IN)
                         net (fo=0)                   0.000     0.000    clk_100mhz
    E3                   IBUF (Prop_ibuf_I_O)         1.482     1.482 r  clk_100mhz_IBUF_inst/O
                         net (fo=1, routed)           2.025     3.506    clk_100mhz_IBUF
    BUFGCTRL_X0Y16       BUFG (Prop_bufg_I_O)         0.096     3.602 r  clk_100mhz_IBUF_BUFG_inst/O
                         net (fo=2651, routed)        1.808     5.411    u_bridge/clk_100mhz_IBUF_BUFG
    SLICE_X16Y18         FDCE                                         r  u_bridge/len_reg[1]/C
  -------------------------------------------------------------------    -------------------
    SLICE_X16Y18         FDCE (Prop_fdce_C_Q)         0.456     5.867 f  u_bridge/len_reg[1]/Q
                         net (fo=5, routed)           0.758     6.625    u_bridge/p_1_in[1]
    SLICE_X22Y15         LUT1 (Prop_lut1_I0_O)        0.124     6.749 r  u_bridge/state[3]_i_202/O
                         net (fo=1, routed)           0.000     6.749    u_bridge/state[3]_i_202_n_0
    SLICE_X22Y15         CARRY4 (Prop_carry4_S[0]_CO[3])
                                                      0.532     7.281 r  u_bridge/state_reg[3]_i_143/CO[3]
                         net (fo=1, routed)           0.000     7.281    u_bridge/state_reg[3]_i_143_n_0
    SLICE_X22Y16         CARRY4 (Prop_carry4_CI_CO[3])
                                                      0.114     7.395 r  u_bridge/state_reg[3]_i_142/CO[3]
                         net (fo=1, routed)           0.000     7.395    u_bridge/state_reg[3]_i_142_n_0
    SLICE_X22Y17         CARRY4 (Prop_carry4_CI_CO[3])
                                                      0.114     7.509 r  u_bridge/state_reg[3]_i_97/CO[3]
                         net (fo=1, routed)           0.000     7.509    u_bridge/state_reg[3]_i_97_n_0
    SLICE_X22Y18         CARRY4 (Prop_carry4_CI_CO[3])
                                                      0.114     7.623 r  u_bridge/state_reg[3]_i_96/CO[3]
                         net (fo=1, routed)           0.000     7.623    u_bridge/state_reg[3]_i_96_n_0
    SLICE_X22Y19         CARRY4 (Prop_carry4_CI_CO[3])
                                                      0.114     7.737 r  u_bridge/state_reg[3]_i_95/CO[3]
                         net (fo=1, routed)           0.000     7.737    u_bridge/state_reg[3]_i_95_n_0
    SLICE_X22Y20         CARRY4 (Prop_carry4_CI_CO[3])
                                                      0.114     7.851 r  u_bridge/state_reg[3]_i_58/CO[3]
                         net (fo=1, routed)           0.000     7.851    u_bridge/state_reg[3]_i_58_n_0
    SLICE_X22Y21         CARRY4 (Prop_carry4_CI_CO[3])
                                                      0.114     7.965 r  u_bridge/state_reg[3]_i_57/CO[3]
                         net (fo=1, routed)           0.000     7.965    u_bridge/state_reg[3]_i_57_n_0
    SLICE_X22Y22         CARRY4 (Prop_carry4_CI_O[1])
                                                      0.334     8.299 r  u_bridge/state_reg[3]_i_56/O[1]
                         net (fo=2, routed)           0.900     9.199    u_bridge/state2[30]
    SLICE_X23Y19         LUT4 (Prop_lut4_I0_O)        0.303     9.502 r  u_bridge/state[3]_i_88/O
                         net (fo=1, routed)           0.000     9.502    u_bridge/state[3]_i_88_n_0
    SLICE_X23Y19         CARRY4 (Prop_carry4_S[2]_CO[2])
                                                      0.314     9.816 r  u_bridge/state_reg[3]_i_50/CO[2]
                         net (fo=1, routed)           0.568    10.384    u_bridge/state_reg[3]_i_50_n_1
    SLICE_X22Y23         LUT4 (Prop_lut4_I2_O)        0.308    10.692 f  u_bridge/state[3]_i_29/O
                         net (fo=7, routed)           0.679    11.371    u_bridge/state[3]_i_29_n_0
    SLICE_X22Y23         LUT5 (Prop_lut5_I0_O)        0.326    11.697 r  u_bridge/cnt[0]_i_2/O
                         net (fo=7, routed)           0.944    12.641    u_bridge/cnt[0]_i_2_n_0
    SLICE_X26Y16         LUT3 (Prop_lut3_I1_O)        0.351    12.992 r  u_bridge/cnt[0]_rep__4_i_1/O
                         net (fo=1, routed)           0.662    13.653    u_bridge/cnt[0]_rep__4_i_1_n_0
    SLICE_X27Y16         FDCE                                         r  u_bridge/cnt_reg[0]_rep__4/D
  -------------------------------------------------------------------    -------------------

                         (clock sys_clk rise edge)   10.000    10.000 r  
    E3                                                0.000    10.000 r  clk_100mhz (IN)
                         net (fo=0)                   0.000    10.000    clk_100mhz
    E3                   IBUF (Prop_ibuf_I_O)         1.411    11.411 r  clk_100mhz_IBUF_inst/O
                         net (fo=1, routed)           1.920    13.331    clk_100mhz_IBUF
    BUFGCTRL_X0Y16       BUFG (Prop_bufg_I_O)         0.091    13.422 r  clk_100mhz_IBUF_BUFG_inst/O
                         net (fo=2651, routed)        1.681    15.103    u_bridge/clk_100mhz_IBUF_BUFG
    SLICE_X27Y16         FDCE                                         r  u_bridge/cnt_reg[0]_rep__4/C
                         clock pessimism              0.267    15.371    
                         clock uncertainty           -0.035    15.335    
    SLICE_X27Y16         FDCE (Setup_fdce_C_D)       -0.313    15.022    u_bridge/cnt_reg[0]_rep__4
  -------------------------------------------------------------------
                         required time                         15.022    
                         arrival time                         -13.653    
  -------------------------------------------------------------------
                         slack                                  1.369    

Slack (MET) :             1.410ns  (required time - arrival time)
  Source:                 u_rx/data_reg[5]/C
                            (rising edge-triggered cell FDCE clocked by sys_clk  {rise@0.000ns fall@5.000ns period=10.000ns})
  Destination:            u_bridge/payload_reg[199][5]/D
                            (rising edge-triggered cell FDRE clocked by sys_clk  {rise@0.000ns fall@5.000ns period=10.000ns})
  Path Group:             sys_clk
  Path Type:              Setup (Max at Slow Process Corner)
  Requirement:            10.000ns  (sys_clk rise@10.000ns - sys_clk rise@0.000ns)
  Data Path Delay:        8.442ns  (logic 0.518ns (6.136%)  route 7.924ns (93.864%))
  Logic Levels:           0  
  Clock Path Skew:        -0.046ns (DCD - SCD + CPR)
    Destination Clock Delay (DCD):    5.108ns = ( 15.108 - 10.000 ) 
    Source Clock Delay      (SCD):    5.422ns
    Clock Pessimism Removal (CPR):    0.267ns
  Clock Uncertainty:      0.035ns  ((TSJ^2 + TIJ^2)^1/2 + DJ) / 2 + PE
    Total System Jitter     (TSJ):    0.071ns
    Total Input Jitter      (TIJ):    0.000ns
    Discrete Jitter          (DJ):    0.000ns
    Phase Error              (PE):    0.000ns

    Location             Delay type                Incr(ns)  Path(ns)    Netlist Resource(s)
  -------------------------------------------------------------------    -------------------
                         (clock sys_clk rise edge)    0.000     0.000 r  
    E3                                                0.000     0.000 r  clk_100mhz (IN)
                         net (fo=0)                   0.000     0.000    clk_100mhz
    E3                   IBUF (Prop_ibuf_I_O)         1.482     1.482 r  clk_100mhz_IBUF_inst/O
                         net (fo=1, routed)           2.025     3.506    clk_100mhz_IBUF
    BUFGCTRL_X0Y16       BUFG (Prop_bufg_I_O)         0.096     3.602 r  clk_100mhz_IBUF_BUFG_inst/O
                         net (fo=2651, routed)        1.819     5.422    u_rx/clk_100mhz_IBUF_BUFG
    SLICE_X10Y8          FDCE                                         r  u_rx/data_reg[5]/C
  -------------------------------------------------------------------    -------------------
    SLICE_X10Y8          FDCE (Prop_fdce_C_Q)         0.518     5.940 r  u_rx/data_reg[5]/Q
                         net (fo=152, routed)         7.924    13.863    u_bridge/payload_reg[254][7]_0[5]
    SLICE_X36Y2          FDRE                                         r  u_bridge/payload_reg[199][5]/D
  -------------------------------------------------------------------    -------------------

                         (clock sys_clk rise edge)   10.000    10.000 r  
    E3                                                0.000    10.000 r  clk_100mhz (IN)
                         net (fo=0)                   0.000    10.000    clk_100mhz
    E3                   IBUF (Prop_ibuf_I_O)         1.411    11.411 r  clk_100mhz_IBUF_inst/O
                         net (fo=1, routed)           1.920    13.331    clk_100mhz_IBUF
    BUFGCTRL_X0Y16       BUFG (Prop_bufg_I_O)         0.091    13.422 r  clk_100mhz_IBUF_BUFG_inst/O
                         net (fo=2651, routed)        1.686    15.108    u_bridge/clk_100mhz_IBUF_BUFG
    SLICE_X36Y2          FDRE                                         r  u_bridge/payload_reg[199][5]/C
                         clock pessimism              0.267    15.376    
                         clock uncertainty           -0.035    15.340    
    SLICE_X36Y2          FDRE (Setup_fdre_C_D)       -0.067    15.273    u_bridge/payload_reg[199][5]
  -------------------------------------------------------------------
                         required time                         15.273    
                         arrival time                         -13.863    
  -------------------------------------------------------------------
                         slack                                  1.410    

Slack (MET) :             1.473ns  (required time - arrival time)
  Source:                 u_rx/data_reg[5]/C
                            (rising edge-triggered cell FDCE clocked by sys_clk  {rise@0.000ns fall@5.000ns period=10.000ns})
  Destination:            u_bridge/payload_reg[198][5]/D
                            (rising edge-triggered cell FDRE clocked by sys_clk  {rise@0.000ns fall@5.000ns period=10.000ns})
  Path Group:             sys_clk
  Path Type:              Setup (Max at Slow Process Corner)
  Requirement:            10.000ns  (sys_clk rise@10.000ns - sys_clk rise@0.000ns)
  Data Path Delay:        8.378ns  (logic 0.518ns (6.183%)  route 7.860ns (93.817%))
  Logic Levels:           0  
  Clock Path Skew:        -0.046ns (DCD - SCD + CPR)
    Destination Clock Delay (DCD):    5.108ns = ( 15.108 - 10.000 ) 
    Source Clock Delay      (SCD):    5.422ns
    Clock Pessimism Removal (CPR):    0.267ns
  Clock Uncertainty:      0.035ns  ((TSJ^2 + TIJ^2)^1/2 + DJ) / 2 + PE
    Total System Jitter     (TSJ):    0.071ns
    Total Input Jitter      (TIJ):    0.000ns
    Discrete Jitter          (DJ):    0.000ns
    Phase Error              (PE):    0.000ns

    Location             Delay type                Incr(ns)  Path(ns)    Netlist Resource(s)
  -------------------------------------------------------------------    -------------------
                         (clock sys_clk rise edge)    0.000     0.000 r  
    E3                                                0.000     0.000 r  clk_100mhz (IN)
                         net (fo=0)                   0.000     0.000    clk_100mhz
    E3                   IBUF (Prop_ibuf_I_O)         1.482     1.482 r  clk_100mhz_IBUF_inst/O
                         net (fo=1, routed)           2.025     3.506    clk_100mhz_IBUF
    BUFGCTRL_X0Y16       BUFG (Prop_bufg_I_O)         0.096     3.602 r  clk_100mhz_IBUF_BUFG_inst/O
                         net (fo=2651, routed)        1.819     5.422    u_rx/clk_100mhz_IBUF_BUFG
    SLICE_X10Y8          FDCE                                         r  u_rx/data_reg[5]/C
  -------------------------------------------------------------------    -------------------
    SLICE_X10Y8          FDCE (Prop_fdce_C_Q)         0.518     5.940 r  u_rx/data_reg[5]/Q
                         net (fo=152, routed)         7.860    13.800    u_bridge/payload_reg[254][7]_0[5]
    SLICE_X35Y2          FDRE                                         r  u_bridge/payload_reg[198][5]/D
  -------------------------------------------------------------------    -------------------

                         (clock sys_clk rise edge)   10.000    10.000 r  
    E3                                                0.000    10.000 r  clk_100mhz (IN)
                         net (fo=0)                   0.000    10.000    clk_100mhz
    E3                   IBUF (Prop_ibuf_I_O)         1.411    11.411 r  clk_100mhz_IBUF_inst/O
                         net (fo=1, routed)           1.920    13.331    clk_100mhz_IBUF
    BUFGCTRL_X0Y16       BUFG (Prop_bufg_I_O)         0.091    13.422 r  clk_100mhz_IBUF_BUFG_inst/O
                         net (fo=2651, routed)        1.686    15.108    u_bridge/clk_100mhz_IBUF_BUFG
    SLICE_X35Y2          FDRE                                         r  u_bridge/payload_reg[198][5]/C
                         clock pessimism              0.267    15.376    
                         clock uncertainty           -0.035    15.340    
    SLICE_X35Y2          FDRE (Setup_fdre_C_D)       -0.067    15.273    u_bridge/payload_reg[198][5]
  -------------------------------------------------------------------
                         required time                         15.273    
                         arrival time                         -13.800    
  -------------------------------------------------------------------
                         slack                                  1.473    

Slack (MET) :             1.509ns  (required time - arrival time)
  Source:                 u_bridge/len_reg[1]/C
                            (rising edge-triggered cell FDCE clocked by sys_clk  {rise@0.000ns fall@5.000ns period=10.000ns})
  Destination:            u_bridge/cnt_reg[0]_rep__3/D
                            (rising edge-triggered cell FDCE clocked by sys_clk  {rise@0.000ns fall@5.000ns period=10.000ns})
  Path Group:             sys_clk
  Path Type:              Setup (Max at Slow Process Corner)
  Requirement:            10.000ns  (sys_clk rise@10.000ns - sys_clk rise@0.000ns)
  Data Path Delay:        8.146ns  (logic 3.733ns (45.826%)  route 4.413ns (54.174%))
  Logic Levels:           14  (CARRY4=9 LUT1=1 LUT3=1 LUT4=2 LUT5=1)
  Clock Path Skew:        -0.041ns (DCD - SCD + CPR)
    Destination Clock Delay (DCD):    5.102ns = ( 15.102 - 10.000 ) 
    Source Clock Delay      (SCD):    5.411ns
    Clock Pessimism Removal (CPR):    0.267ns
  Clock Uncertainty:      0.035ns  ((TSJ^2 + TIJ^2)^1/2 + DJ) / 2 + PE
    Total System Jitter     (TSJ):    0.071ns
    Total Input Jitter      (TIJ):    0.000ns
    Discrete Jitter          (DJ):    0.000ns
    Phase Error              (PE):    0.000ns

    Location             Delay type                Incr(ns)  Path(ns)    Netlist Resource(s)
  -------------------------------------------------------------------    -------------------
                         (clock sys_clk rise edge)    0.000     0.000 r  
    E3                                                0.000     0.000 r  clk_100mhz (IN)
                         net (fo=0)                   0.000     0.000    clk_100mhz
    E3                   IBUF (Prop_ibuf_I_O)         1.482     1.482 r  clk_100mhz_IBUF_inst/O
                         net (fo=1, routed)           2.025     3.506    clk_100mhz_IBUF
    BUFGCTRL_X0Y16       BUFG (Prop_bufg_I_O)         0.096     3.602 r  clk_100mhz_IBUF_BUFG_inst/O
                         net (fo=2651, routed)        1.808     5.411    u_bridge/clk_100mhz_IBUF_BUFG
    SLICE_X16Y18         FDCE                                         r  u_bridge/len_reg[1]/C
  -------------------------------------------------------------------    -------------------
    SLICE_X16Y18         FDCE (Prop_fdce_C_Q)         0.456     5.867 f  u_bridge/len_reg[1]/Q
                         net (fo=5, routed)           0.758     6.625    u_bridge/p_1_in[1]
    SLICE_X22Y15         LUT1 (Prop_lut1_I0_O)        0.124     6.749 r  u_bridge/state[3]_i_202/O
                         net (fo=1, routed)           0.000     6.749    u_bridge/state[3]_i_202_n_0
    SLICE_X22Y15         CARRY4 (Prop_carry4_S[0]_CO[3])
                                                      0.532     7.281 r  u_bridge/state_reg[3]_i_143/CO[3]
                         net (fo=1, routed)           0.000     7.281    u_bridge/state_reg[3]_i_143_n_0
    SLICE_X22Y16         CARRY4 (Prop_carry4_CI_CO[3])
                                                      0.114     7.395 r  u_bridge/state_reg[3]_i_142/CO[3]
                         net (fo=1, routed)           0.000     7.395    u_bridge/state_reg[3]_i_142_n_0
    SLICE_X22Y17         CARRY4 (Prop_carry4_CI_CO[3])
                                                      0.114     7.509 r  u_bridge/state_reg[3]_i_97/CO[3]
                         net (fo=1, routed)           0.000     7.509    u_bridge/state_reg[3]_i_97_n_0
    SLICE_X22Y18         CARRY4 (Prop_carry4_CI_CO[3])
                                                      0.114     7.623 r  u_bridge/state_reg[3]_i_96/CO[3]
                         net (fo=1, routed)           0.000     7.623    u_bridge/state_reg[3]_i_96_n_0
    SLICE_X22Y19         CARRY4 (Prop_carry4_CI_CO[3])
                                                      0.114     7.737 r  u_bridge/state_reg[3]_i_95/CO[3]
                         net (fo=1, routed)           0.000     7.737    u_bridge/state_reg[3]_i_95_n_0
    SLICE_X22Y20         CARRY4 (Prop_carry4_CI_CO[3])
                                                      0.114     7.851 r  u_bridge/state_reg[3]_i_58/CO[3]
                         net (fo=1, routed)           0.000     7.851    u_bridge/state_reg[3]_i_58_n_0
    SLICE_X22Y21         CARRY4 (Prop_carry4_CI_CO[3])
                                                      0.114     7.965 r  u_bridge/state_reg[3]_i_57/CO[3]
                         net (fo=1, routed)           0.000     7.965    u_bridge/state_reg[3]_i_57_n_0
    SLICE_X22Y22         CARRY4 (Prop_carry4_CI_O[1])
                                                      0.334     8.299 r  u_bridge/state_reg[3]_i_56/O[1]
                         net (fo=2, routed)           0.900     9.199    u_bridge/state2[30]
    SLICE_X23Y19         LUT4 (Prop_lut4_I0_O)        0.303     9.502 r  u_bridge/state[3]_i_88/O
                         net (fo=1, routed)           0.000     9.502    u_bridge/state[3]_i_88_n_0
    SLICE_X23Y19         CARRY4 (Prop_carry4_S[2]_CO[2])
                                                      0.314     9.816 r  u_bridge/state_reg[3]_i_50/CO[2]
                         net (fo=1, routed)           0.568    10.384    u_bridge/state_reg[3]_i_50_n_1
    SLICE_X22Y23         LUT4 (Prop_lut4_I2_O)        0.308    10.692 f  u_bridge/state[3]_i_29/O
                         net (fo=7, routed)           0.679    11.371    u_bridge/state[3]_i_29_n_0
    SLICE_X22Y23         LUT5 (Prop_lut5_I0_O)        0.326    11.697 r  u_bridge/cnt[0]_i_2/O
                         net (fo=7, routed)           1.120    12.818    u_bridge/cnt[0]_i_2_n_0
    SLICE_X28Y16         LUT3 (Prop_lut3_I1_O)        0.352    13.170 r  u_bridge/cnt[0]_rep__3_i_1/O
                         net (fo=1, routed)           0.387    13.557    u_bridge/cnt[0]_rep__3_i_1_n_0
    SLICE_X28Y16         FDCE                                         r  u_bridge/cnt_reg[0]_rep__3/D
  -------------------------------------------------------------------    -------------------

                         (clock sys_clk rise edge)   10.000    10.000 r  
    E3                                                0.000    10.000 r  clk_100mhz (IN)
                         net (fo=0)                   0.000    10.000    clk_100mhz
    E3                   IBUF (Prop_ibuf_I_O)         1.411    11.411 r  clk_100mhz_IBUF_inst/O
                         net (fo=1, routed)           1.920    13.331    clk_100mhz_IBUF
    BUFGCTRL_X0Y16       BUFG (Prop_bufg_I_O)         0.091    13.422 r  clk_100mhz_IBUF_BUFG_inst/O
                         net (fo=2651, routed)        1.680    15.102    u_bridge/clk_100mhz_IBUF_BUFG
    SLICE_X28Y16         FDCE                                         r  u_bridge/cnt_reg[0]_rep__3/C
                         clock pessimism              0.267    15.370    
                         clock uncertainty           -0.035    15.334    
    SLICE_X28Y16         FDCE (Setup_fdce_C_D)       -0.269    15.065    u_bridge/cnt_reg[0]_rep__3
  -------------------------------------------------------------------
                         required time                         15.065    
                         arrival time                         -13.557    
  -------------------------------------------------------------------
                         slack                                  1.509    

Slack (MET) :             1.611ns  (required time - arrival time)
  Source:                 u_rx/data_reg[5]/C
                            (rising edge-triggered cell FDCE clocked by sys_clk  {rise@0.000ns fall@5.000ns period=10.000ns})
  Destination:            u_bridge/payload_reg[197][5]/D
                            (rising edge-triggered cell FDRE clocked by sys_clk  {rise@0.000ns fall@5.000ns period=10.000ns})
  Path Group:             sys_clk
  Path Type:              Setup (Max at Slow Process Corner)
  Requirement:            10.000ns  (sys_clk rise@10.000ns - sys_clk rise@0.000ns)
  Data Path Delay:        8.247ns  (logic 0.518ns (6.281%)  route 7.729ns (93.719%))
  Logic Levels:           0  
  Clock Path Skew:        -0.046ns (DCD - SCD + CPR)
    Destination Clock Delay (DCD):    5.108ns = ( 15.108 - 10.000 ) 
    Source Clock Delay      (SCD):    5.422ns
    Clock Pessimism Removal (CPR):    0.267ns
  Clock Uncertainty:      0.035ns  ((TSJ^2 + TIJ^2)^1/2 + DJ) / 2 + PE
    Total System Jitter     (TSJ):    0.071ns
    Total Input Jitter      (TIJ):    0.000ns
    Discrete Jitter          (DJ):    0.000ns
    Phase Error              (PE):    0.000ns

    Location             Delay type                Incr(ns)  Path(ns)    Netlist Resource(s)
  -------------------------------------------------------------------    -------------------
                         (clock sys_clk rise edge)    0.000     0.000 r  
    E3                                                0.000     0.000 r  clk_100mhz (IN)
                         net (fo=0)                   0.000     0.000    clk_100mhz
    E3                   IBUF (Prop_ibuf_I_O)         1.482     1.482 r  clk_100mhz_IBUF_inst/O
                         net (fo=1, routed)           2.025     3.506    clk_100mhz_IBUF
    BUFGCTRL_X0Y16       BUFG (Prop_bufg_I_O)         0.096     3.602 r  clk_100mhz_IBUF_BUFG_inst/O
                         net (fo=2651, routed)        1.819     5.422    u_rx/clk_100mhz_IBUF_BUFG
    SLICE_X10Y8          FDCE                                         r  u_rx/data_reg[5]/C
  -------------------------------------------------------------------    -------------------
    SLICE_X10Y8          FDCE (Prop_fdce_C_Q)         0.518     5.940 r  u_rx/data_reg[5]/Q
                         net (fo=152, routed)         7.729    13.668    u_bridge/payload_reg[254][7]_0[5]
    SLICE_X37Y2          FDRE                                         r  u_bridge/payload_reg[197][5]/D
  -------------------------------------------------------------------    -------------------

                         (clock sys_clk rise edge)   10.000    10.000 r  
    E3                                                0.000    10.000 r  clk_100mhz (IN)
                         net (fo=0)                   0.000    10.000    clk_100mhz
    E3                   IBUF (Prop_ibuf_I_O)         1.411    11.411 r  clk_100mhz_IBUF_inst/O
                         net (fo=1, routed)           1.920    13.331    clk_100mhz_IBUF
    BUFGCTRL_X0Y16       BUFG (Prop_bufg_I_O)         0.091    13.422 r  clk_100mhz_IBUF_BUFG_inst/O
                         net (fo=2651, routed)        1.686    15.108    u_bridge/clk_100mhz_IBUF_BUFG
    SLICE_X37Y2          FDRE                                         r  u_bridge/payload_reg[197][5]/C
                         clock pessimism              0.267    15.376    
                         clock uncertainty           -0.035    15.340    
    SLICE_X37Y2          FDRE (Setup_fdre_C_D)       -0.061    15.279    u_bridge/payload_reg[197][5]
  -------------------------------------------------------------------
                         required time                         15.279    
                         arrival time                         -13.668    
  -------------------------------------------------------------------
                         slack                                  1.611    

Slack (MET) :             1.647ns  (required time - arrival time)
  Source:                 u_rx/data_reg[5]/C
                            (rising edge-triggered cell FDCE clocked by sys_clk  {rise@0.000ns fall@5.000ns period=10.000ns})
  Destination:            u_bridge/payload_reg[202][5]/D
                            (rising edge-triggered cell FDRE clocked by sys_clk  {rise@0.000ns fall@5.000ns period=10.000ns})
  Path Group:             sys_clk
  Path Type:              Setup (Max at Slow Process Corner)
  Requirement:            10.000ns  (sys_clk rise@10.000ns - sys_clk rise@0.000ns)
  Data Path Delay:        8.206ns  (logic 0.518ns (6.312%)  route 7.688ns (93.688%))
  Logic Levels:           0  
  Clock Path Skew:        -0.049ns (DCD - SCD + CPR)
    Destination Clock Delay (DCD):    5.105ns = ( 15.105 - 10.000 ) 
    Source Clock Delay      (SCD):    5.422ns
    Clock Pessimism Removal (CPR):    0.267ns
  Clock Uncertainty:      0.035ns  ((TSJ^2 + TIJ^2)^1/2 + DJ) / 2 + PE
    Total System Jitter     (TSJ):    0.071ns
    Total Input Jitter      (TIJ):    0.000ns
    Discrete Jitter          (DJ):    0.000ns
    Phase Error              (PE):    0.000ns

    Location             Delay type                Incr(ns)  Path(ns)    Netlist Resource(s)
  -------------------------------------------------------------------    -------------------
                         (clock sys_clk rise edge)    0.000     0.000 r  
    E3                                                0.000     0.000 r  clk_100mhz (IN)
                         net (fo=0)                   0.000     0.000    clk_100mhz
    E3                   IBUF (Prop_ibuf_I_O)         1.482     1.482 r  clk_100mhz_IBUF_inst/O
                         net (fo=1, routed)           2.025     3.506    clk_100mhz_IBUF
    BUFGCTRL_X0Y16       BUFG (Prop_bufg_I_O)         0.096     3.602 r  clk_100mhz_IBUF_BUFG_inst/O
                         net (fo=2651, routed)        1.819     5.422    u_rx/clk_100mhz_IBUF_BUFG
    SLICE_X10Y8          FDCE                                         r  u_rx/data_reg[5]/C
  -------------------------------------------------------------------    -------------------
    SLICE_X10Y8          FDCE (Prop_fdce_C_Q)         0.518     5.940 r  u_rx/data_reg[5]/Q
                         net (fo=152, routed)         7.688    13.628    u_bridge/payload_reg[254][7]_0[5]
    SLICE_X39Y3          FDRE                                         r  u_bridge/payload_reg[202][5]/D
  -------------------------------------------------------------------    -------------------

                         (clock sys_clk rise edge)   10.000    10.000 r  
    E3                                                0.000    10.000 r  clk_100mhz (IN)
                         net (fo=0)                   0.000    10.000    clk_100mhz
    E3                   IBUF (Prop_ibuf_I_O)         1.411    11.411 r  clk_100mhz_IBUF_inst/O
                         net (fo=1, routed)           1.920    13.331    clk_100mhz_IBUF
    BUFGCTRL_X0Y16       BUFG (Prop_bufg_I_O)         0.091    13.422 r  clk_100mhz_IBUF_BUFG_inst/O
                         net (fo=2651, routed)        1.683    15.105    u_bridge/clk_100mhz_IBUF_BUFG
    SLICE_X39Y3          FDRE                                         r  u_bridge/payload_reg[202][5]/C
                         clock pessimism              0.267    15.373    
                         clock uncertainty           -0.035    15.337    
    SLICE_X39Y3          FDRE (Setup_fdre_C_D)       -0.062    15.275    u_bridge/payload_reg[202][5]
  -------------------------------------------------------------------
                         required time                         15.275    
                         arrival time                         -13.628    
  -------------------------------------------------------------------
                         slack                                  1.647    

Slack (MET) :             1.709ns  (required time - arrival time)
  Source:                 u_rx/data_reg[5]/C
                            (rising edge-triggered cell FDCE clocked by sys_clk  {rise@0.000ns fall@5.000ns period=10.000ns})
  Destination:            u_bridge/payload_reg[206][5]/D
                            (rising edge-triggered cell FDRE clocked by sys_clk  {rise@0.000ns fall@5.000ns period=10.000ns})
  Path Group:             sys_clk
  Path Type:              Setup (Max at Slow Process Corner)
  Requirement:            10.000ns  (sys_clk rise@10.000ns - sys_clk rise@0.000ns)
  Data Path Delay:        8.142ns  (logic 0.518ns (6.362%)  route 7.624ns (93.638%))
  Logic Levels:           0  
  Clock Path Skew:        -0.052ns (DCD - SCD + CPR)
    Destination Clock Delay (DCD):    5.102ns = ( 15.102 - 10.000 ) 
    Source Clock Delay      (SCD):    5.422ns
    Clock Pessimism Removal (CPR):    0.267ns
  Clock Uncertainty:      0.035ns  ((TSJ^2 + TIJ^2)^1/2 + DJ) / 2 + PE
    Total System Jitter     (TSJ):    0.071ns
    Total Input Jitter      (TIJ):    0.000ns
    Discrete Jitter          (DJ):    0.000ns
    Phase Error              (PE):    0.000ns

    Location             Delay type                Incr(ns)  Path(ns)    Netlist Resource(s)
  -------------------------------------------------------------------    -------------------
                         (clock sys_clk rise edge)    0.000     0.000 r  
    E3                                                0.000     0.000 r  clk_100mhz (IN)
                         net (fo=0)                   0.000     0.000    clk_100mhz
    E3                   IBUF (Prop_ibuf_I_O)         1.482     1.482 r  clk_100mhz_IBUF_inst/O
                         net (fo=1, routed)           2.025     3.506    clk_100mhz_IBUF
    BUFGCTRL_X0Y16       BUFG (Prop_bufg_I_O)         0.096     3.602 r  clk_100mhz_IBUF_BUFG_inst/O
                         net (fo=2651, routed)        1.819     5.422    u_rx/clk_100mhz_IBUF_BUFG
    SLICE_X10Y8          FDCE                                         r  u_rx/data_reg[5]/C
  -------------------------------------------------------------------    -------------------
    SLICE_X10Y8          FDCE (Prop_fdce_C_Q)         0.518     5.940 r  u_rx/data_reg[5]/Q
                         net (fo=152, routed)         7.624    13.563    u_bridge/payload_reg[254][7]_0[5]
    SLICE_X43Y4          FDRE                                         r  u_bridge/payload_reg[206][5]/D
  -------------------------------------------------------------------    -------------------

                         (clock sys_clk rise edge)   10.000    10.000 r  
    E3                                                0.000    10.000 r  clk_100mhz (IN)
                         net (fo=0)                   0.000    10.000    clk_100mhz
    E3                   IBUF (Prop_ibuf_I_O)         1.411    11.411 r  clk_100mhz_IBUF_inst/O
                         net (fo=1, routed)           1.920    13.331    clk_100mhz_IBUF
    BUFGCTRL_X0Y16       BUFG (Prop_bufg_I_O)         0.091    13.422 r  clk_100mhz_IBUF_BUFG_inst/O
                         net (fo=2651, routed)        1.680    15.102    u_bridge/clk_100mhz_IBUF_BUFG
    SLICE_X43Y4          FDRE                                         r  u_bridge/payload_reg[206][5]/C
                         clock pessimism              0.267    15.370    
                         clock uncertainty           -0.035    15.334    
    SLICE_X43Y4          FDRE (Setup_fdre_C_D)       -0.062    15.272    u_bridge/payload_reg[206][5]
  -------------------------------------------------------------------
                         required time                         15.272    
                         arrival time                         -13.563    
  -------------------------------------------------------------------
                         slack                                  1.709    





Min Delay Paths
--------------------------------------------------------------------------------------
Slack (MET) :             0.128ns  (arrival time - required time)
  Source:                 u_cdc/s_wack_sync_reg[0]/C
                            (rising edge-triggered cell FDCE clocked by sys_clk  {rise@0.000ns fall@5.000ns period=10.000ns})
  Destination:            u_cdc/s_wack_sync_reg[1]/D
                            (rising edge-triggered cell FDCE clocked by sys_clk  {rise@0.000ns fall@5.000ns period=10.000ns})
  Path Group:             sys_clk
  Path Type:              Hold (Min at Fast Process Corner)
  Requirement:            0.000ns  (sys_clk rise@0.000ns - sys_clk rise@0.000ns)
  Data Path Delay:        0.199ns  (logic 0.141ns (70.953%)  route 0.058ns (29.047%))
  Logic Levels:           0  
  Clock Path Skew:        0.000ns (DCD - SCD - CPR)
    Destination Clock Delay (DCD):    2.070ns
    Source Clock Delay      (SCD):    1.551ns
    Clock Pessimism Removal (CPR):    0.519ns

    Location             Delay type                Incr(ns)  Path(ns)    Netlist Resource(s)
  -------------------------------------------------------------------    -------------------
                         (clock sys_clk rise edge)    0.000     0.000 r  
    E3                                                0.000     0.000 r  clk_100mhz (IN)
                         net (fo=0)                   0.000     0.000    clk_100mhz
    E3                   IBUF (Prop_ibuf_I_O)         0.250     0.250 r  clk_100mhz_IBUF_inst/O
                         net (fo=1, routed)           0.644     0.894    clk_100mhz_IBUF
    BUFGCTRL_X0Y16       BUFG (Prop_bufg_I_O)         0.026     0.920 r  clk_100mhz_IBUF_BUFG_inst/O
                         net (fo=2651, routed)        0.631     1.551    u_cdc/clk_100mhz_IBUF_BUFG
    SLICE_X16Y29         FDCE                                         r  u_cdc/s_wack_sync_reg[0]/C
  -------------------------------------------------------------------    -------------------
    SLICE_X16Y29         FDCE (Prop_fdce_C_Q)         0.141     1.692 r  u_cdc/s_wack_sync_reg[0]/Q
                         net (fo=1, routed)           0.058     1.750    u_cdc/s_wack_sync[0]
    SLICE_X16Y29         FDCE                                         r  u_cdc/s_wack_sync_reg[1]/D
  -------------------------------------------------------------------    -------------------

                         (clock sys_clk rise edge)    0.000     0.000 r  
    E3                                                0.000     0.000 r  clk_100mhz (IN)
                         net (fo=0)                   0.000     0.000    clk_100mhz
    E3                   IBUF (Prop_ibuf_I_O)         0.438     0.438 r  clk_100mhz_IBUF_inst/O
                         net (fo=1, routed)           0.699     1.136    clk_100mhz_IBUF
    BUFGCTRL_X0Y16       BUFG (Prop_bufg_I_O)         0.029     1.165 r  clk_100mhz_IBUF_BUFG_inst/O
                         net (fo=2651, routed)        0.905     2.070    u_cdc/clk_100mhz_IBUF_BUFG
    SLICE_X16Y29         FDCE                                         r  u_cdc/s_wack_sync_reg[1]/C
                         clock pessimism             -0.519     1.551    
    SLICE_X16Y29         FDCE (Hold_fdce_C_D)         0.071     1.622    u_cdc/s_wack_sync_reg[1]
  -------------------------------------------------------------------
                         required time                         -1.622    
                         arrival time                           1.750    
  -------------------------------------------------------------------
                         slack                                  0.128    

Slack (MET) :             0.131ns  (arrival time - required time)
  Source:                 u_cdc/s_rack_sync_reg[0]/C
                            (rising edge-triggered cell FDCE clocked by sys_clk  {rise@0.000ns fall@5.000ns period=10.000ns})
  Destination:            u_cdc/s_rack_sync_reg[1]/D
                            (rising edge-triggered cell FDCE clocked by sys_clk  {rise@0.000ns fall@5.000ns period=10.000ns})
  Path Group:             sys_clk
  Path Type:              Hold (Min at Fast Process Corner)
  Requirement:            0.000ns  (sys_clk rise@0.000ns - sys_clk rise@0.000ns)
  Data Path Delay:        0.206ns  (logic 0.141ns (68.336%)  route 0.065ns (31.664%))
  Logic Levels:           0  
  Clock Path Skew:        0.000ns (DCD - SCD - CPR)
    Destination Clock Delay (DCD):    2.070ns
    Source Clock Delay      (SCD):    1.551ns
    Clock Pessimism Removal (CPR):    0.519ns

    Location             Delay type                Incr(ns)  Path(ns)    Netlist Resource(s)
  -------------------------------------------------------------------    -------------------
                         (clock sys_clk rise edge)    0.000     0.000 r  
    E3                                                0.000     0.000 r  clk_100mhz (IN)
                         net (fo=0)                   0.000     0.000    clk_100mhz
    E3                   IBUF (Prop_ibuf_I_O)         0.250     0.250 r  clk_100mhz_IBUF_inst/O
                         net (fo=1, routed)           0.644     0.894    clk_100mhz_IBUF
    BUFGCTRL_X0Y16       BUFG (Prop_bufg_I_O)         0.026     0.920 r  clk_100mhz_IBUF_BUFG_inst/O
                         net (fo=2651, routed)        0.631     1.551    u_cdc/clk_100mhz_IBUF_BUFG
    SLICE_X16Y29         FDCE                                         r  u_cdc/s_rack_sync_reg[0]/C
  -------------------------------------------------------------------    -------------------
    SLICE_X16Y29         FDCE (Prop_fdce_C_Q)         0.141     1.692 r  u_cdc/s_rack_sync_reg[0]/Q
                         net (fo=1, routed)           0.065     1.757    u_cdc/s_rack_sync[0]
    SLICE_X16Y29         FDCE                                         r  u_cdc/s_rack_sync_reg[1]/D
  -------------------------------------------------------------------    -------------------

                         (clock sys_clk rise edge)    0.000     0.000 r  
    E3                                                0.000     0.000 r  clk_100mhz (IN)
                         net (fo=0)                   0.000     0.000    clk_100mhz
    E3                   IBUF (Prop_ibuf_I_O)         0.438     0.438 r  clk_100mhz_IBUF_inst/O
                         net (fo=1, routed)           0.699     1.136    clk_100mhz_IBUF
    BUFGCTRL_X0Y16       BUFG (Prop_bufg_I_O)         0.029     1.165 r  clk_100mhz_IBUF_BUFG_inst/O
                         net (fo=2651, routed)        0.905     2.070    u_cdc/clk_100mhz_IBUF_BUFG
    SLICE_X16Y29         FDCE                                         r  u_cdc/s_rack_sync_reg[1]/C
                         clock pessimism             -0.519     1.551    
    SLICE_X16Y29         FDCE (Hold_fdce_C_D)         0.075     1.626    u_cdc/s_rack_sync_reg[1]
  -------------------------------------------------------------------
                         required time                         -1.626    
                         arrival time                           1.757    
  -------------------------------------------------------------------
                         slack                                  0.131    

Slack (MET) :             0.140ns  (arrival time - required time)
  Source:                 u_rx/shift_reg_reg[3]/C
                            (rising edge-triggered cell FDCE clocked by sys_clk  {rise@0.000ns fall@5.000ns period=10.000ns})
  Destination:            u_rx/data_reg[3]/D
                            (rising edge-triggered cell FDCE clocked by sys_clk  {rise@0.000ns fall@5.000ns period=10.000ns})
  Path Group:             sys_clk
  Path Type:              Hold (Min at Fast Process Corner)
  Requirement:            0.000ns  (sys_clk rise@0.000ns - sys_clk rise@0.000ns)
  Data Path Delay:        0.229ns  (logic 0.141ns (61.507%)  route 0.088ns (38.493%))
  Logic Levels:           0  
  Clock Path Skew:        0.013ns (DCD - SCD - CPR)
    Destination Clock Delay (DCD):    2.080ns
    Source Clock Delay      (SCD):    1.560ns
    Clock Pessimism Removal (CPR):    0.507ns

    Location             Delay type                Incr(ns)  Path(ns)    Netlist Resource(s)
  -------------------------------------------------------------------    -------------------
                         (clock sys_clk rise edge)    0.000     0.000 r  
    E3                                                0.000     0.000 r  clk_100mhz (IN)
                         net (fo=0)                   0.000     0.000    clk_100mhz
    E3                   IBUF (Prop_ibuf_I_O)         0.250     0.250 r  clk_100mhz_IBUF_inst/O
                         net (fo=1, routed)           0.644     0.894    clk_100mhz_IBUF
    BUFGCTRL_X0Y16       BUFG (Prop_bufg_I_O)         0.026     0.920 r  clk_100mhz_IBUF_BUFG_inst/O
                         net (fo=2651, routed)        0.640     1.560    u_rx/clk_100mhz_IBUF_BUFG
    SLICE_X11Y9          FDCE                                         r  u_rx/shift_reg_reg[3]/C
  -------------------------------------------------------------------    -------------------
    SLICE_X11Y9          FDCE (Prop_fdce_C_Q)         0.141     1.701 r  u_rx/shift_reg_reg[3]/Q
                         net (fo=4, routed)           0.088     1.789    u_rx/shift_reg_reg_n_0_[3]
    SLICE_X10Y9          FDCE                                         r  u_rx/data_reg[3]/D
  -------------------------------------------------------------------    -------------------

                         (clock sys_clk rise edge)    0.000     0.000 r  
    E3                                                0.000     0.000 r  clk_100mhz (IN)
                         net (fo=0)                   0.000     0.000    clk_100mhz
    E3                   IBUF (Prop_ibuf_I_O)         0.438     0.438 r  clk_100mhz_IBUF_inst/O
                         net (fo=1, routed)           0.699     1.136    clk_100mhz_IBUF
    BUFGCTRL_X0Y16       BUFG (Prop_bufg_I_O)         0.029     1.165 r  clk_100mhz_IBUF_BUFG_inst/O
                         net (fo=2651, routed)        0.915     2.080    u_rx/clk_100mhz_IBUF_BUFG
    SLICE_X10Y9          FDCE                                         r  u_rx/data_reg[3]/C
                         clock pessimism             -0.507     1.573    
    SLICE_X10Y9          FDCE (Hold_fdce_C_D)         0.076     1.649    u_rx/data_reg[3]
  -------------------------------------------------------------------
                         required time                         -1.649    
                         arrival time                           1.789    
  -------------------------------------------------------------------
                         slack                                  0.140    

Slack (MET) :             0.166ns  (arrival time - required time)
  Source:                 u_bridge/m_axi_awaddr_reg[11]/C
                            (rising edge-triggered cell FDCE clocked by sys_clk  {rise@0.000ns fall@5.000ns period=10.000ns})
  Destination:            u_cdc/s_awaddr_q_reg[11]/D
                            (rising edge-triggered cell FDCE clocked by sys_clk  {rise@0.000ns fall@5.000ns period=10.000ns})
  Path Group:             sys_clk
  Path Type:              Hold (Min at Fast Process Corner)
  Requirement:            0.000ns  (sys_clk rise@0.000ns - sys_clk rise@0.000ns)
  Data Path Delay:        0.275ns  (logic 0.141ns (51.246%)  route 0.134ns (48.754%))
  Logic Levels:           0  
  Clock Path Skew:        0.034ns (DCD - SCD - CPR)
    Destination Clock Delay (DCD):    2.068ns
    Source Clock Delay      (SCD):    1.551ns
    Clock Pessimism Removal (CPR):    0.483ns

    Location             Delay type                Incr(ns)  Path(ns)    Netlist Resource(s)
  -------------------------------------------------------------------    -------------------
                         (clock sys_clk rise edge)    0.000     0.000 r  
    E3                                                0.000     0.000 r  clk_100mhz (IN)
                         net (fo=0)                   0.000     0.000    clk_100mhz
    E3                   IBUF (Prop_ibuf_I_O)         0.250     0.250 r  clk_100mhz_IBUF_inst/O
                         net (fo=1, routed)           0.644     0.894    clk_100mhz_IBUF
    BUFGCTRL_X0Y16       BUFG (Prop_bufg_I_O)         0.026     0.920 r  clk_100mhz_IBUF_BUFG_inst/O
                         net (fo=2651, routed)        0.631     1.551    u_bridge/clk_100mhz_IBUF_BUFG
    SLICE_X13Y27         FDCE                                         r  u_bridge/m_axi_awaddr_reg[11]/C
  -------------------------------------------------------------------    -------------------
    SLICE_X13Y27         FDCE (Prop_fdce_C_Q)         0.141     1.692 r  u_bridge/m_axi_awaddr_reg[11]/Q
                         net (fo=1, routed)           0.134     1.826    u_cdc/D[9]
    SLICE_X10Y27         FDCE                                         r  u_cdc/s_awaddr_q_reg[11]/D
  -------------------------------------------------------------------    -------------------

                         (clock sys_clk rise edge)    0.000     0.000 r  
    E3                                                0.000     0.000 r  clk_100mhz (IN)
                         net (fo=0)                   0.000     0.000    clk_100mhz
    E3                   IBUF (Prop_ibuf_I_O)         0.438     0.438 r  clk_100mhz_IBUF_inst/O
                         net (fo=1, routed)           0.699     1.136    clk_100mhz_IBUF
    BUFGCTRL_X0Y16       BUFG (Prop_bufg_I_O)         0.029     1.165 r  clk_100mhz_IBUF_BUFG_inst/O
                         net (fo=2651, routed)        0.903     2.068    u_cdc/clk_100mhz_IBUF_BUFG
    SLICE_X10Y27         FDCE                                         r  u_cdc/s_awaddr_q_reg[11]/C
                         clock pessimism             -0.483     1.585    
    SLICE_X10Y27         FDCE (Hold_fdce_C_D)         0.075     1.660    u_cdc/s_awaddr_q_reg[11]
  -------------------------------------------------------------------
                         required time                         -1.660    
                         arrival time                           1.826    
  -------------------------------------------------------------------
                         slack                                  0.166    

Slack (MET) :             0.171ns  (arrival time - required time)
  Source:                 u_rx/shift_reg_reg[2]/C
                            (rising edge-triggered cell FDCE clocked by sys_clk  {rise@0.000ns fall@5.000ns period=10.000ns})
  Destination:            u_rx/data_reg[2]_rep__0/D
                            (rising edge-triggered cell FDCE clocked by sys_clk  {rise@0.000ns fall@5.000ns period=10.000ns})
  Path Group:             sys_clk
  Path Type:              Hold (Min at Fast Process Corner)
  Requirement:            0.000ns  (sys_clk rise@0.000ns - sys_clk rise@0.000ns)
  Data Path Delay:        0.262ns  (logic 0.141ns (53.794%)  route 0.121ns (46.206%))
  Logic Levels:           0  
  Clock Path Skew:        0.016ns (DCD - SCD - CPR)
    Destination Clock Delay (DCD):    2.080ns
    Source Clock Delay      (SCD):    1.560ns
    Clock Pessimism Removal (CPR):    0.504ns

    Location             Delay type                Incr(ns)  Path(ns)    Netlist Resource(s)
  -------------------------------------------------------------------    -------------------
                         (clock sys_clk rise edge)    0.000     0.000 r  
    E3                                                0.000     0.000 r  clk_100mhz (IN)
                         net (fo=0)                   0.000     0.000    clk_100mhz
    E3                   IBUF (Prop_ibuf_I_O)         0.250     0.250 r  clk_100mhz_IBUF_inst/O
                         net (fo=1, routed)           0.644     0.894    clk_100mhz_IBUF
    BUFGCTRL_X0Y16       BUFG (Prop_bufg_I_O)         0.026     0.920 r  clk_100mhz_IBUF_BUFG_inst/O
                         net (fo=2651, routed)        0.640     1.560    u_rx/clk_100mhz_IBUF_BUFG
    SLICE_X11Y7          FDCE                                         r  u_rx/shift_reg_reg[2]/C
  -------------------------------------------------------------------    -------------------
    SLICE_X11Y7          FDCE (Prop_fdce_C_Q)         0.141     1.701 r  u_rx/shift_reg_reg[2]/Q
                         net (fo=4, routed)           0.121     1.822    u_rx/shift_reg_reg_n_0_[2]
    SLICE_X11Y8          FDCE                                         r  u_rx/data_reg[2]_rep__0/D
  -------------------------------------------------------------------    -------------------

                         (clock sys_clk rise edge)    0.000     0.000 r  
    E3                                                0.000     0.000 r  clk_100mhz (IN)
                         net (fo=0)                   0.000     0.000    clk_100mhz
    E3                   IBUF (Prop_ibuf_I_O)         0.438     0.438 r  clk_100mhz_IBUF_inst/O
                         net (fo=1, routed)           0.699     1.136    clk_100mhz_IBUF
    BUFGCTRL_X0Y16       BUFG (Prop_bufg_I_O)         0.029     1.165 r  clk_100mhz_IBUF_BUFG_inst/O
                         net (fo=2651, routed)        0.915     2.080    u_rx/clk_100mhz_IBUF_BUFG
    SLICE_X11Y8          FDCE                                         r  u_rx/data_reg[2]_rep__0/C
                         clock pessimism             -0.504     1.576    
    SLICE_X11Y8          FDCE (Hold_fdce_C_D)         0.075     1.651    u_rx/data_reg[2]_rep__0
  -------------------------------------------------------------------
                         required time                         -1.651    
                         arrival time                           1.822    
  -------------------------------------------------------------------
                         slack                                  0.171    

Slack (MET) :             0.172ns  (arrival time - required time)
  Source:                 u_bridge/m_axi_wdata_reg[11]/C
                            (rising edge-triggered cell FDCE clocked by sys_clk  {rise@0.000ns fall@5.000ns period=10.000ns})
  Destination:            u_cdc/s_wdata_q_reg[11]/D
                            (rising edge-triggered cell FDCE clocked by sys_clk  {rise@0.000ns fall@5.000ns period=10.000ns})
  Path Group:             sys_clk
  Path Type:              Hold (Min at Fast Process Corner)
  Requirement:            0.000ns  (sys_clk rise@0.000ns - sys_clk rise@0.000ns)
  Data Path Delay:        0.257ns  (logic 0.141ns (54.953%)  route 0.116ns (45.047%))
  Logic Levels:           0  
  Clock Path Skew:        0.015ns (DCD - SCD - CPR)
    Destination Clock Delay (DCD):    2.067ns
    Source Clock Delay      (SCD):    1.547ns
    Clock Pessimism Removal (CPR):    0.505ns

    Location             Delay type                Incr(ns)  Path(ns)    Netlist Resource(s)
  -------------------------------------------------------------------    -------------------
                         (clock sys_clk rise edge)    0.000     0.000 r  
    E3                                                0.000     0.000 r  clk_100mhz (IN)
                         net (fo=0)                   0.000     0.000    clk_100mhz
    E3                   IBUF (Prop_ibuf_I_O)         0.250     0.250 r  clk_100mhz_IBUF_inst/O
                         net (fo=1, routed)           0.644     0.894    clk_100mhz_IBUF
    BUFGCTRL_X0Y16       BUFG (Prop_bufg_I_O)         0.026     0.920 r  clk_100mhz_IBUF_BUFG_inst/O
                         net (fo=2651, routed)        0.627     1.547    u_bridge/clk_100mhz_IBUF_BUFG
    SLICE_X26Y26         FDCE                                         r  u_bridge/m_axi_wdata_reg[11]/C
  -------------------------------------------------------------------    -------------------
    SLICE_X26Y26         FDCE (Prop_fdce_C_Q)         0.141     1.688 r  u_bridge/m_axi_wdata_reg[11]/Q
                         net (fo=1, routed)           0.116     1.804    u_cdc/s_wdata_q_reg[31]_0[11]
    SLICE_X27Y27         FDCE                                         r  u_cdc/s_wdata_q_reg[11]/D
  -------------------------------------------------------------------    -------------------

                         (clock sys_clk rise edge)    0.000     0.000 r  
    E3                                                0.000     0.000 r  clk_100mhz (IN)
                         net (fo=0)                   0.000     0.000    clk_100mhz
    E3                   IBUF (Prop_ibuf_I_O)         0.438     0.438 r  clk_100mhz_IBUF_inst/O
                         net (fo=1, routed)           0.699     1.136    clk_100mhz_IBUF
    BUFGCTRL_X0Y16       BUFG (Prop_bufg_I_O)         0.029     1.165 r  clk_100mhz_IBUF_BUFG_inst/O
                         net (fo=2651, routed)        0.902     2.067    u_cdc/clk_100mhz_IBUF_BUFG
    SLICE_X27Y27         FDCE                                         r  u_cdc/s_wdata_q_reg[11]/C
                         clock pessimism             -0.505     1.562    
    SLICE_X27Y27         FDCE (Hold_fdce_C_D)         0.070     1.632    u_cdc/s_wdata_q_reg[11]
  -------------------------------------------------------------------
                         required time                         -1.632    
                         arrival time                           1.804    
  -------------------------------------------------------------------
                         slack                                  0.172    

Slack (MET) :             0.173ns  (arrival time - required time)
  Source:                 u_tx/clk_cnt_reg[7]/C
                            (rising edge-triggered cell FDCE clocked by sys_clk  {rise@0.000ns fall@5.000ns period=10.000ns})
  Destination:            u_tx/clk_cnt_reg[8]/D
                            (rising edge-triggered cell FDCE clocked by sys_clk  {rise@0.000ns fall@5.000ns period=10.000ns})
  Path Group:             sys_clk
  Path Type:              Hold (Min at Fast Process Corner)
  Requirement:            0.000ns  (sys_clk rise@0.000ns - sys_clk rise@0.000ns)
  Data Path Delay:        0.306ns  (logic 0.186ns (60.743%)  route 0.120ns (39.257%))
  Logic Levels:           1  (LUT5=1)
  Clock Path Skew:        0.013ns (DCD - SCD - CPR)
    Destination Clock Delay (DCD):    2.066ns
    Source Clock Delay      (SCD):    1.549ns
    Clock Pessimism Removal (CPR):    0.504ns

    Location             Delay type                Incr(ns)  Path(ns)    Netlist Resource(s)
  -------------------------------------------------------------------    -------------------
                         (clock sys_clk rise edge)    0.000     0.000 r  
    E3                                                0.000     0.000 r  clk_100mhz (IN)
                         net (fo=0)                   0.000     0.000    clk_100mhz
    E3                   IBUF (Prop_ibuf_I_O)         0.250     0.250 r  clk_100mhz_IBUF_inst/O
                         net (fo=1, routed)           0.644     0.894    clk_100mhz_IBUF
    BUFGCTRL_X0Y16       BUFG (Prop_bufg_I_O)         0.026     0.920 r  clk_100mhz_IBUF_BUFG_inst/O
                         net (fo=2651, routed)        0.629     1.549    u_tx/clk_100mhz_IBUF_BUFG
    SLICE_X11Y26         FDCE                                         r  u_tx/clk_cnt_reg[7]/C
  -------------------------------------------------------------------    -------------------
    SLICE_X11Y26         FDCE (Prop_fdce_C_Q)         0.141     1.690 r  u_tx/clk_cnt_reg[7]/Q
                         net (fo=4, routed)           0.120     1.810    u_tx/clk_cnt_reg_n_0_[7]
    SLICE_X10Y26         LUT5 (Prop_lut5_I2_O)        0.045     1.855 r  u_tx/clk_cnt[8]_i_1__0/O
                         net (fo=1, routed)           0.000     1.855    u_tx/clk_cnt[8]_i_1__0_n_0
    SLICE_X10Y26         FDCE                                         r  u_tx/clk_cnt_reg[8]/D
  -------------------------------------------------------------------    -------------------

                         (clock sys_clk rise edge)    0.000     0.000 r  
    E3                                                0.000     0.000 r  clk_100mhz (IN)
                         net (fo=0)                   0.000     0.000    clk_100mhz
    E3                   IBUF (Prop_ibuf_I_O)         0.438     0.438 r  clk_100mhz_IBUF_inst/O
                         net (fo=1, routed)           0.699     1.136    clk_100mhz_IBUF
    BUFGCTRL_X0Y16       BUFG (Prop_bufg_I_O)         0.029     1.165 r  clk_100mhz_IBUF_BUFG_inst/O
                         net (fo=2651, routed)        0.901     2.066    u_tx/clk_100mhz_IBUF_BUFG
    SLICE_X10Y26         FDCE                                         r  u_tx/clk_cnt_reg[8]/C
                         clock pessimism             -0.504     1.562    
    SLICE_X10Y26         FDCE (Hold_fdce_C_D)         0.120     1.682    u_tx/clk_cnt_reg[8]
  -------------------------------------------------------------------
                         required time                         -1.682    
                         arrival time                           1.855    
  -------------------------------------------------------------------
                         slack                                  0.173    

Slack (MET) :             0.175ns  (arrival time - required time)
  Source:                 u_bridge/m_axi_wdata_reg[0]/C
                            (rising edge-triggered cell FDCE clocked by sys_clk  {rise@0.000ns fall@5.000ns period=10.000ns})
  Destination:            u_cdc/s_wdata_q_reg[0]/D
                            (rising edge-triggered cell FDCE clocked by sys_clk  {rise@0.000ns fall@5.000ns period=10.000ns})
  Path Group:             sys_clk
  Path Type:              Hold (Min at Fast Process Corner)
  Requirement:            0.000ns  (sys_clk rise@0.000ns - sys_clk rise@0.000ns)
  Data Path Delay:        0.261ns  (logic 0.141ns (54.060%)  route 0.120ns (45.940%))
  Logic Levels:           0  
  Clock Path Skew:        0.016ns (DCD - SCD - CPR)
    Destination Clock Delay (DCD):    2.069ns
    Source Clock Delay      (SCD):    1.548ns
    Clock Pessimism Removal (CPR):    0.505ns

    Location             Delay type                Incr(ns)  Path(ns)    Netlist Resource(s)
  -------------------------------------------------------------------    -------------------
                         (clock sys_clk rise edge)    0.000     0.000 r  
    E3                                                0.000     0.000 r  clk_100mhz (IN)
                         net (fo=0)                   0.000     0.000    clk_100mhz
    E3                   IBUF (Prop_ibuf_I_O)         0.250     0.250 r  clk_100mhz_IBUF_inst/O
                         net (fo=1, routed)           0.644     0.894    clk_100mhz_IBUF
    BUFGCTRL_X0Y16       BUFG (Prop_bufg_I_O)         0.026     0.920 r  clk_100mhz_IBUF_BUFG_inst/O
                         net (fo=2651, routed)        0.628     1.548    u_bridge/clk_100mhz_IBUF_BUFG
    SLICE_X20Y26         FDCE                                         r  u_bridge/m_axi_wdata_reg[0]/C
  -------------------------------------------------------------------    -------------------
    SLICE_X20Y26         FDCE (Prop_fdce_C_Q)         0.141     1.689 r  u_bridge/m_axi_wdata_reg[0]/Q
                         net (fo=1, routed)           0.120     1.809    u_cdc/s_wdata_q_reg[31]_0[0]
    SLICE_X21Y28         FDCE                                         r  u_cdc/s_wdata_q_reg[0]/D
  -------------------------------------------------------------------    -------------------

                         (clock sys_clk rise edge)    0.000     0.000 r  
    E3                                                0.000     0.000 r  clk_100mhz (IN)
                         net (fo=0)                   0.000     0.000    clk_100mhz
    E3                   IBUF (Prop_ibuf_I_O)         0.438     0.438 r  clk_100mhz_IBUF_inst/O
                         net (fo=1, routed)           0.699     1.136    clk_100mhz_IBUF
    BUFGCTRL_X0Y16       BUFG (Prop_bufg_I_O)         0.029     1.165 r  clk_100mhz_IBUF_BUFG_inst/O
                         net (fo=2651, routed)        0.904     2.069    u_cdc/clk_100mhz_IBUF_BUFG
    SLICE_X21Y28         FDCE                                         r  u_cdc/s_wdata_q_reg[0]/C
                         clock pessimism             -0.505     1.564    
    SLICE_X21Y28         FDCE (Hold_fdce_C_D)         0.070     1.634    u_cdc/s_wdata_q_reg[0]
  -------------------------------------------------------------------
                         required time                         -1.634    
                         arrival time                           1.809    
  -------------------------------------------------------------------
                         slack                                  0.175    

Slack (MET) :             0.177ns  (arrival time - required time)
  Source:                 u_bridge/txb_reg[5]/C
                            (rising edge-triggered cell FDCE clocked by sys_clk  {rise@0.000ns fall@5.000ns period=10.000ns})
  Destination:            u_bridge/tx_byte_reg[5]/D
                            (rising edge-triggered cell FDCE clocked by sys_clk  {rise@0.000ns fall@5.000ns period=10.000ns})
  Path Group:             sys_clk
  Path Type:              Hold (Min at Fast Process Corner)
  Requirement:            0.000ns  (sys_clk rise@0.000ns - sys_clk rise@0.000ns)
  Data Path Delay:        0.272ns  (logic 0.141ns (51.893%)  route 0.131ns (48.107%))
  Logic Levels:           0  
  Clock Path Skew:        0.035ns (DCD - SCD - CPR)
    Destination Clock Delay (DCD):    2.065ns
    Source Clock Delay      (SCD):    1.547ns
    Clock Pessimism Removal (CPR):    0.483ns

    Location             Delay type                Incr(ns)  Path(ns)    Netlist Resource(s)
  -------------------------------------------------------------------    -------------------
                         (clock sys_clk rise edge)    0.000     0.000 r  
    E3                                                0.000     0.000 r  clk_100mhz (IN)
                         net (fo=0)                   0.000     0.000    clk_100mhz
    E3                   IBUF (Prop_ibuf_I_O)         0.250     0.250 r  clk_100mhz_IBUF_inst/O
                         net (fo=1, routed)           0.644     0.894    clk_100mhz_IBUF
    BUFGCTRL_X0Y16       BUFG (Prop_bufg_I_O)         0.026     0.920 r  clk_100mhz_IBUF_BUFG_inst/O
                         net (fo=2651, routed)        0.627     1.547    u_bridge/clk_100mhz_IBUF_BUFG
    SLICE_X17Y24         FDCE                                         r  u_bridge/txb_reg[5]/C
  -------------------------------------------------------------------    -------------------
    SLICE_X17Y24         FDCE (Prop_fdce_C_Q)         0.141     1.688 r  u_bridge/txb_reg[5]/Q
                         net (fo=12, routed)          0.131     1.819    u_bridge/b[5]
    SLICE_X14Y24         FDCE                                         r  u_bridge/tx_byte_reg[5]/D
  -------------------------------------------------------------------    -------------------

                         (clock sys_clk rise edge)    0.000     0.000 r  
    E3                                                0.000     0.000 r  clk_100mhz (IN)
                         net (fo=0)                   0.000     0.000    clk_100mhz
    E3                   IBUF (Prop_ibuf_I_O)         0.438     0.438 r  clk_100mhz_IBUF_inst/O
                         net (fo=1, routed)           0.699     1.136    clk_100mhz_IBUF
    BUFGCTRL_X0Y16       BUFG (Prop_bufg_I_O)         0.029     1.165 r  clk_100mhz_IBUF_BUFG_inst/O
                         net (fo=2651, routed)        0.900     2.065    u_bridge/clk_100mhz_IBUF_BUFG
    SLICE_X14Y24         FDCE                                         r  u_bridge/tx_byte_reg[5]/C
                         clock pessimism             -0.483     1.582    
    SLICE_X14Y24         FDCE (Hold_fdce_C_D)         0.060     1.642    u_bridge/tx_byte_reg[5]
  -------------------------------------------------------------------
                         required time                         -1.642    
                         arrival time                           1.819    
  -------------------------------------------------------------------
                         slack                                  0.177    

Slack (MET) :             0.184ns  (arrival time - required time)
  Source:                 u_rx/shift_reg_reg[7]/C
                            (rising edge-triggered cell FDCE clocked by sys_clk  {rise@0.000ns fall@5.000ns period=10.000ns})
  Destination:            u_rx/data_reg[7]/D
                            (rising edge-triggered cell FDCE clocked by sys_clk  {rise@0.000ns fall@5.000ns period=10.000ns})
  Path Group:             sys_clk
  Path Type:              Hold (Min at Fast Process Corner)
  Requirement:            0.000ns  (sys_clk rise@0.000ns - sys_clk rise@0.000ns)
  Data Path Delay:        0.276ns  (logic 0.141ns (51.042%)  route 0.135ns (48.958%))
  Logic Levels:           0  
  Clock Path Skew:        0.016ns (DCD - SCD - CPR)
    Destination Clock Delay (DCD):    2.080ns
    Source Clock Delay      (SCD):    1.560ns
    Clock Pessimism Removal (CPR):    0.504ns

    Location             Delay type                Incr(ns)  Path(ns)    Netlist Resource(s)
  -------------------------------------------------------------------    -------------------
                         (clock sys_clk rise edge)    0.000     0.000 r  
    E3                                                0.000     0.000 r  clk_100mhz (IN)
                         net (fo=0)                   0.000     0.000    clk_100mhz
    E3                   IBUF (Prop_ibuf_I_O)         0.250     0.250 r  clk_100mhz_IBUF_inst/O
                         net (fo=1, routed)           0.644     0.894    clk_100mhz_IBUF
    BUFGCTRL_X0Y16       BUFG (Prop_bufg_I_O)         0.026     0.920 r  clk_100mhz_IBUF_BUFG_inst/O
                         net (fo=2651, routed)        0.640     1.560    u_rx/clk_100mhz_IBUF_BUFG
    SLICE_X11Y7          FDCE                                         r  u_rx/shift_reg_reg[7]/C
  -------------------------------------------------------------------    -------------------
    SLICE_X11Y7          FDCE (Prop_fdce_C_Q)         0.141     1.701 r  u_rx/shift_reg_reg[7]/Q
                         net (fo=4, routed)           0.135     1.836    u_rx/shift_reg_reg_n_0_[7]
    SLICE_X11Y8          FDCE                                         r  u_rx/data_reg[7]/D
  -------------------------------------------------------------------    -------------------

                         (clock sys_clk rise edge)    0.000     0.000 r  
    E3                                                0.000     0.000 r  clk_100mhz (IN)
                         net (fo=0)                   0.000     0.000    clk_100mhz
    E3                   IBUF (Prop_ibuf_I_O)         0.438     0.438 r  clk_100mhz_IBUF_inst/O
                         net (fo=1, routed)           0.699     1.136    clk_100mhz_IBUF
    BUFGCTRL_X0Y16       BUFG (Prop_bufg_I_O)         0.029     1.165 r  clk_100mhz_IBUF_BUFG_inst/O
                         net (fo=2651, routed)        0.915     2.080    u_rx/clk_100mhz_IBUF_BUFG
    SLICE_X11Y8          FDCE                                         r  u_rx/data_reg[7]/C
                         clock pessimism             -0.504     1.576    
    SLICE_X11Y8          FDCE (Hold_fdce_C_D)         0.076     1.652    u_rx/data_reg[7]
  -------------------------------------------------------------------
                         required time                         -1.652    
                         arrival time                           1.836    
  -------------------------------------------------------------------
                         slack                                  0.184    





Pulse Width Checks
--------------------------------------------------------------------------------------
Clock Name:         sys_clk
Waveform(ns):       { 0.000 5.000 }
Period(ns):         10.000
Sources:            { clk_100mhz }

Check Type        Corner  Lib Pin            Reference Pin  Required(ns)  Actual(ns)  Slack(ns)  Location         Pin
Min Period        n/a     BUFG/I             n/a            2.155         10.000      7.845      BUFGCTRL_X0Y16   clk_100mhz_IBUF_BUFG_inst/I
Min Period        n/a     MMCME2_ADV/CLKIN1  n/a            1.249         10.000      8.751      MMCME2_ADV_X0Y0  u_mmcm/CLKIN1
Min Period        n/a     FDCE/C             n/a            1.000         10.000      9.000      SLICE_X5Y27      heartbeat_cnt_reg[0]/C
Min Period        n/a     FDCE/C             n/a            1.000         10.000      9.000      SLICE_X5Y29      heartbeat_cnt_reg[10]/C
Min Period        n/a     FDCE/C             n/a            1.000         10.000      9.000      SLICE_X5Y29      heartbeat_cnt_reg[11]/C
Min Period        n/a     FDCE/C             n/a            1.000         10.000      9.000      SLICE_X5Y30      heartbeat_cnt_reg[12]/C
Min Period        n/a     FDCE/C             n/a            1.000         10.000      9.000      SLICE_X5Y30      heartbeat_cnt_reg[13]/C
Min Period        n/a     FDCE/C             n/a            1.000         10.000      9.000      SLICE_X5Y30      heartbeat_cnt_reg[14]/C
Min Period        n/a     FDCE/C             n/a            1.000         10.000      9.000      SLICE_X5Y30      heartbeat_cnt_reg[15]/C
Min Period        n/a     FDCE/C             n/a            1.000         10.000      9.000      SLICE_X5Y31      heartbeat_cnt_reg[16]/C
Max Period        n/a     MMCME2_ADV/CLKIN1  n/a            100.000       10.000      90.000     MMCME2_ADV_X0Y0  u_mmcm/CLKIN1
Low Pulse Width   Slow    MMCME2_ADV/CLKIN1  n/a            2.000         5.000       3.000      MMCME2_ADV_X0Y0  u_mmcm/CLKIN1
Low Pulse Width   Fast    MMCME2_ADV/CLKIN1  n/a            2.000         5.000       3.000      MMCME2_ADV_X0Y0  u_mmcm/CLKIN1
Low Pulse Width   Slow    FDCE/C             n/a            0.500         5.000       4.500      SLICE_X5Y27      heartbeat_cnt_reg[0]/C
Low Pulse Width   Fast    FDCE/C             n/a            0.500         5.000       4.500      SLICE_X5Y27      heartbeat_cnt_reg[0]/C
Low Pulse Width   Slow    FDCE/C             n/a            0.500         5.000       4.500      SLICE_X5Y29      heartbeat_cnt_reg[10]/C
Low Pulse Width   Fast    FDCE/C             n/a            0.500         5.000       4.500      SLICE_X5Y29      heartbeat_cnt_reg[10]/C
Low Pulse Width   Slow    FDCE/C             n/a            0.500         5.000       4.500      SLICE_X5Y29      heartbeat_cnt_reg[11]/C
Low Pulse Width   Fast    FDCE/C             n/a            0.500         5.000       4.500      SLICE_X5Y29      heartbeat_cnt_reg[11]/C
Low Pulse Width   Slow    FDCE/C             n/a            0.500         5.000       4.500      SLICE_X5Y30      heartbeat_cnt_reg[12]/C
Low Pulse Width   Fast    FDCE/C             n/a            0.500         5.000       4.500      SLICE_X5Y30      heartbeat_cnt_reg[12]/C
High Pulse Width  Slow    MMCME2_ADV/CLKIN1  n/a            2.000         5.000       3.000      MMCME2_ADV_X0Y0  u_mmcm/CLKIN1
High Pulse Width  Fast    MMCME2_ADV/CLKIN1  n/a            2.000         5.000       3.000      MMCME2_ADV_X0Y0  u_mmcm/CLKIN1
High Pulse Width  Slow    FDCE/C             n/a            0.500         5.000       4.500      SLICE_X5Y27      heartbeat_cnt_reg[0]/C
High Pulse Width  Fast    FDCE/C             n/a            0.500         5.000       4.500      SLICE_X5Y27      heartbeat_cnt_reg[0]/C
High Pulse Width  Slow    FDCE/C             n/a            0.500         5.000       4.500      SLICE_X5Y29      heartbeat_cnt_reg[10]/C
High Pulse Width  Fast    FDCE/C             n/a            0.500         5.000       4.500      SLICE_X5Y29      heartbeat_cnt_reg[10]/C
High Pulse Width  Slow    FDCE/C             n/a            0.500         5.000       4.500      SLICE_X5Y29      heartbeat_cnt_reg[11]/C
High Pulse Width  Fast    FDCE/C             n/a            0.500         5.000       4.500      SLICE_X5Y29      heartbeat_cnt_reg[11]/C
High Pulse Width  Slow    FDCE/C             n/a            0.500         5.000       4.500      SLICE_X5Y30      heartbeat_cnt_reg[12]/C
High Pulse Width  Fast    FDCE/C             n/a            0.500         5.000       4.500      SLICE_X5Y30      heartbeat_cnt_reg[12]/C



---------------------------------------------------------------------------------------------------
From Clock:  clk_core_mmcm
  To Clock:  clk_core_mmcm

Setup :         4505  Failing Endpoints,  Worst Slack       -4.956ns,  Total Violation    -7167.441ns
Hold  :            0  Failing Endpoints,  Worst Slack        0.045ns,  Total Violation        0.000ns
PW    :            0  Failing Endpoints,  Worst Slack        1.444ns,  Total Violation        0.000ns
---------------------------------------------------------------------------------------------------


Max Delay Paths
--------------------------------------------------------------------------------------
Slack (VIOLATED) :        -4.956ns  (required time - arrival time)
  Source:                 u_mlkem/u_sponge/pos_reg[2]_rep_replica/C
                            (rising edge-triggered cell FDRE clocked by clk_core_mmcm  {rise@0.000ns fall@2.424ns period=4.848ns})
  Destination:            u_mlkem/u_unpack/cr_d_reg[61]/D
                            (rising edge-triggered cell FDRE clocked by clk_core_mmcm  {rise@0.000ns fall@2.424ns period=4.848ns})
  Path Group:             clk_core_mmcm
  Path Type:              Setup (Max at Slow Process Corner)
  Requirement:            4.848ns  (clk_core_mmcm rise@4.848ns - clk_core_mmcm rise@0.000ns)
  Data Path Delay:        9.725ns  (logic 5.783ns (59.465%)  route 3.942ns (40.535%))
  Logic Levels:           9  (CARRY4=7 LUT4=1 LUT6=1)
  Clock Path Skew:        -0.037ns (DCD - SCD + CPR)
    Destination Clock Delay (DCD):    8.719ns = ( 13.567 - 4.848 ) 
    Source Clock Delay      (SCD):    9.248ns
    Clock Pessimism Removal (CPR):    0.492ns
  Clock Uncertainty:      0.074ns  ((TSJ^2 + DJ^2)^1/2) / 2 + PE
    Total System Jitter     (TSJ):    0.071ns
    Discrete Jitter          (DJ):    0.131ns
    Phase Error              (PE):    0.000ns

    Location             Delay type                Incr(ns)  Path(ns)    Netlist Resource(s)
  -------------------------------------------------------------------    -------------------
                         (clock clk_core_mmcm rise edge)
                                                      0.000     0.000 r  
    E3                                                0.000     0.000 r  clk_100mhz (IN)
                         net (fo=0)                   0.000     0.000    clk_100mhz
    E3                   IBUF (Prop_ibuf_I_O)         1.482     1.482 r  clk_100mhz_IBUF_inst/O
                         net (fo=1, routed)           2.025     3.506    clk_100mhz_IBUF
    BUFGCTRL_X0Y16       BUFG (Prop_bufg_I_O)         0.096     3.602 r  clk_100mhz_IBUF_BUFG_inst/O
                         net (fo=2651, routed)        1.809     5.412    clk_100mhz_IBUF_BUFG
    MMCME2_ADV_X0Y0      MMCME2_ADV (Prop_mmcme2_adv_CLKIN1_CLKOUT0)
                                                      0.088     5.500 r  u_mmcm/CLKOUT0
                         net (fo=1, routed)           2.018     7.518    clk_core_mmcm
    BUFGCTRL_X0Y0        BUFG (Prop_bufg_I_O)         0.096     7.614 r  u_bufg_core/O
                         net (fo=4040, routed)        1.633     9.248    u_mlkem/u_sponge/clk_core
    SLICE_X43Y56         FDRE                                         r  u_mlkem/u_sponge/pos_reg[2]_rep_replica/C
  -------------------------------------------------------------------    -------------------
    SLICE_X43Y56         FDRE (Prop_fdre_C_Q)         0.456     9.704 f  u_mlkem/u_sponge/pos_reg[2]_rep_replica/Q
                         net (fo=12, routed)          0.812    10.515    u_mlkem/u_sponge/pos_reg[2]_rep_n_0_repN
    SLICE_X46Y56         LUT4 (Prop_lut4_I0_O)        0.124    10.639 r  u_mlkem/u_sponge/cr_d[15]_i_6/O
                         net (fo=1, routed)           0.000    10.639    u_mlkem/u_sponge/cr_d[15]_i_6_n_0
    SLICE_X46Y56         CARRY4 (Prop_carry4_S[2]_CO[3])
                                                      0.380    11.019 r  u_mlkem/u_sponge/cr_d_reg[15]_i_3/CO[3]
                         net (fo=8, routed)           0.794    11.813    u_mlkem/u_sponge/cr_d_reg[15]_i_3_n_0
    SLICE_X45Y55         CARRY4 (Prop_carry4_CYINIT_CO[2])
                                                      0.592    12.405 r  u_mlkem/u_sponge/cr_d_reg[23]_i_3/CO[2]
                         net (fo=8, routed)           0.350    12.755    u_mlkem/u_sponge/cr_d_reg[23]_i_3_n_1
    SLICE_X44Y54         CARRY4 (Prop_carry4_CYINIT_CO[2])
                                                      0.781    13.536 r  u_mlkem/u_sponge/cr_d_reg[31]_i_3/CO[2]
                         net (fo=8, routed)           0.353    13.888    u_mlkem/u_sponge/cr_d_reg[31]_i_3_n_1
    SLICE_X43Y55         CARRY4 (Prop_carry4_CYINIT_CO[2])
                                                      0.781    14.669 r  u_mlkem/u_sponge/cr_d_reg[39]_i_3/CO[2]
                         net (fo=8, routed)           0.510    15.179    u_mlkem/u_sponge/cr_d_reg[39]_i_3_n_1
    SLICE_X44Y52         CARRY4 (Prop_carry4_CYINIT_CO[2])
                                                      0.781    15.960 r  u_mlkem/u_sponge/cr_d_reg[47]_i_3/CO[2]
                         net (fo=8, routed)           0.399    16.360    u_mlkem/u_sponge/cr_d_reg[47]_i_3_n_1
    SLICE_X45Y51         CARRY4 (Prop_carry4_CYINIT_CO[2])
                                                      0.781    17.141 r  u_mlkem/u_sponge/cr_d_reg[55]_i_3/CO[2]
                         net (fo=8, routed)           0.377    17.517    u_mlkem/u_sponge/cr_d_reg[55]_i_3_n_1
    SLICE_X42Y51         CARRY4 (Prop_carry4_CYINIT_CO[2])
                                                      0.797    18.314 f  u_mlkem/u_sponge/cr_d_reg[63]_i_3/CO[2]
                         net (fo=7, routed)           0.348    18.663    u_mlkem/u_sponge/cr_d_reg[63]_i_3_n_1
    SLICE_X41Y51         LUT6 (Prop_lut6_I5_O)        0.310    18.973 r  u_mlkem/u_sponge/cr_d[61]_i_1/O
                         net (fo=1, routed)           0.000    18.973    u_mlkem/u_unpack/cr_d_reg[63]_0[61]
    SLICE_X41Y51         FDRE                                         r  u_mlkem/u_unpack/cr_d_reg[61]/D
  -------------------------------------------------------------------    -------------------

                         (clock clk_core_mmcm rise edge)
                                                      4.848     4.848 r  
    E3                                                0.000     4.848 r  clk_100mhz (IN)
                         net (fo=0)                   0.000     4.848    clk_100mhz
    E3                   IBUF (Prop_ibuf_I_O)         1.411     6.260 r  clk_100mhz_IBUF_inst/O
                         net (fo=1, routed)           1.920     8.180    clk_100mhz_IBUF
    BUFGCTRL_X0Y16       BUFG (Prop_bufg_I_O)         0.091     8.271 r  clk_100mhz_IBUF_BUFG_inst/O
                         net (fo=2651, routed)        1.683     9.954    clk_100mhz_IBUF_BUFG
    MMCME2_ADV_X0Y0      MMCME2_ADV (Prop_mmcme2_adv_CLKIN1_CLKOUT0)
                                                      0.083    10.037 r  u_mmcm/CLKOUT0
                         net (fo=1, routed)           1.923    11.960    clk_core_mmcm
    BUFGCTRL_X0Y0        BUFG (Prop_bufg_I_O)         0.091    12.051 r  u_bufg_core/O
                         net (fo=4040, routed)        1.516    13.567    u_mlkem/u_unpack/clk_core
    SLICE_X41Y51         FDRE                                         r  u_mlkem/u_unpack/cr_d_reg[61]/C
                         clock pessimism              0.492    14.059    
                         clock uncertainty           -0.074    13.984    
    SLICE_X41Y51         FDRE (Setup_fdre_C_D)        0.032    14.016    u_mlkem/u_unpack/cr_d_reg[61]
  -------------------------------------------------------------------
                         required time                         14.016    
                         arrival time                         -18.973    
  -------------------------------------------------------------------
                         slack                                 -4.956    

Slack (VIOLATED) :        -4.952ns  (required time - arrival time)
  Source:                 u_mlkem/u_sponge/pos_reg[2]_rep_replica/C
                            (rising edge-triggered cell FDRE clocked by clk_core_mmcm  {rise@0.000ns fall@2.424ns period=4.848ns})
  Destination:            u_mlkem/u_unpack/cr_d_reg[63]/D
                            (rising edge-triggered cell FDRE clocked by clk_core_mmcm  {rise@0.000ns fall@2.424ns period=4.848ns})
  Path Group:             clk_core_mmcm
  Path Type:              Setup (Max at Slow Process Corner)
  Requirement:            4.848ns  (clk_core_mmcm rise@4.848ns - clk_core_mmcm rise@0.000ns)
  Data Path Delay:        9.720ns  (logic 5.783ns (59.496%)  route 3.937ns (40.504%))
  Logic Levels:           9  (CARRY4=7 LUT4=1 LUT6=1)
  Clock Path Skew:        -0.037ns (DCD - SCD + CPR)
    Destination Clock Delay (DCD):    8.719ns = ( 13.567 - 4.848 ) 
    Source Clock Delay      (SCD):    9.248ns
    Clock Pessimism Removal (CPR):    0.492ns
  Clock Uncertainty:      0.074ns  ((TSJ^2 + DJ^2)^1/2) / 2 + PE
    Total System Jitter     (TSJ):    0.071ns
    Discrete Jitter          (DJ):    0.131ns
    Phase Error              (PE):    0.000ns

    Location             Delay type                Incr(ns)  Path(ns)    Netlist Resource(s)
  -------------------------------------------------------------------    -------------------
                         (clock clk_core_mmcm rise edge)
                                                      0.000     0.000 r  
    E3                                                0.000     0.000 r  clk_100mhz (IN)
                         net (fo=0)                   0.000     0.000    clk_100mhz
    E3                   IBUF (Prop_ibuf_I_O)         1.482     1.482 r  clk_100mhz_IBUF_inst/O
                         net (fo=1, routed)           2.025     3.506    clk_100mhz_IBUF
    BUFGCTRL_X0Y16       BUFG (Prop_bufg_I_O)         0.096     3.602 r  clk_100mhz_IBUF_BUFG_inst/O
                         net (fo=2651, routed)        1.809     5.412    clk_100mhz_IBUF_BUFG
    MMCME2_ADV_X0Y0      MMCME2_ADV (Prop_mmcme2_adv_CLKIN1_CLKOUT0)
                                                      0.088     5.500 r  u_mmcm/CLKOUT0
                         net (fo=1, routed)           2.018     7.518    clk_core_mmcm
    BUFGCTRL_X0Y0        BUFG (Prop_bufg_I_O)         0.096     7.614 r  u_bufg_core/O
                         net (fo=4040, routed)        1.633     9.248    u_mlkem/u_sponge/clk_core
    SLICE_X43Y56         FDRE                                         r  u_mlkem/u_sponge/pos_reg[2]_rep_replica/C
  -------------------------------------------------------------------    -------------------
    SLICE_X43Y56         FDRE (Prop_fdre_C_Q)         0.456     9.704 f  u_mlkem/u_sponge/pos_reg[2]_rep_replica/Q
                         net (fo=12, routed)          0.812    10.515    u_mlkem/u_sponge/pos_reg[2]_rep_n_0_repN
    SLICE_X46Y56         LUT4 (Prop_lut4_I0_O)        0.124    10.639 r  u_mlkem/u_sponge/cr_d[15]_i_6/O
                         net (fo=1, routed)           0.000    10.639    u_mlkem/u_sponge/cr_d[15]_i_6_n_0
    SLICE_X46Y56         CARRY4 (Prop_carry4_S[2]_CO[3])
                                                      0.380    11.019 r  u_mlkem/u_sponge/cr_d_reg[15]_i_3/CO[3]
                         net (fo=8, routed)           0.794    11.813    u_mlkem/u_sponge/cr_d_reg[15]_i_3_n_0
    SLICE_X45Y55         CARRY4 (Prop_carry4_CYINIT_CO[2])
                                                      0.592    12.405 r  u_mlkem/u_sponge/cr_d_reg[23]_i_3/CO[2]
                         net (fo=8, routed)           0.350    12.755    u_mlkem/u_sponge/cr_d_reg[23]_i_3_n_1
    SLICE_X44Y54         CARRY4 (Prop_carry4_CYINIT_CO[2])
                                                      0.781    13.536 r  u_mlkem/u_sponge/cr_d_reg[31]_i_3/CO[2]
                         net (fo=8, routed)           0.353    13.888    u_mlkem/u_sponge/cr_d_reg[31]_i_3_n_1
    SLICE_X43Y55         CARRY4 (Prop_carry4_CYINIT_CO[2])
                                                      0.781    14.669 r  u_mlkem/u_sponge/cr_d_reg[39]_i_3/CO[2]
                         net (fo=8, routed)           0.510    15.179    u_mlkem/u_sponge/cr_d_reg[39]_i_3_n_1
    SLICE_X44Y52         CARRY4 (Prop_carry4_CYINIT_CO[2])
                                                      0.781    15.960 r  u_mlkem/u_sponge/cr_d_reg[47]_i_3/CO[2]
                         net (fo=8, routed)           0.399    16.360    u_mlkem/u_sponge/cr_d_reg[47]_i_3_n_1
    SLICE_X45Y51         CARRY4 (Prop_carry4_CYINIT_CO[2])
                                                      0.781    17.141 r  u_mlkem/u_sponge/cr_d_reg[55]_i_3/CO[2]
                         net (fo=8, routed)           0.377    17.517    u_mlkem/u_sponge/cr_d_reg[55]_i_3_n_1
    SLICE_X42Y51         CARRY4 (Prop_carry4_CYINIT_CO[2])
                                                      0.797    18.314 f  u_mlkem/u_sponge/cr_d_reg[63]_i_3/CO[2]
                         net (fo=7, routed)           0.343    18.658    u_mlkem/u_sponge/cr_d_reg[63]_i_3_n_1
    SLICE_X41Y51         LUT6 (Prop_lut6_I5_O)        0.310    18.968 r  u_mlkem/u_sponge/cr_d[63]_i_1/O
                         net (fo=1, routed)           0.000    18.968    u_mlkem/u_unpack/cr_d_reg[63]_0[63]
    SLICE_X41Y51         FDRE                                         r  u_mlkem/u_unpack/cr_d_reg[63]/D
  -------------------------------------------------------------------    -------------------

                         (clock clk_core_mmcm rise edge)
                                                      4.848     4.848 r  
    E3                                                0.000     4.848 r  clk_100mhz (IN)
                         net (fo=0)                   0.000     4.848    clk_100mhz
    E3                   IBUF (Prop_ibuf_I_O)         1.411     6.260 r  clk_100mhz_IBUF_inst/O
                         net (fo=1, routed)           1.920     8.180    clk_100mhz_IBUF
    BUFGCTRL_X0Y16       BUFG (Prop_bufg_I_O)         0.091     8.271 r  clk_100mhz_IBUF_BUFG_inst/O
                         net (fo=2651, routed)        1.683     9.954    clk_100mhz_IBUF_BUFG
    MMCME2_ADV_X0Y0      MMCME2_ADV (Prop_mmcme2_adv_CLKIN1_CLKOUT0)
                                                      0.083    10.037 r  u_mmcm/CLKOUT0
                         net (fo=1, routed)           1.923    11.960    clk_core_mmcm
    BUFGCTRL_X0Y0        BUFG (Prop_bufg_I_O)         0.091    12.051 r  u_bufg_core/O
                         net (fo=4040, routed)        1.516    13.567    u_mlkem/u_unpack/clk_core
    SLICE_X41Y51         FDRE                                         r  u_mlkem/u_unpack/cr_d_reg[63]/C
                         clock pessimism              0.492    14.059    
                         clock uncertainty           -0.074    13.984    
    SLICE_X41Y51         FDRE (Setup_fdre_C_D)        0.031    14.015    u_mlkem/u_unpack/cr_d_reg[63]
  -------------------------------------------------------------------
                         required time                         14.015    
                         arrival time                         -18.968    
  -------------------------------------------------------------------
                         slack                                 -4.952    

Slack (VIOLATED) :        -4.946ns  (required time - arrival time)
  Source:                 u_mlkem/u_sponge/pos_reg[2]_rep_replica/C
                            (rising edge-triggered cell FDRE clocked by clk_core_mmcm  {rise@0.000ns fall@2.424ns period=4.848ns})
  Destination:            u_mlkem/u_unpack/cr_d_reg[62]/D
                            (rising edge-triggered cell FDRE clocked by clk_core_mmcm  {rise@0.000ns fall@2.424ns period=4.848ns})
  Path Group:             clk_core_mmcm
  Path Type:              Setup (Max at Slow Process Corner)
  Requirement:            4.848ns  (clk_core_mmcm rise@4.848ns - clk_core_mmcm rise@0.000ns)
  Data Path Delay:        9.725ns  (logic 5.783ns (59.465%)  route 3.942ns (40.535%))
  Logic Levels:           9  (CARRY4=7 LUT4=1 LUT6=1)
  Clock Path Skew:        -0.024ns (DCD - SCD + CPR)
    Destination Clock Delay (DCD):    8.716ns = ( 13.564 - 4.848 ) 
    Source Clock Delay      (SCD):    9.248ns
    Clock Pessimism Removal (CPR):    0.508ns
  Clock Uncertainty:      0.074ns  ((TSJ^2 + DJ^2)^1/2) / 2 + PE
    Total System Jitter     (TSJ):    0.071ns
    Discrete Jitter          (DJ):    0.131ns
    Phase Error              (PE):    0.000ns

    Location             Delay type                Incr(ns)  Path(ns)    Netlist Resource(s)
  -------------------------------------------------------------------    -------------------
                         (clock clk_core_mmcm rise edge)
                                                      0.000     0.000 r  
    E3                                                0.000     0.000 r  clk_100mhz (IN)
                         net (fo=0)                   0.000     0.000    clk_100mhz
    E3                   IBUF (Prop_ibuf_I_O)         1.482     1.482 r  clk_100mhz_IBUF_inst/O
                         net (fo=1, routed)           2.025     3.506    clk_100mhz_IBUF
    BUFGCTRL_X0Y16       BUFG (Prop_bufg_I_O)         0.096     3.602 r  clk_100mhz_IBUF_BUFG_inst/O
                         net (fo=2651, routed)        1.809     5.412    clk_100mhz_IBUF_BUFG
    MMCME2_ADV_X0Y0      MMCME2_ADV (Prop_mmcme2_adv_CLKIN1_CLKOUT0)
                                                      0.088     5.500 r  u_mmcm/CLKOUT0
                         net (fo=1, routed)           2.018     7.518    clk_core_mmcm
    BUFGCTRL_X0Y0        BUFG (Prop_bufg_I_O)         0.096     7.614 r  u_bufg_core/O
                         net (fo=4040, routed)        1.633     9.248    u_mlkem/u_sponge/clk_core
    SLICE_X43Y56         FDRE                                         r  u_mlkem/u_sponge/pos_reg[2]_rep_replica/C
  -------------------------------------------------------------------    -------------------
    SLICE_X43Y56         FDRE (Prop_fdre_C_Q)         0.456     9.704 f  u_mlkem/u_sponge/pos_reg[2]_rep_replica/Q
                         net (fo=12, routed)          0.812    10.515    u_mlkem/u_sponge/pos_reg[2]_rep_n_0_repN
    SLICE_X46Y56         LUT4 (Prop_lut4_I0_O)        0.124    10.639 r  u_mlkem/u_sponge/cr_d[15]_i_6/O
                         net (fo=1, routed)           0.000    10.639    u_mlkem/u_sponge/cr_d[15]_i_6_n_0
    SLICE_X46Y56         CARRY4 (Prop_carry4_S[2]_CO[3])
                                                      0.380    11.019 r  u_mlkem/u_sponge/cr_d_reg[15]_i_3/CO[3]
                         net (fo=8, routed)           0.794    11.813    u_mlkem/u_sponge/cr_d_reg[15]_i_3_n_0
    SLICE_X45Y55         CARRY4 (Prop_carry4_CYINIT_CO[2])
                                                      0.592    12.405 r  u_mlkem/u_sponge/cr_d_reg[23]_i_3/CO[2]
                         net (fo=8, routed)           0.350    12.755    u_mlkem/u_sponge/cr_d_reg[23]_i_3_n_1
    SLICE_X44Y54         CARRY4 (Prop_carry4_CYINIT_CO[2])
                                                      0.781    13.536 r  u_mlkem/u_sponge/cr_d_reg[31]_i_3/CO[2]
                         net (fo=8, routed)           0.353    13.888    u_mlkem/u_sponge/cr_d_reg[31]_i_3_n_1
    SLICE_X43Y55         CARRY4 (Prop_carry4_CYINIT_CO[2])
                                                      0.781    14.669 r  u_mlkem/u_sponge/cr_d_reg[39]_i_3/CO[2]
                         net (fo=8, routed)           0.510    15.179    u_mlkem/u_sponge/cr_d_reg[39]_i_3_n_1
    SLICE_X44Y52         CARRY4 (Prop_carry4_CYINIT_CO[2])
                                                      0.781    15.960 r  u_mlkem/u_sponge/cr_d_reg[47]_i_3/CO[2]
                         net (fo=8, routed)           0.399    16.360    u_mlkem/u_sponge/cr_d_reg[47]_i_3_n_1
    SLICE_X45Y51         CARRY4 (Prop_carry4_CYINIT_CO[2])
                                                      0.781    17.141 r  u_mlkem/u_sponge/cr_d_reg[55]_i_3/CO[2]
                         net (fo=8, routed)           0.377    17.517    u_mlkem/u_sponge/cr_d_reg[55]_i_3_n_1
    SLICE_X42Y51         CARRY4 (Prop_carry4_CYINIT_CO[2])
                                                      0.797    18.314 f  u_mlkem/u_sponge/cr_d_reg[63]_i_3/CO[2]
                         net (fo=7, routed)           0.348    18.663    u_mlkem/u_sponge/cr_d_reg[63]_i_3_n_1
    SLICE_X44Y51         LUT6 (Prop_lut6_I5_O)        0.310    18.973 r  u_mlkem/u_sponge/cr_d[62]_i_1/O
                         net (fo=1, routed)           0.000    18.973    u_mlkem/u_unpack/cr_d_reg[63]_0[62]
    SLICE_X44Y51         FDRE                                         r  u_mlkem/u_unpack/cr_d_reg[62]/D
  -------------------------------------------------------------------    -------------------

                         (clock clk_core_mmcm rise edge)
                                                      4.848     4.848 r  
    E3                                                0.000     4.848 r  clk_100mhz (IN)
                         net (fo=0)                   0.000     4.848    clk_100mhz
    E3                   IBUF (Prop_ibuf_I_O)         1.411     6.260 r  clk_100mhz_IBUF_inst/O
                         net (fo=1, routed)           1.920     8.180    clk_100mhz_IBUF
    BUFGCTRL_X0Y16       BUFG (Prop_bufg_I_O)         0.091     8.271 r  clk_100mhz_IBUF_BUFG_inst/O
                         net (fo=2651, routed)        1.683     9.954    clk_100mhz_IBUF_BUFG
    MMCME2_ADV_X0Y0      MMCME2_ADV (Prop_mmcme2_adv_CLKIN1_CLKOUT0)
                                                      0.083    10.037 r  u_mmcm/CLKOUT0
                         net (fo=1, routed)           1.923    11.960    clk_core_mmcm
    BUFGCTRL_X0Y0        BUFG (Prop_bufg_I_O)         0.091    12.051 r  u_bufg_core/O
                         net (fo=4040, routed)        1.513    13.564    u_mlkem/u_unpack/clk_core
    SLICE_X44Y51         FDRE                                         r  u_mlkem/u_unpack/cr_d_reg[62]/C
                         clock pessimism              0.508    14.072    
                         clock uncertainty           -0.074    13.997    
    SLICE_X44Y51         FDRE (Setup_fdre_C_D)        0.029    14.026    u_mlkem/u_unpack/cr_d_reg[62]
  -------------------------------------------------------------------
                         required time                         14.026    
                         arrival time                         -18.973    
  -------------------------------------------------------------------
                         slack                                 -4.946    

Slack (VIOLATED) :        -4.941ns  (required time - arrival time)
  Source:                 u_mlkem/u_sponge/pos_reg[2]_rep_replica/C
                            (rising edge-triggered cell FDRE clocked by clk_core_mmcm  {rise@0.000ns fall@2.424ns period=4.848ns})
  Destination:            u_mlkem/u_unpack/cr_d_reg[59]/D
                            (rising edge-triggered cell FDRE clocked by clk_core_mmcm  {rise@0.000ns fall@2.424ns period=4.848ns})
  Path Group:             clk_core_mmcm
  Path Type:              Setup (Max at Slow Process Corner)
  Requirement:            4.848ns  (clk_core_mmcm rise@4.848ns - clk_core_mmcm rise@0.000ns)
  Data Path Delay:        9.722ns  (logic 5.783ns (59.483%)  route 3.939ns (40.517%))
  Logic Levels:           9  (CARRY4=7 LUT4=1 LUT6=1)
  Clock Path Skew:        -0.024ns (DCD - SCD + CPR)
    Destination Clock Delay (DCD):    8.716ns = ( 13.564 - 4.848 ) 
    Source Clock Delay      (SCD):    9.248ns
    Clock Pessimism Removal (CPR):    0.508ns
  Clock Uncertainty:      0.074ns  ((TSJ^2 + DJ^2)^1/2) / 2 + PE
    Total System Jitter     (TSJ):    0.071ns
    Discrete Jitter          (DJ):    0.131ns
    Phase Error              (PE):    0.000ns

    Location             Delay type                Incr(ns)  Path(ns)    Netlist Resource(s)
  -------------------------------------------------------------------    -------------------
                         (clock clk_core_mmcm rise edge)
                                                      0.000     0.000 r  
    E3                                                0.000     0.000 r  clk_100mhz (IN)
                         net (fo=0)                   0.000     0.000    clk_100mhz
    E3                   IBUF (Prop_ibuf_I_O)         1.482     1.482 r  clk_100mhz_IBUF_inst/O
                         net (fo=1, routed)           2.025     3.506    clk_100mhz_IBUF
    BUFGCTRL_X0Y16       BUFG (Prop_bufg_I_O)         0.096     3.602 r  clk_100mhz_IBUF_BUFG_inst/O
                         net (fo=2651, routed)        1.809     5.412    clk_100mhz_IBUF_BUFG
    MMCME2_ADV_X0Y0      MMCME2_ADV (Prop_mmcme2_adv_CLKIN1_CLKOUT0)
                                                      0.088     5.500 r  u_mmcm/CLKOUT0
                         net (fo=1, routed)           2.018     7.518    clk_core_mmcm
    BUFGCTRL_X0Y0        BUFG (Prop_bufg_I_O)         0.096     7.614 r  u_bufg_core/O
                         net (fo=4040, routed)        1.633     9.248    u_mlkem/u_sponge/clk_core
    SLICE_X43Y56         FDRE                                         r  u_mlkem/u_sponge/pos_reg[2]_rep_replica/C
  -------------------------------------------------------------------    -------------------
    SLICE_X43Y56         FDRE (Prop_fdre_C_Q)         0.456     9.704 f  u_mlkem/u_sponge/pos_reg[2]_rep_replica/Q
                         net (fo=12, routed)          0.812    10.515    u_mlkem/u_sponge/pos_reg[2]_rep_n_0_repN
    SLICE_X46Y56         LUT4 (Prop_lut4_I0_O)        0.124    10.639 r  u_mlkem/u_sponge/cr_d[15]_i_6/O
                         net (fo=1, routed)           0.000    10.639    u_mlkem/u_sponge/cr_d[15]_i_6_n_0
    SLICE_X46Y56         CARRY4 (Prop_carry4_S[2]_CO[3])
                                                      0.380    11.019 r  u_mlkem/u_sponge/cr_d_reg[15]_i_3/CO[3]
                         net (fo=8, routed)           0.794    11.813    u_mlkem/u_sponge/cr_d_reg[15]_i_3_n_0
    SLICE_X45Y55         CARRY4 (Prop_carry4_CYINIT_CO[2])
                                                      0.592    12.405 r  u_mlkem/u_sponge/cr_d_reg[23]_i_3/CO[2]
                         net (fo=8, routed)           0.350    12.755    u_mlkem/u_sponge/cr_d_reg[23]_i_3_n_1
    SLICE_X44Y54         CARRY4 (Prop_carry4_CYINIT_CO[2])
                                                      0.781    13.536 r  u_mlkem/u_sponge/cr_d_reg[31]_i_3/CO[2]
                         net (fo=8, routed)           0.353    13.888    u_mlkem/u_sponge/cr_d_reg[31]_i_3_n_1
    SLICE_X43Y55         CARRY4 (Prop_carry4_CYINIT_CO[2])
                                                      0.781    14.669 r  u_mlkem/u_sponge/cr_d_reg[39]_i_3/CO[2]
                         net (fo=8, routed)           0.510    15.179    u_mlkem/u_sponge/cr_d_reg[39]_i_3_n_1
    SLICE_X44Y52         CARRY4 (Prop_carry4_CYINIT_CO[2])
                                                      0.781    15.960 r  u_mlkem/u_sponge/cr_d_reg[47]_i_3/CO[2]
                         net (fo=8, routed)           0.399    16.360    u_mlkem/u_sponge/cr_d_reg[47]_i_3_n_1
    SLICE_X45Y51         CARRY4 (Prop_carry4_CYINIT_CO[2])
                                                      0.781    17.141 r  u_mlkem/u_sponge/cr_d_reg[55]_i_3/CO[2]
                         net (fo=8, routed)           0.377    17.517    u_mlkem/u_sponge/cr_d_reg[55]_i_3_n_1
    SLICE_X42Y51         CARRY4 (Prop_carry4_CYINIT_CO[2])
                                                      0.797    18.314 f  u_mlkem/u_sponge/cr_d_reg[63]_i_3/CO[2]
                         net (fo=7, routed)           0.345    18.660    u_mlkem/u_sponge/cr_d_reg[63]_i_3_n_1
    SLICE_X44Y51         LUT6 (Prop_lut6_I5_O)        0.310    18.970 r  u_mlkem/u_sponge/cr_d[59]_i_1/O
                         net (fo=1, routed)           0.000    18.970    u_mlkem/u_unpack/cr_d_reg[63]_0[59]
    SLICE_X44Y51         FDRE                                         r  u_mlkem/u_unpack/cr_d_reg[59]/D
  -------------------------------------------------------------------    -------------------

                         (clock clk_core_mmcm rise edge)
                                                      4.848     4.848 r  
    E3                                                0.000     4.848 r  clk_100mhz (IN)
                         net (fo=0)                   0.000     4.848    clk_100mhz
    E3                   IBUF (Prop_ibuf_I_O)         1.411     6.260 r  clk_100mhz_IBUF_inst/O
                         net (fo=1, routed)           1.920     8.180    clk_100mhz_IBUF
    BUFGCTRL_X0Y16       BUFG (Prop_bufg_I_O)         0.091     8.271 r  clk_100mhz_IBUF_BUFG_inst/O
                         net (fo=2651, routed)        1.683     9.954    clk_100mhz_IBUF_BUFG
    MMCME2_ADV_X0Y0      MMCME2_ADV (Prop_mmcme2_adv_CLKIN1_CLKOUT0)
                                                      0.083    10.037 r  u_mmcm/CLKOUT0
                         net (fo=1, routed)           1.923    11.960    clk_core_mmcm
    BUFGCTRL_X0Y0        BUFG (Prop_bufg_I_O)         0.091    12.051 r  u_bufg_core/O
                         net (fo=4040, routed)        1.513    13.564    u_mlkem/u_unpack/clk_core
    SLICE_X44Y51         FDRE                                         r  u_mlkem/u_unpack/cr_d_reg[59]/C
                         clock pessimism              0.508    14.072    
                         clock uncertainty           -0.074    13.997    
    SLICE_X44Y51         FDRE (Setup_fdre_C_D)        0.031    14.028    u_mlkem/u_unpack/cr_d_reg[59]
  -------------------------------------------------------------------
                         required time                         14.028    
                         arrival time                         -18.970    
  -------------------------------------------------------------------
                         slack                                 -4.941    

Slack (VIOLATED) :        -4.941ns  (required time - arrival time)
  Source:                 u_mlkem/u_sponge/pos_reg[2]_rep_replica/C
                            (rising edge-triggered cell FDRE clocked by clk_core_mmcm  {rise@0.000ns fall@2.424ns period=4.848ns})
  Destination:            u_mlkem/u_unpack/cr_d_reg[57]/D
                            (rising edge-triggered cell FDRE clocked by clk_core_mmcm  {rise@0.000ns fall@2.424ns period=4.848ns})
  Path Group:             clk_core_mmcm
  Path Type:              Setup (Max at Slow Process Corner)
  Requirement:            4.848ns  (clk_core_mmcm rise@4.848ns - clk_core_mmcm rise@0.000ns)
  Data Path Delay:        9.722ns  (logic 5.783ns (59.484%)  route 3.939ns (40.516%))
  Logic Levels:           9  (CARRY4=7 LUT4=1 LUT6=1)
  Clock Path Skew:        -0.024ns (DCD - SCD + CPR)
    Destination Clock Delay (DCD):    8.716ns = ( 13.564 - 4.848 ) 
    Source Clock Delay      (SCD):    9.248ns
    Clock Pessimism Removal (CPR):    0.508ns
  Clock Uncertainty:      0.074ns  ((TSJ^2 + DJ^2)^1/2) / 2 + PE
    Total System Jitter     (TSJ):    0.071ns
    Discrete Jitter          (DJ):    0.131ns
    Phase Error              (PE):    0.000ns

    Location             Delay type                Incr(ns)  Path(ns)    Netlist Resource(s)
  -------------------------------------------------------------------    -------------------
                         (clock clk_core_mmcm rise edge)
                                                      0.000     0.000 r  
    E3                                                0.000     0.000 r  clk_100mhz (IN)
                         net (fo=0)                   0.000     0.000    clk_100mhz
    E3                   IBUF (Prop_ibuf_I_O)         1.482     1.482 r  clk_100mhz_IBUF_inst/O
                         net (fo=1, routed)           2.025     3.506    clk_100mhz_IBUF
    BUFGCTRL_X0Y16       BUFG (Prop_bufg_I_O)         0.096     3.602 r  clk_100mhz_IBUF_BUFG_inst/O
                         net (fo=2651, routed)        1.809     5.412    clk_100mhz_IBUF_BUFG
    MMCME2_ADV_X0Y0      MMCME2_ADV (Prop_mmcme2_adv_CLKIN1_CLKOUT0)
                                                      0.088     5.500 r  u_mmcm/CLKOUT0
                         net (fo=1, routed)           2.018     7.518    clk_core_mmcm
    BUFGCTRL_X0Y0        BUFG (Prop_bufg_I_O)         0.096     7.614 r  u_bufg_core/O
                         net (fo=4040, routed)        1.633     9.248    u_mlkem/u_sponge/clk_core
    SLICE_X43Y56         FDRE                                         r  u_mlkem/u_sponge/pos_reg[2]_rep_replica/C
  -------------------------------------------------------------------    -------------------
    SLICE_X43Y56         FDRE (Prop_fdre_C_Q)         0.456     9.704 f  u_mlkem/u_sponge/pos_reg[2]_rep_replica/Q
                         net (fo=12, routed)          0.812    10.515    u_mlkem/u_sponge/pos_reg[2]_rep_n_0_repN
    SLICE_X46Y56         LUT4 (Prop_lut4_I0_O)        0.124    10.639 r  u_mlkem/u_sponge/cr_d[15]_i_6/O
                         net (fo=1, routed)           0.000    10.639    u_mlkem/u_sponge/cr_d[15]_i_6_n_0
    SLICE_X46Y56         CARRY4 (Prop_carry4_S[2]_CO[3])
                                                      0.380    11.019 r  u_mlkem/u_sponge/cr_d_reg[15]_i_3/CO[3]
                         net (fo=8, routed)           0.794    11.813    u_mlkem/u_sponge/cr_d_reg[15]_i_3_n_0
    SLICE_X45Y55         CARRY4 (Prop_carry4_CYINIT_CO[2])
                                                      0.592    12.405 r  u_mlkem/u_sponge/cr_d_reg[23]_i_3/CO[2]
                         net (fo=8, routed)           0.350    12.755    u_mlkem/u_sponge/cr_d_reg[23]_i_3_n_1
    SLICE_X44Y54         CARRY4 (Prop_carry4_CYINIT_CO[2])
                                                      0.781    13.536 r  u_mlkem/u_sponge/cr_d_reg[31]_i_3/CO[2]
                         net (fo=8, routed)           0.353    13.888    u_mlkem/u_sponge/cr_d_reg[31]_i_3_n_1
    SLICE_X43Y55         CARRY4 (Prop_carry4_CYINIT_CO[2])
                                                      0.781    14.669 r  u_mlkem/u_sponge/cr_d_reg[39]_i_3/CO[2]
                         net (fo=8, routed)           0.510    15.179    u_mlkem/u_sponge/cr_d_reg[39]_i_3_n_1
    SLICE_X44Y52         CARRY4 (Prop_carry4_CYINIT_CO[2])
                                                      0.781    15.960 r  u_mlkem/u_sponge/cr_d_reg[47]_i_3/CO[2]
                         net (fo=8, routed)           0.399    16.360    u_mlkem/u_sponge/cr_d_reg[47]_i_3_n_1
    SLICE_X45Y51         CARRY4 (Prop_carry4_CYINIT_CO[2])
                                                      0.781    17.141 r  u_mlkem/u_sponge/cr_d_reg[55]_i_3/CO[2]
                         net (fo=8, routed)           0.377    17.517    u_mlkem/u_sponge/cr_d_reg[55]_i_3_n_1
    SLICE_X42Y51         CARRY4 (Prop_carry4_CYINIT_CO[2])
                                                      0.797    18.314 f  u_mlkem/u_sponge/cr_d_reg[63]_i_3/CO[2]
                         net (fo=7, routed)           0.345    18.659    u_mlkem/u_sponge/cr_d_reg[63]_i_3_n_1
    SLICE_X44Y51         LUT6 (Prop_lut6_I5_O)        0.310    18.969 r  u_mlkem/u_sponge/cr_d[57]_i_1/O
                         net (fo=1, routed)           0.000    18.969    u_mlkem/u_unpack/cr_d_reg[63]_0[57]
    SLICE_X44Y51         FDRE                                         r  u_mlkem/u_unpack/cr_d_reg[57]/D
  -------------------------------------------------------------------    -------------------

                         (clock clk_core_mmcm rise edge)
                                                      4.848     4.848 r  
    E3                                                0.000     4.848 r  clk_100mhz (IN)
                         net (fo=0)                   0.000     4.848    clk_100mhz
    E3                   IBUF (Prop_ibuf_I_O)         1.411     6.260 r  clk_100mhz_IBUF_inst/O
                         net (fo=1, routed)           1.920     8.180    clk_100mhz_IBUF
    BUFGCTRL_X0Y16       BUFG (Prop_bufg_I_O)         0.091     8.271 r  clk_100mhz_IBUF_BUFG_inst/O
                         net (fo=2651, routed)        1.683     9.954    clk_100mhz_IBUF_BUFG
    MMCME2_ADV_X0Y0      MMCME2_ADV (Prop_mmcme2_adv_CLKIN1_CLKOUT0)
                                                      0.083    10.037 r  u_mmcm/CLKOUT0
                         net (fo=1, routed)           1.923    11.960    clk_core_mmcm
    BUFGCTRL_X0Y0        BUFG (Prop_bufg_I_O)         0.091    12.051 r  u_bufg_core/O
                         net (fo=4040, routed)        1.513    13.564    u_mlkem/u_unpack/clk_core
    SLICE_X44Y51         FDRE                                         r  u_mlkem/u_unpack/cr_d_reg[57]/C
                         clock pessimism              0.508    14.072    
                         clock uncertainty           -0.074    13.997    
    SLICE_X44Y51         FDRE (Setup_fdre_C_D)        0.031    14.028    u_mlkem/u_unpack/cr_d_reg[57]
  -------------------------------------------------------------------
                         required time                         14.028    
                         arrival time                         -18.969    
  -------------------------------------------------------------------
                         slack                                 -4.941    

Slack (VIOLATED) :        -4.937ns  (required time - arrival time)
  Source:                 u_mlkem/u_sponge/pos_reg[2]_rep_replica/C
                            (rising edge-triggered cell FDRE clocked by clk_core_mmcm  {rise@0.000ns fall@2.424ns period=4.848ns})
  Destination:            u_mlkem/u_unpack/cr_d_reg[60]/D
                            (rising edge-triggered cell FDRE clocked by clk_core_mmcm  {rise@0.000ns fall@2.424ns period=4.848ns})
  Path Group:             clk_core_mmcm
  Path Type:              Setup (Max at Slow Process Corner)
  Requirement:            4.848ns  (clk_core_mmcm rise@4.848ns - clk_core_mmcm rise@0.000ns)
  Data Path Delay:        9.716ns  (logic 5.783ns (59.522%)  route 3.933ns (40.477%))
  Logic Levels:           9  (CARRY4=7 LUT4=1 LUT6=1)
  Clock Path Skew:        -0.024ns (DCD - SCD + CPR)
    Destination Clock Delay (DCD):    8.716ns = ( 13.564 - 4.848 ) 
    Source Clock Delay      (SCD):    9.248ns
    Clock Pessimism Removal (CPR):    0.508ns
  Clock Uncertainty:      0.074ns  ((TSJ^2 + DJ^2)^1/2) / 2 + PE
    Total System Jitter     (TSJ):    0.071ns
    Discrete Jitter          (DJ):    0.131ns
    Phase Error              (PE):    0.000ns

    Location             Delay type                Incr(ns)  Path(ns)    Netlist Resource(s)
  -------------------------------------------------------------------    -------------------
                         (clock clk_core_mmcm rise edge)
                                                      0.000     0.000 r  
    E3                                                0.000     0.000 r  clk_100mhz (IN)
                         net (fo=0)                   0.000     0.000    clk_100mhz
    E3                   IBUF (Prop_ibuf_I_O)         1.482     1.482 r  clk_100mhz_IBUF_inst/O
                         net (fo=1, routed)           2.025     3.506    clk_100mhz_IBUF
    BUFGCTRL_X0Y16       BUFG (Prop_bufg_I_O)         0.096     3.602 r  clk_100mhz_IBUF_BUFG_inst/O
                         net (fo=2651, routed)        1.809     5.412    clk_100mhz_IBUF_BUFG
    MMCME2_ADV_X0Y0      MMCME2_ADV (Prop_mmcme2_adv_CLKIN1_CLKOUT0)
                                                      0.088     5.500 r  u_mmcm/CLKOUT0
                         net (fo=1, routed)           2.018     7.518    clk_core_mmcm
    BUFGCTRL_X0Y0        BUFG (Prop_bufg_I_O)         0.096     7.614 r  u_bufg_core/O
                         net (fo=4040, routed)        1.633     9.248    u_mlkem/u_sponge/clk_core
    SLICE_X43Y56         FDRE                                         r  u_mlkem/u_sponge/pos_reg[2]_rep_replica/C
  -------------------------------------------------------------------    -------------------
    SLICE_X43Y56         FDRE (Prop_fdre_C_Q)         0.456     9.704 f  u_mlkem/u_sponge/pos_reg[2]_rep_replica/Q
                         net (fo=12, routed)          0.812    10.515    u_mlkem/u_sponge/pos_reg[2]_rep_n_0_repN
    SLICE_X46Y56         LUT4 (Prop_lut4_I0_O)        0.124    10.639 r  u_mlkem/u_sponge/cr_d[15]_i_6/O
                         net (fo=1, routed)           0.000    10.639    u_mlkem/u_sponge/cr_d[15]_i_6_n_0
    SLICE_X46Y56         CARRY4 (Prop_carry4_S[2]_CO[3])
                                                      0.380    11.019 r  u_mlkem/u_sponge/cr_d_reg[15]_i_3/CO[3]
                         net (fo=8, routed)           0.794    11.813    u_mlkem/u_sponge/cr_d_reg[15]_i_3_n_0
    SLICE_X45Y55         CARRY4 (Prop_carry4_CYINIT_CO[2])
                                                      0.592    12.405 r  u_mlkem/u_sponge/cr_d_reg[23]_i_3/CO[2]
                         net (fo=8, routed)           0.350    12.755    u_mlkem/u_sponge/cr_d_reg[23]_i_3_n_1
    SLICE_X44Y54         CARRY4 (Prop_carry4_CYINIT_CO[2])
                                                      0.781    13.536 r  u_mlkem/u_sponge/cr_d_reg[31]_i_3/CO[2]
                         net (fo=8, routed)           0.353    13.888    u_mlkem/u_sponge/cr_d_reg[31]_i_3_n_1
    SLICE_X43Y55         CARRY4 (Prop_carry4_CYINIT_CO[2])
                                                      0.781    14.669 r  u_mlkem/u_sponge/cr_d_reg[39]_i_3/CO[2]
                         net (fo=8, routed)           0.510    15.179    u_mlkem/u_sponge/cr_d_reg[39]_i_3_n_1
    SLICE_X44Y52         CARRY4 (Prop_carry4_CYINIT_CO[2])
                                                      0.781    15.960 r  u_mlkem/u_sponge/cr_d_reg[47]_i_3/CO[2]
                         net (fo=8, routed)           0.399    16.360    u_mlkem/u_sponge/cr_d_reg[47]_i_3_n_1
    SLICE_X45Y51         CARRY4 (Prop_carry4_CYINIT_CO[2])
                                                      0.781    17.141 r  u_mlkem/u_sponge/cr_d_reg[55]_i_3/CO[2]
                         net (fo=8, routed)           0.377    17.517    u_mlkem/u_sponge/cr_d_reg[55]_i_3_n_1
    SLICE_X42Y51         CARRY4 (Prop_carry4_CYINIT_CO[2])
                                                      0.797    18.314 f  u_mlkem/u_sponge/cr_d_reg[63]_i_3/CO[2]
                         net (fo=7, routed)           0.339    18.653    u_mlkem/u_sponge/cr_d_reg[63]_i_3_n_1
    SLICE_X43Y51         LUT6 (Prop_lut6_I5_O)        0.310    18.963 r  u_mlkem/u_sponge/cr_d[60]_i_1/O
                         net (fo=1, routed)           0.000    18.963    u_mlkem/u_unpack/cr_d_reg[63]_0[60]
    SLICE_X43Y51         FDRE                                         r  u_mlkem/u_unpack/cr_d_reg[60]/D
  -------------------------------------------------------------------    -------------------

                         (clock clk_core_mmcm rise edge)
                                                      4.848     4.848 r  
    E3                                                0.000     4.848 r  clk_100mhz (IN)
                         net (fo=0)                   0.000     4.848    clk_100mhz
    E3                   IBUF (Prop_ibuf_I_O)         1.411     6.260 r  clk_100mhz_IBUF_inst/O
                         net (fo=1, routed)           1.920     8.180    clk_100mhz_IBUF
    BUFGCTRL_X0Y16       BUFG (Prop_bufg_I_O)         0.091     8.271 r  clk_100mhz_IBUF_BUFG_inst/O
                         net (fo=2651, routed)        1.683     9.954    clk_100mhz_IBUF_BUFG
    MMCME2_ADV_X0Y0      MMCME2_ADV (Prop_mmcme2_adv_CLKIN1_CLKOUT0)
                                                      0.083    10.037 r  u_mmcm/CLKOUT0
                         net (fo=1, routed)           1.923    11.960    clk_core_mmcm
    BUFGCTRL_X0Y0        BUFG (Prop_bufg_I_O)         0.091    12.051 r  u_bufg_core/O
                         net (fo=4040, routed)        1.513    13.564    u_mlkem/u_unpack/clk_core
    SLICE_X43Y51         FDRE                                         r  u_mlkem/u_unpack/cr_d_reg[60]/C
                         clock pessimism              0.508    14.072    
                         clock uncertainty           -0.074    13.997    
    SLICE_X43Y51         FDRE (Setup_fdre_C_D)        0.029    14.026    u_mlkem/u_unpack/cr_d_reg[60]
  -------------------------------------------------------------------
                         required time                         14.026    
                         arrival time                         -18.963    
  -------------------------------------------------------------------
                         slack                                 -4.937    

Slack (VIOLATED) :        -4.932ns  (required time - arrival time)
  Source:                 u_mlkem/u_sponge/pos_reg[2]_rep_replica/C
                            (rising edge-triggered cell FDRE clocked by clk_core_mmcm  {rise@0.000ns fall@2.424ns period=4.848ns})
  Destination:            u_mlkem/u_unpack/cr_d_reg[58]/D
                            (rising edge-triggered cell FDRE clocked by clk_core_mmcm  {rise@0.000ns fall@2.424ns period=4.848ns})
  Path Group:             clk_core_mmcm
  Path Type:              Setup (Max at Slow Process Corner)
  Requirement:            4.848ns  (clk_core_mmcm rise@4.848ns - clk_core_mmcm rise@0.000ns)
  Data Path Delay:        9.713ns  (logic 5.783ns (59.541%)  route 3.930ns (40.459%))
  Logic Levels:           9  (CARRY4=7 LUT4=1 LUT6=1)
  Clock Path Skew:        -0.024ns (DCD - SCD + CPR)
    Destination Clock Delay (DCD):    8.716ns = ( 13.564 - 4.848 ) 
    Source Clock Delay      (SCD):    9.248ns
    Clock Pessimism Removal (CPR):    0.508ns
  Clock Uncertainty:      0.074ns  ((TSJ^2 + DJ^2)^1/2) / 2 + PE
    Total System Jitter     (TSJ):    0.071ns
    Discrete Jitter          (DJ):    0.131ns
    Phase Error              (PE):    0.000ns

    Location             Delay type                Incr(ns)  Path(ns)    Netlist Resource(s)
  -------------------------------------------------------------------    -------------------
                         (clock clk_core_mmcm rise edge)
                                                      0.000     0.000 r  
    E3                                                0.000     0.000 r  clk_100mhz (IN)
                         net (fo=0)                   0.000     0.000    clk_100mhz
    E3                   IBUF (Prop_ibuf_I_O)         1.482     1.482 r  clk_100mhz_IBUF_inst/O
                         net (fo=1, routed)           2.025     3.506    clk_100mhz_IBUF
    BUFGCTRL_X0Y16       BUFG (Prop_bufg_I_O)         0.096     3.602 r  clk_100mhz_IBUF_BUFG_inst/O
                         net (fo=2651, routed)        1.809     5.412    clk_100mhz_IBUF_BUFG
    MMCME2_ADV_X0Y0      MMCME2_ADV (Prop_mmcme2_adv_CLKIN1_CLKOUT0)
                                                      0.088     5.500 r  u_mmcm/CLKOUT0
                         net (fo=1, routed)           2.018     7.518    clk_core_mmcm
    BUFGCTRL_X0Y0        BUFG (Prop_bufg_I_O)         0.096     7.614 r  u_bufg_core/O
                         net (fo=4040, routed)        1.633     9.248    u_mlkem/u_sponge/clk_core
    SLICE_X43Y56         FDRE                                         r  u_mlkem/u_sponge/pos_reg[2]_rep_replica/C
  -------------------------------------------------------------------    -------------------
    SLICE_X43Y56         FDRE (Prop_fdre_C_Q)         0.456     9.704 f  u_mlkem/u_sponge/pos_reg[2]_rep_replica/Q
                         net (fo=12, routed)          0.812    10.515    u_mlkem/u_sponge/pos_reg[2]_rep_n_0_repN
    SLICE_X46Y56         LUT4 (Prop_lut4_I0_O)        0.124    10.639 r  u_mlkem/u_sponge/cr_d[15]_i_6/O
                         net (fo=1, routed)           0.000    10.639    u_mlkem/u_sponge/cr_d[15]_i_6_n_0
    SLICE_X46Y56         CARRY4 (Prop_carry4_S[2]_CO[3])
                                                      0.380    11.019 r  u_mlkem/u_sponge/cr_d_reg[15]_i_3/CO[3]
                         net (fo=8, routed)           0.794    11.813    u_mlkem/u_sponge/cr_d_reg[15]_i_3_n_0
    SLICE_X45Y55         CARRY4 (Prop_carry4_CYINIT_CO[2])
                                                      0.592    12.405 r  u_mlkem/u_sponge/cr_d_reg[23]_i_3/CO[2]
                         net (fo=8, routed)           0.350    12.755    u_mlkem/u_sponge/cr_d_reg[23]_i_3_n_1
    SLICE_X44Y54         CARRY4 (Prop_carry4_CYINIT_CO[2])
                                                      0.781    13.536 r  u_mlkem/u_sponge/cr_d_reg[31]_i_3/CO[2]
                         net (fo=8, routed)           0.353    13.888    u_mlkem/u_sponge/cr_d_reg[31]_i_3_n_1
    SLICE_X43Y55         CARRY4 (Prop_carry4_CYINIT_CO[2])
                                                      0.781    14.669 r  u_mlkem/u_sponge/cr_d_reg[39]_i_3/CO[2]
                         net (fo=8, routed)           0.510    15.179    u_mlkem/u_sponge/cr_d_reg[39]_i_3_n_1
    SLICE_X44Y52         CARRY4 (Prop_carry4_CYINIT_CO[2])
                                                      0.781    15.960 r  u_mlkem/u_sponge/cr_d_reg[47]_i_3/CO[2]
                         net (fo=8, routed)           0.399    16.360    u_mlkem/u_sponge/cr_d_reg[47]_i_3_n_1
    SLICE_X45Y51         CARRY4 (Prop_carry4_CYINIT_CO[2])
                                                      0.781    17.141 r  u_mlkem/u_sponge/cr_d_reg[55]_i_3/CO[2]
                         net (fo=8, routed)           0.377    17.517    u_mlkem/u_sponge/cr_d_reg[55]_i_3_n_1
    SLICE_X42Y51         CARRY4 (Prop_carry4_CYINIT_CO[2])
                                                      0.797    18.314 f  u_mlkem/u_sponge/cr_d_reg[63]_i_3/CO[2]
                         net (fo=7, routed)           0.336    18.650    u_mlkem/u_sponge/cr_d_reg[63]_i_3_n_1
    SLICE_X43Y51         LUT6 (Prop_lut6_I5_O)        0.310    18.960 r  u_mlkem/u_sponge/cr_d[58]_i_1/O
                         net (fo=1, routed)           0.000    18.960    u_mlkem/u_unpack/cr_d_reg[63]_0[58]
    SLICE_X43Y51         FDRE                                         r  u_mlkem/u_unpack/cr_d_reg[58]/D
  -------------------------------------------------------------------    -------------------

                         (clock clk_core_mmcm rise edge)
                                                      4.848     4.848 r  
    E3                                                0.000     4.848 r  clk_100mhz (IN)
                         net (fo=0)                   0.000     4.848    clk_100mhz
    E3                   IBUF (Prop_ibuf_I_O)         1.411     6.260 r  clk_100mhz_IBUF_inst/O
                         net (fo=1, routed)           1.920     8.180    clk_100mhz_IBUF
    BUFGCTRL_X0Y16       BUFG (Prop_bufg_I_O)         0.091     8.271 r  clk_100mhz_IBUF_BUFG_inst/O
                         net (fo=2651, routed)        1.683     9.954    clk_100mhz_IBUF_BUFG
    MMCME2_ADV_X0Y0      MMCME2_ADV (Prop_mmcme2_adv_CLKIN1_CLKOUT0)
                                                      0.083    10.037 r  u_mmcm/CLKOUT0
                         net (fo=1, routed)           1.923    11.960    clk_core_mmcm
    BUFGCTRL_X0Y0        BUFG (Prop_bufg_I_O)         0.091    12.051 r  u_bufg_core/O
                         net (fo=4040, routed)        1.513    13.564    u_mlkem/u_unpack/clk_core
    SLICE_X43Y51         FDRE                                         r  u_mlkem/u_unpack/cr_d_reg[58]/C
                         clock pessimism              0.508    14.072    
                         clock uncertainty           -0.074    13.997    
    SLICE_X43Y51         FDRE (Setup_fdre_C_D)        0.031    14.028    u_mlkem/u_unpack/cr_d_reg[58]
  -------------------------------------------------------------------
                         required time                         14.028    
                         arrival time                         -18.960    
  -------------------------------------------------------------------
                         slack                                 -4.932    

Slack (VIOLATED) :        -4.911ns  (required time - arrival time)
  Source:                 u_mlkem/u_sponge/pos_reg[2]_rep_replica/C
                            (rising edge-triggered cell FDRE clocked by clk_core_mmcm  {rise@0.000ns fall@2.424ns period=4.848ns})
  Destination:            u_mlkem/u_unpack/cr_d_reg[56]/D
                            (rising edge-triggered cell FDRE clocked by clk_core_mmcm  {rise@0.000ns fall@2.424ns period=4.848ns})
  Path Group:             clk_core_mmcm
  Path Type:              Setup (Max at Slow Process Corner)
  Requirement:            4.848ns  (clk_core_mmcm rise@4.848ns - clk_core_mmcm rise@0.000ns)
  Data Path Delay:        9.693ns  (logic 5.801ns (59.845%)  route 3.892ns (40.155%))
  Logic Levels:           9  (CARRY4=7 LUT4=1 LUT6=1)
  Clock Path Skew:        -0.024ns (DCD - SCD + CPR)
    Destination Clock Delay (DCD):    8.716ns = ( 13.564 - 4.848 ) 
    Source Clock Delay      (SCD):    9.248ns
    Clock Pessimism Removal (CPR):    0.508ns
  Clock Uncertainty:      0.074ns  ((TSJ^2 + DJ^2)^1/2) / 2 + PE
    Total System Jitter     (TSJ):    0.071ns
    Discrete Jitter          (DJ):    0.131ns
    Phase Error              (PE):    0.000ns

    Location             Delay type                Incr(ns)  Path(ns)    Netlist Resource(s)
  -------------------------------------------------------------------    -------------------
                         (clock clk_core_mmcm rise edge)
                                                      0.000     0.000 r  
    E3                                                0.000     0.000 r  clk_100mhz (IN)
                         net (fo=0)                   0.000     0.000    clk_100mhz
    E3                   IBUF (Prop_ibuf_I_O)         1.482     1.482 r  clk_100mhz_IBUF_inst/O
                         net (fo=1, routed)           2.025     3.506    clk_100mhz_IBUF
    BUFGCTRL_X0Y16       BUFG (Prop_bufg_I_O)         0.096     3.602 r  clk_100mhz_IBUF_BUFG_inst/O
                         net (fo=2651, routed)        1.809     5.412    clk_100mhz_IBUF_BUFG
    MMCME2_ADV_X0Y0      MMCME2_ADV (Prop_mmcme2_adv_CLKIN1_CLKOUT0)
                                                      0.088     5.500 r  u_mmcm/CLKOUT0
                         net (fo=1, routed)           2.018     7.518    clk_core_mmcm
    BUFGCTRL_X0Y0        BUFG (Prop_bufg_I_O)         0.096     7.614 r  u_bufg_core/O
                         net (fo=4040, routed)        1.633     9.248    u_mlkem/u_sponge/clk_core
    SLICE_X43Y56         FDRE                                         r  u_mlkem/u_sponge/pos_reg[2]_rep_replica/C
  -------------------------------------------------------------------    -------------------
    SLICE_X43Y56         FDRE (Prop_fdre_C_Q)         0.456     9.704 f  u_mlkem/u_sponge/pos_reg[2]_rep_replica/Q
                         net (fo=12, routed)          0.812    10.515    u_mlkem/u_sponge/pos_reg[2]_rep_n_0_repN
    SLICE_X46Y56         LUT4 (Prop_lut4_I0_O)        0.124    10.639 r  u_mlkem/u_sponge/cr_d[15]_i_6/O
                         net (fo=1, routed)           0.000    10.639    u_mlkem/u_sponge/cr_d[15]_i_6_n_0
    SLICE_X46Y56         CARRY4 (Prop_carry4_S[2]_CO[3])
                                                      0.380    11.019 r  u_mlkem/u_sponge/cr_d_reg[15]_i_3/CO[3]
                         net (fo=8, routed)           0.794    11.813    u_mlkem/u_sponge/cr_d_reg[15]_i_3_n_0
    SLICE_X45Y55         CARRY4 (Prop_carry4_CYINIT_CO[2])
                                                      0.592    12.405 r  u_mlkem/u_sponge/cr_d_reg[23]_i_3/CO[2]
                         net (fo=8, routed)           0.350    12.755    u_mlkem/u_sponge/cr_d_reg[23]_i_3_n_1
    SLICE_X44Y54         CARRY4 (Prop_carry4_CYINIT_CO[2])
                                                      0.781    13.536 r  u_mlkem/u_sponge/cr_d_reg[31]_i_3/CO[2]
                         net (fo=8, routed)           0.353    13.888    u_mlkem/u_sponge/cr_d_reg[31]_i_3_n_1
    SLICE_X43Y55         CARRY4 (Prop_carry4_CYINIT_CO[2])
                                                      0.781    14.669 r  u_mlkem/u_sponge/cr_d_reg[39]_i_3/CO[2]
                         net (fo=8, routed)           0.510    15.179    u_mlkem/u_sponge/cr_d_reg[39]_i_3_n_1
    SLICE_X44Y52         CARRY4 (Prop_carry4_CYINIT_CO[2])
                                                      0.781    15.960 r  u_mlkem/u_sponge/cr_d_reg[47]_i_3/CO[2]
                         net (fo=8, routed)           0.399    16.360    u_mlkem/u_sponge/cr_d_reg[47]_i_3_n_1
    SLICE_X45Y51         CARRY4 (Prop_carry4_CYINIT_CO[2])
                                                      0.781    17.141 r  u_mlkem/u_sponge/cr_d_reg[55]_i_3/CO[2]
                         net (fo=8, routed)           0.377    17.517    u_mlkem/u_sponge/cr_d_reg[55]_i_3_n_1
    SLICE_X42Y51         CARRY4 (Prop_carry4_CYINIT_O[1])
                                                      0.819    18.336 r  u_mlkem/u_sponge/cr_d_reg[63]_i_3/O[1]
                         net (fo=1, routed)           0.299    18.635    u_mlkem/u_sponge/u_unpack/cr_d2[56]
    SLICE_X44Y51         LUT6 (Prop_lut6_I5_O)        0.306    18.941 r  u_mlkem/u_sponge/cr_d[56]_i_1/O
                         net (fo=1, routed)           0.000    18.941    u_mlkem/u_unpack/cr_d_reg[63]_0[56]
    SLICE_X44Y51         FDRE                                         r  u_mlkem/u_unpack/cr_d_reg[56]/D
  -------------------------------------------------------------------    -------------------

                         (clock clk_core_mmcm rise edge)
                                                      4.848     4.848 r  
    E3                                                0.000     4.848 r  clk_100mhz (IN)
                         net (fo=0)                   0.000     4.848    clk_100mhz
    E3                   IBUF (Prop_ibuf_I_O)         1.411     6.260 r  clk_100mhz_IBUF_inst/O
                         net (fo=1, routed)           1.920     8.180    clk_100mhz_IBUF
    BUFGCTRL_X0Y16       BUFG (Prop_bufg_I_O)         0.091     8.271 r  clk_100mhz_IBUF_BUFG_inst/O
                         net (fo=2651, routed)        1.683     9.954    clk_100mhz_IBUF_BUFG
    MMCME2_ADV_X0Y0      MMCME2_ADV (Prop_mmcme2_adv_CLKIN1_CLKOUT0)
                                                      0.083    10.037 r  u_mmcm/CLKOUT0
                         net (fo=1, routed)           1.923    11.960    clk_core_mmcm
    BUFGCTRL_X0Y0        BUFG (Prop_bufg_I_O)         0.091    12.051 r  u_bufg_core/O
                         net (fo=4040, routed)        1.513    13.564    u_mlkem/u_unpack/clk_core
    SLICE_X44Y51         FDRE                                         r  u_mlkem/u_unpack/cr_d_reg[56]/C
                         clock pessimism              0.508    14.072    
                         clock uncertainty           -0.074    13.997    
    SLICE_X44Y51         FDRE (Setup_fdre_C_D)        0.032    14.029    u_mlkem/u_unpack/cr_d_reg[56]
  -------------------------------------------------------------------
                         required time                         14.029    
                         arrival time                         -18.941    
  -------------------------------------------------------------------
                         slack                                 -4.911    

Slack (VIOLATED) :        -3.945ns  (required time - arrival time)
  Source:                 u_mlkem/u_ctrl/FSM_sequential_state_reg[1]/C
                            (rising edge-triggered cell FDRE clocked by clk_core_mmcm  {rise@0.000ns fall@2.424ns period=4.848ns})
  Destination:            u_mlkem/u_sponge/st_reg[673]/D
                            (rising edge-triggered cell FDRE clocked by clk_core_mmcm  {rise@0.000ns fall@2.424ns period=4.848ns})
  Path Group:             clk_core_mmcm
  Path Type:              Setup (Max at Slow Process Corner)
  Requirement:            4.848ns  (clk_core_mmcm rise@4.848ns - clk_core_mmcm rise@0.000ns)
  Data Path Delay:        8.627ns  (logic 3.160ns (36.629%)  route 5.467ns (63.371%))
  Logic Levels:           9  (CARRY4=3 LUT3=1 LUT4=1 LUT6=4)
  Clock Path Skew:        -0.123ns (DCD - SCD + CPR)
    Destination Clock Delay (DCD):    8.704ns = ( 13.552 - 4.848 ) 
    Source Clock Delay      (SCD):    9.247ns
    Clock Pessimism Removal (CPR):    0.420ns
  Clock Uncertainty:      0.074ns  ((TSJ^2 + DJ^2)^1/2) / 2 + PE
    Total System Jitter     (TSJ):    0.071ns
    Discrete Jitter          (DJ):    0.131ns
    Phase Error              (PE):    0.000ns

    Location             Delay type                Incr(ns)  Path(ns)    Netlist Resource(s)
  -------------------------------------------------------------------    -------------------
                         (clock clk_core_mmcm rise edge)
                                                      0.000     0.000 r  
    E3                                                0.000     0.000 r  clk_100mhz (IN)
                         net (fo=0)                   0.000     0.000    clk_100mhz
    E3                   IBUF (Prop_ibuf_I_O)         1.482     1.482 r  clk_100mhz_IBUF_inst/O
                         net (fo=1, routed)           2.025     3.506    clk_100mhz_IBUF
    BUFGCTRL_X0Y16       BUFG (Prop_bufg_I_O)         0.096     3.602 r  clk_100mhz_IBUF_BUFG_inst/O
                         net (fo=2651, routed)        1.809     5.412    clk_100mhz_IBUF_BUFG
    MMCME2_ADV_X0Y0      MMCME2_ADV (Prop_mmcme2_adv_CLKIN1_CLKOUT0)
                                                      0.088     5.500 r  u_mmcm/CLKOUT0
                         net (fo=1, routed)           2.018     7.518    clk_core_mmcm
    BUFGCTRL_X0Y0        BUFG (Prop_bufg_I_O)         0.096     7.614 r  u_bufg_core/O
                         net (fo=4040, routed)        1.632     9.247    u_mlkem/u_ctrl/clk_core
    SLICE_X43Y58         FDRE                                         r  u_mlkem/u_ctrl/FSM_sequential_state_reg[1]/C
  -------------------------------------------------------------------    -------------------
    SLICE_X43Y58         FDRE (Prop_fdre_C_Q)         0.456     9.703 r  u_mlkem/u_ctrl/FSM_sequential_state_reg[1]/Q
                         net (fo=167, routed)         0.660    10.363    u_mlkem/u_ctrl/state__0[1]
    SLICE_X43Y59         LUT4 (Prop_lut4_I2_O)        0.124    10.487 r  u_mlkem/u_ctrl/pos[3]_i_6/O
                         net (fo=89, routed)          0.399    10.886    u_mlkem/u_ctrl/FSM_sequential_state_reg[3]_0
    SLICE_X44Y59         LUT6 (Prop_lut6_I5_O)        0.124    11.010 r  u_mlkem/u_ctrl/st[1342]_i_13/O
                         net (fo=1, routed)           0.331    11.341    u_mlkem/u_ctrl/u_sponge/ab_mask1[8]
    SLICE_X44Y60         CARRY4 (Prop_carry4_DI[2]_CO[3])
                                                      0.398    11.739 r  u_mlkem/u_ctrl/st_reg[1342]_i_9/CO[3]
                         net (fo=21, routed)          1.034    12.773    u_mlkem/u_ctrl/st_reg[1342]_i_9_n_0
    SLICE_X45Y60         CARRY4 (Prop_carry4_CYINIT_CO[2])
                                                      0.592    13.365 r  u_mlkem/u_ctrl/st_reg[1342]_i_8/CO[2]
                         net (fo=22, routed)          0.441    13.806    u_mlkem/u_ctrl/st_reg[1342]_i_8_n_1
    SLICE_X45Y59         CARRY4 (Prop_carry4_CYINIT_CO[2])
                                                      0.781    14.587 f  u_mlkem/u_ctrl/st_reg[1342]_i_10/CO[2]
                         net (fo=20, routed)          0.727    15.314    u_mlkem/u_ctrl/st_reg[1342]_i_10_n_1
    SLICE_X48Y60         LUT6 (Prop_lut6_I2_O)        0.313    15.627 r  u_mlkem/u_ctrl/st[1313]_i_5/O
                         net (fo=2, routed)           0.444    16.071    u_mlkem/u_ctrl/st[1313]_i_5_n_0
    SLICE_X50Y60         LUT3 (Prop_lut3_I0_O)        0.124    16.195 r  u_mlkem/u_ctrl/st[1313]_i_4/O
                         net (fo=21, routed)          1.138    17.333    u_mlkem/u_sponge/st_reg[1151]_0[13]
    SLICE_X63Y65         LUT6 (Prop_lut6_I4_O)        0.124    17.457 r  u_mlkem/u_sponge/st[673]_i_5/O
                         net (fo=1, routed)           0.292    17.750    u_mlkem/u_sponge/st[673]_i_5_n_0
    SLICE_X63Y66         LUT6 (Prop_lut6_I4_O)        0.124    17.874 r  u_mlkem/u_sponge/st[673]_i_1/O
                         net (fo=1, routed)           0.000    17.874    u_mlkem/u_sponge/st[673]_i_1_n_0
    SLICE_X63Y66         FDRE                                         r  u_mlkem/u_sponge/st_reg[673]/D
  -------------------------------------------------------------------    -------------------

                         (clock clk_core_mmcm rise edge)
                                                      4.848     4.848 r  
    E3                                                0.000     4.848 r  clk_100mhz (IN)
                         net (fo=0)                   0.000     4.848    clk_100mhz
    E3                   IBUF (Prop_ibuf_I_O)         1.411     6.260 r  clk_100mhz_IBUF_inst/O
                         net (fo=1, routed)           1.920     8.180    clk_100mhz_IBUF
    BUFGCTRL_X0Y16       BUFG (Prop_bufg_I_O)         0.091     8.271 r  clk_100mhz_IBUF_BUFG_inst/O
                         net (fo=2651, routed)        1.683     9.954    clk_100mhz_IBUF_BUFG
    MMCME2_ADV_X0Y0      MMCME2_ADV (Prop_mmcme2_adv_CLKIN1_CLKOUT0)
                                                      0.083    10.037 r  u_mmcm/CLKOUT0
                         net (fo=1, routed)           1.923    11.960    clk_core_mmcm
    BUFGCTRL_X0Y0        BUFG (Prop_bufg_I_O)         0.091    12.051 r  u_bufg_core/O
                         net (fo=4040, routed)        1.501    13.552    u_mlkem/u_sponge/clk_core
    SLICE_X63Y66         FDRE                                         r  u_mlkem/u_sponge/st_reg[673]/C
                         clock pessimism              0.420    13.972    
                         clock uncertainty           -0.074    13.897    
    SLICE_X63Y66         FDRE (Setup_fdre_C_D)        0.031    13.928    u_mlkem/u_sponge/st_reg[673]
  -------------------------------------------------------------------
                         required time                         13.928    
                         arrival time                         -17.874    
  -------------------------------------------------------------------
                         slack                                 -3.945    

Slack (VIOLATED) :        -3.923ns  (required time - arrival time)
  Source:                 u_mlkem/u_ctrl/FSM_sequential_state_reg[1]/C
                            (rising edge-triggered cell FDRE clocked by clk_core_mmcm  {rise@0.000ns fall@2.424ns period=4.848ns})
  Destination:            u_mlkem/u_sponge/st_reg[361]/D
                            (rising edge-triggered cell FDRE clocked by clk_core_mmcm  {rise@0.000ns fall@2.424ns period=4.848ns})
  Path Group:             clk_core_mmcm
  Path Type:              Setup (Max at Slow Process Corner)
  Requirement:            4.848ns  (clk_core_mmcm rise@4.848ns - clk_core_mmcm rise@0.000ns)
  Data Path Delay:        8.597ns  (logic 3.160ns (36.756%)  route 5.437ns (63.244%))
  Logic Levels:           9  (CARRY4=3 LUT3=1 LUT4=1 LUT6=4)
  Clock Path Skew:        -0.129ns (DCD - SCD + CPR)
    Destination Clock Delay (DCD):    8.698ns = ( 13.546 - 4.848 ) 
    Source Clock Delay      (SCD):    9.247ns
    Clock Pessimism Removal (CPR):    0.420ns
  Clock Uncertainty:      0.074ns  ((TSJ^2 + DJ^2)^1/2) / 2 + PE
    Total System Jitter     (TSJ):    0.071ns
    Discrete Jitter          (DJ):    0.131ns
    Phase Error              (PE):    0.000ns

    Location             Delay type                Incr(ns)  Path(ns)    Netlist Resource(s)
  -------------------------------------------------------------------    -------------------
                         (clock clk_core_mmcm rise edge)
                                                      0.000     0.000 r  
    E3                                                0.000     0.000 r  clk_100mhz (IN)
                         net (fo=0)                   0.000     0.000    clk_100mhz
    E3                   IBUF (Prop_ibuf_I_O)         1.482     1.482 r  clk_100mhz_IBUF_inst/O
                         net (fo=1, routed)           2.025     3.506    clk_100mhz_IBUF
    BUFGCTRL_X0Y16       BUFG (Prop_bufg_I_O)         0.096     3.602 r  clk_100mhz_IBUF_BUFG_inst/O
                         net (fo=2651, routed)        1.809     5.412    clk_100mhz_IBUF_BUFG
    MMCME2_ADV_X0Y0      MMCME2_ADV (Prop_mmcme2_adv_CLKIN1_CLKOUT0)
                                                      0.088     5.500 r  u_mmcm/CLKOUT0
                         net (fo=1, routed)           2.018     7.518    clk_core_mmcm
    BUFGCTRL_X0Y0        BUFG (Prop_bufg_I_O)         0.096     7.614 r  u_bufg_core/O
                         net (fo=4040, routed)        1.632     9.247    u_mlkem/u_ctrl/clk_core
    SLICE_X43Y58         FDRE                                         r  u_mlkem/u_ctrl/FSM_sequential_state_reg[1]/C
  -------------------------------------------------------------------    -------------------
    SLICE_X43Y58         FDRE (Prop_fdre_C_Q)         0.456     9.703 r  u_mlkem/u_ctrl/FSM_sequential_state_reg[1]/Q
                         net (fo=167, routed)         0.660    10.363    u_mlkem/u_ctrl/state__0[1]
    SLICE_X43Y59         LUT4 (Prop_lut4_I2_O)        0.124    10.487 r  u_mlkem/u_ctrl/pos[3]_i_6/O
                         net (fo=89, routed)          0.399    10.886    u_mlkem/u_ctrl/FSM_sequential_state_reg[3]_0
    SLICE_X44Y59         LUT6 (Prop_lut6_I5_O)        0.124    11.010 r  u_mlkem/u_ctrl/st[1342]_i_13/O
                         net (fo=1, routed)           0.331    11.341    u_mlkem/u_ctrl/u_sponge/ab_mask1[8]
    SLICE_X44Y60         CARRY4 (Prop_carry4_DI[2]_CO[3])
                                                      0.398    11.739 r  u_mlkem/u_ctrl/st_reg[1342]_i_9/CO[3]
                         net (fo=21, routed)          1.034    12.773    u_mlkem/u_ctrl/st_reg[1342]_i_9_n_0
    SLICE_X45Y60         CARRY4 (Prop_carry4_CYINIT_CO[2])
                                                      0.592    13.365 r  u_mlkem/u_ctrl/st_reg[1342]_i_8/CO[2]
                         net (fo=22, routed)          0.441    13.806    u_mlkem/u_ctrl/st_reg[1342]_i_8_n_1
    SLICE_X45Y59         CARRY4 (Prop_carry4_CYINIT_CO[2])
                                                      0.781    14.587 f  u_mlkem/u_ctrl/st_reg[1342]_i_10/CO[2]
                         net (fo=20, routed)          0.544    15.131    u_mlkem/u_ctrl/st_reg[1342]_i_10_n_1
    SLICE_X49Y59         LUT6 (Prop_lut6_I0_O)        0.313    15.444 r  u_mlkem/u_ctrl/st[1329]_i_5/O
                         net (fo=2, routed)           0.488    15.932    u_mlkem/u_ctrl/st[1329]_i_5_n_0
    SLICE_X51Y63         LUT3 (Prop_lut3_I2_O)        0.124    16.056 r  u_mlkem/u_ctrl/st[1321]_i_4/O
                         net (fo=21, routed)          0.918    16.974    u_mlkem/u_sponge/st_reg[1151]_0[18]
    SLICE_X61Y68         LUT6 (Prop_lut6_I4_O)        0.124    17.098 r  u_mlkem/u_sponge/st[361]_i_2/O
                         net (fo=1, routed)           0.622    17.720    u_mlkem/u_sponge/st[361]_i_2_n_0
    SLICE_X61Y69         LUT6 (Prop_lut6_I4_O)        0.124    17.844 r  u_mlkem/u_sponge/st[361]_i_1/O
                         net (fo=1, routed)           0.000    17.844    u_mlkem/u_sponge/st[361]_i_1_n_0
    SLICE_X61Y69         FDRE                                         r  u_mlkem/u_sponge/st_reg[361]/D
  -------------------------------------------------------------------    -------------------

                         (clock clk_core_mmcm rise edge)
                                                      4.848     4.848 r  
    E3                                                0.000     4.848 r  clk_100mhz (IN)
                         net (fo=0)                   0.000     4.848    clk_100mhz
    E3                   IBUF (Prop_ibuf_I_O)         1.411     6.260 r  clk_100mhz_IBUF_inst/O
                         net (fo=1, routed)           1.920     8.180    clk_100mhz_IBUF
    BUFGCTRL_X0Y16       BUFG (Prop_bufg_I_O)         0.091     8.271 r  clk_100mhz_IBUF_BUFG_inst/O
                         net (fo=2651, routed)        1.683     9.954    clk_100mhz_IBUF_BUFG
    MMCME2_ADV_X0Y0      MMCME2_ADV (Prop_mmcme2_adv_CLKIN1_CLKOUT0)
                                                      0.083    10.037 r  u_mmcm/CLKOUT0
                         net (fo=1, routed)           1.923    11.960    clk_core_mmcm
    BUFGCTRL_X0Y0        BUFG (Prop_bufg_I_O)         0.091    12.051 r  u_bufg_core/O
                         net (fo=4040, routed)        1.495    13.546    u_mlkem/u_sponge/clk_core
    SLICE_X61Y69         FDRE                                         r  u_mlkem/u_sponge/st_reg[361]/C
                         clock pessimism              0.420    13.966    
                         clock uncertainty           -0.074    13.891    
    SLICE_X61Y69         FDRE (Setup_fdre_C_D)        0.029    13.920    u_mlkem/u_sponge/st_reg[361]
  -------------------------------------------------------------------
                         required time                         13.920    
                         arrival time                         -17.844    
  -------------------------------------------------------------------
                         slack                                 -3.923    





Min Delay Paths
--------------------------------------------------------------------------------------
Slack (MET) :             0.045ns  (arrival time - required time)
  Source:                 u_mlkem/u_unpack/bitbuf_reg[7]/C
                            (rising edge-triggered cell FDRE clocked by clk_core_mmcm  {rise@0.000ns fall@2.424ns period=4.848ns})
  Destination:            u_mlkem/u_unpack/f0_reg[7]/D
                            (rising edge-triggered cell FDRE clocked by clk_core_mmcm  {rise@0.000ns fall@2.424ns period=4.848ns})
  Path Group:             clk_core_mmcm
  Path Type:              Hold (Min at Fast Process Corner)
  Requirement:            0.000ns  (clk_core_mmcm rise@0.000ns - clk_core_mmcm rise@0.000ns)
  Data Path Delay:        0.402ns  (logic 0.186ns (46.227%)  route 0.216ns (53.773%))
  Logic Levels:           1  (LUT2=1)
  Clock Path Skew:        0.266ns (DCD - SCD - CPR)
    Destination Clock Delay (DCD):    3.744ns
    Source Clock Delay      (SCD):    2.892ns
    Clock Pessimism Removal (CPR):    0.586ns

    Location             Delay type                Incr(ns)  Path(ns)    Netlist Resource(s)
  -------------------------------------------------------------------    -------------------
                         (clock clk_core_mmcm rise edge)
                                                      0.000     0.000 r  
    E3                                                0.000     0.000 r  clk_100mhz (IN)
                         net (fo=0)                   0.000     0.000    clk_100mhz
    E3                   IBUF (Prop_ibuf_I_O)         0.250     0.250 r  clk_100mhz_IBUF_inst/O
                         net (fo=1, routed)           0.644     0.894    clk_100mhz_IBUF
    BUFGCTRL_X0Y16       BUFG (Prop_bufg_I_O)         0.026     0.920 r  clk_100mhz_IBUF_BUFG_inst/O
                         net (fo=2651, routed)        0.624     1.544    clk_100mhz_IBUF_BUFG
    MMCME2_ADV_X0Y0      MMCME2_ADV (Prop_mmcme2_adv_CLKIN1_CLKOUT0)
                                                      0.050     1.594 r  u_mmcm/CLKOUT0
                         net (fo=1, routed)           0.648     2.242    clk_core_mmcm
    BUFGCTRL_X0Y0        BUFG (Prop_bufg_I_O)         0.026     2.268 r  u_bufg_core/O
                         net (fo=4040, routed)        0.624     2.892    u_mlkem/u_unpack/clk_core
    SLICE_X53Y36         FDRE                                         r  u_mlkem/u_unpack/bitbuf_reg[7]/C
  -------------------------------------------------------------------    -------------------
    SLICE_X53Y36         FDRE (Prop_fdre_C_Q)         0.141     3.033 r  u_mlkem/u_unpack/bitbuf_reg[7]/Q
                         net (fo=4, routed)           0.216     3.249    u_mlkem/u_unpack/bitbuf_reg_n_0_[7]
    SLICE_X51Y37         LUT2 (Prop_lut2_I0_O)        0.045     3.294 r  u_mlkem/u_unpack/f0[7]_i_1/O
                         net (fo=1, routed)           0.000     3.294    u_mlkem/u_unpack/f00[7]
    SLICE_X51Y37         FDRE                                         r  u_mlkem/u_unpack/f0_reg[7]/D
  -------------------------------------------------------------------    -------------------

                         (clock clk_core_mmcm rise edge)
                                                      0.000     0.000 r  
    E3                                                0.000     0.000 r  clk_100mhz (IN)
                         net (fo=0)                   0.000     0.000    clk_100mhz
    E3                   IBUF (Prop_ibuf_I_O)         0.438     0.438 r  clk_100mhz_IBUF_inst/O
                         net (fo=1, routed)           0.699     1.136    clk_100mhz_IBUF
    BUFGCTRL_X0Y16       BUFG (Prop_bufg_I_O)         0.029     1.165 r  clk_100mhz_IBUF_BUFG_inst/O
                         net (fo=2651, routed)        0.898     2.063    clk_100mhz_IBUF_BUFG
    MMCME2_ADV_X0Y0      MMCME2_ADV (Prop_mmcme2_adv_CLKIN1_CLKOUT0)
                                                      0.053     2.116 r  u_mmcm/CLKOUT0
                         net (fo=1, routed)           0.700     2.816    clk_core_mmcm
    BUFGCTRL_X0Y0        BUFG (Prop_bufg_I_O)         0.029     2.845 r  u_bufg_core/O
                         net (fo=4040, routed)        0.899     3.744    u_mlkem/u_unpack/clk_core
    SLICE_X51Y37         FDRE                                         r  u_mlkem/u_unpack/f0_reg[7]/C
                         clock pessimism             -0.586     3.158    
    SLICE_X51Y37         FDRE (Hold_fdre_C_D)         0.091     3.249    u_mlkem/u_unpack/f0_reg[7]
  -------------------------------------------------------------------
                         required time                         -3.249    
                         arrival time                           3.294    
  -------------------------------------------------------------------
                         slack                                  0.045    

Slack (MET) :             0.067ns  (arrival time - required time)
  Source:                 u_mlkem/u_alu/rb_din_reg[11]/C
                            (rising edge-triggered cell FDRE clocked by clk_core_mmcm  {rise@0.000ns fall@2.424ns period=4.848ns})
  Destination:            u_mlkem/u_polyram/mem_reg/DIADI[11]
                            (rising edge-triggered cell RAMB36E1 clocked by clk_core_mmcm  {rise@0.000ns fall@2.424ns period=4.848ns})
  Path Group:             clk_core_mmcm
  Path Type:              Hold (Min at Fast Process Corner)
  Requirement:            0.000ns  (clk_core_mmcm rise@0.000ns - clk_core_mmcm rise@0.000ns)
  Data Path Delay:        0.300ns  (logic 0.164ns (54.705%)  route 0.136ns (45.295%))
  Logic Levels:           0  
  Clock Path Skew:        0.077ns (DCD - SCD - CPR)
    Destination Clock Delay (DCD):    3.779ns
    Source Clock Delay      (SCD):    2.887ns
    Clock Pessimism Removal (CPR):    0.815ns

    Location             Delay type                Incr(ns)  Path(ns)    Netlist Resource(s)
  -------------------------------------------------------------------    -------------------
                         (clock clk_core_mmcm rise edge)
                                                      0.000     0.000 r  
    E3                                                0.000     0.000 r  clk_100mhz (IN)
                         net (fo=0)                   0.000     0.000    clk_100mhz
    E3                   IBUF (Prop_ibuf_I_O)         0.250     0.250 r  clk_100mhz_IBUF_inst/O
                         net (fo=1, routed)           0.644     0.894    clk_100mhz_IBUF
    BUFGCTRL_X0Y16       BUFG (Prop_bufg_I_O)         0.026     0.920 r  clk_100mhz_IBUF_BUFG_inst/O
                         net (fo=2651, routed)        0.624     1.544    clk_100mhz_IBUF_BUFG
    MMCME2_ADV_X0Y0      MMCME2_ADV (Prop_mmcme2_adv_CLKIN1_CLKOUT0)
                                                      0.050     1.594 r  u_mmcm/CLKOUT0
                         net (fo=1, routed)           0.648     2.242    clk_core_mmcm
    BUFGCTRL_X0Y0        BUFG (Prop_bufg_I_O)         0.026     2.268 r  u_bufg_core/O
                         net (fo=4040, routed)        0.619     2.887    u_mlkem/u_alu/clk_core
    SLICE_X62Y25         FDRE                                         r  u_mlkem/u_alu/rb_din_reg[11]/C
  -------------------------------------------------------------------    -------------------
    SLICE_X62Y25         FDRE (Prop_fdre_C_Q)         0.164     3.051 r  u_mlkem/u_alu/rb_din_reg[11]/Q
                         net (fo=1, routed)           0.136     3.187    u_mlkem/u_polyram/mem_reg_1[11]
    RAMB36_X1Y4          RAMB36E1                                     r  u_mlkem/u_polyram/mem_reg/DIADI[11]
  -------------------------------------------------------------------    -------------------

                         (clock clk_core_mmcm rise edge)
                                                      0.000     0.000 r  
    E3                                                0.000     0.000 r  clk_100mhz (IN)
                         net (fo=0)                   0.000     0.000    clk_100mhz
    E3                   IBUF (Prop_ibuf_I_O)         0.438     0.438 r  clk_100mhz_IBUF_inst/O
                         net (fo=1, routed)           0.699     1.136    clk_100mhz_IBUF
    BUFGCTRL_X0Y16       BUFG (Prop_bufg_I_O)         0.029     1.165 r  clk_100mhz_IBUF_BUFG_inst/O
                         net (fo=2651, routed)        0.898     2.063    clk_100mhz_IBUF_BUFG
    MMCME2_ADV_X0Y0      MMCME2_ADV (Prop_mmcme2_adv_CLKIN1_CLKOUT0)
                                                      0.053     2.116 r  u_mmcm/CLKOUT0
                         net (fo=1, routed)           0.700     2.816    clk_core_mmcm
    BUFGCTRL_X0Y0        BUFG (Prop_bufg_I_O)         0.029     2.845 r  u_bufg_core/O
                         net (fo=4040, routed)        0.934     3.779    u_mlkem/u_polyram/clk_core
    RAMB36_X1Y4          RAMB36E1                                     r  u_mlkem/u_polyram/mem_reg/CLKARDCLK
                         clock pessimism             -0.815     2.964    
    RAMB36_X1Y4          RAMB36E1 (Hold_ramb36e1_CLKARDCLK_DIADI[11])
                                                      0.155     3.119    u_mlkem/u_polyram/mem_reg
  -------------------------------------------------------------------
                         required time                         -3.119    
                         arrival time                           3.187    
  -------------------------------------------------------------------
                         slack                                  0.067    

Slack (MET) :             0.067ns  (arrival time - required time)
  Source:                 u_mlkem/u_alu/rb_din_reg[15]/C
                            (rising edge-triggered cell FDRE clocked by clk_core_mmcm  {rise@0.000ns fall@2.424ns period=4.848ns})
  Destination:            u_mlkem/u_polyram/mem_reg/DIADI[15]
                            (rising edge-triggered cell RAMB36E1 clocked by clk_core_mmcm  {rise@0.000ns fall@2.424ns period=4.848ns})
  Path Group:             clk_core_mmcm
  Path Type:              Hold (Min at Fast Process Corner)
  Requirement:            0.000ns  (clk_core_mmcm rise@0.000ns - clk_core_mmcm rise@0.000ns)
  Data Path Delay:        0.300ns  (logic 0.164ns (54.705%)  route 0.136ns (45.295%))
  Logic Levels:           0  
  Clock Path Skew:        0.077ns (DCD - SCD - CPR)
    Destination Clock Delay (DCD):    3.779ns
    Source Clock Delay      (SCD):    2.887ns
    Clock Pessimism Removal (CPR):    0.815ns

    Location             Delay type                Incr(ns)  Path(ns)    Netlist Resource(s)
  -------------------------------------------------------------------    -------------------
                         (clock clk_core_mmcm rise edge)
                                                      0.000     0.000 r  
    E3                                                0.000     0.000 r  clk_100mhz (IN)
                         net (fo=0)                   0.000     0.000    clk_100mhz
    E3                   IBUF (Prop_ibuf_I_O)         0.250     0.250 r  clk_100mhz_IBUF_inst/O
                         net (fo=1, routed)           0.644     0.894    clk_100mhz_IBUF
    BUFGCTRL_X0Y16       BUFG (Prop_bufg_I_O)         0.026     0.920 r  clk_100mhz_IBUF_BUFG_inst/O
                         net (fo=2651, routed)        0.624     1.544    clk_100mhz_IBUF_BUFG
    MMCME2_ADV_X0Y0      MMCME2_ADV (Prop_mmcme2_adv_CLKIN1_CLKOUT0)
                                                      0.050     1.594 r  u_mmcm/CLKOUT0
                         net (fo=1, routed)           0.648     2.242    clk_core_mmcm
    BUFGCTRL_X0Y0        BUFG (Prop_bufg_I_O)         0.026     2.268 r  u_bufg_core/O
                         net (fo=4040, routed)        0.619     2.887    u_mlkem/u_alu/clk_core
    SLICE_X62Y25         FDRE                                         r  u_mlkem/u_alu/rb_din_reg[15]/C
  -------------------------------------------------------------------    -------------------
    SLICE_X62Y25         FDRE (Prop_fdre_C_Q)         0.164     3.051 r  u_mlkem/u_alu/rb_din_reg[15]/Q
                         net (fo=1, routed)           0.136     3.187    u_mlkem/u_polyram/mem_reg_1[15]
    RAMB36_X1Y4          RAMB36E1                                     r  u_mlkem/u_polyram/mem_reg/DIADI[15]
  -------------------------------------------------------------------    -------------------

                         (clock clk_core_mmcm rise edge)
                                                      0.000     0.000 r  
    E3                                                0.000     0.000 r  clk_100mhz (IN)
                         net (fo=0)                   0.000     0.000    clk_100mhz
    E3                   IBUF (Prop_ibuf_I_O)         0.438     0.438 r  clk_100mhz_IBUF_inst/O
                         net (fo=1, routed)           0.699     1.136    clk_100mhz_IBUF
    BUFGCTRL_X0Y16       BUFG (Prop_bufg_I_O)         0.029     1.165 r  clk_100mhz_IBUF_BUFG_inst/O
                         net (fo=2651, routed)        0.898     2.063    clk_100mhz_IBUF_BUFG
    MMCME2_ADV_X0Y0      MMCME2_ADV (Prop_mmcme2_adv_CLKIN1_CLKOUT0)
                                                      0.053     2.116 r  u_mmcm/CLKOUT0
                         net (fo=1, routed)           0.700     2.816    clk_core_mmcm
    BUFGCTRL_X0Y0        BUFG (Prop_bufg_I_O)         0.029     2.845 r  u_bufg_core/O
                         net (fo=4040, routed)        0.934     3.779    u_mlkem/u_polyram/clk_core
    RAMB36_X1Y4          RAMB36E1                                     r  u_mlkem/u_polyram/mem_reg/CLKARDCLK
                         clock pessimism             -0.815     2.964    
    RAMB36_X1Y4          RAMB36E1 (Hold_ramb36e1_CLKARDCLK_DIADI[15])
                                                      0.155     3.119    u_mlkem/u_polyram/mem_reg
  -------------------------------------------------------------------
                         required time                         -3.119    
                         arrival time                           3.187    
  -------------------------------------------------------------------
                         slack                                  0.067    

Slack (MET) :             0.081ns  (arrival time - required time)
  Source:                 u_mlkem/u_alu/lsd_reg[0]/C
                            (rising edge-triggered cell FDRE clocked by clk_core_mmcm  {rise@0.000ns fall@2.424ns period=4.848ns})
  Destination:            u_mlkem/u_alu/rb_din_reg[0]/D
                            (rising edge-triggered cell FDRE clocked by clk_core_mmcm  {rise@0.000ns fall@2.424ns period=4.848ns})
  Path Group:             clk_core_mmcm
  Path Type:              Hold (Min at Fast Process Corner)
  Requirement:            0.000ns  (clk_core_mmcm rise@0.000ns - clk_core_mmcm rise@0.000ns)
  Data Path Delay:        0.430ns  (logic 0.246ns (57.157%)  route 0.184ns (42.843%))
  Logic Levels:           1  (LUT5=1)
  Clock Path Skew:        0.258ns (DCD - SCD - CPR)
    Destination Clock Delay (DCD):    3.731ns
    Source Clock Delay      (SCD):    2.887ns
    Clock Pessimism Removal (CPR):    0.586ns

    Location             Delay type                Incr(ns)  Path(ns)    Netlist Resource(s)
  -------------------------------------------------------------------    -------------------
                         (clock clk_core_mmcm rise edge)
                                                      0.000     0.000 r  
    E3                                                0.000     0.000 r  clk_100mhz (IN)
                         net (fo=0)                   0.000     0.000    clk_100mhz
    E3                   IBUF (Prop_ibuf_I_O)         0.250     0.250 r  clk_100mhz_IBUF_inst/O
                         net (fo=1, routed)           0.644     0.894    clk_100mhz_IBUF
    BUFGCTRL_X0Y16       BUFG (Prop_bufg_I_O)         0.026     0.920 r  clk_100mhz_IBUF_BUFG_inst/O
                         net (fo=2651, routed)        0.624     1.544    clk_100mhz_IBUF_BUFG
    MMCME2_ADV_X0Y0      MMCME2_ADV (Prop_mmcme2_adv_CLKIN1_CLKOUT0)
                                                      0.050     1.594 r  u_mmcm/CLKOUT0
                         net (fo=1, routed)           0.648     2.242    clk_core_mmcm
    BUFGCTRL_X0Y0        BUFG (Prop_bufg_I_O)         0.026     2.268 r  u_bufg_core/O
                         net (fo=4040, routed)        0.619     2.887    u_mlkem/u_alu/clk_core
    SLICE_X50Y22         FDRE                                         r  u_mlkem/u_alu/lsd_reg[0]/C
  -------------------------------------------------------------------    -------------------
    SLICE_X50Y22         FDRE (Prop_fdre_C_Q)         0.148     3.035 r  u_mlkem/u_alu/lsd_reg[0]/Q
                         net (fo=1, routed)           0.184     3.219    u_mlkem/u_alu/lsd[0]
    SLICE_X52Y24         LUT5 (Prop_lut5_I4_O)        0.098     3.317 r  u_mlkem/u_alu/rb_din[0]_i_1/O
                         net (fo=1, routed)           0.000     3.317    u_mlkem/u_alu/rb_din[0]_i_1_n_0
    SLICE_X52Y24         FDRE                                         r  u_mlkem/u_alu/rb_din_reg[0]/D
  -------------------------------------------------------------------    -------------------

                         (clock clk_core_mmcm rise edge)
                                                      0.000     0.000 r  
    E3                                                0.000     0.000 r  clk_100mhz (IN)
                         net (fo=0)                   0.000     0.000    clk_100mhz
    E3                   IBUF (Prop_ibuf_I_O)         0.438     0.438 r  clk_100mhz_IBUF_inst/O
                         net (fo=1, routed)           0.699     1.136    clk_100mhz_IBUF
    BUFGCTRL_X0Y16       BUFG (Prop_bufg_I_O)         0.029     1.165 r  clk_100mhz_IBUF_BUFG_inst/O
                         net (fo=2651, routed)        0.898     2.063    clk_100mhz_IBUF_BUFG
    MMCME2_ADV_X0Y0      MMCME2_ADV (Prop_mmcme2_adv_CLKIN1_CLKOUT0)
                                                      0.053     2.116 r  u_mmcm/CLKOUT0
                         net (fo=1, routed)           0.700     2.816    clk_core_mmcm
    BUFGCTRL_X0Y0        BUFG (Prop_bufg_I_O)         0.029     2.845 r  u_bufg_core/O
                         net (fo=4040, routed)        0.886     3.731    u_mlkem/u_alu/clk_core
    SLICE_X52Y24         FDRE                                         r  u_mlkem/u_alu/rb_din_reg[0]/C
                         clock pessimism             -0.586     3.145    
    SLICE_X52Y24         FDRE (Hold_fdre_C_D)         0.091     3.236    u_mlkem/u_alu/rb_din_reg[0]
  -------------------------------------------------------------------
                         required time                         -3.236    
                         arrival time                           3.317    
  -------------------------------------------------------------------
                         slack                                  0.081    

Slack (MET) :             0.083ns  (arrival time - required time)
  Source:                 u_mlkem/u_alu/cin_reg[7]/C
                            (rising edge-triggered cell FDRE clocked by clk_core_mmcm  {rise@0.000ns fall@2.424ns period=4.848ns})
  Destination:            u_mlkem/u_alu/cd_reg[12][7]_srl13/D
                            (rising edge-triggered cell SRL16E clocked by clk_core_mmcm  {rise@0.000ns fall@2.424ns period=4.848ns})
  Path Group:             clk_core_mmcm
  Path Type:              Hold (Min at Fast Process Corner)
  Requirement:            0.000ns  (clk_core_mmcm rise@0.000ns - clk_core_mmcm rise@0.000ns)
  Data Path Delay:        0.280ns  (logic 0.164ns (58.537%)  route 0.116ns (41.463%))
  Logic Levels:           0  
  Clock Path Skew:        0.014ns (DCD - SCD - CPR)
    Destination Clock Delay (DCD):    3.740ns
    Source Clock Delay      (SCD):    2.890ns
    Clock Pessimism Removal (CPR):    0.836ns

    Location             Delay type                Incr(ns)  Path(ns)    Netlist Resource(s)
  -------------------------------------------------------------------    -------------------
                         (clock clk_core_mmcm rise edge)
                                                      0.000     0.000 r  
    E3                                                0.000     0.000 r  clk_100mhz (IN)
                         net (fo=0)                   0.000     0.000    clk_100mhz
    E3                   IBUF (Prop_ibuf_I_O)         0.250     0.250 r  clk_100mhz_IBUF_inst/O
                         net (fo=1, routed)           0.644     0.894    clk_100mhz_IBUF
    BUFGCTRL_X0Y16       BUFG (Prop_bufg_I_O)         0.026     0.920 r  clk_100mhz_IBUF_BUFG_inst/O
                         net (fo=2651, routed)        0.624     1.544    clk_100mhz_IBUF_BUFG
    MMCME2_ADV_X0Y0      MMCME2_ADV (Prop_mmcme2_adv_CLKIN1_CLKOUT0)
                                                      0.050     1.594 r  u_mmcm/CLKOUT0
                         net (fo=1, routed)           0.648     2.242    clk_core_mmcm
    BUFGCTRL_X0Y0        BUFG (Prop_bufg_I_O)         0.026     2.268 r  u_bufg_core/O
                         net (fo=4040, routed)        0.622     2.890    u_mlkem/u_alu/clk_core
    SLICE_X62Y22         FDRE                                         r  u_mlkem/u_alu/cin_reg[7]/C
  -------------------------------------------------------------------    -------------------
    SLICE_X62Y22         FDRE (Prop_fdre_C_Q)         0.164     3.054 r  u_mlkem/u_alu/cin_reg[7]/Q
                         net (fo=1, routed)           0.116     3.170    u_mlkem/u_alu/cin[7]
    SLICE_X62Y21         SRL16E                                       r  u_mlkem/u_alu/cd_reg[12][7]_srl13/D
  -------------------------------------------------------------------    -------------------

                         (clock clk_core_mmcm rise edge)
                                                      0.000     0.000 r  
    E3                                                0.000     0.000 r  clk_100mhz (IN)
                         net (fo=0)                   0.000     0.000    clk_100mhz
    E3                   IBUF (Prop_ibuf_I_O)         0.438     0.438 r  clk_100mhz_IBUF_inst/O
                         net (fo=1, routed)           0.699     1.136    clk_100mhz_IBUF
    BUFGCTRL_X0Y16       BUFG (Prop_bufg_I_O)         0.029     1.165 r  clk_100mhz_IBUF_BUFG_inst/O
                         net (fo=2651, routed)        0.898     2.063    clk_100mhz_IBUF_BUFG
    MMCME2_ADV_X0Y0      MMCME2_ADV (Prop_mmcme2_adv_CLKIN1_CLKOUT0)
                                                      0.053     2.116 r  u_mmcm/CLKOUT0
                         net (fo=1, routed)           0.700     2.816    clk_core_mmcm
    BUFGCTRL_X0Y0        BUFG (Prop_bufg_I_O)         0.029     2.845 r  u_bufg_core/O
                         net (fo=4040, routed)        0.895     3.740    u_mlkem/u_alu/clk_core
    SLICE_X62Y21         SRL16E                                       r  u_mlkem/u_alu/cd_reg[12][7]_srl13/CLK
                         clock pessimism             -0.836     2.904    
    SLICE_X62Y21         SRL16E (Hold_srl16e_CLK_D)
                                                      0.183     3.087    u_mlkem/u_alu/cd_reg[12][7]_srl13
  -------------------------------------------------------------------
                         required time                         -3.087    
                         arrival time                           3.170    
  -------------------------------------------------------------------
                         slack                                  0.083    

Slack (MET) :             0.100ns  (arrival time - required time)
  Source:                 u_mlkem/u_sponge/st_reg[535]/C
                            (rising edge-triggered cell FDRE clocked by clk_core_mmcm  {rise@0.000ns fall@2.424ns period=4.848ns})
  Destination:            u_mlkem/u_sponge/st_reg[1358]/D
                            (rising edge-triggered cell FDRE clocked by clk_core_mmcm  {rise@0.000ns fall@2.424ns period=4.848ns})
  Path Group:             clk_core_mmcm
  Path Type:              Hold (Min at Fast Process Corner)
  Requirement:            0.000ns  (clk_core_mmcm rise@0.000ns - clk_core_mmcm rise@0.000ns)
  Data Path Delay:        0.479ns  (logic 0.186ns (38.809%)  route 0.293ns (61.191%))
  Logic Levels:           1  (LUT6=1)
  Clock Path Skew:        0.259ns (DCD - SCD - CPR)
    Destination Clock Delay (DCD):    3.670ns
    Source Clock Delay      (SCD):    2.828ns
    Clock Pessimism Removal (CPR):    0.582ns

    Location             Delay type                Incr(ns)  Path(ns)    Netlist Resource(s)
  -------------------------------------------------------------------    -------------------
                         (clock clk_core_mmcm rise edge)
                                                      0.000     0.000 r  
    E3                                                0.000     0.000 r  clk_100mhz (IN)
                         net (fo=0)                   0.000     0.000    clk_100mhz
    E3                   IBUF (Prop_ibuf_I_O)         0.250     0.250 r  clk_100mhz_IBUF_inst/O
                         net (fo=1, routed)           0.644     0.894    clk_100mhz_IBUF
    BUFGCTRL_X0Y16       BUFG (Prop_bufg_I_O)         0.026     0.920 r  clk_100mhz_IBUF_BUFG_inst/O
                         net (fo=2651, routed)        0.624     1.544    clk_100mhz_IBUF_BUFG
    MMCME2_ADV_X0Y0      MMCME2_ADV (Prop_mmcme2_adv_CLKIN1_CLKOUT0)
                                                      0.050     1.594 r  u_mmcm/CLKOUT0
                         net (fo=1, routed)           0.648     2.242    clk_core_mmcm
    BUFGCTRL_X0Y0        BUFG (Prop_bufg_I_O)         0.026     2.268 r  u_bufg_core/O
                         net (fo=4040, routed)        0.561     2.828    u_mlkem/u_sponge/clk_core
    SLICE_X41Y83         FDRE                                         r  u_mlkem/u_sponge/st_reg[535]/C
  -------------------------------------------------------------------    -------------------
    SLICE_X41Y83         FDRE (Prop_fdre_C_Q)         0.141     2.969 r  u_mlkem/u_sponge/st_reg[535]/Q
                         net (fo=6, routed)           0.293     3.263    u_mlkem/u_sponge/u_round/p_0_in13_in[12]
    SLICE_X54Y83         LUT6 (Prop_lut6_I1_O)        0.045     3.308 r  u_mlkem/u_sponge/u_round/i_/st[1358]_i_1/O
                         net (fo=1, routed)           0.000     3.308    u_mlkem/u_sponge/st_round[1358]
    SLICE_X54Y83         FDRE                                         r  u_mlkem/u_sponge/st_reg[1358]/D
  -------------------------------------------------------------------    -------------------

                         (clock clk_core_mmcm rise edge)
                                                      0.000     0.000 r  
    E3                                                0.000     0.000 r  clk_100mhz (IN)
                         net (fo=0)                   0.000     0.000    clk_100mhz
    E3                   IBUF (Prop_ibuf_I_O)         0.438     0.438 r  clk_100mhz_IBUF_inst/O
                         net (fo=1, routed)           0.699     1.136    clk_100mhz_IBUF
    BUFGCTRL_X0Y16       BUFG (Prop_bufg_I_O)         0.029     1.165 r  clk_100mhz_IBUF_BUFG_inst/O
                         net (fo=2651, routed)        0.898     2.063    clk_100mhz_IBUF_BUFG
    MMCME2_ADV_X0Y0      MMCME2_ADV (Prop_mmcme2_adv_CLKIN1_CLKOUT0)
                                                      0.053     2.116 r  u_mmcm/CLKOUT0
                         net (fo=1, routed)           0.700     2.816    clk_core_mmcm
    BUFGCTRL_X0Y0        BUFG (Prop_bufg_I_O)         0.029     2.845 r  u_bufg_core/O
                         net (fo=4040, routed)        0.825     3.670    u_mlkem/u_sponge/clk_core
    SLICE_X54Y83         FDRE                                         r  u_mlkem/u_sponge/st_reg[1358]/C
                         clock pessimism             -0.582     3.087    
    SLICE_X54Y83         FDRE (Hold_fdre_C_D)         0.120     3.207    u_mlkem/u_sponge/st_reg[1358]
  -------------------------------------------------------------------
                         required time                         -3.207    
                         arrival time                           3.308    
  -------------------------------------------------------------------
                         slack                                  0.100    

Slack (MET) :             0.109ns  (arrival time - required time)
  Source:                 u_mlkem/u_alu/cin_reg[4]/C
                            (rising edge-triggered cell FDRE clocked by clk_core_mmcm  {rise@0.000ns fall@2.424ns period=4.848ns})
  Destination:            u_mlkem/u_alu/cd_reg[12][4]_srl13/D
                            (rising edge-triggered cell SRL16E clocked by clk_core_mmcm  {rise@0.000ns fall@2.424ns period=4.848ns})
  Path Group:             clk_core_mmcm
  Path Type:              Hold (Min at Fast Process Corner)
  Requirement:            0.000ns  (clk_core_mmcm rise@0.000ns - clk_core_mmcm rise@0.000ns)
  Data Path Delay:        0.261ns  (logic 0.141ns (54.015%)  route 0.120ns (45.985%))
  Logic Levels:           0  
  Clock Path Skew:        0.035ns (DCD - SCD - CPR)
    Destination Clock Delay (DCD):    3.740ns
    Source Clock Delay      (SCD):    2.890ns
    Clock Pessimism Removal (CPR):    0.815ns

    Location             Delay type                Incr(ns)  Path(ns)    Netlist Resource(s)
  -------------------------------------------------------------------    -------------------
                         (clock clk_core_mmcm rise edge)
                                                      0.000     0.000 r  
    E3                                                0.000     0.000 r  clk_100mhz (IN)
                         net (fo=0)                   0.000     0.000    clk_100mhz
    E3                   IBUF (Prop_ibuf_I_O)         0.250     0.250 r  clk_100mhz_IBUF_inst/O
                         net (fo=1, routed)           0.644     0.894    clk_100mhz_IBUF
    BUFGCTRL_X0Y16       BUFG (Prop_bufg_I_O)         0.026     0.920 r  clk_100mhz_IBUF_BUFG_inst/O
                         net (fo=2651, routed)        0.624     1.544    clk_100mhz_IBUF_BUFG
    MMCME2_ADV_X0Y0      MMCME2_ADV (Prop_mmcme2_adv_CLKIN1_CLKOUT0)
                                                      0.050     1.594 r  u_mmcm/CLKOUT0
                         net (fo=1, routed)           0.648     2.242    clk_core_mmcm
    BUFGCTRL_X0Y0        BUFG (Prop_bufg_I_O)         0.026     2.268 r  u_bufg_core/O
                         net (fo=4040, routed)        0.622     2.890    u_mlkem/u_alu/clk_core
    SLICE_X64Y21         FDRE                                         r  u_mlkem/u_alu/cin_reg[4]/C
  -------------------------------------------------------------------    -------------------
    SLICE_X64Y21         FDRE (Prop_fdre_C_Q)         0.141     3.031 r  u_mlkem/u_alu/cin_reg[4]/Q
                         net (fo=1, routed)           0.120     3.151    u_mlkem/u_alu/cin[4]
    SLICE_X62Y21         SRL16E                                       r  u_mlkem/u_alu/cd_reg[12][4]_srl13/D
  -------------------------------------------------------------------    -------------------

                         (clock clk_core_mmcm rise edge)
                                                      0.000     0.000 r  
    E3                                                0.000     0.000 r  clk_100mhz (IN)
                         net (fo=0)                   0.000     0.000    clk_100mhz
    E3                   IBUF (Prop_ibuf_I_O)         0.438     0.438 r  clk_100mhz_IBUF_inst/O
                         net (fo=1, routed)           0.699     1.136    clk_100mhz_IBUF
    BUFGCTRL_X0Y16       BUFG (Prop_bufg_I_O)         0.029     1.165 r  clk_100mhz_IBUF_BUFG_inst/O
                         net (fo=2651, routed)        0.898     2.063    clk_100mhz_IBUF_BUFG
    MMCME2_ADV_X0Y0      MMCME2_ADV (Prop_mmcme2_adv_CLKIN1_CLKOUT0)
                                                      0.053     2.116 r  u_mmcm/CLKOUT0
                         net (fo=1, routed)           0.700     2.816    clk_core_mmcm
    BUFGCTRL_X0Y0        BUFG (Prop_bufg_I_O)         0.029     2.845 r  u_bufg_core/O
                         net (fo=4040, routed)        0.895     3.740    u_mlkem/u_alu/clk_core
    SLICE_X62Y21         SRL16E                                       r  u_mlkem/u_alu/cd_reg[12][4]_srl13/CLK
                         clock pessimism             -0.815     2.925    
    SLICE_X62Y21         SRL16E (Hold_srl16e_CLK_D)
                                                      0.117     3.042    u_mlkem/u_alu/cd_reg[12][4]_srl13
  -------------------------------------------------------------------
                         required time                         -3.042    
                         arrival time                           3.151    
  -------------------------------------------------------------------
                         slack                                  0.109    

Slack (MET) :             0.109ns  (arrival time - required time)
  Source:                 u_mlkem/u_alu/wbd_reg[13]/C
                            (rising edge-triggered cell FDRE clocked by clk_core_mmcm  {rise@0.000ns fall@2.424ns period=4.848ns})
  Destination:            u_mlkem/u_alu/rb_din_reg[13]/D
                            (rising edge-triggered cell FDRE clocked by clk_core_mmcm  {rise@0.000ns fall@2.424ns period=4.848ns})
  Path Group:             clk_core_mmcm
  Path Type:              Hold (Min at Fast Process Corner)
  Requirement:            0.000ns  (clk_core_mmcm rise@0.000ns - clk_core_mmcm rise@0.000ns)
  Data Path Delay:        0.242ns  (logic 0.186ns (76.826%)  route 0.056ns (23.173%))
  Logic Levels:           1  (LUT5=1)
  Clock Path Skew:        0.013ns (DCD - SCD - CPR)
    Destination Clock Delay (DCD):    3.737ns
    Source Clock Delay      (SCD):    2.888ns
    Clock Pessimism Removal (CPR):    0.836ns

    Location             Delay type                Incr(ns)  Path(ns)    Netlist Resource(s)
  -------------------------------------------------------------------    -------------------
                         (clock clk_core_mmcm rise edge)
                                                      0.000     0.000 r  
    E3                                                0.000     0.000 r  clk_100mhz (IN)
                         net (fo=0)                   0.000     0.000    clk_100mhz
    E3                   IBUF (Prop_ibuf_I_O)         0.250     0.250 r  clk_100mhz_IBUF_inst/O
                         net (fo=1, routed)           0.644     0.894    clk_100mhz_IBUF
    BUFGCTRL_X0Y16       BUFG (Prop_bufg_I_O)         0.026     0.920 r  clk_100mhz_IBUF_BUFG_inst/O
                         net (fo=2651, routed)        0.624     1.544    clk_100mhz_IBUF_BUFG
    MMCME2_ADV_X0Y0      MMCME2_ADV (Prop_mmcme2_adv_CLKIN1_CLKOUT0)
                                                      0.050     1.594 r  u_mmcm/CLKOUT0
                         net (fo=1, routed)           0.648     2.242    clk_core_mmcm
    BUFGCTRL_X0Y0        BUFG (Prop_bufg_I_O)         0.026     2.268 r  u_bufg_core/O
                         net (fo=4040, routed)        0.620     2.888    u_mlkem/u_alu/clk_core
    SLICE_X63Y26         FDRE                                         r  u_mlkem/u_alu/wbd_reg[13]/C
  -------------------------------------------------------------------    -------------------
    SLICE_X63Y26         FDRE (Prop_fdre_C_Q)         0.141     3.029 r  u_mlkem/u_alu/wbd_reg[13]/Q
                         net (fo=1, routed)           0.056     3.085    u_mlkem/u_alu/wbd[13]
    SLICE_X62Y26         LUT5 (Prop_lut5_I2_O)        0.045     3.130 r  u_mlkem/u_alu/rb_din[13]_i_1/O
                         net (fo=1, routed)           0.000     3.130    u_mlkem/u_alu/rb_din[13]_i_1_n_0
    SLICE_X62Y26         FDRE                                         r  u_mlkem/u_alu/rb_din_reg[13]/D
  -------------------------------------------------------------------    -------------------

                         (clock clk_core_mmcm rise edge)
                                                      0.000     0.000 r  
    E3                                                0.000     0.000 r  clk_100mhz (IN)
                         net (fo=0)                   0.000     0.000    clk_100mhz
    E3                   IBUF (Prop_ibuf_I_O)         0.438     0.438 r  clk_100mhz_IBUF_inst/O
                         net (fo=1, routed)           0.699     1.136    clk_100mhz_IBUF
    BUFGCTRL_X0Y16       BUFG (Prop_bufg_I_O)         0.029     1.165 r  clk_100mhz_IBUF_BUFG_inst/O
                         net (fo=2651, routed)        0.898     2.063    clk_100mhz_IBUF_BUFG
    MMCME2_ADV_X0Y0      MMCME2_ADV (Prop_mmcme2_adv_CLKIN1_CLKOUT0)
                                                      0.053     2.116 r  u_mmcm/CLKOUT0
                         net (fo=1, routed)           0.700     2.816    clk_core_mmcm
    BUFGCTRL_X0Y0        BUFG (Prop_bufg_I_O)         0.029     2.845 r  u_bufg_core/O
                         net (fo=4040, routed)        0.892     3.737    u_mlkem/u_alu/clk_core
    SLICE_X62Y26         FDRE                                         r  u_mlkem/u_alu/rb_din_reg[13]/C
                         clock pessimism             -0.836     2.901    
    SLICE_X62Y26         FDRE (Hold_fdre_C_D)         0.120     3.021    u_mlkem/u_alu/rb_din_reg[13]
  -------------------------------------------------------------------
                         required time                         -3.021    
                         arrival time                           3.130    
  -------------------------------------------------------------------
                         slack                                  0.109    

Slack (MET) :             0.112ns  (arrival time - required time)
  Source:                 u_mlkem/u_alu/pjb_reg[0][1]__0/C
                            (rising edge-triggered cell FDRE clocked by clk_core_mmcm  {rise@0.000ns fall@2.424ns period=4.848ns})
  Destination:            u_mlkem/u_alu/pjb_reg[11][1]_srl11/D
                            (rising edge-triggered cell SRL16E clocked by clk_core_mmcm  {rise@0.000ns fall@2.424ns period=4.848ns})
  Path Group:             clk_core_mmcm
  Path Type:              Hold (Min at Fast Process Corner)
  Requirement:            0.000ns  (clk_core_mmcm rise@0.000ns - clk_core_mmcm rise@0.000ns)
  Data Path Delay:        0.255ns  (logic 0.141ns (55.264%)  route 0.114ns (44.736%))
  Logic Levels:           0  
  Clock Path Skew:        0.034ns (DCD - SCD - CPR)
    Destination Clock Delay (DCD):    3.742ns
    Source Clock Delay      (SCD):    2.893ns
    Clock Pessimism Removal (CPR):    0.815ns

    Location             Delay type                Incr(ns)  Path(ns)    Netlist Resource(s)
  -------------------------------------------------------------------    -------------------
                         (clock clk_core_mmcm rise edge)
                                                      0.000     0.000 r  
    E3                                                0.000     0.000 r  clk_100mhz (IN)
                         net (fo=0)                   0.000     0.000    clk_100mhz
    E3                   IBUF (Prop_ibuf_I_O)         0.250     0.250 r  clk_100mhz_IBUF_inst/O
                         net (fo=1, routed)           0.644     0.894    clk_100mhz_IBUF
    BUFGCTRL_X0Y16       BUFG (Prop_bufg_I_O)         0.026     0.920 r  clk_100mhz_IBUF_BUFG_inst/O
                         net (fo=2651, routed)        0.624     1.544    clk_100mhz_IBUF_BUFG
    MMCME2_ADV_X0Y0      MMCME2_ADV (Prop_mmcme2_adv_CLKIN1_CLKOUT0)
                                                      0.050     1.594 r  u_mmcm/CLKOUT0
                         net (fo=1, routed)           0.648     2.242    clk_core_mmcm
    BUFGCTRL_X0Y0        BUFG (Prop_bufg_I_O)         0.026     2.268 r  u_bufg_core/O
                         net (fo=4040, routed)        0.625     2.893    u_mlkem/u_alu/clk_core
    SLICE_X41Y18         FDRE                                         r  u_mlkem/u_alu/pjb_reg[0][1]__0/C
  -------------------------------------------------------------------    -------------------
    SLICE_X41Y18         FDRE (Prop_fdre_C_Q)         0.141     3.034 r  u_mlkem/u_alu/pjb_reg[0][1]__0/Q
                         net (fo=1, routed)           0.114     3.148    u_mlkem/u_alu/pjb_reg[0][1]__0_n_0
    SLICE_X42Y19         SRL16E                                       r  u_mlkem/u_alu/pjb_reg[11][1]_srl11/D
  -------------------------------------------------------------------    -------------------

                         (clock clk_core_mmcm rise edge)
                                                      0.000     0.000 r  
    E3                                                0.000     0.000 r  clk_100mhz (IN)
                         net (fo=0)                   0.000     0.000    clk_100mhz
    E3                   IBUF (Prop_ibuf_I_O)         0.438     0.438 r  clk_100mhz_IBUF_inst/O
                         net (fo=1, routed)           0.699     1.136    clk_100mhz_IBUF
    BUFGCTRL_X0Y16       BUFG (Prop_bufg_I_O)         0.029     1.165 r  clk_100mhz_IBUF_BUFG_inst/O
                         net (fo=2651, routed)        0.898     2.063    clk_100mhz_IBUF_BUFG
    MMCME2_ADV_X0Y0      MMCME2_ADV (Prop_mmcme2_adv_CLKIN1_CLKOUT0)
                                                      0.053     2.116 r  u_mmcm/CLKOUT0
                         net (fo=1, routed)           0.700     2.816    clk_core_mmcm
    BUFGCTRL_X0Y0        BUFG (Prop_bufg_I_O)         0.029     2.845 r  u_bufg_core/O
                         net (fo=4040, routed)        0.897     3.742    u_mlkem/u_alu/clk_core
    SLICE_X42Y19         SRL16E                                       r  u_mlkem/u_alu/pjb_reg[11][1]_srl11/CLK
                         clock pessimism             -0.815     2.927    
    SLICE_X42Y19         SRL16E (Hold_srl16e_CLK_D)
                                                      0.109     3.036    u_mlkem/u_alu/pjb_reg[11][1]_srl11
  -------------------------------------------------------------------
                         required time                         -3.036    
                         arrival time                           3.148    
  -------------------------------------------------------------------
                         slack                                  0.112    

Slack (MET) :             0.113ns  (arrival time - required time)
  Source:                 u_mlkem/u_alu/lsd_reg[3]/C
                            (rising edge-triggered cell FDRE clocked by clk_core_mmcm  {rise@0.000ns fall@2.424ns period=4.848ns})
  Destination:            u_mlkem/u_alu/rb_din_reg[3]/D
                            (rising edge-triggered cell FDRE clocked by clk_core_mmcm  {rise@0.000ns fall@2.424ns period=4.848ns})
  Path Group:             clk_core_mmcm
  Path Type:              Hold (Min at Fast Process Corner)
  Requirement:            0.000ns  (clk_core_mmcm rise@0.000ns - clk_core_mmcm rise@0.000ns)
  Data Path Delay:        0.496ns  (logic 0.246ns (49.624%)  route 0.250ns (50.376%))
  Logic Levels:           1  (LUT5=1)
  Clock Path Skew:        0.262ns (DCD - SCD - CPR)
    Destination Clock Delay (DCD):    3.735ns
    Source Clock Delay      (SCD):    2.887ns
    Clock Pessimism Removal (CPR):    0.586ns

    Location             Delay type                Incr(ns)  Path(ns)    Netlist Resource(s)
  -------------------------------------------------------------------    -------------------
                         (clock clk_core_mmcm rise edge)
                                                      0.000     0.000 r  
    E3                                                0.000     0.000 r  clk_100mhz (IN)
                         net (fo=0)                   0.000     0.000    clk_100mhz
    E3                   IBUF (Prop_ibuf_I_O)         0.250     0.250 r  clk_100mhz_IBUF_inst/O
                         net (fo=1, routed)           0.644     0.894    clk_100mhz_IBUF
    BUFGCTRL_X0Y16       BUFG (Prop_bufg_I_O)         0.026     0.920 r  clk_100mhz_IBUF_BUFG_inst/O
                         net (fo=2651, routed)        0.624     1.544    clk_100mhz_IBUF_BUFG
    MMCME2_ADV_X0Y0      MMCME2_ADV (Prop_mmcme2_adv_CLKIN1_CLKOUT0)
                                                      0.050     1.594 r  u_mmcm/CLKOUT0
                         net (fo=1, routed)           0.648     2.242    clk_core_mmcm
    BUFGCTRL_X0Y0        BUFG (Prop_bufg_I_O)         0.026     2.268 r  u_bufg_core/O
                         net (fo=4040, routed)        0.619     2.887    u_mlkem/u_alu/clk_core
    SLICE_X50Y21         FDRE                                         r  u_mlkem/u_alu/lsd_reg[3]/C
  -------------------------------------------------------------------    -------------------
    SLICE_X50Y21         FDRE (Prop_fdre_C_Q)         0.148     3.035 r  u_mlkem/u_alu/lsd_reg[3]/Q
                         net (fo=1, routed)           0.250     3.285    u_mlkem/u_alu/lsd[3]
    SLICE_X54Y21         LUT5 (Prop_lut5_I4_O)        0.098     3.383 r  u_mlkem/u_alu/rb_din[3]_i_1/O
                         net (fo=1, routed)           0.000     3.383    u_mlkem/u_alu/rb_din[3]_i_1_n_0
    SLICE_X54Y21         FDRE                                         r  u_mlkem/u_alu/rb_din_reg[3]/D
  -------------------------------------------------------------------    -------------------

                         (clock clk_core_mmcm rise edge)
                                                      0.000     0.000 r  
    E3                                                0.000     0.000 r  clk_100mhz (IN)
                         net (fo=0)                   0.000     0.000    clk_100mhz
    E3                   IBUF (Prop_ibuf_I_O)         0.438     0.438 r  clk_100mhz_IBUF_inst/O
                         net (fo=1, routed)           0.699     1.136    clk_100mhz_IBUF
    BUFGCTRL_X0Y16       BUFG (Prop_bufg_I_O)         0.029     1.165 r  clk_100mhz_IBUF_BUFG_inst/O
                         net (fo=2651, routed)        0.898     2.063    clk_100mhz_IBUF_BUFG
    MMCME2_ADV_X0Y0      MMCME2_ADV (Prop_mmcme2_adv_CLKIN1_CLKOUT0)
                                                      0.053     2.116 r  u_mmcm/CLKOUT0
                         net (fo=1, routed)           0.700     2.816    clk_core_mmcm
    BUFGCTRL_X0Y0        BUFG (Prop_bufg_I_O)         0.029     2.845 r  u_bufg_core/O
                         net (fo=4040, routed)        0.890     3.735    u_mlkem/u_alu/clk_core
    SLICE_X54Y21         FDRE                                         r  u_mlkem/u_alu/rb_din_reg[3]/C
                         clock pessimism             -0.586     3.149    
    SLICE_X54Y21         FDRE (Hold_fdre_C_D)         0.121     3.270    u_mlkem/u_alu/rb_din_reg[3]
  -------------------------------------------------------------------
                         required time                         -3.270    
                         arrival time                           3.383    
  -------------------------------------------------------------------
                         slack                                  0.113    





Pulse Width Checks
--------------------------------------------------------------------------------------
Clock Name:         clk_core_mmcm
Waveform(ns):       { 0.000 2.424 }
Period(ns):         4.848
Sources:            { u_mmcm/CLKOUT0 }

Check Type        Corner  Lib Pin             Reference Pin  Required(ns)  Actual(ns)  Slack(ns)  Location         Pin
Min Period        n/a     RAMB36E1/CLKARDCLK  n/a            2.944         4.848       1.904      RAMB36_X0Y8      u_mlkem/u_dbuf/mem_reg_0/CLKARDCLK
Min Period        n/a     RAMB36E1/CLKBWRCLK  n/a            2.944         4.848       1.904      RAMB36_X0Y8      u_mlkem/u_dbuf/mem_reg_0/CLKBWRCLK
Min Period        n/a     RAMB36E1/CLKARDCLK  n/a            2.944         4.848       1.904      RAMB36_X0Y7      u_mlkem/u_dbuf/mem_reg_1/CLKARDCLK
Min Period        n/a     RAMB36E1/CLKBWRCLK  n/a            2.944         4.848       1.904      RAMB36_X0Y7      u_mlkem/u_dbuf/mem_reg_1/CLKBWRCLK
Min Period        n/a     RAMB36E1/CLKARDCLK  n/a            2.944         4.848       1.904      RAMB36_X1Y4      u_mlkem/u_polyram/mem_reg/CLKARDCLK
Min Period        n/a     RAMB36E1/CLKBWRCLK  n/a            2.944         4.848       1.904      RAMB36_X1Y4      u_mlkem/u_polyram/mem_reg/CLKBWRCLK
Min Period        n/a     BUFG/I              n/a            2.155         4.848       2.693      BUFGCTRL_X0Y0    u_bufg_core/I
Min Period        n/a     DSP48E1/CLK         n/a            2.154         4.848       2.694      DSP48_X1Y6       u_mlkem/u_alu/u_mul0/p2_reg/CLK
Min Period        n/a     DSP48E1/CLK         n/a            2.154         4.848       2.694      DSP48_X1Y7       u_mlkem/u_alu/u_mul1/p2_reg/CLK
Min Period        n/a     MMCME2_ADV/CLKOUT0  n/a            1.249         4.848       3.599      MMCME2_ADV_X0Y0  u_mmcm/CLKOUT0
Max Period        n/a     MMCME2_ADV/CLKOUT0  n/a            213.360       4.848       208.512    MMCME2_ADV_X0Y0  u_mmcm/CLKOUT0
Low Pulse Width   Slow    SRL16E/CLK          n/a            0.980         2.424       1.444      SLICE_X62Y21     u_mlkem/u_alu/cd_reg[12][0]_srl13/CLK
Low Pulse Width   Fast    SRL16E/CLK          n/a            0.980         2.424       1.444      SLICE_X62Y21     u_mlkem/u_alu/cd_reg[12][0]_srl13/CLK
Low Pulse Width   Slow    SRL16E/CLK          n/a            0.980         2.424       1.444      SLICE_X60Y25     u_mlkem/u_alu/cd_reg[12][10]_srl13/CLK
Low Pulse Width   Fast    SRL16E/CLK          n/a            0.980         2.424       1.444      SLICE_X60Y25     u_mlkem/u_alu/cd_reg[12][10]_srl13/CLK
Low Pulse Width   Slow    SRL16E/CLK          n/a            0.980         2.424       1.444      SLICE_X60Y25     u_mlkem/u_alu/cd_reg[12][11]_srl13/CLK
Low Pulse Width   Fast    SRL16E/CLK          n/a            0.980         2.424       1.444      SLICE_X60Y25     u_mlkem/u_alu/cd_reg[12][11]_srl13/CLK
Low Pulse Width   Slow    SRL16E/CLK          n/a            0.980         2.424       1.444      SLICE_X60Y25     u_mlkem/u_alu/cd_reg[12][12]_srl13/CLK
Low Pulse Width   Fast    SRL16E/CLK          n/a            0.980         2.424       1.444      SLICE_X60Y25     u_mlkem/u_alu/cd_reg[12][12]_srl13/CLK
Low Pulse Width   Slow    SRL16E/CLK          n/a            0.980         2.424       1.444      SLICE_X60Y25     u_mlkem/u_alu/cd_reg[12][13]_srl13/CLK
Low Pulse Width   Fast    SRL16E/CLK          n/a            0.980         2.424       1.444      SLICE_X60Y25     u_mlkem/u_alu/cd_reg[12][13]_srl13/CLK
High Pulse Width  Slow    SRL16E/CLK          n/a            0.980         2.424       1.444      SLICE_X62Y21     u_mlkem/u_alu/cd_reg[12][0]_srl13/CLK
High Pulse Width  Fast    SRL16E/CLK          n/a            0.980         2.424       1.444      SLICE_X62Y21     u_mlkem/u_alu/cd_reg[12][0]_srl13/CLK
High Pulse Width  Slow    SRL16E/CLK          n/a            0.980         2.424       1.444      SLICE_X60Y25     u_mlkem/u_alu/cd_reg[12][10]_srl13/CLK
High Pulse Width  Fast    SRL16E/CLK          n/a            0.980         2.424       1.444      SLICE_X60Y25     u_mlkem/u_alu/cd_reg[12][10]_srl13/CLK
High Pulse Width  Slow    SRL16E/CLK          n/a            0.980         2.424       1.444      SLICE_X60Y25     u_mlkem/u_alu/cd_reg[12][11]_srl13/CLK
High Pulse Width  Fast    SRL16E/CLK          n/a            0.980         2.424       1.444      SLICE_X60Y25     u_mlkem/u_alu/cd_reg[12][11]_srl13/CLK
High Pulse Width  Slow    SRL16E/CLK          n/a            0.980         2.424       1.444      SLICE_X60Y25     u_mlkem/u_alu/cd_reg[12][12]_srl13/CLK
High Pulse Width  Fast    SRL16E/CLK          n/a            0.980         2.424       1.444      SLICE_X60Y25     u_mlkem/u_alu/cd_reg[12][12]_srl13/CLK
High Pulse Width  Slow    SRL16E/CLK          n/a            0.980         2.424       1.444      SLICE_X60Y25     u_mlkem/u_alu/cd_reg[12][13]_srl13/CLK
High Pulse Width  Fast    SRL16E/CLK          n/a            0.980         2.424       1.444      SLICE_X60Y25     u_mlkem/u_alu/cd_reg[12][13]_srl13/CLK



---------------------------------------------------------------------------------------------------
From Clock:  mmcm_fb
  To Clock:  mmcm_fb

Setup :           NA  Failing Endpoints,  Worst Slack           NA  ,  Total Violation           NA
Hold  :           NA  Failing Endpoints,  Worst Slack           NA  ,  Total Violation           NA
PW    :            0  Failing Endpoints,  Worst Slack       18.751ns,  Total Violation        0.000ns
---------------------------------------------------------------------------------------------------


Pulse Width Checks
--------------------------------------------------------------------------------------
Clock Name:         mmcm_fb
Waveform(ns):       { 0.000 10.000 }
Period(ns):         20.000
Sources:            { u_mmcm/CLKFBOUT }

Check Type  Corner  Lib Pin              Reference Pin  Required(ns)  Actual(ns)  Slack(ns)  Location         Pin
Min Period  n/a     MMCME2_ADV/CLKFBOUT  n/a            1.249         20.000      18.751     MMCME2_ADV_X0Y0  u_mmcm/CLKFBOUT
Min Period  n/a     MMCME2_ADV/CLKFBIN   n/a            1.249         20.000      18.751     MMCME2_ADV_X0Y0  u_mmcm/CLKFBIN
Max Period  n/a     MMCME2_ADV/CLKFBIN   n/a            100.000       20.000      80.000     MMCME2_ADV_X0Y0  u_mmcm/CLKFBIN
Max Period  n/a     MMCME2_ADV/CLKFBOUT  n/a            213.360       20.000      193.360    MMCME2_ADV_X0Y0  u_mmcm/CLKFBOUT



---------------------------------------------------------------------------------------------------
Path Group:  **async_default**
From Clock:  sys_clk
  To Clock:  sys_clk

Setup :            0  Failing Endpoints,  Worst Slack        3.388ns,  Total Violation        0.000ns
Hold  :            0  Failing Endpoints,  Worst Slack        0.753ns,  Total Violation        0.000ns
---------------------------------------------------------------------------------------------------


Max Delay Paths
--------------------------------------------------------------------------------------
Slack (MET) :             3.388ns  (required time - arrival time)
  Source:                 rst_sync_reg[3]/C
                            (rising edge-triggered cell FDCE clocked by sys_clk  {rise@0.000ns fall@5.000ns period=10.000ns})
  Destination:            u_bridge/cnt_reg[10]/CLR
                            (recovery check against rising-edge clock sys_clk  {rise@0.000ns fall@5.000ns period=10.000ns})
  Path Group:             **async_default**
  Path Type:              Recovery (Max at Slow Process Corner)
  Requirement:            10.000ns  (sys_clk rise@10.000ns - sys_clk rise@0.000ns)
  Data Path Delay:        6.144ns  (logic 0.580ns (9.440%)  route 5.564ns (90.560%))
  Logic Levels:           1  (LUT1=1)
  Clock Path Skew:        -0.028ns (DCD - SCD + CPR)
    Destination Clock Delay (DCD):    5.102ns = ( 15.102 - 10.000 ) 
    Source Clock Delay      (SCD):    5.416ns
    Clock Pessimism Removal (CPR):    0.285ns
  Clock Uncertainty:      0.035ns  ((TSJ^2 + TIJ^2)^1/2 + DJ) / 2 + PE
    Total System Jitter     (TSJ):    0.071ns
    Total Input Jitter      (TIJ):    0.000ns
    Discrete Jitter          (DJ):    0.000ns
    Phase Error              (PE):    0.000ns

    Location             Delay type                Incr(ns)  Path(ns)    Netlist Resource(s)
  -------------------------------------------------------------------    -------------------
                         (clock sys_clk rise edge)    0.000     0.000 r  
    E3                                                0.000     0.000 r  clk_100mhz (IN)
                         net (fo=0)                   0.000     0.000    clk_100mhz
    E3                   IBUF (Prop_ibuf_I_O)         1.482     1.482 r  clk_100mhz_IBUF_inst/O
                         net (fo=1, routed)           2.025     3.506    clk_100mhz_IBUF
    BUFGCTRL_X0Y16       BUFG (Prop_bufg_I_O)         0.096     3.602 r  clk_100mhz_IBUF_BUFG_inst/O
                         net (fo=2651, routed)        1.813     5.416    clk_100mhz_IBUF_BUFG
    SLICE_X26Y13         FDCE                                         r  rst_sync_reg[3]/C
  -------------------------------------------------------------------    -------------------
    SLICE_X26Y13         FDCE (Prop_fdce_C_Q)         0.456     5.872 r  rst_sync_reg[3]/Q
                         net (fo=41, routed)          0.834     6.706    u_bridge/tx_valid_reg_0[0]
    SLICE_X22Y12         LUT1 (Prop_lut1_I0_O)        0.124     6.830 f  u_bridge/FSM_sequential_state[1]_i_2__0/O
                         net (fo=596, routed)         4.730    11.560    u_bridge/rst_sync_reg[3]
    SLICE_X26Y17         FDCE                                         f  u_bridge/cnt_reg[10]/CLR
  -------------------------------------------------------------------    -------------------

                         (clock sys_clk rise edge)   10.000    10.000 r  
    E3                                                0.000    10.000 r  clk_100mhz (IN)
                         net (fo=0)                   0.000    10.000    clk_100mhz
    E3                   IBUF (Prop_ibuf_I_O)         1.411    11.411 r  clk_100mhz_IBUF_inst/O
                         net (fo=1, routed)           1.920    13.331    clk_100mhz_IBUF
    BUFGCTRL_X0Y16       BUFG (Prop_bufg_I_O)         0.091    13.422 r  clk_100mhz_IBUF_BUFG_inst/O
                         net (fo=2651, routed)        1.680    15.102    u_bridge/clk_100mhz_IBUF_BUFG
    SLICE_X26Y17         FDCE                                         r  u_bridge/cnt_reg[10]/C
                         clock pessimism              0.285    15.388    
                         clock uncertainty           -0.035    15.352    
    SLICE_X26Y17         FDCE (Recov_fdce_C_CLR)     -0.405    14.947    u_bridge/cnt_reg[10]
  -------------------------------------------------------------------
                         required time                         14.947    
                         arrival time                         -11.560    
  -------------------------------------------------------------------
                         slack                                  3.388    

Slack (MET) :             3.388ns  (required time - arrival time)
  Source:                 rst_sync_reg[3]/C
                            (rising edge-triggered cell FDCE clocked by sys_clk  {rise@0.000ns fall@5.000ns period=10.000ns})
  Destination:            u_bridge/cnt_reg[11]/CLR
                            (recovery check against rising-edge clock sys_clk  {rise@0.000ns fall@5.000ns period=10.000ns})
  Path Group:             **async_default**
  Path Type:              Recovery (Max at Slow Process Corner)
  Requirement:            10.000ns  (sys_clk rise@10.000ns - sys_clk rise@0.000ns)
  Data Path Delay:        6.144ns  (logic 0.580ns (9.440%)  route 5.564ns (90.560%))
  Logic Levels:           1  (LUT1=1)
  Clock Path Skew:        -0.028ns (DCD - SCD + CPR)
    Destination Clock Delay (DCD):    5.102ns = ( 15.102 - 10.000 ) 
    Source Clock Delay      (SCD):    5.416ns
    Clock Pessimism Removal (CPR):    0.285ns
  Clock Uncertainty:      0.035ns  ((TSJ^2 + TIJ^2)^1/2 + DJ) / 2 + PE
    Total System Jitter     (TSJ):    0.071ns
    Total Input Jitter      (TIJ):    0.000ns
    Discrete Jitter          (DJ):    0.000ns
    Phase Error              (PE):    0.000ns

    Location             Delay type                Incr(ns)  Path(ns)    Netlist Resource(s)
  -------------------------------------------------------------------    -------------------
                         (clock sys_clk rise edge)    0.000     0.000 r  
    E3                                                0.000     0.000 r  clk_100mhz (IN)
                         net (fo=0)                   0.000     0.000    clk_100mhz
    E3                   IBUF (Prop_ibuf_I_O)         1.482     1.482 r  clk_100mhz_IBUF_inst/O
                         net (fo=1, routed)           2.025     3.506    clk_100mhz_IBUF
    BUFGCTRL_X0Y16       BUFG (Prop_bufg_I_O)         0.096     3.602 r  clk_100mhz_IBUF_BUFG_inst/O
                         net (fo=2651, routed)        1.813     5.416    clk_100mhz_IBUF_BUFG
    SLICE_X26Y13         FDCE                                         r  rst_sync_reg[3]/C
  -------------------------------------------------------------------    -------------------
    SLICE_X26Y13         FDCE (Prop_fdce_C_Q)         0.456     5.872 r  rst_sync_reg[3]/Q
                         net (fo=41, routed)          0.834     6.706    u_bridge/tx_valid_reg_0[0]
    SLICE_X22Y12         LUT1 (Prop_lut1_I0_O)        0.124     6.830 f  u_bridge/FSM_sequential_state[1]_i_2__0/O
                         net (fo=596, routed)         4.730    11.560    u_bridge/rst_sync_reg[3]
    SLICE_X26Y17         FDCE                                         f  u_bridge/cnt_reg[11]/CLR
  -------------------------------------------------------------------    -------------------

                         (clock sys_clk rise edge)   10.000    10.000 r  
    E3                                                0.000    10.000 r  clk_100mhz (IN)
                         net (fo=0)                   0.000    10.000    clk_100mhz
    E3                   IBUF (Prop_ibuf_I_O)         1.411    11.411 r  clk_100mhz_IBUF_inst/O
                         net (fo=1, routed)           1.920    13.331    clk_100mhz_IBUF
    BUFGCTRL_X0Y16       BUFG (Prop_bufg_I_O)         0.091    13.422 r  clk_100mhz_IBUF_BUFG_inst/O
                         net (fo=2651, routed)        1.680    15.102    u_bridge/clk_100mhz_IBUF_BUFG
    SLICE_X26Y17         FDCE                                         r  u_bridge/cnt_reg[11]/C
                         clock pessimism              0.285    15.388    
                         clock uncertainty           -0.035    15.352    
    SLICE_X26Y17         FDCE (Recov_fdce_C_CLR)     -0.405    14.947    u_bridge/cnt_reg[11]
  -------------------------------------------------------------------
                         required time                         14.947    
                         arrival time                         -11.560    
  -------------------------------------------------------------------
                         slack                                  3.388    

Slack (MET) :             3.388ns  (required time - arrival time)
  Source:                 rst_sync_reg[3]/C
                            (rising edge-triggered cell FDCE clocked by sys_clk  {rise@0.000ns fall@5.000ns period=10.000ns})
  Destination:            u_bridge/cnt_reg[12]/CLR
                            (recovery check against rising-edge clock sys_clk  {rise@0.000ns fall@5.000ns period=10.000ns})
  Path Group:             **async_default**
  Path Type:              Recovery (Max at Slow Process Corner)
  Requirement:            10.000ns  (sys_clk rise@10.000ns - sys_clk rise@0.000ns)
  Data Path Delay:        6.144ns  (logic 0.580ns (9.440%)  route 5.564ns (90.560%))
  Logic Levels:           1  (LUT1=1)
  Clock Path Skew:        -0.028ns (DCD - SCD + CPR)
    Destination Clock Delay (DCD):    5.102ns = ( 15.102 - 10.000 ) 
    Source Clock Delay      (SCD):    5.416ns
    Clock Pessimism Removal (CPR):    0.285ns
  Clock Uncertainty:      0.035ns  ((TSJ^2 + TIJ^2)^1/2 + DJ) / 2 + PE
    Total System Jitter     (TSJ):    0.071ns
    Total Input Jitter      (TIJ):    0.000ns
    Discrete Jitter          (DJ):    0.000ns
    Phase Error              (PE):    0.000ns

    Location             Delay type                Incr(ns)  Path(ns)    Netlist Resource(s)
  -------------------------------------------------------------------    -------------------
                         (clock sys_clk rise edge)    0.000     0.000 r  
    E3                                                0.000     0.000 r  clk_100mhz (IN)
                         net (fo=0)                   0.000     0.000    clk_100mhz
    E3                   IBUF (Prop_ibuf_I_O)         1.482     1.482 r  clk_100mhz_IBUF_inst/O
                         net (fo=1, routed)           2.025     3.506    clk_100mhz_IBUF
    BUFGCTRL_X0Y16       BUFG (Prop_bufg_I_O)         0.096     3.602 r  clk_100mhz_IBUF_BUFG_inst/O
                         net (fo=2651, routed)        1.813     5.416    clk_100mhz_IBUF_BUFG
    SLICE_X26Y13         FDCE                                         r  rst_sync_reg[3]/C
  -------------------------------------------------------------------    -------------------
    SLICE_X26Y13         FDCE (Prop_fdce_C_Q)         0.456     5.872 r  rst_sync_reg[3]/Q
                         net (fo=41, routed)          0.834     6.706    u_bridge/tx_valid_reg_0[0]
    SLICE_X22Y12         LUT1 (Prop_lut1_I0_O)        0.124     6.830 f  u_bridge/FSM_sequential_state[1]_i_2__0/O
                         net (fo=596, routed)         4.730    11.560    u_bridge/rst_sync_reg[3]
    SLICE_X26Y17         FDCE                                         f  u_bridge/cnt_reg[12]/CLR
  -------------------------------------------------------------------    -------------------

                         (clock sys_clk rise edge)   10.000    10.000 r  
    E3                                                0.000    10.000 r  clk_100mhz (IN)
                         net (fo=0)                   0.000    10.000    clk_100mhz
    E3                   IBUF (Prop_ibuf_I_O)         1.411    11.411 r  clk_100mhz_IBUF_inst/O
                         net (fo=1, routed)           1.920    13.331    clk_100mhz_IBUF
    BUFGCTRL_X0Y16       BUFG (Prop_bufg_I_O)         0.091    13.422 r  clk_100mhz_IBUF_BUFG_inst/O
                         net (fo=2651, routed)        1.680    15.102    u_bridge/clk_100mhz_IBUF_BUFG
    SLICE_X26Y17         FDCE                                         r  u_bridge/cnt_reg[12]/C
                         clock pessimism              0.285    15.388    
                         clock uncertainty           -0.035    15.352    
    SLICE_X26Y17         FDCE (Recov_fdce_C_CLR)     -0.405    14.947    u_bridge/cnt_reg[12]
  -------------------------------------------------------------------
                         required time                         14.947    
                         arrival time                         -11.560    
  -------------------------------------------------------------------
                         slack                                  3.388    

Slack (MET) :             3.388ns  (required time - arrival time)
  Source:                 rst_sync_reg[3]/C
                            (rising edge-triggered cell FDCE clocked by sys_clk  {rise@0.000ns fall@5.000ns period=10.000ns})
  Destination:            u_bridge/cnt_reg[1]/CLR
                            (recovery check against rising-edge clock sys_clk  {rise@0.000ns fall@5.000ns period=10.000ns})
  Path Group:             **async_default**
  Path Type:              Recovery (Max at Slow Process Corner)
  Requirement:            10.000ns  (sys_clk rise@10.000ns - sys_clk rise@0.000ns)
  Data Path Delay:        6.144ns  (logic 0.580ns (9.440%)  route 5.564ns (90.560%))
  Logic Levels:           1  (LUT1=1)
  Clock Path Skew:        -0.028ns (DCD - SCD + CPR)
    Destination Clock Delay (DCD):    5.102ns = ( 15.102 - 10.000 ) 
    Source Clock Delay      (SCD):    5.416ns
    Clock Pessimism Removal (CPR):    0.285ns
  Clock Uncertainty:      0.035ns  ((TSJ^2 + TIJ^2)^1/2 + DJ) / 2 + PE
    Total System Jitter     (TSJ):    0.071ns
    Total Input Jitter      (TIJ):    0.000ns
    Discrete Jitter          (DJ):    0.000ns
    Phase Error              (PE):    0.000ns

    Location             Delay type                Incr(ns)  Path(ns)    Netlist Resource(s)
  -------------------------------------------------------------------    -------------------
                         (clock sys_clk rise edge)    0.000     0.000 r  
    E3                                                0.000     0.000 r  clk_100mhz (IN)
                         net (fo=0)                   0.000     0.000    clk_100mhz
    E3                   IBUF (Prop_ibuf_I_O)         1.482     1.482 r  clk_100mhz_IBUF_inst/O
                         net (fo=1, routed)           2.025     3.506    clk_100mhz_IBUF
    BUFGCTRL_X0Y16       BUFG (Prop_bufg_I_O)         0.096     3.602 r  clk_100mhz_IBUF_BUFG_inst/O
                         net (fo=2651, routed)        1.813     5.416    clk_100mhz_IBUF_BUFG
    SLICE_X26Y13         FDCE                                         r  rst_sync_reg[3]/C
  -------------------------------------------------------------------    -------------------
    SLICE_X26Y13         FDCE (Prop_fdce_C_Q)         0.456     5.872 r  rst_sync_reg[3]/Q
                         net (fo=41, routed)          0.834     6.706    u_bridge/tx_valid_reg_0[0]
    SLICE_X22Y12         LUT1 (Prop_lut1_I0_O)        0.124     6.830 f  u_bridge/FSM_sequential_state[1]_i_2__0/O
                         net (fo=596, routed)         4.730    11.560    u_bridge/rst_sync_reg[3]
    SLICE_X26Y17         FDCE                                         f  u_bridge/cnt_reg[1]/CLR
  -------------------------------------------------------------------    -------------------

                         (clock sys_clk rise edge)   10.000    10.000 r  
    E3                                                0.000    10.000 r  clk_100mhz (IN)
                         net (fo=0)                   0.000    10.000    clk_100mhz
    E3                   IBUF (Prop_ibuf_I_O)         1.411    11.411 r  clk_100mhz_IBUF_inst/O
                         net (fo=1, routed)           1.920    13.331    clk_100mhz_IBUF
    BUFGCTRL_X0Y16       BUFG (Prop_bufg_I_O)         0.091    13.422 r  clk_100mhz_IBUF_BUFG_inst/O
                         net (fo=2651, routed)        1.680    15.102    u_bridge/clk_100mhz_IBUF_BUFG
    SLICE_X26Y17         FDCE                                         r  u_bridge/cnt_reg[1]/C
                         clock pessimism              0.285    15.388    
                         clock uncertainty           -0.035    15.352    
    SLICE_X26Y17         FDCE (Recov_fdce_C_CLR)     -0.405    14.947    u_bridge/cnt_reg[1]
  -------------------------------------------------------------------
                         required time                         14.947    
                         arrival time                         -11.560    
  -------------------------------------------------------------------
                         slack                                  3.388    

Slack (MET) :             3.388ns  (required time - arrival time)
  Source:                 rst_sync_reg[3]/C
                            (rising edge-triggered cell FDCE clocked by sys_clk  {rise@0.000ns fall@5.000ns period=10.000ns})
  Destination:            u_bridge/cnt_reg[2]/CLR
                            (recovery check against rising-edge clock sys_clk  {rise@0.000ns fall@5.000ns period=10.000ns})
  Path Group:             **async_default**
  Path Type:              Recovery (Max at Slow Process Corner)
  Requirement:            10.000ns  (sys_clk rise@10.000ns - sys_clk rise@0.000ns)
  Data Path Delay:        6.144ns  (logic 0.580ns (9.440%)  route 5.564ns (90.560%))
  Logic Levels:           1  (LUT1=1)
  Clock Path Skew:        -0.028ns (DCD - SCD + CPR)
    Destination Clock Delay (DCD):    5.102ns = ( 15.102 - 10.000 ) 
    Source Clock Delay      (SCD):    5.416ns
    Clock Pessimism Removal (CPR):    0.285ns
  Clock Uncertainty:      0.035ns  ((TSJ^2 + TIJ^2)^1/2 + DJ) / 2 + PE
    Total System Jitter     (TSJ):    0.071ns
    Total Input Jitter      (TIJ):    0.000ns
    Discrete Jitter          (DJ):    0.000ns
    Phase Error              (PE):    0.000ns

    Location             Delay type                Incr(ns)  Path(ns)    Netlist Resource(s)
  -------------------------------------------------------------------    -------------------
                         (clock sys_clk rise edge)    0.000     0.000 r  
    E3                                                0.000     0.000 r  clk_100mhz (IN)
                         net (fo=0)                   0.000     0.000    clk_100mhz
    E3                   IBUF (Prop_ibuf_I_O)         1.482     1.482 r  clk_100mhz_IBUF_inst/O
                         net (fo=1, routed)           2.025     3.506    clk_100mhz_IBUF
    BUFGCTRL_X0Y16       BUFG (Prop_bufg_I_O)         0.096     3.602 r  clk_100mhz_IBUF_BUFG_inst/O
                         net (fo=2651, routed)        1.813     5.416    clk_100mhz_IBUF_BUFG
    SLICE_X26Y13         FDCE                                         r  rst_sync_reg[3]/C
  -------------------------------------------------------------------    -------------------
    SLICE_X26Y13         FDCE (Prop_fdce_C_Q)         0.456     5.872 r  rst_sync_reg[3]/Q
                         net (fo=41, routed)          0.834     6.706    u_bridge/tx_valid_reg_0[0]
    SLICE_X22Y12         LUT1 (Prop_lut1_I0_O)        0.124     6.830 f  u_bridge/FSM_sequential_state[1]_i_2__0/O
                         net (fo=596, routed)         4.730    11.560    u_bridge/rst_sync_reg[3]
    SLICE_X26Y17         FDCE                                         f  u_bridge/cnt_reg[2]/CLR
  -------------------------------------------------------------------    -------------------

                         (clock sys_clk rise edge)   10.000    10.000 r  
    E3                                                0.000    10.000 r  clk_100mhz (IN)
                         net (fo=0)                   0.000    10.000    clk_100mhz
    E3                   IBUF (Prop_ibuf_I_O)         1.411    11.411 r  clk_100mhz_IBUF_inst/O
                         net (fo=1, routed)           1.920    13.331    clk_100mhz_IBUF
    BUFGCTRL_X0Y16       BUFG (Prop_bufg_I_O)         0.091    13.422 r  clk_100mhz_IBUF_BUFG_inst/O
                         net (fo=2651, routed)        1.680    15.102    u_bridge/clk_100mhz_IBUF_BUFG
    SLICE_X26Y17         FDCE                                         r  u_bridge/cnt_reg[2]/C
                         clock pessimism              0.285    15.388    
                         clock uncertainty           -0.035    15.352    
    SLICE_X26Y17         FDCE (Recov_fdce_C_CLR)     -0.405    14.947    u_bridge/cnt_reg[2]
  -------------------------------------------------------------------
                         required time                         14.947    
                         arrival time                         -11.560    
  -------------------------------------------------------------------
                         slack                                  3.388    

Slack (MET) :             3.388ns  (required time - arrival time)
  Source:                 rst_sync_reg[3]/C
                            (rising edge-triggered cell FDCE clocked by sys_clk  {rise@0.000ns fall@5.000ns period=10.000ns})
  Destination:            u_bridge/cnt_reg[9]/CLR
                            (recovery check against rising-edge clock sys_clk  {rise@0.000ns fall@5.000ns period=10.000ns})
  Path Group:             **async_default**
  Path Type:              Recovery (Max at Slow Process Corner)
  Requirement:            10.000ns  (sys_clk rise@10.000ns - sys_clk rise@0.000ns)
  Data Path Delay:        6.144ns  (logic 0.580ns (9.440%)  route 5.564ns (90.560%))
  Logic Levels:           1  (LUT1=1)
  Clock Path Skew:        -0.028ns (DCD - SCD + CPR)
    Destination Clock Delay (DCD):    5.102ns = ( 15.102 - 10.000 ) 
    Source Clock Delay      (SCD):    5.416ns
    Clock Pessimism Removal (CPR):    0.285ns
  Clock Uncertainty:      0.035ns  ((TSJ^2 + TIJ^2)^1/2 + DJ) / 2 + PE
    Total System Jitter     (TSJ):    0.071ns
    Total Input Jitter      (TIJ):    0.000ns
    Discrete Jitter          (DJ):    0.000ns
    Phase Error              (PE):    0.000ns

    Location             Delay type                Incr(ns)  Path(ns)    Netlist Resource(s)
  -------------------------------------------------------------------    -------------------
                         (clock sys_clk rise edge)    0.000     0.000 r  
    E3                                                0.000     0.000 r  clk_100mhz (IN)
                         net (fo=0)                   0.000     0.000    clk_100mhz
    E3                   IBUF (Prop_ibuf_I_O)         1.482     1.482 r  clk_100mhz_IBUF_inst/O
                         net (fo=1, routed)           2.025     3.506    clk_100mhz_IBUF
    BUFGCTRL_X0Y16       BUFG (Prop_bufg_I_O)         0.096     3.602 r  clk_100mhz_IBUF_BUFG_inst/O
                         net (fo=2651, routed)        1.813     5.416    clk_100mhz_IBUF_BUFG
    SLICE_X26Y13         FDCE                                         r  rst_sync_reg[3]/C
  -------------------------------------------------------------------    -------------------
    SLICE_X26Y13         FDCE (Prop_fdce_C_Q)         0.456     5.872 r  rst_sync_reg[3]/Q
                         net (fo=41, routed)          0.834     6.706    u_bridge/tx_valid_reg_0[0]
    SLICE_X22Y12         LUT1 (Prop_lut1_I0_O)        0.124     6.830 f  u_bridge/FSM_sequential_state[1]_i_2__0/O
                         net (fo=596, routed)         4.730    11.560    u_bridge/rst_sync_reg[3]
    SLICE_X26Y17         FDCE                                         f  u_bridge/cnt_reg[9]/CLR
  -------------------------------------------------------------------    -------------------

                         (clock sys_clk rise edge)   10.000    10.000 r  
    E3                                                0.000    10.000 r  clk_100mhz (IN)
                         net (fo=0)                   0.000    10.000    clk_100mhz
    E3                   IBUF (Prop_ibuf_I_O)         1.411    11.411 r  clk_100mhz_IBUF_inst/O
                         net (fo=1, routed)           1.920    13.331    clk_100mhz_IBUF
    BUFGCTRL_X0Y16       BUFG (Prop_bufg_I_O)         0.091    13.422 r  clk_100mhz_IBUF_BUFG_inst/O
                         net (fo=2651, routed)        1.680    15.102    u_bridge/clk_100mhz_IBUF_BUFG
    SLICE_X26Y17         FDCE                                         r  u_bridge/cnt_reg[9]/C
                         clock pessimism              0.285    15.388    
                         clock uncertainty           -0.035    15.352    
    SLICE_X26Y17         FDCE (Recov_fdce_C_CLR)     -0.405    14.947    u_bridge/cnt_reg[9]
  -------------------------------------------------------------------
                         required time                         14.947    
                         arrival time                         -11.560    
  -------------------------------------------------------------------
                         slack                                  3.388    

Slack (MET) :             3.509ns  (required time - arrival time)
  Source:                 rst_sync_reg[3]/C
                            (rising edge-triggered cell FDCE clocked by sys_clk  {rise@0.000ns fall@5.000ns period=10.000ns})
  Destination:            heartbeat_cnt_reg[0]/CLR
                            (recovery check against rising-edge clock sys_clk  {rise@0.000ns fall@5.000ns period=10.000ns})
  Path Group:             **async_default**
  Path Type:              Recovery (Max at Slow Process Corner)
  Requirement:            10.000ns  (sys_clk rise@10.000ns - sys_clk rise@0.000ns)
  Data Path Delay:        6.080ns  (logic 0.580ns (9.539%)  route 5.500ns (90.461%))
  Logic Levels:           1  (LUT1=1)
  Clock Path Skew:        0.030ns (DCD - SCD + CPR)
    Destination Clock Delay (DCD):    5.178ns = ( 15.178 - 10.000 ) 
    Source Clock Delay      (SCD):    5.416ns
    Clock Pessimism Removal (CPR):    0.267ns
  Clock Uncertainty:      0.035ns  ((TSJ^2 + TIJ^2)^1/2 + DJ) / 2 + PE
    Total System Jitter     (TSJ):    0.071ns
    Total Input Jitter      (TIJ):    0.000ns
    Discrete Jitter          (DJ):    0.000ns
    Phase Error              (PE):    0.000ns

    Location             Delay type                Incr(ns)  Path(ns)    Netlist Resource(s)
  -------------------------------------------------------------------    -------------------
                         (clock sys_clk rise edge)    0.000     0.000 r  
    E3                                                0.000     0.000 r  clk_100mhz (IN)
                         net (fo=0)                   0.000     0.000    clk_100mhz
    E3                   IBUF (Prop_ibuf_I_O)         1.482     1.482 r  clk_100mhz_IBUF_inst/O
                         net (fo=1, routed)           2.025     3.506    clk_100mhz_IBUF
    BUFGCTRL_X0Y16       BUFG (Prop_bufg_I_O)         0.096     3.602 r  clk_100mhz_IBUF_BUFG_inst/O
                         net (fo=2651, routed)        1.813     5.416    clk_100mhz_IBUF_BUFG
    SLICE_X26Y13         FDCE                                         r  rst_sync_reg[3]/C
  -------------------------------------------------------------------    -------------------
    SLICE_X26Y13         FDCE (Prop_fdce_C_Q)         0.456     5.872 r  rst_sync_reg[3]/Q
                         net (fo=41, routed)          0.834     6.706    u_bridge/tx_valid_reg_0[0]
    SLICE_X22Y12         LUT1 (Prop_lut1_I0_O)        0.124     6.830 f  u_bridge/FSM_sequential_state[1]_i_2__0/O
                         net (fo=596, routed)         4.666    11.496    u_bridge_n_1
    SLICE_X5Y27          FDCE                                         f  heartbeat_cnt_reg[0]/CLR
  -------------------------------------------------------------------    -------------------

                         (clock sys_clk rise edge)   10.000    10.000 r  
    E3                                                0.000    10.000 r  clk_100mhz (IN)
                         net (fo=0)                   0.000    10.000    clk_100mhz
    E3                   IBUF (Prop_ibuf_I_O)         1.411    11.411 r  clk_100mhz_IBUF_inst/O
                         net (fo=1, routed)           1.920    13.331    clk_100mhz_IBUF
    BUFGCTRL_X0Y16       BUFG (Prop_bufg_I_O)         0.091    13.422 r  clk_100mhz_IBUF_BUFG_inst/O
                         net (fo=2651, routed)        1.756    15.178    clk_100mhz_IBUF_BUFG
    SLICE_X5Y27          FDCE                                         r  heartbeat_cnt_reg[0]/C
                         clock pessimism              0.267    15.446    
                         clock uncertainty           -0.035    15.410    
    SLICE_X5Y27          FDCE (Recov_fdce_C_CLR)     -0.405    15.005    heartbeat_cnt_reg[0]
  -------------------------------------------------------------------
                         required time                         15.005    
                         arrival time                         -11.496    
  -------------------------------------------------------------------
                         slack                                  3.509    

Slack (MET) :             3.509ns  (required time - arrival time)
  Source:                 rst_sync_reg[3]/C
                            (rising edge-triggered cell FDCE clocked by sys_clk  {rise@0.000ns fall@5.000ns period=10.000ns})
  Destination:            heartbeat_cnt_reg[1]/CLR
                            (recovery check against rising-edge clock sys_clk  {rise@0.000ns fall@5.000ns period=10.000ns})
  Path Group:             **async_default**
  Path Type:              Recovery (Max at Slow Process Corner)
  Requirement:            10.000ns  (sys_clk rise@10.000ns - sys_clk rise@0.000ns)
  Data Path Delay:        6.080ns  (logic 0.580ns (9.539%)  route 5.500ns (90.461%))
  Logic Levels:           1  (LUT1=1)
  Clock Path Skew:        0.030ns (DCD - SCD + CPR)
    Destination Clock Delay (DCD):    5.178ns = ( 15.178 - 10.000 ) 
    Source Clock Delay      (SCD):    5.416ns
    Clock Pessimism Removal (CPR):    0.267ns
  Clock Uncertainty:      0.035ns  ((TSJ^2 + TIJ^2)^1/2 + DJ) / 2 + PE
    Total System Jitter     (TSJ):    0.071ns
    Total Input Jitter      (TIJ):    0.000ns
    Discrete Jitter          (DJ):    0.000ns
    Phase Error              (PE):    0.000ns

    Location             Delay type                Incr(ns)  Path(ns)    Netlist Resource(s)
  -------------------------------------------------------------------    -------------------
                         (clock sys_clk rise edge)    0.000     0.000 r  
    E3                                                0.000     0.000 r  clk_100mhz (IN)
                         net (fo=0)                   0.000     0.000    clk_100mhz
    E3                   IBUF (Prop_ibuf_I_O)         1.482     1.482 r  clk_100mhz_IBUF_inst/O
                         net (fo=1, routed)           2.025     3.506    clk_100mhz_IBUF
    BUFGCTRL_X0Y16       BUFG (Prop_bufg_I_O)         0.096     3.602 r  clk_100mhz_IBUF_BUFG_inst/O
                         net (fo=2651, routed)        1.813     5.416    clk_100mhz_IBUF_BUFG
    SLICE_X26Y13         FDCE                                         r  rst_sync_reg[3]/C
  -------------------------------------------------------------------    -------------------
    SLICE_X26Y13         FDCE (Prop_fdce_C_Q)         0.456     5.872 r  rst_sync_reg[3]/Q
                         net (fo=41, routed)          0.834     6.706    u_bridge/tx_valid_reg_0[0]
    SLICE_X22Y12         LUT1 (Prop_lut1_I0_O)        0.124     6.830 f  u_bridge/FSM_sequential_state[1]_i_2__0/O
                         net (fo=596, routed)         4.666    11.496    u_bridge_n_1
    SLICE_X5Y27          FDCE                                         f  heartbeat_cnt_reg[1]/CLR
  -------------------------------------------------------------------    -------------------

                         (clock sys_clk rise edge)   10.000    10.000 r  
    E3                                                0.000    10.000 r  clk_100mhz (IN)
                         net (fo=0)                   0.000    10.000    clk_100mhz
    E3                   IBUF (Prop_ibuf_I_O)         1.411    11.411 r  clk_100mhz_IBUF_inst/O
                         net (fo=1, routed)           1.920    13.331    clk_100mhz_IBUF
    BUFGCTRL_X0Y16       BUFG (Prop_bufg_I_O)         0.091    13.422 r  clk_100mhz_IBUF_BUFG_inst/O
                         net (fo=2651, routed)        1.756    15.178    clk_100mhz_IBUF_BUFG
    SLICE_X5Y27          FDCE                                         r  heartbeat_cnt_reg[1]/C
                         clock pessimism              0.267    15.446    
                         clock uncertainty           -0.035    15.410    
    SLICE_X5Y27          FDCE (Recov_fdce_C_CLR)     -0.405    15.005    heartbeat_cnt_reg[1]
  -------------------------------------------------------------------
                         required time                         15.005    
                         arrival time                         -11.496    
  -------------------------------------------------------------------
                         slack                                  3.509    

Slack (MET) :             3.509ns  (required time - arrival time)
  Source:                 rst_sync_reg[3]/C
                            (rising edge-triggered cell FDCE clocked by sys_clk  {rise@0.000ns fall@5.000ns period=10.000ns})
  Destination:            heartbeat_cnt_reg[2]/CLR
                            (recovery check against rising-edge clock sys_clk  {rise@0.000ns fall@5.000ns period=10.000ns})
  Path Group:             **async_default**
  Path Type:              Recovery (Max at Slow Process Corner)
  Requirement:            10.000ns  (sys_clk rise@10.000ns - sys_clk rise@0.000ns)
  Data Path Delay:        6.080ns  (logic 0.580ns (9.539%)  route 5.500ns (90.461%))
  Logic Levels:           1  (LUT1=1)
  Clock Path Skew:        0.030ns (DCD - SCD + CPR)
    Destination Clock Delay (DCD):    5.178ns = ( 15.178 - 10.000 ) 
    Source Clock Delay      (SCD):    5.416ns
    Clock Pessimism Removal (CPR):    0.267ns
  Clock Uncertainty:      0.035ns  ((TSJ^2 + TIJ^2)^1/2 + DJ) / 2 + PE
    Total System Jitter     (TSJ):    0.071ns
    Total Input Jitter      (TIJ):    0.000ns
    Discrete Jitter          (DJ):    0.000ns
    Phase Error              (PE):    0.000ns

    Location             Delay type                Incr(ns)  Path(ns)    Netlist Resource(s)
  -------------------------------------------------------------------    -------------------
                         (clock sys_clk rise edge)    0.000     0.000 r  
    E3                                                0.000     0.000 r  clk_100mhz (IN)
                         net (fo=0)                   0.000     0.000    clk_100mhz
    E3                   IBUF (Prop_ibuf_I_O)         1.482     1.482 r  clk_100mhz_IBUF_inst/O
                         net (fo=1, routed)           2.025     3.506    clk_100mhz_IBUF
    BUFGCTRL_X0Y16       BUFG (Prop_bufg_I_O)         0.096     3.602 r  clk_100mhz_IBUF_BUFG_inst/O
                         net (fo=2651, routed)        1.813     5.416    clk_100mhz_IBUF_BUFG
    SLICE_X26Y13         FDCE                                         r  rst_sync_reg[3]/C
  -------------------------------------------------------------------    -------------------
    SLICE_X26Y13         FDCE (Prop_fdce_C_Q)         0.456     5.872 r  rst_sync_reg[3]/Q
                         net (fo=41, routed)          0.834     6.706    u_bridge/tx_valid_reg_0[0]
    SLICE_X22Y12         LUT1 (Prop_lut1_I0_O)        0.124     6.830 f  u_bridge/FSM_sequential_state[1]_i_2__0/O
                         net (fo=596, routed)         4.666    11.496    u_bridge_n_1
    SLICE_X5Y27          FDCE                                         f  heartbeat_cnt_reg[2]/CLR
  -------------------------------------------------------------------    -------------------

                         (clock sys_clk rise edge)   10.000    10.000 r  
    E3                                                0.000    10.000 r  clk_100mhz (IN)
                         net (fo=0)                   0.000    10.000    clk_100mhz
    E3                   IBUF (Prop_ibuf_I_O)         1.411    11.411 r  clk_100mhz_IBUF_inst/O
                         net (fo=1, routed)           1.920    13.331    clk_100mhz_IBUF
    BUFGCTRL_X0Y16       BUFG (Prop_bufg_I_O)         0.091    13.422 r  clk_100mhz_IBUF_BUFG_inst/O
                         net (fo=2651, routed)        1.756    15.178    clk_100mhz_IBUF_BUFG
    SLICE_X5Y27          FDCE                                         r  heartbeat_cnt_reg[2]/C
                         clock pessimism              0.267    15.446    
                         clock uncertainty           -0.035    15.410    
    SLICE_X5Y27          FDCE (Recov_fdce_C_CLR)     -0.405    15.005    heartbeat_cnt_reg[2]
  -------------------------------------------------------------------
                         required time                         15.005    
                         arrival time                         -11.496    
  -------------------------------------------------------------------
                         slack                                  3.509    

Slack (MET) :             3.509ns  (required time - arrival time)
  Source:                 rst_sync_reg[3]/C
                            (rising edge-triggered cell FDCE clocked by sys_clk  {rise@0.000ns fall@5.000ns period=10.000ns})
  Destination:            heartbeat_cnt_reg[3]/CLR
                            (recovery check against rising-edge clock sys_clk  {rise@0.000ns fall@5.000ns period=10.000ns})
  Path Group:             **async_default**
  Path Type:              Recovery (Max at Slow Process Corner)
  Requirement:            10.000ns  (sys_clk rise@10.000ns - sys_clk rise@0.000ns)
  Data Path Delay:        6.080ns  (logic 0.580ns (9.539%)  route 5.500ns (90.461%))
  Logic Levels:           1  (LUT1=1)
  Clock Path Skew:        0.030ns (DCD - SCD + CPR)
    Destination Clock Delay (DCD):    5.178ns = ( 15.178 - 10.000 ) 
    Source Clock Delay      (SCD):    5.416ns
    Clock Pessimism Removal (CPR):    0.267ns
  Clock Uncertainty:      0.035ns  ((TSJ^2 + TIJ^2)^1/2 + DJ) / 2 + PE
    Total System Jitter     (TSJ):    0.071ns
    Total Input Jitter      (TIJ):    0.000ns
    Discrete Jitter          (DJ):    0.000ns
    Phase Error              (PE):    0.000ns

    Location             Delay type                Incr(ns)  Path(ns)    Netlist Resource(s)
  -------------------------------------------------------------------    -------------------
                         (clock sys_clk rise edge)    0.000     0.000 r  
    E3                                                0.000     0.000 r  clk_100mhz (IN)
                         net (fo=0)                   0.000     0.000    clk_100mhz
    E3                   IBUF (Prop_ibuf_I_O)         1.482     1.482 r  clk_100mhz_IBUF_inst/O
                         net (fo=1, routed)           2.025     3.506    clk_100mhz_IBUF
    BUFGCTRL_X0Y16       BUFG (Prop_bufg_I_O)         0.096     3.602 r  clk_100mhz_IBUF_BUFG_inst/O
                         net (fo=2651, routed)        1.813     5.416    clk_100mhz_IBUF_BUFG
    SLICE_X26Y13         FDCE                                         r  rst_sync_reg[3]/C
  -------------------------------------------------------------------    -------------------
    SLICE_X26Y13         FDCE (Prop_fdce_C_Q)         0.456     5.872 r  rst_sync_reg[3]/Q
                         net (fo=41, routed)          0.834     6.706    u_bridge/tx_valid_reg_0[0]
    SLICE_X22Y12         LUT1 (Prop_lut1_I0_O)        0.124     6.830 f  u_bridge/FSM_sequential_state[1]_i_2__0/O
                         net (fo=596, routed)         4.666    11.496    u_bridge_n_1
    SLICE_X5Y27          FDCE                                         f  heartbeat_cnt_reg[3]/CLR
  -------------------------------------------------------------------    -------------------

                         (clock sys_clk rise edge)   10.000    10.000 r  
    E3                                                0.000    10.000 r  clk_100mhz (IN)
                         net (fo=0)                   0.000    10.000    clk_100mhz
    E3                   IBUF (Prop_ibuf_I_O)         1.411    11.411 r  clk_100mhz_IBUF_inst/O
                         net (fo=1, routed)           1.920    13.331    clk_100mhz_IBUF
    BUFGCTRL_X0Y16       BUFG (Prop_bufg_I_O)         0.091    13.422 r  clk_100mhz_IBUF_BUFG_inst/O
                         net (fo=2651, routed)        1.756    15.178    clk_100mhz_IBUF_BUFG
    SLICE_X5Y27          FDCE                                         r  heartbeat_cnt_reg[3]/C
                         clock pessimism              0.267    15.446    
                         clock uncertainty           -0.035    15.410    
    SLICE_X5Y27          FDCE (Recov_fdce_C_CLR)     -0.405    15.005    heartbeat_cnt_reg[3]
  -------------------------------------------------------------------
                         required time                         15.005    
                         arrival time                         -11.496    
  -------------------------------------------------------------------
                         slack                                  3.509    





Min Delay Paths
--------------------------------------------------------------------------------------
Slack (MET) :             0.753ns  (arrival time - required time)
  Source:                 rst_sync_reg[3]/C
                            (rising edge-triggered cell FDCE clocked by sys_clk  {rise@0.000ns fall@5.000ns period=10.000ns})
  Destination:            u_rx/bit_idx_reg[0]/CLR
                            (removal check against rising-edge clock sys_clk  {rise@0.000ns fall@5.000ns period=10.000ns})
  Path Group:             **async_default**
  Path Type:              Removal (Min at Fast Process Corner)
  Requirement:            0.000ns  (sys_clk rise@0.000ns - sys_clk rise@0.000ns)
  Data Path Delay:        0.725ns  (logic 0.186ns (25.647%)  route 0.539ns (74.353%))
  Logic Levels:           1  (LUT1=1)
  Clock Path Skew:        0.039ns (DCD - SCD - CPR)
    Destination Clock Delay (DCD):    2.077ns
    Source Clock Delay      (SCD):    1.555ns
    Clock Pessimism Removal (CPR):    0.483ns

    Location             Delay type                Incr(ns)  Path(ns)    Netlist Resource(s)
  -------------------------------------------------------------------    -------------------
                         (clock sys_clk rise edge)    0.000     0.000 r  
    E3                                                0.000     0.000 r  clk_100mhz (IN)
                         net (fo=0)                   0.000     0.000    clk_100mhz
    E3                   IBUF (Prop_ibuf_I_O)         0.250     0.250 r  clk_100mhz_IBUF_inst/O
                         net (fo=1, routed)           0.644     0.894    clk_100mhz_IBUF
    BUFGCTRL_X0Y16       BUFG (Prop_bufg_I_O)         0.026     0.920 r  clk_100mhz_IBUF_BUFG_inst/O
                         net (fo=2651, routed)        0.635     1.555    clk_100mhz_IBUF_BUFG
    SLICE_X26Y13         FDCE                                         r  rst_sync_reg[3]/C
  -------------------------------------------------------------------    -------------------
    SLICE_X26Y13         FDCE (Prop_fdce_C_Q)         0.141     1.696 r  rst_sync_reg[3]/Q
                         net (fo=41, routed)          0.316     2.012    u_bridge/tx_valid_reg_0[0]
    SLICE_X22Y12         LUT1 (Prop_lut1_I0_O)        0.045     2.057 f  u_bridge/FSM_sequential_state[1]_i_2__0/O
                         net (fo=596, routed)         0.223     2.280    u_rx/FSM_sequential_state_reg[1]_0
    SLICE_X12Y12         FDCE                                         f  u_rx/bit_idx_reg[0]/CLR
  -------------------------------------------------------------------    -------------------

                         (clock sys_clk rise edge)    0.000     0.000 r  
    E3                                                0.000     0.000 r  clk_100mhz (IN)
                         net (fo=0)                   0.000     0.000    clk_100mhz
    E3                   IBUF (Prop_ibuf_I_O)         0.438     0.438 r  clk_100mhz_IBUF_inst/O
                         net (fo=1, routed)           0.699     1.136    clk_100mhz_IBUF
    BUFGCTRL_X0Y16       BUFG (Prop_bufg_I_O)         0.029     1.165 r  clk_100mhz_IBUF_BUFG_inst/O
                         net (fo=2651, routed)        0.912     2.077    u_rx/clk_100mhz_IBUF_BUFG
    SLICE_X12Y12         FDCE                                         r  u_rx/bit_idx_reg[0]/C
                         clock pessimism             -0.483     1.594    
    SLICE_X12Y12         FDCE (Remov_fdce_C_CLR)     -0.067     1.527    u_rx/bit_idx_reg[0]
  -------------------------------------------------------------------
                         required time                         -1.527    
                         arrival time                           2.280    
  -------------------------------------------------------------------
                         slack                                  0.753    

Slack (MET) :             0.753ns  (arrival time - required time)
  Source:                 rst_sync_reg[3]/C
                            (rising edge-triggered cell FDCE clocked by sys_clk  {rise@0.000ns fall@5.000ns period=10.000ns})
  Destination:            u_rx/bit_idx_reg[1]/CLR
                            (removal check against rising-edge clock sys_clk  {rise@0.000ns fall@5.000ns period=10.000ns})
  Path Group:             **async_default**
  Path Type:              Removal (Min at Fast Process Corner)
  Requirement:            0.000ns  (sys_clk rise@0.000ns - sys_clk rise@0.000ns)
  Data Path Delay:        0.725ns  (logic 0.186ns (25.647%)  route 0.539ns (74.353%))
  Logic Levels:           1  (LUT1=1)
  Clock Path Skew:        0.039ns (DCD - SCD - CPR)
    Destination Clock Delay (DCD):    2.077ns
    Source Clock Delay      (SCD):    1.555ns
    Clock Pessimism Removal (CPR):    0.483ns

    Location             Delay type                Incr(ns)  Path(ns)    Netlist Resource(s)
  -------------------------------------------------------------------    -------------------
                         (clock sys_clk rise edge)    0.000     0.000 r  
    E3                                                0.000     0.000 r  clk_100mhz (IN)
                         net (fo=0)                   0.000     0.000    clk_100mhz
    E3                   IBUF (Prop_ibuf_I_O)         0.250     0.250 r  clk_100mhz_IBUF_inst/O
                         net (fo=1, routed)           0.644     0.894    clk_100mhz_IBUF
    BUFGCTRL_X0Y16       BUFG (Prop_bufg_I_O)         0.026     0.920 r  clk_100mhz_IBUF_BUFG_inst/O
                         net (fo=2651, routed)        0.635     1.555    clk_100mhz_IBUF_BUFG
    SLICE_X26Y13         FDCE                                         r  rst_sync_reg[3]/C
  -------------------------------------------------------------------    -------------------
    SLICE_X26Y13         FDCE (Prop_fdce_C_Q)         0.141     1.696 r  rst_sync_reg[3]/Q
                         net (fo=41, routed)          0.316     2.012    u_bridge/tx_valid_reg_0[0]
    SLICE_X22Y12         LUT1 (Prop_lut1_I0_O)        0.045     2.057 f  u_bridge/FSM_sequential_state[1]_i_2__0/O
                         net (fo=596, routed)         0.223     2.280    u_rx/FSM_sequential_state_reg[1]_0
    SLICE_X12Y12         FDCE                                         f  u_rx/bit_idx_reg[1]/CLR
  -------------------------------------------------------------------    -------------------

                         (clock sys_clk rise edge)    0.000     0.000 r  
    E3                                                0.000     0.000 r  clk_100mhz (IN)
                         net (fo=0)                   0.000     0.000    clk_100mhz
    E3                   IBUF (Prop_ibuf_I_O)         0.438     0.438 r  clk_100mhz_IBUF_inst/O
                         net (fo=1, routed)           0.699     1.136    clk_100mhz_IBUF
    BUFGCTRL_X0Y16       BUFG (Prop_bufg_I_O)         0.029     1.165 r  clk_100mhz_IBUF_BUFG_inst/O
                         net (fo=2651, routed)        0.912     2.077    u_rx/clk_100mhz_IBUF_BUFG
    SLICE_X12Y12         FDCE                                         r  u_rx/bit_idx_reg[1]/C
                         clock pessimism             -0.483     1.594    
    SLICE_X12Y12         FDCE (Remov_fdce_C_CLR)     -0.067     1.527    u_rx/bit_idx_reg[1]
  -------------------------------------------------------------------
                         required time                         -1.527    
                         arrival time                           2.280    
  -------------------------------------------------------------------
                         slack                                  0.753    

Slack (MET) :             0.753ns  (arrival time - required time)
  Source:                 rst_sync_reg[3]/C
                            (rising edge-triggered cell FDCE clocked by sys_clk  {rise@0.000ns fall@5.000ns period=10.000ns})
  Destination:            u_rx/bit_idx_reg[2]/CLR
                            (removal check against rising-edge clock sys_clk  {rise@0.000ns fall@5.000ns period=10.000ns})
  Path Group:             **async_default**
  Path Type:              Removal (Min at Fast Process Corner)
  Requirement:            0.000ns  (sys_clk rise@0.000ns - sys_clk rise@0.000ns)
  Data Path Delay:        0.725ns  (logic 0.186ns (25.647%)  route 0.539ns (74.353%))
  Logic Levels:           1  (LUT1=1)
  Clock Path Skew:        0.039ns (DCD - SCD - CPR)
    Destination Clock Delay (DCD):    2.077ns
    Source Clock Delay      (SCD):    1.555ns
    Clock Pessimism Removal (CPR):    0.483ns

    Location             Delay type                Incr(ns)  Path(ns)    Netlist Resource(s)
  -------------------------------------------------------------------    -------------------
                         (clock sys_clk rise edge)    0.000     0.000 r  
    E3                                                0.000     0.000 r  clk_100mhz (IN)
                         net (fo=0)                   0.000     0.000    clk_100mhz
    E3                   IBUF (Prop_ibuf_I_O)         0.250     0.250 r  clk_100mhz_IBUF_inst/O
                         net (fo=1, routed)           0.644     0.894    clk_100mhz_IBUF
    BUFGCTRL_X0Y16       BUFG (Prop_bufg_I_O)         0.026     0.920 r  clk_100mhz_IBUF_BUFG_inst/O
                         net (fo=2651, routed)        0.635     1.555    clk_100mhz_IBUF_BUFG
    SLICE_X26Y13         FDCE                                         r  rst_sync_reg[3]/C
  -------------------------------------------------------------------    -------------------
    SLICE_X26Y13         FDCE (Prop_fdce_C_Q)         0.141     1.696 r  rst_sync_reg[3]/Q
                         net (fo=41, routed)          0.316     2.012    u_bridge/tx_valid_reg_0[0]
    SLICE_X22Y12         LUT1 (Prop_lut1_I0_O)        0.045     2.057 f  u_bridge/FSM_sequential_state[1]_i_2__0/O
                         net (fo=596, routed)         0.223     2.280    u_rx/FSM_sequential_state_reg[1]_0
    SLICE_X12Y12         FDCE                                         f  u_rx/bit_idx_reg[2]/CLR
  -------------------------------------------------------------------    -------------------

                         (clock sys_clk rise edge)    0.000     0.000 r  
    E3                                                0.000     0.000 r  clk_100mhz (IN)
                         net (fo=0)                   0.000     0.000    clk_100mhz
    E3                   IBUF (Prop_ibuf_I_O)         0.438     0.438 r  clk_100mhz_IBUF_inst/O
                         net (fo=1, routed)           0.699     1.136    clk_100mhz_IBUF
    BUFGCTRL_X0Y16       BUFG (Prop_bufg_I_O)         0.029     1.165 r  clk_100mhz_IBUF_BUFG_inst/O
                         net (fo=2651, routed)        0.912     2.077    u_rx/clk_100mhz_IBUF_BUFG
    SLICE_X12Y12         FDCE                                         r  u_rx/bit_idx_reg[2]/C
                         clock pessimism             -0.483     1.594    
    SLICE_X12Y12         FDCE (Remov_fdce_C_CLR)     -0.067     1.527    u_rx/bit_idx_reg[2]
  -------------------------------------------------------------------
                         required time                         -1.527    
                         arrival time                           2.280    
  -------------------------------------------------------------------
                         slack                                  0.753    

Slack (MET) :             0.753ns  (arrival time - required time)
  Source:                 rst_sync_reg[3]/C
                            (rising edge-triggered cell FDCE clocked by sys_clk  {rise@0.000ns fall@5.000ns period=10.000ns})
  Destination:            u_rx/valid_reg/CLR
                            (removal check against rising-edge clock sys_clk  {rise@0.000ns fall@5.000ns period=10.000ns})
  Path Group:             **async_default**
  Path Type:              Removal (Min at Fast Process Corner)
  Requirement:            0.000ns  (sys_clk rise@0.000ns - sys_clk rise@0.000ns)
  Data Path Delay:        0.725ns  (logic 0.186ns (25.647%)  route 0.539ns (74.353%))
  Logic Levels:           1  (LUT1=1)
  Clock Path Skew:        0.039ns (DCD - SCD - CPR)
    Destination Clock Delay (DCD):    2.077ns
    Source Clock Delay      (SCD):    1.555ns
    Clock Pessimism Removal (CPR):    0.483ns

    Location             Delay type                Incr(ns)  Path(ns)    Netlist Resource(s)
  -------------------------------------------------------------------    -------------------
                         (clock sys_clk rise edge)    0.000     0.000 r  
    E3                                                0.000     0.000 r  clk_100mhz (IN)
                         net (fo=0)                   0.000     0.000    clk_100mhz
    E3                   IBUF (Prop_ibuf_I_O)         0.250     0.250 r  clk_100mhz_IBUF_inst/O
                         net (fo=1, routed)           0.644     0.894    clk_100mhz_IBUF
    BUFGCTRL_X0Y16       BUFG (Prop_bufg_I_O)         0.026     0.920 r  clk_100mhz_IBUF_BUFG_inst/O
                         net (fo=2651, routed)        0.635     1.555    clk_100mhz_IBUF_BUFG
    SLICE_X26Y13         FDCE                                         r  rst_sync_reg[3]/C
  -------------------------------------------------------------------    -------------------
    SLICE_X26Y13         FDCE (Prop_fdce_C_Q)         0.141     1.696 r  rst_sync_reg[3]/Q
                         net (fo=41, routed)          0.316     2.012    u_bridge/tx_valid_reg_0[0]
    SLICE_X22Y12         LUT1 (Prop_lut1_I0_O)        0.045     2.057 f  u_bridge/FSM_sequential_state[1]_i_2__0/O
                         net (fo=596, routed)         0.223     2.280    u_rx/FSM_sequential_state_reg[1]_0
    SLICE_X12Y12         FDCE                                         f  u_rx/valid_reg/CLR
  -------------------------------------------------------------------    -------------------

                         (clock sys_clk rise edge)    0.000     0.000 r  
    E3                                                0.000     0.000 r  clk_100mhz (IN)
                         net (fo=0)                   0.000     0.000    clk_100mhz
    E3                   IBUF (Prop_ibuf_I_O)         0.438     0.438 r  clk_100mhz_IBUF_inst/O
                         net (fo=1, routed)           0.699     1.136    clk_100mhz_IBUF
    BUFGCTRL_X0Y16       BUFG (Prop_bufg_I_O)         0.029     1.165 r  clk_100mhz_IBUF_BUFG_inst/O
                         net (fo=2651, routed)        0.912     2.077    u_rx/clk_100mhz_IBUF_BUFG
    SLICE_X12Y12         FDCE                                         r  u_rx/valid_reg/C
                         clock pessimism             -0.483     1.594    
    SLICE_X12Y12         FDCE (Remov_fdce_C_CLR)     -0.067     1.527    u_rx/valid_reg
  -------------------------------------------------------------------
                         required time                         -1.527    
                         arrival time                           2.280    
  -------------------------------------------------------------------
                         slack                                  0.753    

Slack (MET) :             0.778ns  (arrival time - required time)
  Source:                 rst_sync_reg[3]/C
                            (rising edge-triggered cell FDCE clocked by sys_clk  {rise@0.000ns fall@5.000ns period=10.000ns})
  Destination:            u_rx/FSM_sequential_state_reg[0]/CLR
                            (removal check against rising-edge clock sys_clk  {rise@0.000ns fall@5.000ns period=10.000ns})
  Path Group:             **async_default**
  Path Type:              Removal (Min at Fast Process Corner)
  Requirement:            0.000ns  (sys_clk rise@0.000ns - sys_clk rise@0.000ns)
  Data Path Delay:        0.725ns  (logic 0.186ns (25.647%)  route 0.539ns (74.353%))
  Logic Levels:           1  (LUT1=1)
  Clock Path Skew:        0.039ns (DCD - SCD - CPR)
    Destination Clock Delay (DCD):    2.077ns
    Source Clock Delay      (SCD):    1.555ns
    Clock Pessimism Removal (CPR):    0.483ns

    Location             Delay type                Incr(ns)  Path(ns)    Netlist Resource(s)
  -------------------------------------------------------------------    -------------------
                         (clock sys_clk rise edge)    0.000     0.000 r  
    E3                                                0.000     0.000 r  clk_100mhz (IN)
                         net (fo=0)                   0.000     0.000    clk_100mhz
    E3                   IBUF (Prop_ibuf_I_O)         0.250     0.250 r  clk_100mhz_IBUF_inst/O
                         net (fo=1, routed)           0.644     0.894    clk_100mhz_IBUF
    BUFGCTRL_X0Y16       BUFG (Prop_bufg_I_O)         0.026     0.920 r  clk_100mhz_IBUF_BUFG_inst/O
                         net (fo=2651, routed)        0.635     1.555    clk_100mhz_IBUF_BUFG
    SLICE_X26Y13         FDCE                                         r  rst_sync_reg[3]/C
  -------------------------------------------------------------------    -------------------
    SLICE_X26Y13         FDCE (Prop_fdce_C_Q)         0.141     1.696 r  rst_sync_reg[3]/Q
                         net (fo=41, routed)          0.316     2.012    u_bridge/tx_valid_reg_0[0]
    SLICE_X22Y12         LUT1 (Prop_lut1_I0_O)        0.045     2.057 f  u_bridge/FSM_sequential_state[1]_i_2__0/O
                         net (fo=596, routed)         0.223     2.280    u_rx/FSM_sequential_state_reg[1]_0
    SLICE_X13Y12         FDCE                                         f  u_rx/FSM_sequential_state_reg[0]/CLR
  -------------------------------------------------------------------    -------------------

                         (clock sys_clk rise edge)    0.000     0.000 r  
    E3                                                0.000     0.000 r  clk_100mhz (IN)
                         net (fo=0)                   0.000     0.000    clk_100mhz
    E3                   IBUF (Prop_ibuf_I_O)         0.438     0.438 r  clk_100mhz_IBUF_inst/O
                         net (fo=1, routed)           0.699     1.136    clk_100mhz_IBUF
    BUFGCTRL_X0Y16       BUFG (Prop_bufg_I_O)         0.029     1.165 r  clk_100mhz_IBUF_BUFG_inst/O
                         net (fo=2651, routed)        0.912     2.077    u_rx/clk_100mhz_IBUF_BUFG
    SLICE_X13Y12         FDCE                                         r  u_rx/FSM_sequential_state_reg[0]/C
                         clock pessimism             -0.483     1.594    
    SLICE_X13Y12         FDCE (Remov_fdce_C_CLR)     -0.092     1.502    u_rx/FSM_sequential_state_reg[0]
  -------------------------------------------------------------------
                         required time                         -1.502    
                         arrival time                           2.280    
  -------------------------------------------------------------------
                         slack                                  0.778    

Slack (MET) :             0.778ns  (arrival time - required time)
  Source:                 rst_sync_reg[3]/C
                            (rising edge-triggered cell FDCE clocked by sys_clk  {rise@0.000ns fall@5.000ns period=10.000ns})
  Destination:            u_rx/FSM_sequential_state_reg[1]/CLR
                            (removal check against rising-edge clock sys_clk  {rise@0.000ns fall@5.000ns period=10.000ns})
  Path Group:             **async_default**
  Path Type:              Removal (Min at Fast Process Corner)
  Requirement:            0.000ns  (sys_clk rise@0.000ns - sys_clk rise@0.000ns)
  Data Path Delay:        0.725ns  (logic 0.186ns (25.647%)  route 0.539ns (74.353%))
  Logic Levels:           1  (LUT1=1)
  Clock Path Skew:        0.039ns (DCD - SCD - CPR)
    Destination Clock Delay (DCD):    2.077ns
    Source Clock Delay      (SCD):    1.555ns
    Clock Pessimism Removal (CPR):    0.483ns

    Location             Delay type                Incr(ns)  Path(ns)    Netlist Resource(s)
  -------------------------------------------------------------------    -------------------
                         (clock sys_clk rise edge)    0.000     0.000 r  
    E3                                                0.000     0.000 r  clk_100mhz (IN)
                         net (fo=0)                   0.000     0.000    clk_100mhz
    E3                   IBUF (Prop_ibuf_I_O)         0.250     0.250 r  clk_100mhz_IBUF_inst/O
                         net (fo=1, routed)           0.644     0.894    clk_100mhz_IBUF
    BUFGCTRL_X0Y16       BUFG (Prop_bufg_I_O)         0.026     0.920 r  clk_100mhz_IBUF_BUFG_inst/O
                         net (fo=2651, routed)        0.635     1.555    clk_100mhz_IBUF_BUFG
    SLICE_X26Y13         FDCE                                         r  rst_sync_reg[3]/C
  -------------------------------------------------------------------    -------------------
    SLICE_X26Y13         FDCE (Prop_fdce_C_Q)         0.141     1.696 r  rst_sync_reg[3]/Q
                         net (fo=41, routed)          0.316     2.012    u_bridge/tx_valid_reg_0[0]
    SLICE_X22Y12         LUT1 (Prop_lut1_I0_O)        0.045     2.057 f  u_bridge/FSM_sequential_state[1]_i_2__0/O
                         net (fo=596, routed)         0.223     2.280    u_rx/FSM_sequential_state_reg[1]_0
    SLICE_X13Y12         FDCE                                         f  u_rx/FSM_sequential_state_reg[1]/CLR
  -------------------------------------------------------------------    -------------------

                         (clock sys_clk rise edge)    0.000     0.000 r  
    E3                                                0.000     0.000 r  clk_100mhz (IN)
                         net (fo=0)                   0.000     0.000    clk_100mhz
    E3                   IBUF (Prop_ibuf_I_O)         0.438     0.438 r  clk_100mhz_IBUF_inst/O
                         net (fo=1, routed)           0.699     1.136    clk_100mhz_IBUF
    BUFGCTRL_X0Y16       BUFG (Prop_bufg_I_O)         0.029     1.165 r  clk_100mhz_IBUF_BUFG_inst/O
                         net (fo=2651, routed)        0.912     2.077    u_rx/clk_100mhz_IBUF_BUFG
    SLICE_X13Y12         FDCE                                         r  u_rx/FSM_sequential_state_reg[1]/C
                         clock pessimism             -0.483     1.594    
    SLICE_X13Y12         FDCE (Remov_fdce_C_CLR)     -0.092     1.502    u_rx/FSM_sequential_state_reg[1]
  -------------------------------------------------------------------
                         required time                         -1.502    
                         arrival time                           2.280    
  -------------------------------------------------------------------
                         slack                                  0.778    

Slack (MET) :             0.864ns  (arrival time - required time)
  Source:                 rst_sync_reg[3]/C
                            (rising edge-triggered cell FDCE clocked by sys_clk  {rise@0.000ns fall@5.000ns period=10.000ns})
  Destination:            u_rx/data_reg[0]_rep/CLR
                            (removal check against rising-edge clock sys_clk  {rise@0.000ns fall@5.000ns period=10.000ns})
  Path Group:             **async_default**
  Path Type:              Removal (Min at Fast Process Corner)
  Requirement:            0.000ns  (sys_clk rise@0.000ns - sys_clk rise@0.000ns)
  Data Path Delay:        0.839ns  (logic 0.186ns (22.159%)  route 0.653ns (77.841%))
  Logic Levels:           1  (LUT1=1)
  Clock Path Skew:        0.042ns (DCD - SCD - CPR)
    Destination Clock Delay (DCD):    2.080ns
    Source Clock Delay      (SCD):    1.555ns
    Clock Pessimism Removal (CPR):    0.483ns

    Location             Delay type                Incr(ns)  Path(ns)    Netlist Resource(s)
  -------------------------------------------------------------------    -------------------
                         (clock sys_clk rise edge)    0.000     0.000 r  
    E3                                                0.000     0.000 r  clk_100mhz (IN)
                         net (fo=0)                   0.000     0.000    clk_100mhz
    E3                   IBUF (Prop_ibuf_I_O)         0.250     0.250 r  clk_100mhz_IBUF_inst/O
                         net (fo=1, routed)           0.644     0.894    clk_100mhz_IBUF
    BUFGCTRL_X0Y16       BUFG (Prop_bufg_I_O)         0.026     0.920 r  clk_100mhz_IBUF_BUFG_inst/O
                         net (fo=2651, routed)        0.635     1.555    clk_100mhz_IBUF_BUFG
    SLICE_X26Y13         FDCE                                         r  rst_sync_reg[3]/C
  -------------------------------------------------------------------    -------------------
    SLICE_X26Y13         FDCE (Prop_fdce_C_Q)         0.141     1.696 r  rst_sync_reg[3]/Q
                         net (fo=41, routed)          0.316     2.012    u_bridge/tx_valid_reg_0[0]
    SLICE_X22Y12         LUT1 (Prop_lut1_I0_O)        0.045     2.057 f  u_bridge/FSM_sequential_state[1]_i_2__0/O
                         net (fo=596, routed)         0.337     2.394    u_rx/FSM_sequential_state_reg[1]_0
    SLICE_X12Y8          FDCE                                         f  u_rx/data_reg[0]_rep/CLR
  -------------------------------------------------------------------    -------------------

                         (clock sys_clk rise edge)    0.000     0.000 r  
    E3                                                0.000     0.000 r  clk_100mhz (IN)
                         net (fo=0)                   0.000     0.000    clk_100mhz
    E3                   IBUF (Prop_ibuf_I_O)         0.438     0.438 r  clk_100mhz_IBUF_inst/O
                         net (fo=1, routed)           0.699     1.136    clk_100mhz_IBUF
    BUFGCTRL_X0Y16       BUFG (Prop_bufg_I_O)         0.029     1.165 r  clk_100mhz_IBUF_BUFG_inst/O
                         net (fo=2651, routed)        0.915     2.080    u_rx/clk_100mhz_IBUF_BUFG
    SLICE_X12Y8          FDCE                                         r  u_rx/data_reg[0]_rep/C
                         clock pessimism             -0.483     1.597    
    SLICE_X12Y8          FDCE (Remov_fdce_C_CLR)     -0.067     1.530    u_rx/data_reg[0]_rep
  -------------------------------------------------------------------
                         required time                         -1.530    
                         arrival time                           2.394    
  -------------------------------------------------------------------
                         slack                                  0.864    

Slack (MET) :             0.864ns  (arrival time - required time)
  Source:                 rst_sync_reg[3]/C
                            (rising edge-triggered cell FDCE clocked by sys_clk  {rise@0.000ns fall@5.000ns period=10.000ns})
  Destination:            u_rx/data_reg[0]_rep__0/CLR
                            (removal check against rising-edge clock sys_clk  {rise@0.000ns fall@5.000ns period=10.000ns})
  Path Group:             **async_default**
  Path Type:              Removal (Min at Fast Process Corner)
  Requirement:            0.000ns  (sys_clk rise@0.000ns - sys_clk rise@0.000ns)
  Data Path Delay:        0.839ns  (logic 0.186ns (22.159%)  route 0.653ns (77.841%))
  Logic Levels:           1  (LUT1=1)
  Clock Path Skew:        0.042ns (DCD - SCD - CPR)
    Destination Clock Delay (DCD):    2.080ns
    Source Clock Delay      (SCD):    1.555ns
    Clock Pessimism Removal (CPR):    0.483ns

    Location             Delay type                Incr(ns)  Path(ns)    Netlist Resource(s)
  -------------------------------------------------------------------    -------------------
                         (clock sys_clk rise edge)    0.000     0.000 r  
    E3                                                0.000     0.000 r  clk_100mhz (IN)
                         net (fo=0)                   0.000     0.000    clk_100mhz
    E3                   IBUF (Prop_ibuf_I_O)         0.250     0.250 r  clk_100mhz_IBUF_inst/O
                         net (fo=1, routed)           0.644     0.894    clk_100mhz_IBUF
    BUFGCTRL_X0Y16       BUFG (Prop_bufg_I_O)         0.026     0.920 r  clk_100mhz_IBUF_BUFG_inst/O
                         net (fo=2651, routed)        0.635     1.555    clk_100mhz_IBUF_BUFG
    SLICE_X26Y13         FDCE                                         r  rst_sync_reg[3]/C
  -------------------------------------------------------------------    -------------------
    SLICE_X26Y13         FDCE (Prop_fdce_C_Q)         0.141     1.696 r  rst_sync_reg[3]/Q
                         net (fo=41, routed)          0.316     2.012    u_bridge/tx_valid_reg_0[0]
    SLICE_X22Y12         LUT1 (Prop_lut1_I0_O)        0.045     2.057 f  u_bridge/FSM_sequential_state[1]_i_2__0/O
                         net (fo=596, routed)         0.337     2.394    u_rx/FSM_sequential_state_reg[1]_0
    SLICE_X12Y8          FDCE                                         f  u_rx/data_reg[0]_rep__0/CLR
  -------------------------------------------------------------------    -------------------

                         (clock sys_clk rise edge)    0.000     0.000 r  
    E3                                                0.000     0.000 r  clk_100mhz (IN)
                         net (fo=0)                   0.000     0.000    clk_100mhz
    E3                   IBUF (Prop_ibuf_I_O)         0.438     0.438 r  clk_100mhz_IBUF_inst/O
                         net (fo=1, routed)           0.699     1.136    clk_100mhz_IBUF
    BUFGCTRL_X0Y16       BUFG (Prop_bufg_I_O)         0.029     1.165 r  clk_100mhz_IBUF_BUFG_inst/O
                         net (fo=2651, routed)        0.915     2.080    u_rx/clk_100mhz_IBUF_BUFG
    SLICE_X12Y8          FDCE                                         r  u_rx/data_reg[0]_rep__0/C
                         clock pessimism             -0.483     1.597    
    SLICE_X12Y8          FDCE (Remov_fdce_C_CLR)     -0.067     1.530    u_rx/data_reg[0]_rep__0
  -------------------------------------------------------------------
                         required time                         -1.530    
                         arrival time                           2.394    
  -------------------------------------------------------------------
                         slack                                  0.864    

Slack (MET) :             0.864ns  (arrival time - required time)
  Source:                 rst_sync_reg[3]/C
                            (rising edge-triggered cell FDCE clocked by sys_clk  {rise@0.000ns fall@5.000ns period=10.000ns})
  Destination:            u_rx/data_reg[4]_rep__0/CLR
                            (removal check against rising-edge clock sys_clk  {rise@0.000ns fall@5.000ns period=10.000ns})
  Path Group:             **async_default**
  Path Type:              Removal (Min at Fast Process Corner)
  Requirement:            0.000ns  (sys_clk rise@0.000ns - sys_clk rise@0.000ns)
  Data Path Delay:        0.839ns  (logic 0.186ns (22.159%)  route 0.653ns (77.841%))
  Logic Levels:           1  (LUT1=1)
  Clock Path Skew:        0.042ns (DCD - SCD - CPR)
    Destination Clock Delay (DCD):    2.080ns
    Source Clock Delay      (SCD):    1.555ns
    Clock Pessimism Removal (CPR):    0.483ns

    Location             Delay type                Incr(ns)  Path(ns)    Netlist Resource(s)
  -------------------------------------------------------------------    -------------------
                         (clock sys_clk rise edge)    0.000     0.000 r  
    E3                                                0.000     0.000 r  clk_100mhz (IN)
                         net (fo=0)                   0.000     0.000    clk_100mhz
    E3                   IBUF (Prop_ibuf_I_O)         0.250     0.250 r  clk_100mhz_IBUF_inst/O
                         net (fo=1, routed)           0.644     0.894    clk_100mhz_IBUF
    BUFGCTRL_X0Y16       BUFG (Prop_bufg_I_O)         0.026     0.920 r  clk_100mhz_IBUF_BUFG_inst/O
                         net (fo=2651, routed)        0.635     1.555    clk_100mhz_IBUF_BUFG
    SLICE_X26Y13         FDCE                                         r  rst_sync_reg[3]/C
  -------------------------------------------------------------------    -------------------
    SLICE_X26Y13         FDCE (Prop_fdce_C_Q)         0.141     1.696 r  rst_sync_reg[3]/Q
                         net (fo=41, routed)          0.316     2.012    u_bridge/tx_valid_reg_0[0]
    SLICE_X22Y12         LUT1 (Prop_lut1_I0_O)        0.045     2.057 f  u_bridge/FSM_sequential_state[1]_i_2__0/O
                         net (fo=596, routed)         0.337     2.394    u_rx/FSM_sequential_state_reg[1]_0
    SLICE_X12Y8          FDCE                                         f  u_rx/data_reg[4]_rep__0/CLR
  -------------------------------------------------------------------    -------------------

                         (clock sys_clk rise edge)    0.000     0.000 r  
    E3                                                0.000     0.000 r  clk_100mhz (IN)
                         net (fo=0)                   0.000     0.000    clk_100mhz
    E3                   IBUF (Prop_ibuf_I_O)         0.438     0.438 r  clk_100mhz_IBUF_inst/O
                         net (fo=1, routed)           0.699     1.136    clk_100mhz_IBUF
    BUFGCTRL_X0Y16       BUFG (Prop_bufg_I_O)         0.029     1.165 r  clk_100mhz_IBUF_BUFG_inst/O
                         net (fo=2651, routed)        0.915     2.080    u_rx/clk_100mhz_IBUF_BUFG
    SLICE_X12Y8          FDCE                                         r  u_rx/data_reg[4]_rep__0/C
                         clock pessimism             -0.483     1.597    
    SLICE_X12Y8          FDCE (Remov_fdce_C_CLR)     -0.067     1.530    u_rx/data_reg[4]_rep__0
  -------------------------------------------------------------------
                         required time                         -1.530    
                         arrival time                           2.394    
  -------------------------------------------------------------------
                         slack                                  0.864    

Slack (MET) :             0.864ns  (arrival time - required time)
  Source:                 rst_sync_reg[3]/C
                            (rising edge-triggered cell FDCE clocked by sys_clk  {rise@0.000ns fall@5.000ns period=10.000ns})
  Destination:            u_rx/data_reg[7]_rep__0/CLR
                            (removal check against rising-edge clock sys_clk  {rise@0.000ns fall@5.000ns period=10.000ns})
  Path Group:             **async_default**
  Path Type:              Removal (Min at Fast Process Corner)
  Requirement:            0.000ns  (sys_clk rise@0.000ns - sys_clk rise@0.000ns)
  Data Path Delay:        0.839ns  (logic 0.186ns (22.159%)  route 0.653ns (77.841%))
  Logic Levels:           1  (LUT1=1)
  Clock Path Skew:        0.042ns (DCD - SCD - CPR)
    Destination Clock Delay (DCD):    2.080ns
    Source Clock Delay      (SCD):    1.555ns
    Clock Pessimism Removal (CPR):    0.483ns

    Location             Delay type                Incr(ns)  Path(ns)    Netlist Resource(s)
  -------------------------------------------------------------------    -------------------
                         (clock sys_clk rise edge)    0.000     0.000 r  
    E3                                                0.000     0.000 r  clk_100mhz (IN)
                         net (fo=0)                   0.000     0.000    clk_100mhz
    E3                   IBUF (Prop_ibuf_I_O)         0.250     0.250 r  clk_100mhz_IBUF_inst/O
                         net (fo=1, routed)           0.644     0.894    clk_100mhz_IBUF
    BUFGCTRL_X0Y16       BUFG (Prop_bufg_I_O)         0.026     0.920 r  clk_100mhz_IBUF_BUFG_inst/O
                         net (fo=2651, routed)        0.635     1.555    clk_100mhz_IBUF_BUFG
    SLICE_X26Y13         FDCE                                         r  rst_sync_reg[3]/C
  -------------------------------------------------------------------    -------------------
    SLICE_X26Y13         FDCE (Prop_fdce_C_Q)         0.141     1.696 r  rst_sync_reg[3]/Q
                         net (fo=41, routed)          0.316     2.012    u_bridge/tx_valid_reg_0[0]
    SLICE_X22Y12         LUT1 (Prop_lut1_I0_O)        0.045     2.057 f  u_bridge/FSM_sequential_state[1]_i_2__0/O
                         net (fo=596, routed)         0.337     2.394    u_rx/FSM_sequential_state_reg[1]_0
    SLICE_X12Y8          FDCE                                         f  u_rx/data_reg[7]_rep__0/CLR
  -------------------------------------------------------------------    -------------------

                         (clock sys_clk rise edge)    0.000     0.000 r  
    E3                                                0.000     0.000 r  clk_100mhz (IN)
                         net (fo=0)                   0.000     0.000    clk_100mhz
    E3                   IBUF (Prop_ibuf_I_O)         0.438     0.438 r  clk_100mhz_IBUF_inst/O
                         net (fo=1, routed)           0.699     1.136    clk_100mhz_IBUF
    BUFGCTRL_X0Y16       BUFG (Prop_bufg_I_O)         0.029     1.165 r  clk_100mhz_IBUF_BUFG_inst/O
                         net (fo=2651, routed)        0.915     2.080    u_rx/clk_100mhz_IBUF_BUFG
    SLICE_X12Y8          FDCE                                         r  u_rx/data_reg[7]_rep__0/C
                         clock pessimism             -0.483     1.597    
    SLICE_X12Y8          FDCE (Remov_fdce_C_CLR)     -0.067     1.530    u_rx/data_reg[7]_rep__0
  -------------------------------------------------------------------
                         required time                         -1.530    
                         arrival time                           2.394    
  -------------------------------------------------------------------
                         slack                                  0.864    





