Copyright 1986-2022 Xilinx, Inc. All Rights Reserved. Copyright 2022-2024 Advanced Micro Devices, Inc. All Rights Reserved.
-----------------------------------------------------------------------------------------------------------------------------------------------------------------------------
| Tool Version : Vivado v.2024.1 (lin64) Build 5076996 Wed May 22 18:36:09 MDT 2024
| Date         : Fri Oct  2 05:45:38 2026
| Host         : 1e0658a68088 running 64-bit unknown
| Command      : report_timing -max_paths 30 -nworst 1 -unique_pins -sort_by slack -file /home/vivadouser/project/ML_KEM_Test/ML-KEM-Testkit/reports/f206_1/timing_paths.rpt
| Design       : arty_a7_top
| Device       : 7a100t-csg324
| Speed File   : -1  PRODUCTION 1.23 2018-06-13
| Design State : Routed
-----------------------------------------------------------------------------------------------------------------------------------------------------------------------------

Timing Report

Slack (VIOLATED) :        -4.956ns  (required time - arrival time)
  Source:                 u_mlkem/u_sponge/pos_reg[2]_rep_replica/C
                            (rising edge-triggered cell FDRE clocked by clk_core_mmcm  {rise@0.000ns fall@2.424ns period=4.848ns})
  Destination:            u_mlkem/u_unpack/cr_d_reg[61]/D
                            (rising edge-triggered cell FDRE clocked by clk_core_mmcm  {rise@0.000ns fall@2.424ns period=4.848ns})
  Path Group:             clk_core_mmcm
  Path Type:              Setup (Max at Slow Process Corner)
  Requirement:            4.848ns  (clk_core_mmcm rise@4.848ns - clk_core_mmcm rise@0.000ns)
  Data Path Delay:        9.725ns  (logic 5.783ns (59.465%)  route 3.942ns (40.535%))
  Logic Levels:           9  (CARRY4=7 LUT4=1 LUT6=1)
  Clock Path Skew:        -0.037ns (DCD - SCD + CPR)
    Destination Clock Delay (DCD):    8.719ns = ( 13.567 - 4.848 ) 
    Source Clock Delay      (SCD):    9.248ns
    Clock Pessimism Removal (CPR):    0.492ns
  Clock Uncertainty:      0.074ns  ((TSJ^2 + DJ^2)^1/2) / 2 + PE
    Total System Jitter     (TSJ):    0.071ns
    Discrete Jitter          (DJ):    0.131ns
    Phase Error              (PE):    0.000ns

    Location             Delay type                Incr(ns)  Path(ns)    Netlist Resource(s)
  -------------------------------------------------------------------    -------------------
                         (clock clk_core_mmcm rise edge)
                                                      0.000     0.000 r  
    E3                                                0.000     0.000 r  clk_100mhz (IN)
                         net (fo=0)                   0.000     0.000    clk_100mhz
    E3                   IBUF (Prop_ibuf_I_O)         1.482     1.482 r  clk_100mhz_IBUF_inst/O
                         net (fo=1, routed)           2.025     3.506    clk_100mhz_IBUF
    BUFGCTRL_X0Y16       BUFG (Prop_bufg_I_O)         0.096     3.602 r  clk_100mhz_IBUF_BUFG_inst/O
                         net (fo=2651, routed)        1.809     5.412    clk_100mhz_IBUF_BUFG
    MMCME2_ADV_X0Y0      MMCME2_ADV (Prop_mmcme2_adv_CLKIN1_CLKOUT0)
                                                      0.088     5.500 r  u_mmcm/CLKOUT0
                         net (fo=1, routed)           2.018     7.518    clk_core_mmcm
    BUFGCTRL_X0Y0        BUFG (Prop_bufg_I_O)         0.096     7.614 r  u_bufg_core/O
                         net (fo=4040, routed)        1.633     9.248    u_mlkem/u_sponge/clk_core
    SLICE_X43Y56         FDRE                                         r  u_mlkem/u_sponge/pos_reg[2]_rep_replica/C
  -------------------------------------------------------------------    -------------------
    SLICE_X43Y56         FDRE (Prop_fdre_C_Q)         0.456     9.704 f  u_mlkem/u_sponge/pos_reg[2]_rep_replica/Q
                         net (fo=12, routed)          0.812    10.515    u_mlkem/u_sponge/pos_reg[2]_rep_n_0_repN
    SLICE_X46Y56         LUT4 (Prop_lut4_I0_O)        0.124    10.639 r  u_mlkem/u_sponge/cr_d[15]_i_6/O
                         net (fo=1, routed)           0.000    10.639    u_mlkem/u_sponge/cr_d[15]_i_6_n_0
    SLICE_X46Y56         CARRY4 (Prop_carry4_S[2]_CO[3])
                                                      0.380    11.019 r  u_mlkem/u_sponge/cr_d_reg[15]_i_3/CO[3]
                         net (fo=8, routed)           0.794    11.813    u_mlkem/u_sponge/cr_d_reg[15]_i_3_n_0
    SLICE_X45Y55         CARRY4 (Prop_carry4_CYINIT_CO[2])
                                                      0.592    12.405 r  u_mlkem/u_sponge/cr_d_reg[23]_i_3/CO[2]
                         net (fo=8, routed)           0.350    12.755    u_mlkem/u_sponge/cr_d_reg[23]_i_3_n_1
    SLICE_X44Y54         CARRY4 (Prop_carry4_CYINIT_CO[2])
                                                      0.781    13.536 r  u_mlkem/u_sponge/cr_d_reg[31]_i_3/CO[2]
                         net (fo=8, routed)           0.353    13.888    u_mlkem/u_sponge/cr_d_reg[31]_i_3_n_1
    SLICE_X43Y55         CARRY4 (Prop_carry4_CYINIT_CO[2])
                                                      0.781    14.669 r  u_mlkem/u_sponge/cr_d_reg[39]_i_3/CO[2]
                         net (fo=8, routed)           0.510    15.179    u_mlkem/u_sponge/cr_d_reg[39]_i_3_n_1
    SLICE_X44Y52         CARRY4 (Prop_carry4_CYINIT_CO[2])
                                                      0.781    15.960 r  u_mlkem/u_sponge/cr_d_reg[47]_i_3/CO[2]
                         net (fo=8, routed)           0.399    16.360    u_mlkem/u_sponge/cr_d_reg[47]_i_3_n_1
    SLICE_X45Y51         CARRY4 (Prop_carry4_CYINIT_CO[2])
                                                      0.781    17.141 r  u_mlkem/u_sponge/cr_d_reg[55]_i_3/CO[2]
                         net (fo=8, routed)           0.377    17.517    u_mlkem/u_sponge/cr_d_reg[55]_i_3_n_1
    SLICE_X42Y51         CARRY4 (Prop_carry4_CYINIT_CO[2])
                                                      0.797    18.314 f  u_mlkem/u_sponge/cr_d_reg[63]_i_3/CO[2]
                         net (fo=7, routed)           0.348    18.663    u_mlkem/u_sponge/cr_d_reg[63]_i_3_n_1
    SLICE_X41Y51         LUT6 (Prop_lut6_I5_O)        0.310    18.973 r  u_mlkem/u_sponge/cr_d[61]_i_1/O
                         net (fo=1, routed)           0.000    18.973    u_mlkem/u_unpack/cr_d_reg[63]_0[61]
    SLICE_X41Y51         FDRE                                         r  u_mlkem/u_unpack/cr_d_reg[61]/D
  -------------------------------------------------------------------    -------------------

                         (clock clk_core_mmcm rise edge)
                                                      4.848     4.848 r  
    E3                                                0.000     4.848 r  clk_100mhz (IN)
                         net (fo=0)                   0.000     4.848    clk_100mhz
    E3                   IBUF (Prop_ibuf_I_O)         1.411     6.260 r  clk_100mhz_IBUF_inst/O
                         net (fo=1, routed)           1.920     8.180    clk_100mhz_IBUF
    BUFGCTRL_X0Y16       BUFG (Prop_bufg_I_O)         0.091     8.271 r  clk_100mhz_IBUF_BUFG_inst/O
                         net (fo=2651, routed)        1.683     9.954    clk_100mhz_IBUF_BUFG
    MMCME2_ADV_X0Y0      MMCME2_ADV (Prop_mmcme2_adv_CLKIN1_CLKOUT0)
                                                      0.083    10.037 r  u_mmcm/CLKOUT0
                         net (fo=1, routed)           1.923    11.960    clk_core_mmcm
    BUFGCTRL_X0Y0        BUFG (Prop_bufg_I_O)         0.091    12.051 r  u_bufg_core/O
                         net (fo=4040, routed)        1.516    13.567    u_mlkem/u_unpack/clk_core
    SLICE_X41Y51         FDRE                                         r  u_mlkem/u_unpack/cr_d_reg[61]/C
                         clock pessimism              0.492    14.059    
                         clock uncertainty           -0.074    13.984    
    SLICE_X41Y51         FDRE (Setup_fdre_C_D)        0.032    14.016    u_mlkem/u_unpack/cr_d_reg[61]
  -------------------------------------------------------------------
                         required time                         14.016    
                         arrival time                         -18.973    
  -------------------------------------------------------------------
                         slack                                 -4.956    

Slack (VIOLATED) :        -4.952ns  (required time - arrival time)
  Source:                 u_mlkem/u_sponge/pos_reg[2]_rep_replica/C
                            (rising edge-triggered cell FDRE clocked by clk_core_mmcm  {rise@0.000ns fall@2.424ns period=4.848ns})
  Destination:            u_mlkem/u_unpack/cr_d_reg[63]/D
                            (rising edge-triggered cell FDRE clocked by clk_core_mmcm  {rise@0.000ns fall@2.424ns period=4.848ns})
  Path Group:             clk_core_mmcm
  Path Type:              Setup (Max at Slow Process Corner)
  Requirement:            4.848ns  (clk_core_mmcm rise@4.848ns - clk_core_mmcm rise@0.000ns)
  Data Path Delay:        9.720ns  (logic 5.783ns (59.496%)  route 3.937ns (40.504%))
  Logic Levels:           9  (CARRY4=7 LUT4=1 LUT6=1)
  Clock Path Skew:        -0.037ns (DCD - SCD + CPR)
    Destination Clock Delay (DCD):    8.719ns = ( 13.567 - 4.848 ) 
    Source Clock Delay      (SCD):    9.248ns
    Clock Pessimism Removal (CPR):    0.492ns
  Clock Uncertainty:      0.074ns  ((TSJ^2 + DJ^2)^1/2) / 2 + PE
    Total System Jitter     (TSJ):    0.071ns
    Discrete Jitter          (DJ):    0.131ns
    Phase Error              (PE):    0.000ns

    Location             Delay type                Incr(ns)  Path(ns)    Netlist Resource(s)
  -------------------------------------------------------------------    -------------------
                         (clock clk_core_mmcm rise edge)
                                                      0.000     0.000 r  
    E3                                                0.000     0.000 r  clk_100mhz (IN)
                         net (fo=0)                   0.000     0.000    clk_100mhz
    E3                   IBUF (Prop_ibuf_I_O)         1.482     1.482 r  clk_100mhz_IBUF_inst/O
                         net (fo=1, routed)           2.025     3.506    clk_100mhz_IBUF
    BUFGCTRL_X0Y16       BUFG (Prop_bufg_I_O)         0.096     3.602 r  clk_100mhz_IBUF_BUFG_inst/O
                         net (fo=2651, routed)        1.809     5.412    clk_100mhz_IBUF_BUFG
    MMCME2_ADV_X0Y0      MMCME2_ADV (Prop_mmcme2_adv_CLKIN1_CLKOUT0)
                                                      0.088     5.500 r  u_mmcm/CLKOUT0
                         net (fo=1, routed)           2.018     7.518    clk_core_mmcm
    BUFGCTRL_X0Y0        BUFG (Prop_bufg_I_O)         0.096     7.614 r  u_bufg_core/O
                         net (fo=4040, routed)        1.633     9.248    u_mlkem/u_sponge/clk_core
    SLICE_X43Y56         FDRE                                         r  u_mlkem/u_sponge/pos_reg[2]_rep_replica/C
  -------------------------------------------------------------------    -------------------
    SLICE_X43Y56         FDRE (Prop_fdre_C_Q)         0.456     9.704 f  u_mlkem/u_sponge/pos_reg[2]_rep_replica/Q
                         net (fo=12, routed)          0.812    10.515    u_mlkem/u_sponge/pos_reg[2]_rep_n_0_repN
    SLICE_X46Y56         LUT4 (Prop_lut4_I0_O)        0.124    10.639 r  u_mlkem/u_sponge/cr_d[15]_i_6/O
                         net (fo=1, routed)           0.000    10.639    u_mlkem/u_sponge/cr_d[15]_i_6_n_0
    SLICE_X46Y56         CARRY4 (Prop_carry4_S[2]_CO[3])
                                                      0.380    11.019 r  u_mlkem/u_sponge/cr_d_reg[15]_i_3/CO[3]
                         net (fo=8, routed)           0.794    11.813    u_mlkem/u_sponge/cr_d_reg[15]_i_3_n_0
    SLICE_X45Y55         CARRY4 (Prop_carry4_CYINIT_CO[2])
                                                      0.592    12.405 r  u_mlkem/u_sponge/cr_d_reg[23]_i_3/CO[2]
                         net (fo=8, routed)           0.350    12.755    u_mlkem/u_sponge/cr_d_reg[23]_i_3_n_1
    SLICE_X44Y54         CARRY4 (Prop_carry4_CYINIT_CO[2])
                                                      0.781    13.536 r  u_mlkem/u_sponge/cr_d_reg[31]_i_3/CO[2]
                         net (fo=8, routed)           0.353    13.888    u_mlkem/u_sponge/cr_d_reg[31]_i_3_n_1
    SLICE_X43Y55         CARRY4 (Prop_carry4_CYINIT_CO[2])
                                                      0.781    14.669 r  u_mlkem/u_sponge/cr_d_reg[39]_i_3/CO[2]
                         net (fo=8, routed)           0.510    15.179    u_mlkem/u_sponge/cr_d_reg[39]_i_3_n_1
    SLICE_X44Y52         CARRY4 (Prop_carry4_CYINIT_CO[2])
                                                      0.781    15.960 r  u_mlkem/u_sponge/cr_d_reg[47]_i_3/CO[2]
                         net (fo=8, routed)           0.399    16.360    u_mlkem/u_sponge/cr_d_reg[47]_i_3_n_1
    SLICE_X45Y51         CARRY4 (Prop_carry4_CYINIT_CO[2])
                                                      0.781    17.141 r  u_mlkem/u_sponge/cr_d_reg[55]_i_3/CO[2]
                         net (fo=8, routed)           0.377    17.517    u_mlkem/u_sponge/cr_d_reg[55]_i_3_n_1
    SLICE_X42Y51         CARRY4 (Prop_carry4_CYINIT_CO[2])
                                                      0.797    18.314 f  u_mlkem/u_sponge/cr_d_reg[63]_i_3/CO[2]
                         net (fo=7, routed)           0.343    18.658    u_mlkem/u_sponge/cr_d_reg[63]_i_3_n_1
    SLICE_X41Y51         LUT6 (Prop_lut6_I5_O)        0.310    18.968 r  u_mlkem/u_sponge/cr_d[63]_i_1/O
                         net (fo=1, routed)           0.000    18.968    u_mlkem/u_unpack/cr_d_reg[63]_0[63]
    SLICE_X41Y51         FDRE                                         r  u_mlkem/u_unpack/cr_d_reg[63]/D
  -------------------------------------------------------------------    -------------------

                         (clock clk_core_mmcm rise edge)
                                                      4.848     4.848 r  
    E3                                                0.000     4.848 r  clk_100mhz (IN)
                         net (fo=0)                   0.000     4.848    clk_100mhz
    E3                   IBUF (Prop_ibuf_I_O)         1.411     6.260 r  clk_100mhz_IBUF_inst/O
                         net (fo=1, routed)           1.920     8.180    clk_100mhz_IBUF
    BUFGCTRL_X0Y16       BUFG (Prop_bufg_I_O)         0.091     8.271 r  clk_100mhz_IBUF_BUFG_inst/O
                         net (fo=2651, routed)        1.683     9.954    clk_100mhz_IBUF_BUFG
    MMCME2_ADV_X0Y0      MMCME2_ADV (Prop_mmcme2_adv_CLKIN1_CLKOUT0)
                                                      0.083    10.037 r  u_mmcm/CLKOUT0
                         net (fo=1, routed)           1.923    11.960    clk_core_mmcm
    BUFGCTRL_X0Y0        BUFG (Prop_bufg_I_O)         0.091    12.051 r  u_bufg_core/O
                         net (fo=4040, routed)        1.516    13.567    u_mlkem/u_unpack/clk_core
    SLICE_X41Y51         FDRE                                         r  u_mlkem/u_unpack/cr_d_reg[63]/C
                         clock pessimism              0.492    14.059    
                         clock uncertainty           -0.074    13.984    
    SLICE_X41Y51         FDRE (Setup_fdre_C_D)        0.031    14.015    u_mlkem/u_unpack/cr_d_reg[63]
  -------------------------------------------------------------------
                         required time                         14.015    
                         arrival time                         -18.968    
  -------------------------------------------------------------------
                         slack                                 -4.952    

Slack (VIOLATED) :        -4.946ns  (required time - arrival time)
  Source:                 u_mlkem/u_sponge/pos_reg[2]_rep_replica/C
                            (rising edge-triggered cell FDRE clocked by clk_core_mmcm  {rise@0.000ns fall@2.424ns period=4.848ns})
  Destination:            u_mlkem/u_unpack/cr_d_reg[62]/D
                            (rising edge-triggered cell FDRE clocked by clk_core_mmcm  {rise@0.000ns fall@2.424ns period=4.848ns})
  Path Group:             clk_core_mmcm
  Path Type:              Setup (Max at Slow Process Corner)
  Requirement:            4.848ns  (clk_core_mmcm rise@4.848ns - clk_core_mmcm rise@0.000ns)
  Data Path Delay:        9.725ns  (logic 5.783ns (59.465%)  route 3.942ns (40.535%))
  Logic Levels:           9  (CARRY4=7 LUT4=1 LUT6=1)
  Clock Path Skew:        -0.024ns (DCD - SCD + CPR)
    Destination Clock Delay (DCD):    8.716ns = ( 13.564 - 4.848 ) 
    Source Clock Delay      (SCD):    9.248ns
    Clock Pessimism Removal (CPR):    0.508ns
  Clock Uncertainty:      0.074ns  ((TSJ^2 + DJ^2)^1/2) / 2 + PE
    Total System Jitter     (TSJ):    0.071ns
    Discrete Jitter          (DJ):    0.131ns
    Phase Error              (PE):    0.000ns

    Location             Delay type                Incr(ns)  Path(ns)    Netlist Resource(s)
  -------------------------------------------------------------------    -------------------
                         (clock clk_core_mmcm rise edge)
                                                      0.000     0.000 r  
    E3                                                0.000     0.000 r  clk_100mhz (IN)
                         net (fo=0)                   0.000     0.000    clk_100mhz
    E3                   IBUF (Prop_ibuf_I_O)         1.482     1.482 r  clk_100mhz_IBUF_inst/O
                         net (fo=1, routed)           2.025     3.506    clk_100mhz_IBUF
    BUFGCTRL_X0Y16       BUFG (Prop_bufg_I_O)         0.096     3.602 r  clk_100mhz_IBUF_BUFG_inst/O
                         net (fo=2651, routed)        1.809     5.412    clk_100mhz_IBUF_BUFG
    MMCME2_ADV_X0Y0      MMCME2_ADV (Prop_mmcme2_adv_CLKIN1_CLKOUT0)
                                                      0.088     5.500 r  u_mmcm/CLKOUT0
                         net (fo=1, routed)           2.018     7.518    clk_core_mmcm
    BUFGCTRL_X0Y0        BUFG (Prop_bufg_I_O)         0.096     7.614 r  u_bufg_core/O
                         net (fo=4040, routed)        1.633     9.248    u_mlkem/u_sponge/clk_core
    SLICE_X43Y56         FDRE                                         r  u_mlkem/u_sponge/pos_reg[2]_rep_replica/C
  -------------------------------------------------------------------    -------------------
    SLICE_X43Y56         FDRE (Prop_fdre_C_Q)         0.456     9.704 f  u_mlkem/u_sponge/pos_reg[2]_rep_replica/Q
                         net (fo=12, routed)          0.812    10.515    u_mlkem/u_sponge/pos_reg[2]_rep_n_0_repN
    SLICE_X46Y56         LUT4 (Prop_lut4_I0_O)        0.124    10.639 r  u_mlkem/u_sponge/cr_d[15]_i_6/O
                         net (fo=1, routed)           0.000    10.639    u_mlkem/u_sponge/cr_d[15]_i_6_n_0
    SLICE_X46Y56         CARRY4 (Prop_carry4_S[2]_CO[3])
                                                      0.380    11.019 r  u_mlkem/u_sponge/cr_d_reg[15]_i_3/CO[3]
                         net (fo=8, routed)           0.794    11.813    u_mlkem/u_sponge/cr_d_reg[15]_i_3_n_0
    SLICE_X45Y55         CARRY4 (Prop_carry4_CYINIT_CO[2])
                                                      0.592    12.405 r  u_mlkem/u_sponge/cr_d_reg[23]_i_3/CO[2]
                         net (fo=8, routed)           0.350    12.755    u_mlkem/u_sponge/cr_d_reg[23]_i_3_n_1
    SLICE_X44Y54         CARRY4 (Prop_carry4_CYINIT_CO[2])
                                                      0.781    13.536 r  u_mlkem/u_sponge/cr_d_reg[31]_i_3/CO[2]
                         net (fo=8, routed)           0.353    13.888    u_mlkem/u_sponge/cr_d_reg[31]_i_3_n_1
    SLICE_X43Y55         CARRY4 (Prop_carry4_CYINIT_CO[2])
                                                      0.781    14.669 r  u_mlkem/u_sponge/cr_d_reg[39]_i_3/CO[2]
                         net (fo=8, routed)           0.510    15.179    u_mlkem/u_sponge/cr_d_reg[39]_i_3_n_1
    SLICE_X44Y52         CARRY4 (Prop_carry4_CYINIT_CO[2])
                                                      0.781    15.960 r  u_mlkem/u_sponge/cr_d_reg[47]_i_3/CO[2]
                         net (fo=8, routed)           0.399    16.360    u_mlkem/u_sponge/cr_d_reg[47]_i_3_n_1
    SLICE_X45Y51         CARRY4 (Prop_carry4_CYINIT_CO[2])
                                                      0.781    17.141 r  u_mlkem/u_sponge/cr_d_reg[55]_i_3/CO[2]
                         net (fo=8, routed)           0.377    17.517    u_mlkem/u_sponge/cr_d_reg[55]_i_3_n_1
    SLICE_X42Y51         CARRY4 (Prop_carry4_CYINIT_CO[2])
                                                      0.797    18.314 f  u_mlkem/u_sponge/cr_d_reg[63]_i_3/CO[2]
                         net (fo=7, routed)           0.348    18.663    u_mlkem/u_sponge/cr_d_reg[63]_i_3_n_1
    SLICE_X44Y51         LUT6 (Prop_lut6_I5_O)        0.310    18.973 r  u_mlkem/u_sponge/cr_d[62]_i_1/O
                         net (fo=1, routed)           0.000    18.973    u_mlkem/u_unpack/cr_d_reg[63]_0[62]
    SLICE_X44Y51         FDRE                                         r  u_mlkem/u_unpack/cr_d_reg[62]/D
  -------------------------------------------------------------------    -------------------

                         (clock clk_core_mmcm rise edge)
                                                      4.848     4.848 r  
    E3                                                0.000     4.848 r  clk_100mhz (IN)
                         net (fo=0)                   0.000     4.848    clk_100mhz
    E3                   IBUF (Prop_ibuf_I_O)         1.411     6.260 r  clk_100mhz_IBUF_inst/O
                         net (fo=1, routed)           1.920     8.180    clk_100mhz_IBUF
    BUFGCTRL_X0Y16       BUFG (Prop_bufg_I_O)         0.091     8.271 r  clk_100mhz_IBUF_BUFG_inst/O
                         net (fo=2651, routed)        1.683     9.954    clk_100mhz_IBUF_BUFG
    MMCME2_ADV_X0Y0      MMCME2_ADV (Prop_mmcme2_adv_CLKIN1_CLKOUT0)
                                                      0.083    10.037 r  u_mmcm/CLKOUT0
                         net (fo=1, routed)           1.923    11.960    clk_core_mmcm
    BUFGCTRL_X0Y0        BUFG (Prop_bufg_I_O)         0.091    12.051 r  u_bufg_core/O
                         net (fo=4040, routed)        1.513    13.564    u_mlkem/u_unpack/clk_core
    SLICE_X44Y51         FDRE                                         r  u_mlkem/u_unpack/cr_d_reg[62]/C
                         clock pessimism              0.508    14.072    
                         clock uncertainty           -0.074    13.997    
    SLICE_X44Y51         FDRE (Setup_fdre_C_D)        0.029    14.026    u_mlkem/u_unpack/cr_d_reg[62]
  -------------------------------------------------------------------
                         required time                         14.026    
                         arrival time                         -18.973    
  -------------------------------------------------------------------
                         slack                                 -4.946    

Slack (VIOLATED) :        -4.941ns  (required time - arrival time)
  Source:                 u_mlkem/u_sponge/pos_reg[2]_rep_replica/C
                            (rising edge-triggered cell FDRE clocked by clk_core_mmcm  {rise@0.000ns fall@2.424ns period=4.848ns})
  Destination:            u_mlkem/u_unpack/cr_d_reg[59]/D
                            (rising edge-triggered cell FDRE clocked by clk_core_mmcm  {rise@0.000ns fall@2.424ns period=4.848ns})
  Path Group:             clk_core_mmcm
  Path Type:              Setup (Max at Slow Process Corner)
  Requirement:            4.848ns  (clk_core_mmcm rise@4.848ns - clk_core_mmcm rise@0.000ns)
  Data Path Delay:        9.722ns  (logic 5.783ns (59.483%)  route 3.939ns (40.517%))
  Logic Levels:           9  (CARRY4=7 LUT4=1 LUT6=1)
  Clock Path Skew:        -0.024ns (DCD - SCD + CPR)
    Destination Clock Delay (DCD):    8.716ns = ( 13.564 - 4.848 ) 
    Source Clock Delay      (SCD):    9.248ns
    Clock Pessimism Removal (CPR):    0.508ns
  Clock Uncertainty:      0.074ns  ((TSJ^2 + DJ^2)^1/2) / 2 + PE
    Total System Jitter     (TSJ):    0.071ns
    Discrete Jitter          (DJ):    0.131ns
    Phase Error              (PE):    0.000ns

    Location             Delay type                Incr(ns)  Path(ns)    Netlist Resource(s)
  -------------------------------------------------------------------    -------------------
                         (clock clk_core_mmcm rise edge)
                                                      0.000     0.000 r  
    E3                                                0.000     0.000 r  clk_100mhz (IN)
                         net (fo=0)                   0.000     0.000    clk_100mhz
    E3                   IBUF (Prop_ibuf_I_O)         1.482     1.482 r  clk_100mhz_IBUF_inst/O
                         net (fo=1, routed)           2.025     3.506    clk_100mhz_IBUF
    BUFGCTRL_X0Y16       BUFG (Prop_bufg_I_O)         0.096     3.602 r  clk_100mhz_IBUF_BUFG_inst/O
                         net (fo=2651, routed)        1.809     5.412    clk_100mhz_IBUF_BUFG
    MMCME2_ADV_X0Y0      MMCME2_ADV (Prop_mmcme2_adv_CLKIN1_CLKOUT0)
                                                      0.088     5.500 r  u_mmcm/CLKOUT0
                         net (fo=1, routed)           2.018     7.518    clk_core_mmcm
    BUFGCTRL_X0Y0        BUFG (Prop_bufg_I_O)         0.096     7.614 r  u_bufg_core/O
                         net (fo=4040, routed)        1.633     9.248    u_mlkem/u_sponge/clk_core
    SLICE_X43Y56         FDRE                                         r  u_mlkem/u_sponge/pos_reg[2]_rep_replica/C
  -------------------------------------------------------------------    -------------------
    SLICE_X43Y56         FDRE (Prop_fdre_C_Q)         0.456     9.704 f  u_mlkem/u_sponge/pos_reg[2]_rep_replica/Q
                         net (fo=12, routed)          0.812    10.515    u_mlkem/u_sponge/pos_reg[2]_rep_n_0_repN
    SLICE_X46Y56         LUT4 (Prop_lut4_I0_O)        0.124    10.639 r  u_mlkem/u_sponge/cr_d[15]_i_6/O
                         net (fo=1, routed)           0.000    10.639    u_mlkem/u_sponge/cr_d[15]_i_6_n_0
    SLICE_X46Y56         CARRY4 (Prop_carry4_S[2]_CO[3])
                                                      0.380    11.019 r  u_mlkem/u_sponge/cr_d_reg[15]_i_3/CO[3]
                         net (fo=8, routed)           0.794    11.813    u_mlkem/u_sponge/cr_d_reg[15]_i_3_n_0
    SLICE_X45Y55         CARRY4 (Prop_carry4_CYINIT_CO[2])
                                                      0.592    12.405 r  u_mlkem/u_sponge/cr_d_reg[23]_i_3/CO[2]
                         net (fo=8, routed)           0.350    12.755    u_mlkem/u_sponge/cr_d_reg[23]_i_3_n_1
    SLICE_X44Y54         CARRY4 (Prop_carry4_CYINIT_CO[2])
                                                      0.781    13.536 r  u_mlkem/u_sponge/cr_d_reg[31]_i_3/CO[2]
                         net (fo=8, routed)           0.353    13.888    u_mlkem/u_sponge/cr_d_reg[31]_i_3_n_1
    SLICE_X43Y55         CARRY4 (Prop_carry4_CYINIT_CO[2])
                                                      0.781    14.669 r  u_mlkem/u_sponge/cr_d_reg[39]_i_3/CO[2]
                         net (fo=8, routed)           0.510    15.179    u_mlkem/u_sponge/cr_d_reg[39]_i_3_n_1
    SLICE_X44Y52         CARRY4 (Prop_carry4_CYINIT_CO[2])
                                                      0.781    15.960 r  u_mlkem/u_sponge/cr_d_reg[47]_i_3/CO[2]
                         net (fo=8, routed)           0.399    16.360    u_mlkem/u_sponge/cr_d_reg[47]_i_3_n_1
    SLICE_X45Y51         CARRY4 (Prop_carry4_CYINIT_CO[2])
                                                      0.781    17.141 r  u_mlkem/u_sponge/cr_d_reg[55]_i_3/CO[2]
                         net (fo=8, routed)           0.377    17.517    u_mlkem/u_sponge/cr_d_reg[55]_i_3_n_1
    SLICE_X42Y51         CARRY4 (Prop_carry4_CYINIT_CO[2])
                                                      0.797    18.314 f  u_mlkem/u_sponge/cr_d_reg[63]_i_3/CO[2]
                         net (fo=7, routed)           0.345    18.660    u_mlkem/u_sponge/cr_d_reg[63]_i_3_n_1
    SLICE_X44Y51         LUT6 (Prop_lut6_I5_O)        0.310    18.970 r  u_mlkem/u_sponge/cr_d[59]_i_1/O
                         net (fo=1, routed)           0.000    18.970    u_mlkem/u_unpack/cr_d_reg[63]_0[59]
    SLICE_X44Y51         FDRE                                         r  u_mlkem/u_unpack/cr_d_reg[59]/D
  -------------------------------------------------------------------    -------------------

                         (clock clk_core_mmcm rise edge)
                                                      4.848     4.848 r  
    E3                                                0.000     4.848 r  clk_100mhz (IN)
                         net (fo=0)                   0.000     4.848    clk_100mhz
    E3                   IBUF (Prop_ibuf_I_O)         1.411     6.260 r  clk_100mhz_IBUF_inst/O
                         net (fo=1, routed)           1.920     8.180    clk_100mhz_IBUF
    BUFGCTRL_X0Y16       BUFG (Prop_bufg_I_O)         0.091     8.271 r  clk_100mhz_IBUF_BUFG_inst/O
                         net (fo=2651, routed)        1.683     9.954    clk_100mhz_IBUF_BUFG
    MMCME2_ADV_X0Y0      MMCME2_ADV (Prop_mmcme2_adv_CLKIN1_CLKOUT0)
                                                      0.083    10.037 r  u_mmcm/CLKOUT0
                         net (fo=1, routed)           1.923    11.960    clk_core_mmcm
    BUFGCTRL_X0Y0        BUFG (Prop_bufg_I_O)         0.091    12.051 r  u_bufg_core/O
                         net (fo=4040, routed)        1.513    13.564    u_mlkem/u_unpack/clk_core
    SLICE_X44Y51         FDRE                                         r  u_mlkem/u_unpack/cr_d_reg[59]/C
                         clock pessimism              0.508    14.072    
                         clock uncertainty           -0.074    13.997    
    SLICE_X44Y51         FDRE (Setup_fdre_C_D)        0.031    14.028    u_mlkem/u_unpack/cr_d_reg[59]
  -------------------------------------------------------------------
                         required time                         14.028    
                         arrival time                         -18.970    
  -------------------------------------------------------------------
                         slack                                 -4.941    

Slack (VIOLATED) :        -4.941ns  (required time - arrival time)
  Source:                 u_mlkem/u_sponge/pos_reg[2]_rep_replica/C
                            (rising edge-triggered cell FDRE clocked by clk_core_mmcm  {rise@0.000ns fall@2.424ns period=4.848ns})
  Destination:            u_mlkem/u_unpack/cr_d_reg[57]/D
                            (rising edge-triggered cell FDRE clocked by clk_core_mmcm  {rise@0.000ns fall@2.424ns period=4.848ns})
  Path Group:             clk_core_mmcm
  Path Type:              Setup (Max at Slow Process Corner)
  Requirement:            4.848ns  (clk_core_mmcm rise@4.848ns - clk_core_mmcm rise@0.000ns)
  Data Path Delay:        9.722ns  (logic 5.783ns (59.484%)  route 3.939ns (40.516%))
  Logic Levels:           9  (CARRY4=7 LUT4=1 LUT6=1)
  Clock Path Skew:        -0.024ns (DCD - SCD + CPR)
    Destination Clock Delay (DCD):    8.716ns = ( 13.564 - 4.848 ) 
    Source Clock Delay      (SCD):    9.248ns
    Clock Pessimism Removal (CPR):    0.508ns
  Clock Uncertainty:      0.074ns  ((TSJ^2 + DJ^2)^1/2) / 2 + PE
    Total System Jitter     (TSJ):    0.071ns
    Discrete Jitter          (DJ):    0.131ns
    Phase Error              (PE):    0.000ns

    Location             Delay type                Incr(ns)  Path(ns)    Netlist Resource(s)
  -------------------------------------------------------------------    -------------------
                         (clock clk_core_mmcm rise edge)
                                                      0.000     0.000 r  
    E3                                                0.000     0.000 r  clk_100mhz (IN)
                         net (fo=0)                   0.000     0.000    clk_100mhz
    E3                   IBUF (Prop_ibuf_I_O)         1.482     1.482 r  clk_100mhz_IBUF_inst/O
                         net (fo=1, routed)           2.025     3.506    clk_100mhz_IBUF
    BUFGCTRL_X0Y16       BUFG (Prop_bufg_I_O)         0.096     3.602 r  clk_100mhz_IBUF_BUFG_inst/O
                         net (fo=2651, routed)        1.809     5.412    clk_100mhz_IBUF_BUFG
    MMCME2_ADV_X0Y0      MMCME2_ADV (Prop_mmcme2_adv_CLKIN1_CLKOUT0)
                                                      0.088     5.500 r  u_mmcm/CLKOUT0
                         net (fo=1, routed)           2.018     7.518    clk_core_mmcm
    BUFGCTRL_X0Y0        BUFG (Prop_bufg_I_O)         0.096     7.614 r  u_bufg_core/O
                         net (fo=4040, routed)        1.633     9.248    u_mlkem/u_sponge/clk_core
    SLICE_X43Y56         FDRE                                         r  u_mlkem/u_sponge/pos_reg[2]_rep_replica/C
  -------------------------------------------------------------------    -------------------
    SLICE_X43Y56         FDRE (Prop_fdre_C_Q)         0.456     9.704 f  u_mlkem/u_sponge/pos_reg[2]_rep_replica/Q
                         net (fo=12, routed)          0.812    10.515    u_mlkem/u_sponge/pos_reg[2]_rep_n_0_repN
    SLICE_X46Y56         LUT4 (Prop_lut4_I0_O)        0.124    10.639 r  u_mlkem/u_sponge/cr_d[15]_i_6/O
                         net (fo=1, routed)           0.000    10.639    u_mlkem/u_sponge/cr_d[15]_i_6_n_0
    SLICE_X46Y56         CARRY4 (Prop_carry4_S[2]_CO[3])
                                                      0.380    11.019 r  u_mlkem/u_sponge/cr_d_reg[15]_i_3/CO[3]
                         net (fo=8, routed)           0.794    11.813    u_mlkem/u_sponge/cr_d_reg[15]_i_3_n_0
    SLICE_X45Y55         CARRY4 (Prop_carry4_CYINIT_CO[2])
                                                      0.592    12.405 r  u_mlkem/u_sponge/cr_d_reg[23]_i_3/CO[2]
                         net (fo=8, routed)           0.350    12.755    u_mlkem/u_sponge/cr_d_reg[23]_i_3_n_1
    SLICE_X44Y54         CARRY4 (Prop_carry4_CYINIT_CO[2])
                                                      0.781    13.536 r  u_mlkem/u_sponge/cr_d_reg[31]_i_3/CO[2]
                         net (fo=8, routed)           0.353    13.888    u_mlkem/u_sponge/cr_d_reg[31]_i_3_n_1
    SLICE_X43Y55         CARRY4 (Prop_carry4_CYINIT_CO[2])
                                                      0.781    14.669 r  u_mlkem/u_sponge/cr_d_reg[39]_i_3/CO[2]
                         net (fo=8, routed)           0.510    15.179    u_mlkem/u_sponge/cr_d_reg[39]_i_3_n_1
    SLICE_X44Y52         CARRY4 (Prop_carry4_CYINIT_CO[2])
                                                      0.781    15.960 r  u_mlkem/u_sponge/cr_d_reg[47]_i_3/CO[2]
                         net (fo=8, routed)           0.399    16.360    u_mlkem/u_sponge/cr_d_reg[47]_i_3_n_1
    SLICE_X45Y51         CARRY4 (Prop_carry4_CYINIT_CO[2])
                                                      0.781    17.141 r  u_mlkem/u_sponge/cr_d_reg[55]_i_3/CO[2]
                         net (fo=8, routed)           0.377    17.517    u_mlkem/u_sponge/cr_d_reg[55]_i_3_n_1
    SLICE_X42Y51         CARRY4 (Prop_carry4_CYINIT_CO[2])
                                                      0.797    18.314 f  u_mlkem/u_sponge/cr_d_reg[63]_i_3/CO[2]
                         net (fo=7, routed)           0.345    18.659    u_mlkem/u_sponge/cr_d_reg[63]_i_3_n_1
    SLICE_X44Y51         LUT6 (Prop_lut6_I5_O)        0.310    18.969 r  u_mlkem/u_sponge/cr_d[57]_i_1/O
                         net (fo=1, routed)           0.000    18.969    u_mlkem/u_unpack/cr_d_reg[63]_0[57]
    SLICE_X44Y51         FDRE                                         r  u_mlkem/u_unpack/cr_d_reg[57]/D
  -------------------------------------------------------------------    -------------------

                         (clock clk_core_mmcm rise edge)
                                                      4.848     4.848 r  
    E3                                                0.000     4.848 r  clk_100mhz (IN)
                         net (fo=0)                   0.000     4.848    clk_100mhz
    E3                   IBUF (Prop_ibuf_I_O)         1.411     6.260 r  clk_100mhz_IBUF_inst/O
                         net (fo=1, routed)           1.920     8.180    clk_100mhz_IBUF
    BUFGCTRL_X0Y16       BUFG (Prop_bufg_I_O)         0.091     8.271 r  clk_100mhz_IBUF_BUFG_inst/O
                         net (fo=2651, routed)        1.683     9.954    clk_100mhz_IBUF_BUFG
    MMCME2_ADV_X0Y0      MMCME2_ADV (Prop_mmcme2_adv_CLKIN1_CLKOUT0)
                                                      0.083    10.037 r  u_mmcm/CLKOUT0
                         net (fo=1, routed)           1.923    11.960    clk_core_mmcm
    BUFGCTRL_X0Y0        BUFG (Prop_bufg_I_O)         0.091    12.051 r  u_bufg_core/O
                         net (fo=4040, routed)        1.513    13.564    u_mlkem/u_unpack/clk_core
    SLICE_X44Y51         FDRE                                         r  u_mlkem/u_unpack/cr_d_reg[57]/C
                         clock pessimism              0.508    14.072    
                         clock uncertainty           -0.074    13.997    
    SLICE_X44Y51         FDRE (Setup_fdre_C_D)        0.031    14.028    u_mlkem/u_unpack/cr_d_reg[57]
  -------------------------------------------------------------------
                         required time                         14.028    
                         arrival time                         -18.969    
  -------------------------------------------------------------------
                         slack                                 -4.941    

Slack (VIOLATED) :        -4.937ns  (required time - arrival time)
  Source:                 u_mlkem/u_sponge/pos_reg[2]_rep_replica/C
                            (rising edge-triggered cell FDRE clocked by clk_core_mmcm  {rise@0.000ns fall@2.424ns period=4.848ns})
  Destination:            u_mlkem/u_unpack/cr_d_reg[60]/D
                            (rising edge-triggered cell FDRE clocked by clk_core_mmcm  {rise@0.000ns fall@2.424ns period=4.848ns})
  Path Group:             clk_core_mmcm
  Path Type:              Setup (Max at Slow Process Corner)
  Requirement:            4.848ns  (clk_core_mmcm rise@4.848ns - clk_core_mmcm rise@0.000ns)
  Data Path Delay:        9.716ns  (logic 5.783ns (59.522%)  route 3.933ns (40.477%))
  Logic Levels:           9  (CARRY4=7 LUT4=1 LUT6=1)
  Clock Path Skew:        -0.024ns (DCD - SCD + CPR)
    Destination Clock Delay (DCD):    8.716ns = ( 13.564 - 4.848 ) 
    Source Clock Delay      (SCD):    9.248ns
    Clock Pessimism Removal (CPR):    0.508ns
  Clock Uncertainty:      0.074ns  ((TSJ^2 + DJ^2)^1/2) / 2 + PE
    Total System Jitter     (TSJ):    0.071ns
    Discrete Jitter          (DJ):    0.131ns
    Phase Error              (PE):    0.000ns

    Location             Delay type                Incr(ns)  Path(ns)    Netlist Resource(s)
  -------------------------------------------------------------------    -------------------
                         (clock clk_core_mmcm rise edge)
                                                      0.000     0.000 r  
    E3                                                0.000     0.000 r  clk_100mhz (IN)
                         net (fo=0)                   0.000     0.000    clk_100mhz
    E3                   IBUF (Prop_ibuf_I_O)         1.482     1.482 r  clk_100mhz_IBUF_inst/O
                         net (fo=1, routed)           2.025     3.506    clk_100mhz_IBUF
    BUFGCTRL_X0Y16       BUFG (Prop_bufg_I_O)         0.096     3.602 r  clk_100mhz_IBUF_BUFG_inst/O
                         net (fo=2651, routed)        1.809     5.412    clk_100mhz_IBUF_BUFG
    MMCME2_ADV_X0Y0      MMCME2_ADV (Prop_mmcme2_adv_CLKIN1_CLKOUT0)
                                                      0.088     5.500 r  u_mmcm/CLKOUT0
                         net (fo=1, routed)           2.018     7.518    clk_core_mmcm
    BUFGCTRL_X0Y0        BUFG (Prop_bufg_I_O)         0.096     7.614 r  u_bufg_core/O
                         net (fo=4040, routed)        1.633     9.248    u_mlkem/u_sponge/clk_core
    SLICE_X43Y56         FDRE                                         r  u_mlkem/u_sponge/pos_reg[2]_rep_replica/C
  -------------------------------------------------------------------    -------------------
    SLICE_X43Y56         FDRE (Prop_fdre_C_Q)         0.456     9.704 f  u_mlkem/u_sponge/pos_reg[2]_rep_replica/Q
                         net (fo=12, routed)          0.812    10.515    u_mlkem/u_sponge/pos_reg[2]_rep_n_0_repN
    SLICE_X46Y56         LUT4 (Prop_lut4_I0_O)        0.124    10.639 r  u_mlkem/u_sponge/cr_d[15]_i_6/O
                         net (fo=1, routed)           0.000    10.639    u_mlkem/u_sponge/cr_d[15]_i_6_n_0
    SLICE_X46Y56         CARRY4 (Prop_carry4_S[2]_CO[3])
                                                      0.380    11.019 r  u_mlkem/u_sponge/cr_d_reg[15]_i_3/CO[3]
                         net (fo=8, routed)           0.794    11.813    u_mlkem/u_sponge/cr_d_reg[15]_i_3_n_0
    SLICE_X45Y55         CARRY4 (Prop_carry4_CYINIT_CO[2])
                                                      0.592    12.405 r  u_mlkem/u_sponge/cr_d_reg[23]_i_3/CO[2]
                         net (fo=8, routed)           0.350    12.755    u_mlkem/u_sponge/cr_d_reg[23]_i_3_n_1
    SLICE_X44Y54         CARRY4 (Prop_carry4_CYINIT_CO[2])
                                                      0.781    13.536 r  u_mlkem/u_sponge/cr_d_reg[31]_i_3/CO[2]
                         net (fo=8, routed)           0.353    13.888    u_mlkem/u_sponge/cr_d_reg[31]_i_3_n_1
    SLICE_X43Y55         CARRY4 (Prop_carry4_CYINIT_CO[2])
                                                      0.781    14.669 r  u_mlkem/u_sponge/cr_d_reg[39]_i_3/CO[2]
                         net (fo=8, routed)           0.510    15.179    u_mlkem/u_sponge/cr_d_reg[39]_i_3_n_1
    SLICE_X44Y52         CARRY4 (Prop_carry4_CYINIT_CO[2])
                                                      0.781    15.960 r  u_mlkem/u_sponge/cr_d_reg[47]_i_3/CO[2]
                         net (fo=8, routed)           0.399    16.360    u_mlkem/u_sponge/cr_d_reg[47]_i_3_n_1
    SLICE_X45Y51         CARRY4 (Prop_carry4_CYINIT_CO[2])
                                                      0.781    17.141 r  u_mlkem/u_sponge/cr_d_reg[55]_i_3/CO[2]
                         net (fo=8, routed)           0.377    17.517    u_mlkem/u_sponge/cr_d_reg[55]_i_3_n_1
    SLICE_X42Y51         CARRY4 (Prop_carry4_CYINIT_CO[2])
                                                      0.797    18.314 f  u_mlkem/u_sponge/cr_d_reg[63]_i_3/CO[2]
                         net (fo=7, routed)           0.339    18.653    u_mlkem/u_sponge/cr_d_reg[63]_i_3_n_1
    SLICE_X43Y51         LUT6 (Prop_lut6_I5_O)        0.310    18.963 r  u_mlkem/u_sponge/cr_d[60]_i_1/O
                         net (fo=1, routed)           0.000    18.963    u_mlkem/u_unpack/cr_d_reg[63]_0[60]
    SLICE_X43Y51         FDRE                                         r  u_mlkem/u_unpack/cr_d_reg[60]/D
  -------------------------------------------------------------------    -------------------

                         (clock clk_core_mmcm rise edge)
                                                      4.848     4.848 r  
    E3                                                0.000     4.848 r  clk_100mhz (IN)
                         net (fo=0)                   0.000     4.848    clk_100mhz
    E3                   IBUF (Prop_ibuf_I_O)         1.411     6.260 r  clk_100mhz_IBUF_inst/O
                         net (fo=1, routed)           1.920     8.180    clk_100mhz_IBUF
    BUFGCTRL_X0Y16       BUFG (Prop_bufg_I_O)         0.091     8.271 r  clk_100mhz_IBUF_BUFG_inst/O
                         net (fo=2651, routed)        1.683     9.954    clk_100mhz_IBUF_BUFG
    MMCME2_ADV_X0Y0      MMCME2_ADV (Prop_mmcme2_adv_CLKIN1_CLKOUT0)
                                                      0.083    10.037 r  u_mmcm/CLKOUT0
                         net (fo=1, routed)           1.923    11.960    clk_core_mmcm
    BUFGCTRL_X0Y0        BUFG (Prop_bufg_I_O)         0.091    12.051 r  u_bufg_core/O
                         net (fo=4040, routed)        1.513    13.564    u_mlkem/u_unpack/clk_core
    SLICE_X43Y51         FDRE                                         r  u_mlkem/u_unpack/cr_d_reg[60]/C
                         clock pessimism              0.508    14.072    
                         clock uncertainty           -0.074    13.997    
    SLICE_X43Y51         FDRE (Setup_fdre_C_D)        0.029    14.026    u_mlkem/u_unpack/cr_d_reg[60]
  -------------------------------------------------------------------
                         required time                         14.026    
                         arrival time                         -18.963    
  -------------------------------------------------------------------
                         slack                                 -4.937    

Slack (VIOLATED) :        -4.932ns  (required time - arrival time)
  Source:                 u_mlkem/u_sponge/pos_reg[2]_rep_replica/C
                            (rising edge-triggered cell FDRE clocked by clk_core_mmcm  {rise@0.000ns fall@2.424ns period=4.848ns})
  Destination:            u_mlkem/u_unpack/cr_d_reg[58]/D
                            (rising edge-triggered cell FDRE clocked by clk_core_mmcm  {rise@0.000ns fall@2.424ns period=4.848ns})
  Path Group:             clk_core_mmcm
  Path Type:              Setup (Max at Slow Process Corner)
  Requirement:            4.848ns  (clk_core_mmcm rise@4.848ns - clk_core_mmcm rise@0.000ns)
  Data Path Delay:        9.713ns  (logic 5.783ns (59.541%)  route 3.930ns (40.459%))
  Logic Levels:           9  (CARRY4=7 LUT4=1 LUT6=1)
  Clock Path Skew:        -0.024ns (DCD - SCD + CPR)
    Destination Clock Delay (DCD):    8.716ns = ( 13.564 - 4.848 ) 
    Source Clock Delay      (SCD):    9.248ns
    Clock Pessimism Removal (CPR):    0.508ns
  Clock Uncertainty:      0.074ns  ((TSJ^2 + DJ^2)^1/2) / 2 + PE
    Total System Jitter     (TSJ):    0.071ns
    Discrete Jitter          (DJ):    0.131ns
    Phase Error              (PE):    0.000ns

    Location             Delay type                Incr(ns)  Path(ns)    Netlist Resource(s)
  -------------------------------------------------------------------    -------------------
                         (clock clk_core_mmcm rise edge)
                                                      0.000     0.000 r  
    E3                                                0.000     0.000 r  clk_100mhz (IN)
                         net (fo=0)                   0.000     0.000    clk_100mhz
    E3                   IBUF (Prop_ibuf_I_O)         1.482     1.482 r  clk_100mhz_IBUF_inst/O
                         net (fo=1, routed)           2.025     3.506    clk_100mhz_IBUF
    BUFGCTRL_X0Y16       BUFG (Prop_bufg_I_O)         0.096     3.602 r  clk_100mhz_IBUF_BUFG_inst/O
                         net (fo=2651, routed)        1.809     5.412    clk_100mhz_IBUF_BUFG
    MMCME2_ADV_X0Y0      MMCME2_ADV (Prop_mmcme2_adv_CLKIN1_CLKOUT0)
                                                      0.088     5.500 r  u_mmcm/CLKOUT0
                         net (fo=1, routed)           2.018     7.518    clk_core_mmcm
    BUFGCTRL_X0Y0        BUFG (Prop_bufg_I_O)         0.096     7.614 r  u_bufg_core/O
                         net (fo=4040, routed)        1.633     9.248    u_mlkem/u_sponge/clk_core
    SLICE_X43Y56         FDRE                                         r  u_mlkem/u_sponge/pos_reg[2]_rep_replica/C
  -------------------------------------------------------------------    -------------------
    SLICE_X43Y56         FDRE (Prop_fdre_C_Q)         0.456     9.704 f  u_mlkem/u_sponge/pos_reg[2]_rep_replica/Q
                         net (fo=12, routed)          0.812    10.515    u_mlkem/u_sponge/pos_reg[2]_rep_n_0_repN
    SLICE_X46Y56         LUT4 (Prop_lut4_I0_O)        0.124    10.639 r  u_mlkem/u_sponge/cr_d[15]_i_6/O
                         net (fo=1, routed)           0.000    10.639    u_mlkem/u_sponge/cr_d[15]_i_6_n_0
    SLICE_X46Y56         CARRY4 (Prop_carry4_S[2]_CO[3])
                                                      0.380    11.019 r  u_mlkem/u_sponge/cr_d_reg[15]_i_3/CO[3]
                         net (fo=8, routed)           0.794    11.813    u_mlkem/u_sponge/cr_d_reg[15]_i_3_n_0
    SLICE_X45Y55         CARRY4 (Prop_carry4_CYINIT_CO[2])
                                                      0.592    12.405 r  u_mlkem/u_sponge/cr_d_reg[23]_i_3/CO[2]
                         net (fo=8, routed)           0.350    12.755    u_mlkem/u_sponge/cr_d_reg[23]_i_3_n_1
    SLICE_X44Y54         CARRY4 (Prop_carry4_CYINIT_CO[2])
                                                      0.781    13.536 r  u_mlkem/u_sponge/cr_d_reg[31]_i_3/CO[2]
                         net (fo=8, routed)           0.353    13.888    u_mlkem/u_sponge/cr_d_reg[31]_i_3_n_1
    SLICE_X43Y55         CARRY4 (Prop_carry4_CYINIT_CO[2])
                                                      0.781    14.669 r  u_mlkem/u_sponge/cr_d_reg[39]_i_3/CO[2]
                         net (fo=8, routed)           0.510    15.179    u_mlkem/u_sponge/cr_d_reg[39]_i_3_n_1
    SLICE_X44Y52         CARRY4 (Prop_carry4_CYINIT_CO[2])
                                                      0.781    15.960 r  u_mlkem/u_sponge/cr_d_reg[47]_i_3/CO[2]
                         net (fo=8, routed)           0.399    16.360    u_mlkem/u_sponge/cr_d_reg[47]_i_3_n_1
    SLICE_X45Y51         CARRY4 (Prop_carry4_CYINIT_CO[2])
                                                      0.781    17.141 r  u_mlkem/u_sponge/cr_d_reg[55]_i_3/CO[2]
                         net (fo=8, routed)           0.377    17.517    u_mlkem/u_sponge/cr_d_reg[55]_i_3_n_1
    SLICE_X42Y51         CARRY4 (Prop_carry4_CYINIT_CO[2])
                                                      0.797    18.314 f  u_mlkem/u_sponge/cr_d_reg[63]_i_3/CO[2]
                         net (fo=7, routed)           0.336    18.650    u_mlkem/u_sponge/cr_d_reg[63]_i_3_n_1
    SLICE_X43Y51         LUT6 (Prop_lut6_I5_O)        0.310    18.960 r  u_mlkem/u_sponge/cr_d[58]_i_1/O
                         net (fo=1, routed)           0.000    18.960    u_mlkem/u_unpack/cr_d_reg[63]_0[58]
    SLICE_X43Y51         FDRE                                         r  u_mlkem/u_unpack/cr_d_reg[58]/D
  -------------------------------------------------------------------    -------------------

                         (clock clk_core_mmcm rise edge)
                                                      4.848     4.848 r  
    E3                                                0.000     4.848 r  clk_100mhz (IN)
                         net (fo=0)                   0.000     4.848    clk_100mhz
    E3                   IBUF (Prop_ibuf_I_O)         1.411     6.260 r  clk_100mhz_IBUF_inst/O
                         net (fo=1, routed)           1.920     8.180    clk_100mhz_IBUF
    BUFGCTRL_X0Y16       BUFG (Prop_bufg_I_O)         0.091     8.271 r  clk_100mhz_IBUF_BUFG_inst/O
                         net (fo=2651, routed)        1.683     9.954    clk_100mhz_IBUF_BUFG
    MMCME2_ADV_X0Y0      MMCME2_ADV (Prop_mmcme2_adv_CLKIN1_CLKOUT0)
                                                      0.083    10.037 r  u_mmcm/CLKOUT0
                         net (fo=1, routed)           1.923    11.960    clk_core_mmcm
    BUFGCTRL_X0Y0        BUFG (Prop_bufg_I_O)         0.091    12.051 r  u_bufg_core/O
                         net (fo=4040, routed)        1.513    13.564    u_mlkem/u_unpack/clk_core
    SLICE_X43Y51         FDRE                                         r  u_mlkem/u_unpack/cr_d_reg[58]/C
                         clock pessimism              0.508    14.072    
                         clock uncertainty           -0.074    13.997    
    SLICE_X43Y51         FDRE (Setup_fdre_C_D)        0.031    14.028    u_mlkem/u_unpack/cr_d_reg[58]
  -------------------------------------------------------------------
                         required time                         14.028    
                         arrival time                         -18.960    
  -------------------------------------------------------------------
                         slack                                 -4.932    

Slack (VIOLATED) :        -4.911ns  (required time - arrival time)
  Source:                 u_mlkem/u_sponge/pos_reg[2]_rep_replica/C
                            (rising edge-triggered cell FDRE clocked by clk_core_mmcm  {rise@0.000ns fall@2.424ns period=4.848ns})
  Destination:            u_mlkem/u_unpack/cr_d_reg[56]/D
                            (rising edge-triggered cell FDRE clocked by clk_core_mmcm  {rise@0.000ns fall@2.424ns period=4.848ns})
  Path Group:             clk_core_mmcm
  Path Type:              Setup (Max at Slow Process Corner)
  Requirement:            4.848ns  (clk_core_mmcm rise@4.848ns - clk_core_mmcm rise@0.000ns)
  Data Path Delay:        9.693ns  (logic 5.801ns (59.845%)  route 3.892ns (40.155%))
  Logic Levels:           9  (CARRY4=7 LUT4=1 LUT6=1)
  Clock Path Skew:        -0.024ns (DCD - SCD + CPR)
    Destination Clock Delay (DCD):    8.716ns = ( 13.564 - 4.848 ) 
    Source Clock Delay      (SCD):    9.248ns
    Clock Pessimism Removal (CPR):    0.508ns
  Clock Uncertainty:      0.074ns  ((TSJ^2 + DJ^2)^1/2) / 2 + PE
    Total System Jitter     (TSJ):    0.071ns
    Discrete Jitter          (DJ):    0.131ns
    Phase Error              (PE):    0.000ns

    Location             Delay type                Incr(ns)  Path(ns)    Netlist Resource(s)
  -------------------------------------------------------------------    -------------------
                         (clock clk_core_mmcm rise edge)
                                                      0.000     0.000 r  
    E3                                                0.000     0.000 r  clk_100mhz (IN)
                         net (fo=0)                   0.000     0.000    clk_100mhz
    E3                   IBUF (Prop_ibuf_I_O)         1.482     1.482 r  clk_100mhz_IBUF_inst/O
                         net (fo=1, routed)           2.025     3.506    clk_100mhz_IBUF
    BUFGCTRL_X0Y16       BUFG (Prop_bufg_I_O)         0.096     3.602 r  clk_100mhz_IBUF_BUFG_inst/O
                         net (fo=2651, routed)        1.809     5.412    clk_100mhz_IBUF_BUFG
    MMCME2_ADV_X0Y0      MMCME2_ADV (Prop_mmcme2_adv_CLKIN1_CLKOUT0)
                                                      0.088     5.500 r  u_mmcm/CLKOUT0
                         net (fo=1, routed)           2.018     7.518    clk_core_mmcm
    BUFGCTRL_X0Y0        BUFG (Prop_bufg_I_O)         0.096     7.614 r  u_bufg_core/O
                         net (fo=4040, routed)        1.633     9.248    u_mlkem/u_sponge/clk_core
    SLICE_X43Y56         FDRE                                         r  u_mlkem/u_sponge/pos_reg[2]_rep_replica/C
  -------------------------------------------------------------------    -------------------
    SLICE_X43Y56         FDRE (Prop_fdre_C_Q)         0.456     9.704 f  u_mlkem/u_sponge/pos_reg[2]_rep_replica/Q
                         net (fo=12, routed)          0.812    10.515    u_mlkem/u_sponge/pos_reg[2]_rep_n_0_repN
    SLICE_X46Y56         LUT4 (Prop_lut4_I0_O)        0.124    10.639 r  u_mlkem/u_sponge/cr_d[15]_i_6/O
                         net (fo=1, routed)           0.000    10.639    u_mlkem/u_sponge/cr_d[15]_i_6_n_0
    SLICE_X46Y56         CARRY4 (Prop_carry4_S[2]_CO[3])
                                                      0.380    11.019 r  u_mlkem/u_sponge/cr_d_reg[15]_i_3/CO[3]
                         net (fo=8, routed)           0.794    11.813    u_mlkem/u_sponge/cr_d_reg[15]_i_3_n_0
    SLICE_X45Y55         CARRY4 (Prop_carry4_CYINIT_CO[2])
                                                      0.592    12.405 r  u_mlkem/u_sponge/cr_d_reg[23]_i_3/CO[2]
                         net (fo=8, routed)           0.350    12.755    u_mlkem/u_sponge/cr_d_reg[23]_i_3_n_1
    SLICE_X44Y54         CARRY4 (Prop_carry4_CYINIT_CO[2])
                                                      0.781    13.536 r  u_mlkem/u_sponge/cr_d_reg[31]_i_3/CO[2]
                         net (fo=8, routed)           0.353    13.888    u_mlkem/u_sponge/cr_d_reg[31]_i_3_n_1
    SLICE_X43Y55         CARRY4 (Prop_carry4_CYINIT_CO[2])
                                                      0.781    14.669 r  u_mlkem/u_sponge/cr_d_reg[39]_i_3/CO[2]
                         net (fo=8, routed)           0.510    15.179    u_mlkem/u_sponge/cr_d_reg[39]_i_3_n_1
    SLICE_X44Y52         CARRY4 (Prop_carry4_CYINIT_CO[2])
                                                      0.781    15.960 r  u_mlkem/u_sponge/cr_d_reg[47]_i_3/CO[2]
                         net (fo=8, routed)           0.399    16.360    u_mlkem/u_sponge/cr_d_reg[47]_i_3_n_1
    SLICE_X45Y51         CARRY4 (Prop_carry4_CYINIT_CO[2])
                                                      0.781    17.141 r  u_mlkem/u_sponge/cr_d_reg[55]_i_3/CO[2]
                         net (fo=8, routed)           0.377    17.517    u_mlkem/u_sponge/cr_d_reg[55]_i_3_n_1
    SLICE_X42Y51         CARRY4 (Prop_carry4_CYINIT_O[1])
                                                      0.819    18.336 r  u_mlkem/u_sponge/cr_d_reg[63]_i_3/O[1]
                         net (fo=1, routed)           0.299    18.635    u_mlkem/u_sponge/u_unpack/cr_d2[56]
    SLICE_X44Y51         LUT6 (Prop_lut6_I5_O)        0.306    18.941 r  u_mlkem/u_sponge/cr_d[56]_i_1/O
                         net (fo=1, routed)           0.000    18.941    u_mlkem/u_unpack/cr_d_reg[63]_0[56]
    SLICE_X44Y51         FDRE                                         r  u_mlkem/u_unpack/cr_d_reg[56]/D
  -------------------------------------------------------------------    -------------------

                         (clock clk_core_mmcm rise edge)
                                                      4.848     4.848 r  
    E3                                                0.000     4.848 r  clk_100mhz (IN)
                         net (fo=0)                   0.000     4.848    clk_100mhz
    E3                   IBUF (Prop_ibuf_I_O)         1.411     6.260 r  clk_100mhz_IBUF_inst/O
                         net (fo=1, routed)           1.920     8.180    clk_100mhz_IBUF
    BUFGCTRL_X0Y16       BUFG (Prop_bufg_I_O)         0.091     8.271 r  clk_100mhz_IBUF_BUFG_inst/O
                         net (fo=2651, routed)        1.683     9.954    clk_100mhz_IBUF_BUFG
    MMCME2_ADV_X0Y0      MMCME2_ADV (Prop_mmcme2_adv_CLKIN1_CLKOUT0)
                                                      0.083    10.037 r  u_mmcm/CLKOUT0
                         net (fo=1, routed)           1.923    11.960    clk_core_mmcm
    BUFGCTRL_X0Y0        BUFG (Prop_bufg_I_O)         0.091    12.051 r  u_bufg_core/O
                         net (fo=4040, routed)        1.513    13.564    u_mlkem/u_unpack/clk_core
    SLICE_X44Y51         FDRE                                         r  u_mlkem/u_unpack/cr_d_reg[56]/C
                         clock pessimism              0.508    14.072    
                         clock uncertainty           -0.074    13.997    
    SLICE_X44Y51         FDRE (Setup_fdre_C_D)        0.032    14.029    u_mlkem/u_unpack/cr_d_reg[56]
  -------------------------------------------------------------------
                         required time                         14.029    
                         arrival time                         -18.941    
  -------------------------------------------------------------------
                         slack                                 -4.911    

Slack (VIOLATED) :        -3.945ns  (required time - arrival time)
  Source:                 u_mlkem/u_ctrl/FSM_sequential_state_reg[1]/C
                            (rising edge-triggered cell FDRE clocked by clk_core_mmcm  {rise@0.000ns fall@2.424ns period=4.848ns})
  Destination:            u_mlkem/u_sponge/st_reg[673]/D
                            (rising edge-triggered cell FDRE clocked by clk_core_mmcm  {rise@0.000ns fall@2.424ns period=4.848ns})
  Path Group:             clk_core_mmcm
  Path Type:              Setup (Max at Slow Process Corner)
  Requirement:            4.848ns  (clk_core_mmcm rise@4.848ns - clk_core_mmcm rise@0.000ns)
  Data Path Delay:        8.627ns  (logic 3.160ns (36.629%)  route 5.467ns (63.371%))
  Logic Levels:           9  (CARRY4=3 LUT3=1 LUT4=1 LUT6=4)
  Clock Path Skew:        -0.123ns (DCD - SCD + CPR)
    Destination Clock Delay (DCD):    8.704ns = ( 13.552 - 4.848 ) 
    Source Clock Delay      (SCD):    9.247ns
    Clock Pessimism Removal (CPR):    0.420ns
  Clock Uncertainty:      0.074ns  ((TSJ^2 + DJ^2)^1/2) / 2 + PE
    Total System Jitter     (TSJ):    0.071ns
    Discrete Jitter          (DJ):    0.131ns
    Phase Error              (PE):    0.000ns

    Location             Delay type                Incr(ns)  Path(ns)    Netlist Resource(s)
  -------------------------------------------------------------------    -------------------
                         (clock clk_core_mmcm rise edge)
                                                      0.000     0.000 r  
    E3                                                0.000     0.000 r  clk_100mhz (IN)
                         net (fo=0)                   0.000     0.000    clk_100mhz
    E3                   IBUF (Prop_ibuf_I_O)         1.482     1.482 r  clk_100mhz_IBUF_inst/O
                         net (fo=1, routed)           2.025     3.506    clk_100mhz_IBUF
    BUFGCTRL_X0Y16       BUFG (Prop_bufg_I_O)         0.096     3.602 r  clk_100mhz_IBUF_BUFG_inst/O
                         net (fo=2651, routed)        1.809     5.412    clk_100mhz_IBUF_BUFG
    MMCME2_ADV_X0Y0      MMCME2_ADV (Prop_mmcme2_adv_CLKIN1_CLKOUT0)
                                                      0.088     5.500 r  u_mmcm/CLKOUT0
                         net (fo=1, routed)           2.018     7.518    clk_core_mmcm
    BUFGCTRL_X0Y0        BUFG (Prop_bufg_I_O)         0.096     7.614 r  u_bufg_core/O
                         net (fo=4040, routed)        1.632     9.247    u_mlkem/u_ctrl/clk_core
    SLICE_X43Y58         FDRE                                         r  u_mlkem/u_ctrl/FSM_sequential_state_reg[1]/C
  -------------------------------------------------------------------    -------------------
    SLICE_X43Y58         FDRE (Prop_fdre_C_Q)         0.456     9.703 r  u_mlkem/u_ctrl/FSM_sequential_state_reg[1]/Q
                         net (fo=167, routed)         0.660    10.363    u_mlkem/u_ctrl/state__0[1]
    SLICE_X43Y59         LUT4 (Prop_lut4_I2_O)        0.124    10.487 r  u_mlkem/u_ctrl/pos[3]_i_6/O
                         net (fo=89, routed)          0.399    10.886    u_mlkem/u_ctrl/FSM_sequential_state_reg[3]_0
    SLICE_X44Y59         LUT6 (Prop_lut6_I5_O)        0.124    11.010 r  u_mlkem/u_ctrl/st[1342]_i_13/O
                         net (fo=1, routed)           0.331    11.341    u_mlkem/u_ctrl/u_sponge/ab_mask1[8]
    SLICE_X44Y60         CARRY4 (Prop_carry4_DI[2]_CO[3])
                                                      0.398    11.739 r  u_mlkem/u_ctrl/st_reg[1342]_i_9/CO[3]
                         net (fo=21, routed)          1.034    12.773    u_mlkem/u_ctrl/st_reg[1342]_i_9_n_0
    SLICE_X45Y60         CARRY4 (Prop_carry4_CYINIT_CO[2])
                                                      0.592    13.365 r  u_mlkem/u_ctrl/st_reg[1342]_i_8/CO[2]
                         net (fo=22, routed)          0.441    13.806    u_mlkem/u_ctrl/st_reg[1342]_i_8_n_1
    SLICE_X45Y59         CARRY4 (Prop_carry4_CYINIT_CO[2])
                                                      0.781    14.587 f  u_mlkem/u_ctrl/st_reg[1342]_i_10/CO[2]
                         net (fo=20, routed)          0.727    15.314    u_mlkem/u_ctrl/st_reg[1342]_i_10_n_1
    SLICE_X48Y60         LUT6 (Prop_lut6_I2_O)        0.313    15.627 r  u_mlkem/u_ctrl/st[1313]_i_5/O
                         net (fo=2, routed)           0.444    16.071    u_mlkem/u_ctrl/st[1313]_i_5_n_0
    SLICE_X50Y60         LUT3 (Prop_lut3_I0_O)        0.124    16.195 r  u_mlkem/u_ctrl/st[1313]_i_4/O
                         net (fo=21, routed)          1.138    17.333    u_mlkem/u_sponge/st_reg[1151]_0[13]
    SLICE_X63Y65         LUT6 (Prop_lut6_I4_O)        0.124    17.457 r  u_mlkem/u_sponge/st[673]_i_5/O
                         net (fo=1, routed)           0.292    17.750    u_mlkem/u_sponge/st[673]_i_5_n_0
    SLICE_X63Y66         LUT6 (Prop_lut6_I4_O)        0.124    17.874 r  u_mlkem/u_sponge/st[673]_i_1/O
                         net (fo=1, routed)           0.000    17.874    u_mlkem/u_sponge/st[673]_i_1_n_0
    SLICE_X63Y66         FDRE                                         r  u_mlkem/u_sponge/st_reg[673]/D
  -------------------------------------------------------------------    -------------------

                         (clock clk_core_mmcm rise edge)
                                                      4.848     4.848 r  
    E3                                                0.000     4.848 r  clk_100mhz (IN)
                         net (fo=0)                   0.000     4.848    clk_100mhz
    E3                   IBUF (Prop_ibuf_I_O)         1.411     6.260 r  clk_100mhz_IBUF_inst/O
                         net (fo=1, routed)           1.920     8.180    clk_100mhz_IBUF
    BUFGCTRL_X0Y16       BUFG (Prop_bufg_I_O)         0.091     8.271 r  clk_100mhz_IBUF_BUFG_inst/O
                         net (fo=2651, routed)        1.683     9.954    clk_100mhz_IBUF_BUFG
    MMCME2_ADV_X0Y0      MMCME2_ADV (Prop_mmcme2_adv_CLKIN1_CLKOUT0)
                                                      0.083    10.037 r  u_mmcm/CLKOUT0
                         net (fo=1, routed)           1.923    11.960    clk_core_mmcm
    BUFGCTRL_X0Y0        BUFG (Prop_bufg_I_O)         0.091    12.051 r  u_bufg_core/O
                         net (fo=4040, routed)        1.501    13.552    u_mlkem/u_sponge/clk_core
    SLICE_X63Y66         FDRE                                         r  u_mlkem/u_sponge/st_reg[673]/C
                         clock pessimism              0.420    13.972    
                         clock uncertainty           -0.074    13.897    
    SLICE_X63Y66         FDRE (Setup_fdre_C_D)        0.031    13.928    u_mlkem/u_sponge/st_reg[673]
  -------------------------------------------------------------------
                         required time                         13.928    
                         arrival time                         -17.874    
  -------------------------------------------------------------------
                         slack                                 -3.945    

Slack (VIOLATED) :        -3.923ns  (required time - arrival time)
  Source:                 u_mlkem/u_ctrl/FSM_sequential_state_reg[1]/C
                            (rising edge-triggered cell FDRE clocked by clk_core_mmcm  {rise@0.000ns fall@2.424ns period=4.848ns})
  Destination:            u_mlkem/u_sponge/st_reg[361]/D
                            (rising edge-triggered cell FDRE clocked by clk_core_mmcm  {rise@0.000ns fall@2.424ns period=4.848ns})
  Path Group:             clk_core_mmcm
  Path Type:              Setup (Max at Slow Process Corner)
  Requirement:            4.848ns  (clk_core_mmcm rise@4.848ns - clk_core_mmcm rise@0.000ns)
  Data Path Delay:        8.597ns  (logic 3.160ns (36.756%)  route 5.437ns (63.244%))
  Logic Levels:           9  (CARRY4=3 LUT3=1 LUT4=1 LUT6=4)
  Clock Path Skew:        -0.129ns (DCD - SCD + CPR)
    Destination Clock Delay (DCD):    8.698ns = ( 13.546 - 4.848 ) 
    Source Clock Delay      (SCD):    9.247ns
    Clock Pessimism Removal (CPR):    0.420ns
  Clock Uncertainty:      0.074ns  ((TSJ^2 + DJ^2)^1/2) / 2 + PE
    Total System Jitter     (TSJ):    0.071ns
    Discrete Jitter          (DJ):    0.131ns
    Phase Error              (PE):    0.000ns

    Location             Delay type                Incr(ns)  Path(ns)    Netlist Resource(s)
  -------------------------------------------------------------------    -------------------
                         (clock clk_core_mmcm rise edge)
                                                      0.000     0.000 r  
    E3                                                0.000     0.000 r  clk_100mhz (IN)
                         net (fo=0)                   0.000     0.000    clk_100mhz
    E3                   IBUF (Prop_ibuf_I_O)         1.482     1.482 r  clk_100mhz_IBUF_inst/O
                         net (fo=1, routed)           2.025     3.506    clk_100mhz_IBUF
    BUFGCTRL_X0Y16       BUFG (Prop_bufg_I_O)         0.096     3.602 r  clk_100mhz_IBUF_BUFG_inst/O
                         net (fo=2651, routed)        1.809     5.412    clk_100mhz_IBUF_BUFG
    MMCME2_ADV_X0Y0      MMCME2_ADV (Prop_mmcme2_adv_CLKIN1_CLKOUT0)
                                                      0.088     5.500 r  u_mmcm/CLKOUT0
                         net (fo=1, routed)           2.018     7.518    clk_core_mmcm
    BUFGCTRL_X0Y0        BUFG (Prop_bufg_I_O)         0.096     7.614 r  u_bufg_core/O
                         net (fo=4040, routed)        1.632     9.247    u_mlkem/u_ctrl/clk_core
    SLICE_X43Y58         FDRE                                         r  u_mlkem/u_ctrl/FSM_sequential_state_reg[1]/C
  -------------------------------------------------------------------    -------------------
    SLICE_X43Y58         FDRE (Prop_fdre_C_Q)         0.456     9.703 r  u_mlkem/u_ctrl/FSM_sequential_state_reg[1]/Q
                         net (fo=167, routed)         0.660    10.363    u_mlkem/u_ctrl/state__0[1]
    SLICE_X43Y59         LUT4 (Prop_lut4_I2_O)        0.124    10.487 r  u_mlkem/u_ctrl/pos[3]_i_6/O
                         net (fo=89, routed)          0.399    10.886    u_mlkem/u_ctrl/FSM_sequential_state_reg[3]_0
    SLICE_X44Y59         LUT6 (Prop_lut6_I5_O)        0.124    11.010 r  u_mlkem/u_ctrl/st[1342]_i_13/O
                         net (fo=1, routed)           0.331    11.341    u_mlkem/u_ctrl/u_sponge/ab_mask1[8]
    SLICE_X44Y60         CARRY4 (Prop_carry4_DI[2]_CO[3])
                                                      0.398    11.739 r  u_mlkem/u_ctrl/st_reg[1342]_i_9/CO[3]
                         net (fo=21, routed)          1.034    12.773    u_mlkem/u_ctrl/st_reg[1342]_i_9_n_0
    SLICE_X45Y60         CARRY4 (Prop_carry4_CYINIT_CO[2])
                                                      0.592    13.365 r  u_mlkem/u_ctrl/st_reg[1342]_i_8/CO[2]
                         net (fo=22, routed)          0.441    13.806    u_mlkem/u_ctrl/st_reg[1342]_i_8_n_1
    SLICE_X45Y59         CARRY4 (Prop_carry4_CYINIT_CO[2])
                                                      0.781    14.587 f  u_mlkem/u_ctrl/st_reg[1342]_i_10/CO[2]
                         net (fo=20, routed)          0.544    15.131    u_mlkem/u_ctrl/st_reg[1342]_i_10_n_1
    SLICE_X49Y59         LUT6 (Prop_lut6_I0_O)        0.313    15.444 r  u_mlkem/u_ctrl/st[1329]_i_5/O
                         net (fo=2, routed)           0.488    15.932    u_mlkem/u_ctrl/st[1329]_i_5_n_0
    SLICE_X51Y63         LUT3 (Prop_lut3_I2_O)        0.124    16.056 r  u_mlkem/u_ctrl/st[1321]_i_4/O
                         net (fo=21, routed)          0.918    16.974    u_mlkem/u_sponge/st_reg[1151]_0[18]
    SLICE_X61Y68         LUT6 (Prop_lut6_I4_O)        0.124    17.098 r  u_mlkem/u_sponge/st[361]_i_2/O
                         net (fo=1, routed)           0.622    17.720    u_mlkem/u_sponge/st[361]_i_2_n_0
    SLICE_X61Y69         LUT6 (Prop_lut6_I4_O)        0.124    17.844 r  u_mlkem/u_sponge/st[361]_i_1/O
                         net (fo=1, routed)           0.000    17.844    u_mlkem/u_sponge/st[361]_i_1_n_0
    SLICE_X61Y69         FDRE                                         r  u_mlkem/u_sponge/st_reg[361]/D
  -------------------------------------------------------------------    -------------------

                         (clock clk_core_mmcm rise edge)
                                                      4.848     4.848 r  
    E3                                                0.000     4.848 r  clk_100mhz (IN)
                         net (fo=0)                   0.000     4.848    clk_100mhz
    E3                   IBUF (Prop_ibuf_I_O)         1.411     6.260 r  clk_100mhz_IBUF_inst/O
                         net (fo=1, routed)           1.920     8.180    clk_100mhz_IBUF
    BUFGCTRL_X0Y16       BUFG (Prop_bufg_I_O)         0.091     8.271 r  clk_100mhz_IBUF_BUFG_inst/O
                         net (fo=2651, routed)        1.683     9.954    clk_100mhz_IBUF_BUFG
    MMCME2_ADV_X0Y0      MMCME2_ADV (Prop_mmcme2_adv_CLKIN1_CLKOUT0)
                                                      0.083    10.037 r  u_mmcm/CLKOUT0
                         net (fo=1, routed)           1.923    11.960    clk_core_mmcm
    BUFGCTRL_X0Y0        BUFG (Prop_bufg_I_O)         0.091    12.051 r  u_bufg_core/O
                         net (fo=4040, routed)        1.495    13.546    u_mlkem/u_sponge/clk_core
    SLICE_X61Y69         FDRE                                         r  u_mlkem/u_sponge/st_reg[361]/C
                         clock pessimism              0.420    13.966    
                         clock uncertainty           -0.074    13.891    
    SLICE_X61Y69         FDRE (Setup_fdre_C_D)        0.029    13.920    u_mlkem/u_sponge/st_reg[361]
  -------------------------------------------------------------------
                         required time                         13.920    
                         arrival time                         -17.844    
  -------------------------------------------------------------------
                         slack                                 -3.923    

Slack (VIOLATED) :        -3.897ns  (required time - arrival time)
  Source:                 u_mlkem/u_ctrl/FSM_sequential_state_reg[1]/C
                            (rising edge-triggered cell FDRE clocked by clk_core_mmcm  {rise@0.000ns fall@2.424ns period=4.848ns})
  Destination:            u_mlkem/u_sponge/st_reg[426]/D
                            (rising edge-triggered cell FDRE clocked by clk_core_mmcm  {rise@0.000ns fall@2.424ns period=4.848ns})
  Path Group:             clk_core_mmcm
  Path Type:              Setup (Max at Slow Process Corner)
  Requirement:            4.848ns  (clk_core_mmcm rise@4.848ns - clk_core_mmcm rise@0.000ns)
  Data Path Delay:        8.576ns  (logic 3.160ns (36.845%)  route 5.416ns (63.155%))
  Logic Levels:           9  (CARRY4=3 LUT3=1 LUT4=1 LUT6=4)
  Clock Path Skew:        -0.124ns (DCD - SCD + CPR)
    Destination Clock Delay (DCD):    8.703ns = ( 13.551 - 4.848 ) 
    Source Clock Delay      (SCD):    9.247ns
    Clock Pessimism Removal (CPR):    0.420ns
  Clock Uncertainty:      0.074ns  ((TSJ^2 + DJ^2)^1/2) / 2 + PE
    Total System Jitter     (TSJ):    0.071ns
    Discrete Jitter          (DJ):    0.131ns
    Phase Error              (PE):    0.000ns

    Location             Delay type                Incr(ns)  Path(ns)    Netlist Resource(s)
  -------------------------------------------------------------------    -------------------
                         (clock clk_core_mmcm rise edge)
                                                      0.000     0.000 r  
    E3                                                0.000     0.000 r  clk_100mhz (IN)
                         net (fo=0)                   0.000     0.000    clk_100mhz
    E3                   IBUF (Prop_ibuf_I_O)         1.482     1.482 r  clk_100mhz_IBUF_inst/O
                         net (fo=1, routed)           2.025     3.506    clk_100mhz_IBUF
    BUFGCTRL_X0Y16       BUFG (Prop_bufg_I_O)         0.096     3.602 r  clk_100mhz_IBUF_BUFG_inst/O
                         net (fo=2651, routed)        1.809     5.412    clk_100mhz_IBUF_BUFG
    MMCME2_ADV_X0Y0      MMCME2_ADV (Prop_mmcme2_adv_CLKIN1_CLKOUT0)
                                                      0.088     5.500 r  u_mmcm/CLKOUT0
                         net (fo=1, routed)           2.018     7.518    clk_core_mmcm
    BUFGCTRL_X0Y0        BUFG (Prop_bufg_I_O)         0.096     7.614 r  u_bufg_core/O
                         net (fo=4040, routed)        1.632     9.247    u_mlkem/u_ctrl/clk_core
    SLICE_X43Y58         FDRE                                         r  u_mlkem/u_ctrl/FSM_sequential_state_reg[1]/C
  -------------------------------------------------------------------    -------------------
    SLICE_X43Y58         FDRE (Prop_fdre_C_Q)         0.456     9.703 r  u_mlkem/u_ctrl/FSM_sequential_state_reg[1]/Q
                         net (fo=167, routed)         0.660    10.363    u_mlkem/u_ctrl/state__0[1]
    SLICE_X43Y59         LUT4 (Prop_lut4_I2_O)        0.124    10.487 r  u_mlkem/u_ctrl/pos[3]_i_6/O
                         net (fo=89, routed)          0.399    10.886    u_mlkem/u_ctrl/FSM_sequential_state_reg[3]_0
    SLICE_X44Y59         LUT6 (Prop_lut6_I5_O)        0.124    11.010 r  u_mlkem/u_ctrl/st[1342]_i_13/O
                         net (fo=1, routed)           0.331    11.341    u_mlkem/u_ctrl/u_sponge/ab_mask1[8]
    SLICE_X44Y60         CARRY4 (Prop_carry4_DI[2]_CO[3])
                                                      0.398    11.739 r  u_mlkem/u_ctrl/st_reg[1342]_i_9/CO[3]
                         net (fo=21, routed)          1.034    12.773    u_mlkem/u_ctrl/st_reg[1342]_i_9_n_0
    SLICE_X45Y60         CARRY4 (Prop_carry4_CYINIT_CO[2])
                                                      0.592    13.365 r  u_mlkem/u_ctrl/st_reg[1342]_i_8/CO[2]
                         net (fo=22, routed)          0.441    13.806    u_mlkem/u_ctrl/st_reg[1342]_i_8_n_1
    SLICE_X45Y59         CARRY4 (Prop_carry4_CYINIT_CO[2])
                                                      0.781    14.587 f  u_mlkem/u_ctrl/st_reg[1342]_i_10/CO[2]
                         net (fo=20, routed)          0.625    15.212    u_mlkem/u_ctrl/st_reg[1342]_i_10_n_1
    SLICE_X46Y60         LUT6 (Prop_lut6_I0_O)        0.313    15.525 r  u_mlkem/u_ctrl/st[1330]_i_6/O
                         net (fo=2, routed)           0.442    15.967    u_mlkem/u_ctrl/st[1330]_i_6_n_0
    SLICE_X49Y61         LUT3 (Prop_lut3_I2_O)        0.124    16.091 r  u_mlkem/u_ctrl/st[1322]_i_4/O
                         net (fo=21, routed)          1.051    17.142    u_mlkem/u_sponge/st_reg[1151]_0[19]
    SLICE_X61Y65         LUT6 (Prop_lut6_I4_O)        0.124    17.266 r  u_mlkem/u_sponge/st[426]_i_4/O
                         net (fo=1, routed)           0.433    17.699    u_mlkem/u_sponge/st[426]_i_4_n_0
    SLICE_X61Y65         LUT6 (Prop_lut6_I4_O)        0.124    17.823 r  u_mlkem/u_sponge/st[426]_i_1/O
                         net (fo=1, routed)           0.000    17.823    u_mlkem/u_sponge/st[426]_i_1_n_0
    SLICE_X61Y65         FDRE                                         r  u_mlkem/u_sponge/st_reg[426]/D
  -------------------------------------------------------------------    -------------------

                         (clock clk_core_mmcm rise edge)
                                                      4.848     4.848 r  
    E3                                                0.000     4.848 r  clk_100mhz (IN)
                         net (fo=0)                   0.000     4.848    clk_100mhz
    E3                   IBUF (Prop_ibuf_I_O)         1.411     6.260 r  clk_100mhz_IBUF_inst/O
                         net (fo=1, routed)           1.920     8.180    clk_100mhz_IBUF
    BUFGCTRL_X0Y16       BUFG (Prop_bufg_I_O)         0.091     8.271 r  clk_100mhz_IBUF_BUFG_inst/O
                         net (fo=2651, routed)        1.683     9.954    clk_100mhz_IBUF_BUFG
    MMCME2_ADV_X0Y0      MMCME2_ADV (Prop_mmcme2_adv_CLKIN1_CLKOUT0)
                                                      0.083    10.037 r  u_mmcm/CLKOUT0
                         net (fo=1, routed)           1.923    11.960    clk_core_mmcm
    BUFGCTRL_X0Y0        BUFG (Prop_bufg_I_O)         0.091    12.051 r  u_bufg_core/O
                         net (fo=4040, routed)        1.500    13.551    u_mlkem/u_sponge/clk_core
    SLICE_X61Y65         FDRE                                         r  u_mlkem/u_sponge/st_reg[426]/C
                         clock pessimism              0.420    13.971    
                         clock uncertainty           -0.074    13.896    
    SLICE_X61Y65         FDRE (Setup_fdre_C_D)        0.029    13.925    u_mlkem/u_sponge/st_reg[426]
  -------------------------------------------------------------------
                         required time                         13.925    
                         arrival time                         -17.823    
  -------------------------------------------------------------------
                         slack                                 -3.897    

Slack (VIOLATED) :        -3.872ns  (required time - arrival time)
  Source:                 u_mlkem/u_ctrl/FSM_sequential_state_reg[1]/C
                            (rising edge-triggered cell FDRE clocked by clk_core_mmcm  {rise@0.000ns fall@2.424ns period=4.848ns})
  Destination:            u_mlkem/u_sponge/st_reg[634]/D
                            (rising edge-triggered cell FDRE clocked by clk_core_mmcm  {rise@0.000ns fall@2.424ns period=4.848ns})
  Path Group:             clk_core_mmcm
  Path Type:              Setup (Max at Slow Process Corner)
  Requirement:            4.848ns  (clk_core_mmcm rise@4.848ns - clk_core_mmcm rise@0.000ns)
  Data Path Delay:        8.558ns  (logic 3.160ns (36.923%)  route 5.398ns (63.077%))
  Logic Levels:           9  (CARRY4=3 LUT4=1 LUT6=5)
  Clock Path Skew:        -0.117ns (DCD - SCD + CPR)
    Destination Clock Delay (DCD):    8.710ns = ( 13.558 - 4.848 ) 
    Source Clock Delay      (SCD):    9.247ns
    Clock Pessimism Removal (CPR):    0.420ns
  Clock Uncertainty:      0.074ns  ((TSJ^2 + DJ^2)^1/2) / 2 + PE
    Total System Jitter     (TSJ):    0.071ns
    Discrete Jitter          (DJ):    0.131ns
    Phase Error              (PE):    0.000ns

    Location             Delay type                Incr(ns)  Path(ns)    Netlist Resource(s)
  -------------------------------------------------------------------    -------------------
                         (clock clk_core_mmcm rise edge)
                                                      0.000     0.000 r  
    E3                                                0.000     0.000 r  clk_100mhz (IN)
                         net (fo=0)                   0.000     0.000    clk_100mhz
    E3                   IBUF (Prop_ibuf_I_O)         1.482     1.482 r  clk_100mhz_IBUF_inst/O
                         net (fo=1, routed)           2.025     3.506    clk_100mhz_IBUF
    BUFGCTRL_X0Y16       BUFG (Prop_bufg_I_O)         0.096     3.602 r  clk_100mhz_IBUF_BUFG_inst/O
                         net (fo=2651, routed)        1.809     5.412    clk_100mhz_IBUF_BUFG
    MMCME2_ADV_X0Y0      MMCME2_ADV (Prop_mmcme2_adv_CLKIN1_CLKOUT0)
                                                      0.088     5.500 r  u_mmcm/CLKOUT0
                         net (fo=1, routed)           2.018     7.518    clk_core_mmcm
    BUFGCTRL_X0Y0        BUFG (Prop_bufg_I_O)         0.096     7.614 r  u_bufg_core/O
                         net (fo=4040, routed)        1.632     9.247    u_mlkem/u_ctrl/clk_core
    SLICE_X43Y58         FDRE                                         r  u_mlkem/u_ctrl/FSM_sequential_state_reg[1]/C
  -------------------------------------------------------------------    -------------------
    SLICE_X43Y58         FDRE (Prop_fdre_C_Q)         0.456     9.703 r  u_mlkem/u_ctrl/FSM_sequential_state_reg[1]/Q
                         net (fo=167, routed)         0.660    10.363    u_mlkem/u_ctrl/state__0[1]
    SLICE_X43Y59         LUT4 (Prop_lut4_I2_O)        0.124    10.487 r  u_mlkem/u_ctrl/pos[3]_i_6/O
                         net (fo=89, routed)          0.399    10.886    u_mlkem/u_ctrl/FSM_sequential_state_reg[3]_0
    SLICE_X44Y59         LUT6 (Prop_lut6_I5_O)        0.124    11.010 r  u_mlkem/u_ctrl/st[1342]_i_13/O
                         net (fo=1, routed)           0.331    11.341    u_mlkem/u_ctrl/u_sponge/ab_mask1[8]
    SLICE_X44Y60         CARRY4 (Prop_carry4_DI[2]_CO[3])
                                                      0.398    11.739 r  u_mlkem/u_ctrl/st_reg[1342]_i_9/CO[3]
                         net (fo=21, routed)          1.034    12.773    u_mlkem/u_ctrl/st_reg[1342]_i_9_n_0
    SLICE_X45Y60         CARRY4 (Prop_carry4_CYINIT_CO[2])
                                                      0.592    13.365 r  u_mlkem/u_ctrl/st_reg[1342]_i_8/CO[2]
                         net (fo=22, routed)          0.441    13.806    u_mlkem/u_ctrl/st_reg[1342]_i_8_n_1
    SLICE_X45Y59         CARRY4 (Prop_carry4_CYINIT_CO[2])
                                                      0.781    14.587 f  u_mlkem/u_ctrl/st_reg[1342]_i_10/CO[2]
                         net (fo=20, routed)          0.783    15.370    u_mlkem/u_ctrl/st_reg[1342]_i_10_n_1
    SLICE_X52Y59         LUT6 (Prop_lut6_I5_O)        0.313    15.683 r  u_mlkem/u_ctrl/st[1338]_i_8/O
                         net (fo=1, routed)           0.311    15.994    u_mlkem/u_ctrl/st[1338]_i_8_n_0
    SLICE_X54Y60         LUT6 (Prop_lut6_I5_O)        0.124    16.118 r  u_mlkem/u_ctrl/st[1338]_i_4/O
                         net (fo=21, routed)          0.995    17.113    u_mlkem/u_sponge/st_reg[1151]_0[29]
    SLICE_X64Y60         LUT6 (Prop_lut6_I4_O)        0.124    17.237 r  u_mlkem/u_sponge/st[634]_i_5/O
                         net (fo=1, routed)           0.444    17.681    u_mlkem/u_sponge/st[634]_i_5_n_0
    SLICE_X64Y60         LUT6 (Prop_lut6_I4_O)        0.124    17.805 r  u_mlkem/u_sponge/st[634]_i_1/O
                         net (fo=1, routed)           0.000    17.805    u_mlkem/u_sponge/st[634]_i_1_n_0
    SLICE_X64Y60         FDRE                                         r  u_mlkem/u_sponge/st_reg[634]/D
  -------------------------------------------------------------------    -------------------

                         (clock clk_core_mmcm rise edge)
                                                      4.848     4.848 r  
    E3                                                0.000     4.848 r  clk_100mhz (IN)
                         net (fo=0)                   0.000     4.848    clk_100mhz
    E3                   IBUF (Prop_ibuf_I_O)         1.411     6.260 r  clk_100mhz_IBUF_inst/O
                         net (fo=1, routed)           1.920     8.180    clk_100mhz_IBUF
    BUFGCTRL_X0Y16       BUFG (Prop_bufg_I_O)         0.091     8.271 r  clk_100mhz_IBUF_BUFG_inst/O
                         net (fo=2651, routed)        1.683     9.954    clk_100mhz_IBUF_BUFG
    MMCME2_ADV_X0Y0      MMCME2_ADV (Prop_mmcme2_adv_CLKIN1_CLKOUT0)
                                                      0.083    10.037 r  u_mmcm/CLKOUT0
                         net (fo=1, routed)           1.923    11.960    clk_core_mmcm
    BUFGCTRL_X0Y0        BUFG (Prop_bufg_I_O)         0.091    12.051 r  u_bufg_core/O
                         net (fo=4040, routed)        1.507    13.558    u_mlkem/u_sponge/clk_core
    SLICE_X64Y60         FDRE                                         r  u_mlkem/u_sponge/st_reg[634]/C
                         clock pessimism              0.420    13.978    
                         clock uncertainty           -0.074    13.903    
    SLICE_X64Y60         FDRE (Setup_fdre_C_D)        0.029    13.932    u_mlkem/u_sponge/st_reg[634]
  -------------------------------------------------------------------
                         required time                         13.932    
                         arrival time                         -17.805    
  -------------------------------------------------------------------
                         slack                                 -3.872    

Slack (VIOLATED) :        -3.859ns  (required time - arrival time)
  Source:                 u_mlkem/u_ctrl/FSM_sequential_state_reg[1]/C
                            (rising edge-triggered cell FDRE clocked by clk_core_mmcm  {rise@0.000ns fall@2.424ns period=4.848ns})
  Destination:            u_mlkem/u_sponge/st_reg[1181]/D
                            (rising edge-triggered cell FDRE clocked by clk_core_mmcm  {rise@0.000ns fall@2.424ns period=4.848ns})
  Path Group:             clk_core_mmcm
  Path Type:              Setup (Max at Slow Process Corner)
  Requirement:            4.848ns  (clk_core_mmcm rise@4.848ns - clk_core_mmcm rise@0.000ns)
  Data Path Delay:        8.614ns  (logic 3.160ns (36.686%)  route 5.454ns (63.314%))
  Logic Levels:           9  (CARRY4=3 LUT3=1 LUT4=1 LUT6=4)
  Clock Path Skew:        -0.048ns (DCD - SCD + CPR)
    Destination Clock Delay (DCD):    8.707ns = ( 13.555 - 4.848 ) 
    Source Clock Delay      (SCD):    9.247ns
    Clock Pessimism Removal (CPR):    0.492ns
  Clock Uncertainty:      0.074ns  ((TSJ^2 + DJ^2)^1/2) / 2 + PE
    Total System Jitter     (TSJ):    0.071ns
    Discrete Jitter          (DJ):    0.131ns
    Phase Error              (PE):    0.000ns

    Location             Delay type                Incr(ns)  Path(ns)    Netlist Resource(s)
  -------------------------------------------------------------------    -------------------
                         (clock clk_core_mmcm rise edge)
                                                      0.000     0.000 r  
    E3                                                0.000     0.000 r  clk_100mhz (IN)
                         net (fo=0)                   0.000     0.000    clk_100mhz
    E3                   IBUF (Prop_ibuf_I_O)         1.482     1.482 r  clk_100mhz_IBUF_inst/O
                         net (fo=1, routed)           2.025     3.506    clk_100mhz_IBUF
    BUFGCTRL_X0Y16       BUFG (Prop_bufg_I_O)         0.096     3.602 r  clk_100mhz_IBUF_BUFG_inst/O
                         net (fo=2651, routed)        1.809     5.412    clk_100mhz_IBUF_BUFG
    MMCME2_ADV_X0Y0      MMCME2_ADV (Prop_mmcme2_adv_CLKIN1_CLKOUT0)
                                                      0.088     5.500 r  u_mmcm/CLKOUT0
                         net (fo=1, routed)           2.018     7.518    clk_core_mmcm
    BUFGCTRL_X0Y0        BUFG (Prop_bufg_I_O)         0.096     7.614 r  u_bufg_core/O
                         net (fo=4040, routed)        1.632     9.247    u_mlkem/u_ctrl/clk_core
    SLICE_X43Y58         FDRE                                         r  u_mlkem/u_ctrl/FSM_sequential_state_reg[1]/C
  -------------------------------------------------------------------    -------------------
    SLICE_X43Y58         FDRE (Prop_fdre_C_Q)         0.456     9.703 r  u_mlkem/u_ctrl/FSM_sequential_state_reg[1]/Q
                         net (fo=167, routed)         0.660    10.363    u_mlkem/u_ctrl/state__0[1]
    SLICE_X43Y59         LUT4 (Prop_lut4_I2_O)        0.124    10.487 r  u_mlkem/u_ctrl/pos[3]_i_6/O
                         net (fo=89, routed)          0.399    10.886    u_mlkem/u_ctrl/FSM_sequential_state_reg[3]_0
    SLICE_X44Y59         LUT6 (Prop_lut6_I5_O)        0.124    11.010 r  u_mlkem/u_ctrl/st[1342]_i_13/O
                         net (fo=1, routed)           0.331    11.341    u_mlkem/u_ctrl/u_sponge/ab_mask1[8]
    SLICE_X44Y60         CARRY4 (Prop_carry4_DI[2]_CO[3])
                                                      0.398    11.739 r  u_mlkem/u_ctrl/st_reg[1342]_i_9/CO[3]
                         net (fo=21, routed)          1.034    12.773    u_mlkem/u_ctrl/st_reg[1342]_i_9_n_0
    SLICE_X45Y60         CARRY4 (Prop_carry4_CYINIT_CO[2])
                                                      0.592    13.365 r  u_mlkem/u_ctrl/st_reg[1342]_i_8/CO[2]
                         net (fo=22, routed)          0.441    13.806    u_mlkem/u_ctrl/st_reg[1342]_i_8_n_1
    SLICE_X45Y59         CARRY4 (Prop_carry4_CYINIT_CO[2])
                                                      0.781    14.587 f  u_mlkem/u_ctrl/st_reg[1342]_i_10/CO[2]
                         net (fo=20, routed)          0.485    15.072    u_mlkem/u_ctrl/st_reg[1342]_i_10_n_1
    SLICE_X46Y59         LUT6 (Prop_lut6_I5_O)        0.313    15.385 r  u_mlkem/u_ctrl/st[1341]_i_6/O
                         net (fo=2, routed)           0.457    15.843    u_mlkem/u_ctrl/st[1341]_i_6_n_0
    SLICE_X46Y62         LUT6 (Prop_lut6_I4_O)        0.124    15.967 r  u_mlkem/u_ctrl/st[1317]_i_4/O
                         net (fo=2, routed)           0.618    16.584    u_mlkem/u_ctrl/st[1317]_i_4_n_0
    SLICE_X46Y63         LUT3 (Prop_lut3_I2_O)        0.124    16.708 r  u_mlkem/u_ctrl/st[1309]_i_3/O
                         net (fo=21, routed)          1.028    17.736    u_mlkem/u_sponge/st_reg[1151]_0[10]
    SLICE_X40Y70         LUT6 (Prop_lut6_I3_O)        0.124    17.860 r  u_mlkem/u_sponge/st[1181]_i_1/O
                         net (fo=1, routed)           0.000    17.860    u_mlkem/u_sponge/st[1181]_i_1_n_0
    SLICE_X40Y70         FDRE                                         r  u_mlkem/u_sponge/st_reg[1181]/D
  -------------------------------------------------------------------    -------------------

                         (clock clk_core_mmcm rise edge)
                                                      4.848     4.848 r  
    E3                                                0.000     4.848 r  clk_100mhz (IN)
                         net (fo=0)                   0.000     4.848    clk_100mhz
    E3                   IBUF (Prop_ibuf_I_O)         1.411     6.260 r  clk_100mhz_IBUF_inst/O
                         net (fo=1, routed)           1.920     8.180    clk_100mhz_IBUF
    BUFGCTRL_X0Y16       BUFG (Prop_bufg_I_O)         0.091     8.271 r  clk_100mhz_IBUF_BUFG_inst/O
                         net (fo=2651, routed)        1.683     9.954    clk_100mhz_IBUF_BUFG
    MMCME2_ADV_X0Y0      MMCME2_ADV (Prop_mmcme2_adv_CLKIN1_CLKOUT0)
                                                      0.083    10.037 r  u_mmcm/CLKOUT0
                         net (fo=1, routed)           1.923    11.960    clk_core_mmcm
    BUFGCTRL_X0Y0        BUFG (Prop_bufg_I_O)         0.091    12.051 r  u_bufg_core/O
                         net (fo=4040, routed)        1.504    13.555    u_mlkem/u_sponge/clk_core
    SLICE_X40Y70         FDRE                                         r  u_mlkem/u_sponge/st_reg[1181]/C
                         clock pessimism              0.492    14.047    
                         clock uncertainty           -0.074    13.972    
    SLICE_X40Y70         FDRE (Setup_fdre_C_D)        0.029    14.001    u_mlkem/u_sponge/st_reg[1181]
  -------------------------------------------------------------------
                         required time                         14.001    
                         arrival time                         -17.860    
  -------------------------------------------------------------------
                         slack                                 -3.859    

Slack (VIOLATED) :        -3.849ns  (required time - arrival time)
  Source:                 u_mlkem/u_ctrl/FSM_sequential_state_reg[1]/C
                            (rising edge-triggered cell FDRE clocked by clk_core_mmcm  {rise@0.000ns fall@2.424ns period=4.848ns})
  Destination:            u_mlkem/u_sponge/st_reg[1309]/D
                            (rising edge-triggered cell FDRE clocked by clk_core_mmcm  {rise@0.000ns fall@2.424ns period=4.848ns})
  Path Group:             clk_core_mmcm
  Path Type:              Setup (Max at Slow Process Corner)
  Requirement:            4.848ns  (clk_core_mmcm rise@4.848ns - clk_core_mmcm rise@0.000ns)
  Data Path Delay:        8.612ns  (logic 3.160ns (36.693%)  route 5.452ns (63.307%))
  Logic Levels:           9  (CARRY4=3 LUT3=1 LUT4=1 LUT6=4)
  Clock Path Skew:        -0.042ns (DCD - SCD + CPR)
    Destination Clock Delay (DCD):    8.713ns = ( 13.561 - 4.848 ) 
    Source Clock Delay      (SCD):    9.247ns
    Clock Pessimism Removal (CPR):    0.492ns
  Clock Uncertainty:      0.074ns  ((TSJ^2 + DJ^2)^1/2) / 2 + PE
    Total System Jitter     (TSJ):    0.071ns
    Discrete Jitter          (DJ):    0.131ns
    Phase Error              (PE):    0.000ns

    Location             Delay type                Incr(ns)  Path(ns)    Netlist Resource(s)
  -------------------------------------------------------------------    -------------------
                         (clock clk_core_mmcm rise edge)
                                                      0.000     0.000 r  
    E3                                                0.000     0.000 r  clk_100mhz (IN)
                         net (fo=0)                   0.000     0.000    clk_100mhz
    E3                   IBUF (Prop_ibuf_I_O)         1.482     1.482 r  clk_100mhz_IBUF_inst/O
                         net (fo=1, routed)           2.025     3.506    clk_100mhz_IBUF
    BUFGCTRL_X0Y16       BUFG (Prop_bufg_I_O)         0.096     3.602 r  clk_100mhz_IBUF_BUFG_inst/O
                         net (fo=2651, routed)        1.809     5.412    clk_100mhz_IBUF_BUFG
    MMCME2_ADV_X0Y0      MMCME2_ADV (Prop_mmcme2_adv_CLKIN1_CLKOUT0)
                                                      0.088     5.500 r  u_mmcm/CLKOUT0
                         net (fo=1, routed)           2.018     7.518    clk_core_mmcm
    BUFGCTRL_X0Y0        BUFG (Prop_bufg_I_O)         0.096     7.614 r  u_bufg_core/O
                         net (fo=4040, routed)        1.632     9.247    u_mlkem/u_ctrl/clk_core
    SLICE_X43Y58         FDRE                                         r  u_mlkem/u_ctrl/FSM_sequential_state_reg[1]/C
  -------------------------------------------------------------------    -------------------
    SLICE_X43Y58         FDRE (Prop_fdre_C_Q)         0.456     9.703 r  u_mlkem/u_ctrl/FSM_sequential_state_reg[1]/Q
                         net (fo=167, routed)         0.660    10.363    u_mlkem/u_ctrl/state__0[1]
    SLICE_X43Y59         LUT4 (Prop_lut4_I2_O)        0.124    10.487 r  u_mlkem/u_ctrl/pos[3]_i_6/O
                         net (fo=89, routed)          0.399    10.886    u_mlkem/u_ctrl/FSM_sequential_state_reg[3]_0
    SLICE_X44Y59         LUT6 (Prop_lut6_I5_O)        0.124    11.010 r  u_mlkem/u_ctrl/st[1342]_i_13/O
                         net (fo=1, routed)           0.331    11.341    u_mlkem/u_ctrl/u_sponge/ab_mask1[8]
    SLICE_X44Y60         CARRY4 (Prop_carry4_DI[2]_CO[3])
                                                      0.398    11.739 r  u_mlkem/u_ctrl/st_reg[1342]_i_9/CO[3]
                         net (fo=21, routed)          1.034    12.773    u_mlkem/u_ctrl/st_reg[1342]_i_9_n_0
    SLICE_X45Y60         CARRY4 (Prop_carry4_CYINIT_CO[2])
                                                      0.592    13.365 r  u_mlkem/u_ctrl/st_reg[1342]_i_8/CO[2]
                         net (fo=22, routed)          0.441    13.806    u_mlkem/u_ctrl/st_reg[1342]_i_8_n_1
    SLICE_X45Y59         CARRY4 (Prop_carry4_CYINIT_CO[2])
                                                      0.781    14.587 f  u_mlkem/u_ctrl/st_reg[1342]_i_10/CO[2]
                         net (fo=20, routed)          0.485    15.072    u_mlkem/u_ctrl/st_reg[1342]_i_10_n_1
    SLICE_X46Y59         LUT6 (Prop_lut6_I5_O)        0.313    15.385 r  u_mlkem/u_ctrl/st[1341]_i_6/O
                         net (fo=2, routed)           0.457    15.843    u_mlkem/u_ctrl/st[1341]_i_6_n_0
    SLICE_X46Y62         LUT6 (Prop_lut6_I4_O)        0.124    15.967 r  u_mlkem/u_ctrl/st[1317]_i_4/O
                         net (fo=2, routed)           0.618    16.584    u_mlkem/u_ctrl/st[1317]_i_4_n_0
    SLICE_X46Y63         LUT3 (Prop_lut3_I2_O)        0.124    16.708 r  u_mlkem/u_ctrl/st[1309]_i_3/O
                         net (fo=21, routed)          1.026    17.734    u_mlkem/u_sponge/st_reg[1151]_0[10]
    SLICE_X35Y65         LUT6 (Prop_lut6_I3_O)        0.124    17.858 r  u_mlkem/u_sponge/st[1309]_i_1/O
                         net (fo=1, routed)           0.000    17.858    u_mlkem/u_sponge/st[1309]_i_1_n_0
    SLICE_X35Y65         FDRE                                         r  u_mlkem/u_sponge/st_reg[1309]/D
  -------------------------------------------------------------------    -------------------

                         (clock clk_core_mmcm rise edge)
                                                      4.848     4.848 r  
    E3                                                0.000     4.848 r  clk_100mhz (IN)
                         net (fo=0)                   0.000     4.848    clk_100mhz
    E3                   IBUF (Prop_ibuf_I_O)         1.411     6.260 r  clk_100mhz_IBUF_inst/O
                         net (fo=1, routed)           1.920     8.180    clk_100mhz_IBUF
    BUFGCTRL_X0Y16       BUFG (Prop_bufg_I_O)         0.091     8.271 r  clk_100mhz_IBUF_BUFG_inst/O
                         net (fo=2651, routed)        1.683     9.954    clk_100mhz_IBUF_BUFG
    MMCME2_ADV_X0Y0      MMCME2_ADV (Prop_mmcme2_adv_CLKIN1_CLKOUT0)
                                                      0.083    10.037 r  u_mmcm/CLKOUT0
                         net (fo=1, routed)           1.923    11.960    clk_core_mmcm
    BUFGCTRL_X0Y0        BUFG (Prop_bufg_I_O)         0.091    12.051 r  u_bufg_core/O
                         net (fo=4040, routed)        1.510    13.561    u_mlkem/u_sponge/clk_core
    SLICE_X35Y65         FDRE                                         r  u_mlkem/u_sponge/st_reg[1309]/C
                         clock pessimism              0.492    14.053    
                         clock uncertainty           -0.074    13.978    
    SLICE_X35Y65         FDRE (Setup_fdre_C_D)        0.031    14.009    u_mlkem/u_sponge/st_reg[1309]
  -------------------------------------------------------------------
                         required time                         14.009    
                         arrival time                         -17.858    
  -------------------------------------------------------------------
                         slack                                 -3.849    

Slack (VIOLATED) :        -3.844ns  (required time - arrival time)
  Source:                 u_mlkem/u_ctrl/FSM_sequential_state_reg[1]/C
                            (rising edge-triggered cell FDRE clocked by clk_core_mmcm  {rise@0.000ns fall@2.424ns period=4.848ns})
  Destination:            u_mlkem/u_sponge/st_reg[250]/D
                            (rising edge-triggered cell FDRE clocked by clk_core_mmcm  {rise@0.000ns fall@2.424ns period=4.848ns})
  Path Group:             clk_core_mmcm
  Path Type:              Setup (Max at Slow Process Corner)
  Requirement:            4.848ns  (clk_core_mmcm rise@4.848ns - clk_core_mmcm rise@0.000ns)
  Data Path Delay:        8.531ns  (logic 3.160ns (37.042%)  route 5.371ns (62.958%))
  Logic Levels:           9  (CARRY4=3 LUT4=1 LUT6=5)
  Clock Path Skew:        -0.116ns (DCD - SCD + CPR)
    Destination Clock Delay (DCD):    8.711ns = ( 13.559 - 4.848 ) 
    Source Clock Delay      (SCD):    9.247ns
    Clock Pessimism Removal (CPR):    0.420ns
  Clock Uncertainty:      0.074ns  ((TSJ^2 + DJ^2)^1/2) / 2 + PE
    Total System Jitter     (TSJ):    0.071ns
    Discrete Jitter          (DJ):    0.131ns
    Phase Error              (PE):    0.000ns

    Location             Delay type                Incr(ns)  Path(ns)    Netlist Resource(s)
  -------------------------------------------------------------------    -------------------
                         (clock clk_core_mmcm rise edge)
                                                      0.000     0.000 r  
    E3                                                0.000     0.000 r  clk_100mhz (IN)
                         net (fo=0)                   0.000     0.000    clk_100mhz
    E3                   IBUF (Prop_ibuf_I_O)         1.482     1.482 r  clk_100mhz_IBUF_inst/O
                         net (fo=1, routed)           2.025     3.506    clk_100mhz_IBUF
    BUFGCTRL_X0Y16       BUFG (Prop_bufg_I_O)         0.096     3.602 r  clk_100mhz_IBUF_BUFG_inst/O
                         net (fo=2651, routed)        1.809     5.412    clk_100mhz_IBUF_BUFG
    MMCME2_ADV_X0Y0      MMCME2_ADV (Prop_mmcme2_adv_CLKIN1_CLKOUT0)
                                                      0.088     5.500 r  u_mmcm/CLKOUT0
                         net (fo=1, routed)           2.018     7.518    clk_core_mmcm
    BUFGCTRL_X0Y0        BUFG (Prop_bufg_I_O)         0.096     7.614 r  u_bufg_core/O
                         net (fo=4040, routed)        1.632     9.247    u_mlkem/u_ctrl/clk_core
    SLICE_X43Y58         FDRE                                         r  u_mlkem/u_ctrl/FSM_sequential_state_reg[1]/C
  -------------------------------------------------------------------    -------------------
    SLICE_X43Y58         FDRE (Prop_fdre_C_Q)         0.456     9.703 r  u_mlkem/u_ctrl/FSM_sequential_state_reg[1]/Q
                         net (fo=167, routed)         0.660    10.363    u_mlkem/u_ctrl/state__0[1]
    SLICE_X43Y59         LUT4 (Prop_lut4_I2_O)        0.124    10.487 r  u_mlkem/u_ctrl/pos[3]_i_6/O
                         net (fo=89, routed)          0.399    10.886    u_mlkem/u_ctrl/FSM_sequential_state_reg[3]_0
    SLICE_X44Y59         LUT6 (Prop_lut6_I5_O)        0.124    11.010 r  u_mlkem/u_ctrl/st[1342]_i_13/O
                         net (fo=1, routed)           0.331    11.341    u_mlkem/u_ctrl/u_sponge/ab_mask1[8]
    SLICE_X44Y60         CARRY4 (Prop_carry4_DI[2]_CO[3])
                                                      0.398    11.739 r  u_mlkem/u_ctrl/st_reg[1342]_i_9/CO[3]
                         net (fo=21, routed)          1.034    12.773    u_mlkem/u_ctrl/st_reg[1342]_i_9_n_0
    SLICE_X45Y60         CARRY4 (Prop_carry4_CYINIT_CO[2])
                                                      0.592    13.365 r  u_mlkem/u_ctrl/st_reg[1342]_i_8/CO[2]
                         net (fo=22, routed)          0.441    13.806    u_mlkem/u_ctrl/st_reg[1342]_i_8_n_1
    SLICE_X45Y59         CARRY4 (Prop_carry4_CYINIT_CO[2])
                                                      0.781    14.587 f  u_mlkem/u_ctrl/st_reg[1342]_i_10/CO[2]
                         net (fo=20, routed)          0.783    15.370    u_mlkem/u_ctrl/st_reg[1342]_i_10_n_1
    SLICE_X52Y59         LUT6 (Prop_lut6_I5_O)        0.313    15.683 r  u_mlkem/u_ctrl/st[1338]_i_8/O
                         net (fo=1, routed)           0.311    15.994    u_mlkem/u_ctrl/st[1338]_i_8_n_0
    SLICE_X54Y60         LUT6 (Prop_lut6_I5_O)        0.124    16.118 r  u_mlkem/u_ctrl/st[1338]_i_4/O
                         net (fo=21, routed)          0.978    17.096    u_mlkem/u_sponge/st_reg[1151]_0[29]
    SLICE_X65Y57         LUT6 (Prop_lut6_I4_O)        0.124    17.220 r  u_mlkem/u_sponge/st[250]_i_5/O
                         net (fo=1, routed)           0.433    17.653    u_mlkem/u_sponge/st[250]_i_5_n_0
    SLICE_X65Y57         LUT6 (Prop_lut6_I4_O)        0.124    17.777 r  u_mlkem/u_sponge/st[250]_i_1/O
                         net (fo=1, routed)           0.000    17.777    u_mlkem/u_sponge/st[250]_i_1_n_0
    SLICE_X65Y57         FDRE                                         r  u_mlkem/u_sponge/st_reg[250]/D
  -------------------------------------------------------------------    -------------------

                         (clock clk_core_mmcm rise edge)
                                                      4.848     4.848 r  
    E3                                                0.000     4.848 r  clk_100mhz (IN)
                         net (fo=0)                   0.000     4.848    clk_100mhz
    E3                   IBUF (Prop_ibuf_I_O)         1.411     6.260 r  clk_100mhz_IBUF_inst/O
                         net (fo=1, routed)           1.920     8.180    clk_100mhz_IBUF
    BUFGCTRL_X0Y16       BUFG (Prop_bufg_I_O)         0.091     8.271 r  clk_100mhz_IBUF_BUFG_inst/O
                         net (fo=2651, routed)        1.683     9.954    clk_100mhz_IBUF_BUFG
    MMCME2_ADV_X0Y0      MMCME2_ADV (Prop_mmcme2_adv_CLKIN1_CLKOUT0)
                                                      0.083    10.037 r  u_mmcm/CLKOUT0
                         net (fo=1, routed)           1.923    11.960    clk_core_mmcm
    BUFGCTRL_X0Y0        BUFG (Prop_bufg_I_O)         0.091    12.051 r  u_bufg_core/O
                         net (fo=4040, routed)        1.508    13.559    u_mlkem/u_sponge/clk_core
    SLICE_X65Y57         FDRE                                         r  u_mlkem/u_sponge/st_reg[250]/C
                         clock pessimism              0.420    13.979    
                         clock uncertainty           -0.074    13.904    
    SLICE_X65Y57         FDRE (Setup_fdre_C_D)        0.029    13.933    u_mlkem/u_sponge/st_reg[250]
  -------------------------------------------------------------------
                         required time                         13.933    
                         arrival time                         -17.777    
  -------------------------------------------------------------------
                         slack                                 -3.844    

Slack (VIOLATED) :        -3.839ns  (required time - arrival time)
  Source:                 u_mlkem/u_ctrl/FSM_sequential_state_reg[1]/C
                            (rising edge-triggered cell FDRE clocked by clk_core_mmcm  {rise@0.000ns fall@2.424ns period=4.848ns})
  Destination:            u_mlkem/u_sponge/st_reg[226]/D
                            (rising edge-triggered cell FDRE clocked by clk_core_mmcm  {rise@0.000ns fall@2.424ns period=4.848ns})
  Path Group:             clk_core_mmcm
  Path Type:              Setup (Max at Slow Process Corner)
  Requirement:            4.848ns  (clk_core_mmcm rise@4.848ns - clk_core_mmcm rise@0.000ns)
  Data Path Delay:        8.569ns  (logic 3.160ns (36.878%)  route 5.409ns (63.122%))
  Logic Levels:           9  (CARRY4=3 LUT3=1 LUT4=1 LUT6=4)
  Clock Path Skew:        -0.121ns (DCD - SCD + CPR)
    Destination Clock Delay (DCD):    8.706ns = ( 13.554 - 4.848 ) 
    Source Clock Delay      (SCD):    9.247ns
    Clock Pessimism Removal (CPR):    0.420ns
  Clock Uncertainty:      0.074ns  ((TSJ^2 + DJ^2)^1/2) / 2 + PE
    Total System Jitter     (TSJ):    0.071ns
    Discrete Jitter          (DJ):    0.131ns
    Phase Error              (PE):    0.000ns

    Location             Delay type                Incr(ns)  Path(ns)    Netlist Resource(s)
  -------------------------------------------------------------------    -------------------
                         (clock clk_core_mmcm rise edge)
                                                      0.000     0.000 r  
    E3                                                0.000     0.000 r  clk_100mhz (IN)
                         net (fo=0)                   0.000     0.000    clk_100mhz
    E3                   IBUF (Prop_ibuf_I_O)         1.482     1.482 r  clk_100mhz_IBUF_inst/O
                         net (fo=1, routed)           2.025     3.506    clk_100mhz_IBUF
    BUFGCTRL_X0Y16       BUFG (Prop_bufg_I_O)         0.096     3.602 r  clk_100mhz_IBUF_BUFG_inst/O
                         net (fo=2651, routed)        1.809     5.412    clk_100mhz_IBUF_BUFG
    MMCME2_ADV_X0Y0      MMCME2_ADV (Prop_mmcme2_adv_CLKIN1_CLKOUT0)
                                                      0.088     5.500 r  u_mmcm/CLKOUT0
                         net (fo=1, routed)           2.018     7.518    clk_core_mmcm
    BUFGCTRL_X0Y0        BUFG (Prop_bufg_I_O)         0.096     7.614 r  u_bufg_core/O
                         net (fo=4040, routed)        1.632     9.247    u_mlkem/u_ctrl/clk_core
    SLICE_X43Y58         FDRE                                         r  u_mlkem/u_ctrl/FSM_sequential_state_reg[1]/C
  -------------------------------------------------------------------    -------------------
    SLICE_X43Y58         FDRE (Prop_fdre_C_Q)         0.456     9.703 r  u_mlkem/u_ctrl/FSM_sequential_state_reg[1]/Q
                         net (fo=167, routed)         0.660    10.363    u_mlkem/u_ctrl/state__0[1]
    SLICE_X43Y59         LUT4 (Prop_lut4_I2_O)        0.124    10.487 r  u_mlkem/u_ctrl/pos[3]_i_6/O
                         net (fo=89, routed)          0.399    10.886    u_mlkem/u_ctrl/FSM_sequential_state_reg[3]_0
    SLICE_X44Y59         LUT6 (Prop_lut6_I5_O)        0.124    11.010 r  u_mlkem/u_ctrl/st[1342]_i_13/O
                         net (fo=1, routed)           0.331    11.341    u_mlkem/u_ctrl/u_sponge/ab_mask1[8]
    SLICE_X44Y60         CARRY4 (Prop_carry4_DI[2]_CO[3])
                                                      0.398    11.739 r  u_mlkem/u_ctrl/st_reg[1342]_i_9/CO[3]
                         net (fo=21, routed)          1.034    12.773    u_mlkem/u_ctrl/st_reg[1342]_i_9_n_0
    SLICE_X45Y60         CARRY4 (Prop_carry4_CYINIT_CO[2])
                                                      0.592    13.365 r  u_mlkem/u_ctrl/st_reg[1342]_i_8/CO[2]
                         net (fo=22, routed)          0.441    13.806    u_mlkem/u_ctrl/st_reg[1342]_i_8_n_1
    SLICE_X45Y59         CARRY4 (Prop_carry4_CYINIT_CO[2])
                                                      0.781    14.587 f  u_mlkem/u_ctrl/st_reg[1342]_i_10/CO[2]
                         net (fo=20, routed)          0.618    15.205    u_mlkem/u_ctrl/st_reg[1342]_i_10_n_1
    SLICE_X47Y60         LUT6 (Prop_lut6_I2_O)        0.313    15.518 r  u_mlkem/u_ctrl/st[1314]_i_6/O
                         net (fo=2, routed)           0.423    15.942    u_mlkem/u_ctrl/st[1314]_i_6_n_0
    SLICE_X51Y60         LUT3 (Prop_lut3_I0_O)        0.124    16.066 r  u_mlkem/u_ctrl/st[1314]_i_4/O
                         net (fo=21, routed)          1.185    17.251    u_mlkem/u_sponge/st_reg[1151]_0[14]
    SLICE_X64Y63         LUT6 (Prop_lut6_I4_O)        0.124    17.375 r  u_mlkem/u_sponge/st[226]_i_5/O
                         net (fo=1, routed)           0.316    17.691    u_mlkem/u_sponge/st[226]_i_5_n_0
    SLICE_X62Y63         LUT6 (Prop_lut6_I4_O)        0.124    17.815 r  u_mlkem/u_sponge/st[226]_i_1/O
                         net (fo=1, routed)           0.000    17.815    u_mlkem/u_sponge/st[226]_i_1_n_0
    SLICE_X62Y63         FDRE                                         r  u_mlkem/u_sponge/st_reg[226]/D
  -------------------------------------------------------------------    -------------------

                         (clock clk_core_mmcm rise edge)
                                                      4.848     4.848 r  
    E3                                                0.000     4.848 r  clk_100mhz (IN)
                         net (fo=0)                   0.000     4.848    clk_100mhz
    E3                   IBUF (Prop_ibuf_I_O)         1.411     6.260 r  clk_100mhz_IBUF_inst/O
                         net (fo=1, routed)           1.920     8.180    clk_100mhz_IBUF
    BUFGCTRL_X0Y16       BUFG (Prop_bufg_I_O)         0.091     8.271 r  clk_100mhz_IBUF_BUFG_inst/O
                         net (fo=2651, routed)        1.683     9.954    clk_100mhz_IBUF_BUFG
    MMCME2_ADV_X0Y0      MMCME2_ADV (Prop_mmcme2_adv_CLKIN1_CLKOUT0)
                                                      0.083    10.037 r  u_mmcm/CLKOUT0
                         net (fo=1, routed)           1.923    11.960    clk_core_mmcm
    BUFGCTRL_X0Y0        BUFG (Prop_bufg_I_O)         0.091    12.051 r  u_bufg_core/O
                         net (fo=4040, routed)        1.503    13.554    u_mlkem/u_sponge/clk_core
    SLICE_X62Y63         FDRE                                         r  u_mlkem/u_sponge/st_reg[226]/C
                         clock pessimism              0.420    13.974    
                         clock uncertainty           -0.074    13.899    
    SLICE_X62Y63         FDRE (Setup_fdre_C_D)        0.077    13.976    u_mlkem/u_sponge/st_reg[226]
  -------------------------------------------------------------------
                         required time                         13.976    
                         arrival time                         -17.815    
  -------------------------------------------------------------------
                         slack                                 -3.839    

Slack (VIOLATED) :        -3.831ns  (required time - arrival time)
  Source:                 u_mlkem/u_ctrl/FSM_sequential_state_reg[1]/C
                            (rising edge-triggered cell FDRE clocked by clk_core_mmcm  {rise@0.000ns fall@2.424ns period=4.848ns})
  Destination:            u_mlkem/u_sponge/st_reg[669]/D
                            (rising edge-triggered cell FDRE clocked by clk_core_mmcm  {rise@0.000ns fall@2.424ns period=4.848ns})
  Path Group:             clk_core_mmcm
  Path Type:              Setup (Max at Slow Process Corner)
  Requirement:            4.848ns  (clk_core_mmcm rise@4.848ns - clk_core_mmcm rise@0.000ns)
  Data Path Delay:        8.586ns  (logic 3.160ns (36.803%)  route 5.426ns (63.197%))
  Logic Levels:           9  (CARRY4=3 LUT3=1 LUT4=1 LUT6=4)
  Clock Path Skew:        -0.051ns (DCD - SCD + CPR)
    Destination Clock Delay (DCD):    8.704ns = ( 13.552 - 4.848 ) 
    Source Clock Delay      (SCD):    9.247ns
    Clock Pessimism Removal (CPR):    0.492ns
  Clock Uncertainty:      0.074ns  ((TSJ^2 + DJ^2)^1/2) / 2 + PE
    Total System Jitter     (TSJ):    0.071ns
    Discrete Jitter          (DJ):    0.131ns
    Phase Error              (PE):    0.000ns

    Location             Delay type                Incr(ns)  Path(ns)    Netlist Resource(s)
  -------------------------------------------------------------------    -------------------
                         (clock clk_core_mmcm rise edge)
                                                      0.000     0.000 r  
    E3                                                0.000     0.000 r  clk_100mhz (IN)
                         net (fo=0)                   0.000     0.000    clk_100mhz
    E3                   IBUF (Prop_ibuf_I_O)         1.482     1.482 r  clk_100mhz_IBUF_inst/O
                         net (fo=1, routed)           2.025     3.506    clk_100mhz_IBUF
    BUFGCTRL_X0Y16       BUFG (Prop_bufg_I_O)         0.096     3.602 r  clk_100mhz_IBUF_BUFG_inst/O
                         net (fo=2651, routed)        1.809     5.412    clk_100mhz_IBUF_BUFG
    MMCME2_ADV_X0Y0      MMCME2_ADV (Prop_mmcme2_adv_CLKIN1_CLKOUT0)
                                                      0.088     5.500 r  u_mmcm/CLKOUT0
                         net (fo=1, routed)           2.018     7.518    clk_core_mmcm
    BUFGCTRL_X0Y0        BUFG (Prop_bufg_I_O)         0.096     7.614 r  u_bufg_core/O
                         net (fo=4040, routed)        1.632     9.247    u_mlkem/u_ctrl/clk_core
    SLICE_X43Y58         FDRE                                         r  u_mlkem/u_ctrl/FSM_sequential_state_reg[1]/C
  -------------------------------------------------------------------    -------------------
    SLICE_X43Y58         FDRE (Prop_fdre_C_Q)         0.456     9.703 r  u_mlkem/u_ctrl/FSM_sequential_state_reg[1]/Q
                         net (fo=167, routed)         0.660    10.363    u_mlkem/u_ctrl/state__0[1]
    SLICE_X43Y59         LUT4 (Prop_lut4_I2_O)        0.124    10.487 r  u_mlkem/u_ctrl/pos[3]_i_6/O
                         net (fo=89, routed)          0.399    10.886    u_mlkem/u_ctrl/FSM_sequential_state_reg[3]_0
    SLICE_X44Y59         LUT6 (Prop_lut6_I5_O)        0.124    11.010 r  u_mlkem/u_ctrl/st[1342]_i_13/O
                         net (fo=1, routed)           0.331    11.341    u_mlkem/u_ctrl/u_sponge/ab_mask1[8]
    SLICE_X44Y60         CARRY4 (Prop_carry4_DI[2]_CO[3])
                                                      0.398    11.739 r  u_mlkem/u_ctrl/st_reg[1342]_i_9/CO[3]
                         net (fo=21, routed)          1.034    12.773    u_mlkem/u_ctrl/st_reg[1342]_i_9_n_0
    SLICE_X45Y60         CARRY4 (Prop_carry4_CYINIT_CO[2])
                                                      0.592    13.365 r  u_mlkem/u_ctrl/st_reg[1342]_i_8/CO[2]
                         net (fo=22, routed)          0.441    13.806    u_mlkem/u_ctrl/st_reg[1342]_i_8_n_1
    SLICE_X45Y59         CARRY4 (Prop_carry4_CYINIT_CO[2])
                                                      0.781    14.587 f  u_mlkem/u_ctrl/st_reg[1342]_i_10/CO[2]
                         net (fo=20, routed)          0.485    15.072    u_mlkem/u_ctrl/st_reg[1342]_i_10_n_1
    SLICE_X46Y59         LUT6 (Prop_lut6_I5_O)        0.313    15.385 r  u_mlkem/u_ctrl/st[1341]_i_6/O
                         net (fo=2, routed)           0.457    15.843    u_mlkem/u_ctrl/st[1341]_i_6_n_0
    SLICE_X46Y62         LUT6 (Prop_lut6_I4_O)        0.124    15.967 r  u_mlkem/u_ctrl/st[1317]_i_4/O
                         net (fo=2, routed)           0.618    16.584    u_mlkem/u_ctrl/st[1317]_i_4_n_0
    SLICE_X46Y63         LUT3 (Prop_lut3_I2_O)        0.124    16.708 r  u_mlkem/u_ctrl/st[1309]_i_3/O
                         net (fo=21, routed)          1.000    17.709    u_mlkem/u_sponge/st_reg[1151]_0[10]
    SLICE_X40Y72         LUT6 (Prop_lut6_I3_O)        0.124    17.833 r  u_mlkem/u_sponge/st[669]_i_1/O
                         net (fo=1, routed)           0.000    17.833    u_mlkem/u_sponge/st[669]_i_1_n_0
    SLICE_X40Y72         FDRE                                         r  u_mlkem/u_sponge/st_reg[669]/D
  -------------------------------------------------------------------    -------------------

                         (clock clk_core_mmcm rise edge)
                                                      4.848     4.848 r  
    E3                                                0.000     4.848 r  clk_100mhz (IN)
                         net (fo=0)                   0.000     4.848    clk_100mhz
    E3                   IBUF (Prop_ibuf_I_O)         1.411     6.260 r  clk_100mhz_IBUF_inst/O
                         net (fo=1, routed)           1.920     8.180    clk_100mhz_IBUF
    BUFGCTRL_X0Y16       BUFG (Prop_bufg_I_O)         0.091     8.271 r  clk_100mhz_IBUF_BUFG_inst/O
                         net (fo=2651, routed)        1.683     9.954    clk_100mhz_IBUF_BUFG
    MMCME2_ADV_X0Y0      MMCME2_ADV (Prop_mmcme2_adv_CLKIN1_CLKOUT0)
                                                      0.083    10.037 r  u_mmcm/CLKOUT0
                         net (fo=1, routed)           1.923    11.960    clk_core_mmcm
    BUFGCTRL_X0Y0        BUFG (Prop_bufg_I_O)         0.091    12.051 r  u_bufg_core/O
                         net (fo=4040, routed)        1.501    13.552    u_mlkem/u_sponge/clk_core
    SLICE_X40Y72         FDRE                                         r  u_mlkem/u_sponge/st_reg[669]/C
                         clock pessimism              0.492    14.044    
                         clock uncertainty           -0.074    13.969    
    SLICE_X40Y72         FDRE (Setup_fdre_C_D)        0.032    14.001    u_mlkem/u_sponge/st_reg[669]
  -------------------------------------------------------------------
                         required time                         14.001    
                         arrival time                         -17.833    
  -------------------------------------------------------------------
                         slack                                 -3.831    

Slack (VIOLATED) :        -3.816ns  (required time - arrival time)
  Source:                 u_mlkem/u_ctrl/FSM_sequential_state_reg[1]/C
                            (rising edge-triggered cell FDRE clocked by clk_core_mmcm  {rise@0.000ns fall@2.424ns period=4.848ns})
  Destination:            u_mlkem/u_sponge/st_reg[601]/D
                            (rising edge-triggered cell FDRE clocked by clk_core_mmcm  {rise@0.000ns fall@2.424ns period=4.848ns})
  Path Group:             clk_core_mmcm
  Path Type:              Setup (Max at Slow Process Corner)
  Requirement:            4.848ns  (clk_core_mmcm rise@4.848ns - clk_core_mmcm rise@0.000ns)
  Data Path Delay:        8.580ns  (logic 3.160ns (36.829%)  route 5.420ns (63.171%))
  Logic Levels:           9  (CARRY4=3 LUT3=1 LUT4=1 LUT6=4)
  Clock Path Skew:        -0.039ns (DCD - SCD + CPR)
    Destination Clock Delay (DCD):    8.700ns = ( 13.548 - 4.848 ) 
    Source Clock Delay      (SCD):    9.247ns
    Clock Pessimism Removal (CPR):    0.508ns
  Clock Uncertainty:      0.074ns  ((TSJ^2 + DJ^2)^1/2) / 2 + PE
    Total System Jitter     (TSJ):    0.071ns
    Discrete Jitter          (DJ):    0.131ns
    Phase Error              (PE):    0.000ns

    Location             Delay type                Incr(ns)  Path(ns)    Netlist Resource(s)
  -------------------------------------------------------------------    -------------------
                         (clock clk_core_mmcm rise edge)
                                                      0.000     0.000 r  
    E3                                                0.000     0.000 r  clk_100mhz (IN)
                         net (fo=0)                   0.000     0.000    clk_100mhz
    E3                   IBUF (Prop_ibuf_I_O)         1.482     1.482 r  clk_100mhz_IBUF_inst/O
                         net (fo=1, routed)           2.025     3.506    clk_100mhz_IBUF
    BUFGCTRL_X0Y16       BUFG (Prop_bufg_I_O)         0.096     3.602 r  clk_100mhz_IBUF_BUFG_inst/O
                         net (fo=2651, routed)        1.809     5.412    clk_100mhz_IBUF_BUFG
    MMCME2_ADV_X0Y0      MMCME2_ADV (Prop_mmcme2_adv_CLKIN1_CLKOUT0)
                                                      0.088     5.500 r  u_mmcm/CLKOUT0
                         net (fo=1, routed)           2.018     7.518    clk_core_mmcm
    BUFGCTRL_X0Y0        BUFG (Prop_bufg_I_O)         0.096     7.614 r  u_bufg_core/O
                         net (fo=4040, routed)        1.632     9.247    u_mlkem/u_ctrl/clk_core
    SLICE_X43Y58         FDRE                                         r  u_mlkem/u_ctrl/FSM_sequential_state_reg[1]/C
  -------------------------------------------------------------------    -------------------
    SLICE_X43Y58         FDRE (Prop_fdre_C_Q)         0.456     9.703 r  u_mlkem/u_ctrl/FSM_sequential_state_reg[1]/Q
                         net (fo=167, routed)         0.660    10.363    u_mlkem/u_ctrl/state__0[1]
    SLICE_X43Y59         LUT4 (Prop_lut4_I2_O)        0.124    10.487 r  u_mlkem/u_ctrl/pos[3]_i_6/O
                         net (fo=89, routed)          0.399    10.886    u_mlkem/u_ctrl/FSM_sequential_state_reg[3]_0
    SLICE_X44Y59         LUT6 (Prop_lut6_I5_O)        0.124    11.010 r  u_mlkem/u_ctrl/st[1342]_i_13/O
                         net (fo=1, routed)           0.331    11.341    u_mlkem/u_ctrl/u_sponge/ab_mask1[8]
    SLICE_X44Y60         CARRY4 (Prop_carry4_DI[2]_CO[3])
                                                      0.398    11.739 r  u_mlkem/u_ctrl/st_reg[1342]_i_9/CO[3]
                         net (fo=21, routed)          1.034    12.773    u_mlkem/u_ctrl/st_reg[1342]_i_9_n_0
    SLICE_X45Y60         CARRY4 (Prop_carry4_CYINIT_CO[2])
                                                      0.592    13.365 r  u_mlkem/u_ctrl/st_reg[1342]_i_8/CO[2]
                         net (fo=22, routed)          0.441    13.806    u_mlkem/u_ctrl/st_reg[1342]_i_8_n_1
    SLICE_X45Y59         CARRY4 (Prop_carry4_CYINIT_CO[2])
                                                      0.781    14.587 f  u_mlkem/u_ctrl/st_reg[1342]_i_10/CO[2]
                         net (fo=20, routed)          0.727    15.314    u_mlkem/u_ctrl/st_reg[1342]_i_10_n_1
    SLICE_X48Y60         LUT6 (Prop_lut6_I2_O)        0.313    15.627 r  u_mlkem/u_ctrl/st[1313]_i_5/O
                         net (fo=2, routed)           0.452    16.079    u_mlkem/u_ctrl/st[1313]_i_5_n_0
    SLICE_X43Y60         LUT3 (Prop_lut3_I2_O)        0.124    16.203 r  u_mlkem/u_ctrl/st[1305]_i_4/O
                         net (fo=21, routed)          0.932    17.135    u_mlkem/u_sponge/st_reg[1151]_0[8]
    SLICE_X44Y73         LUT6 (Prop_lut6_I4_O)        0.124    17.259 r  u_mlkem/u_sponge/st[601]_i_5/O
                         net (fo=1, routed)           0.444    17.703    u_mlkem/u_sponge/st[601]_i_5_n_0
    SLICE_X44Y73         LUT6 (Prop_lut6_I4_O)        0.124    17.827 r  u_mlkem/u_sponge/st[601]_i_1/O
                         net (fo=1, routed)           0.000    17.827    u_mlkem/u_sponge/st[601]_i_1_n_0
    SLICE_X44Y73         FDRE                                         r  u_mlkem/u_sponge/st_reg[601]/D
  -------------------------------------------------------------------    -------------------

                         (clock clk_core_mmcm rise edge)
                                                      4.848     4.848 r  
    E3                                                0.000     4.848 r  clk_100mhz (IN)
                         net (fo=0)                   0.000     4.848    clk_100mhz
    E3                   IBUF (Prop_ibuf_I_O)         1.411     6.260 r  clk_100mhz_IBUF_inst/O
                         net (fo=1, routed)           1.920     8.180    clk_100mhz_IBUF
    BUFGCTRL_X0Y16       BUFG (Prop_bufg_I_O)         0.091     8.271 r  clk_100mhz_IBUF_BUFG_inst/O
                         net (fo=2651, routed)        1.683     9.954    clk_100mhz_IBUF_BUFG
    MMCME2_ADV_X0Y0      MMCME2_ADV (Prop_mmcme2_adv_CLKIN1_CLKOUT0)
                                                      0.083    10.037 r  u_mmcm/CLKOUT0
                         net (fo=1, routed)           1.923    11.960    clk_core_mmcm
    BUFGCTRL_X0Y0        BUFG (Prop_bufg_I_O)         0.091    12.051 r  u_bufg_core/O
                         net (fo=4040, routed)        1.497    13.548    u_mlkem/u_sponge/clk_core
    SLICE_X44Y73         FDRE                                         r  u_mlkem/u_sponge/st_reg[601]/C
                         clock pessimism              0.508    14.056    
                         clock uncertainty           -0.074    13.981    
    SLICE_X44Y73         FDRE (Setup_fdre_C_D)        0.029    14.010    u_mlkem/u_sponge/st_reg[601]
  -------------------------------------------------------------------
                         required time                         14.010    
                         arrival time                         -17.827    
  -------------------------------------------------------------------
                         slack                                 -3.816    

Slack (VIOLATED) :        -3.790ns  (required time - arrival time)
  Source:                 u_mlkem/u_sponge/pos_reg[2]_rep_replica/C
                            (rising edge-triggered cell FDRE clocked by clk_core_mmcm  {rise@0.000ns fall@2.424ns period=4.848ns})
  Destination:            u_mlkem/u_unpack/cr_d_reg[53]/D
                            (rising edge-triggered cell FDRE clocked by clk_core_mmcm  {rise@0.000ns fall@2.424ns period=4.848ns})
  Path Group:             clk_core_mmcm
  Path Type:              Setup (Max at Slow Process Corner)
  Requirement:            4.848ns  (clk_core_mmcm rise@4.848ns - clk_core_mmcm rise@0.000ns)
  Data Path Delay:        8.554ns  (logic 4.989ns (58.326%)  route 3.565ns (41.674%))
  Logic Levels:           8  (CARRY4=6 LUT4=1 LUT6=1)
  Clock Path Skew:        -0.042ns (DCD - SCD + CPR)
    Destination Clock Delay (DCD):    8.714ns = ( 13.562 - 4.848 ) 
    Source Clock Delay      (SCD):    9.248ns
    Clock Pessimism Removal (CPR):    0.492ns
  Clock Uncertainty:      0.074ns  ((TSJ^2 + DJ^2)^1/2) / 2 + PE
    Total System Jitter     (TSJ):    0.071ns
    Discrete Jitter          (DJ):    0.131ns
    Phase Error              (PE):    0.000ns

    Location             Delay type                Incr(ns)  Path(ns)    Netlist Resource(s)
  -------------------------------------------------------------------    -------------------
                         (clock clk_core_mmcm rise edge)
                                                      0.000     0.000 r  
    E3                                                0.000     0.000 r  clk_100mhz (IN)
                         net (fo=0)                   0.000     0.000    clk_100mhz
    E3                   IBUF (Prop_ibuf_I_O)         1.482     1.482 r  clk_100mhz_IBUF_inst/O
                         net (fo=1, routed)           2.025     3.506    clk_100mhz_IBUF
    BUFGCTRL_X0Y16       BUFG (Prop_bufg_I_O)         0.096     3.602 r  clk_100mhz_IBUF_BUFG_inst/O
                         net (fo=2651, routed)        1.809     5.412    clk_100mhz_IBUF_BUFG
    MMCME2_ADV_X0Y0      MMCME2_ADV (Prop_mmcme2_adv_CLKIN1_CLKOUT0)
                                                      0.088     5.500 r  u_mmcm/CLKOUT0
                         net (fo=1, routed)           2.018     7.518    clk_core_mmcm
    BUFGCTRL_X0Y0        BUFG (Prop_bufg_I_O)         0.096     7.614 r  u_bufg_core/O
                         net (fo=4040, routed)        1.633     9.248    u_mlkem/u_sponge/clk_core
    SLICE_X43Y56         FDRE                                         r  u_mlkem/u_sponge/pos_reg[2]_rep_replica/C
  -------------------------------------------------------------------    -------------------
    SLICE_X43Y56         FDRE (Prop_fdre_C_Q)         0.456     9.704 f  u_mlkem/u_sponge/pos_reg[2]_rep_replica/Q
                         net (fo=12, routed)          0.812    10.515    u_mlkem/u_sponge/pos_reg[2]_rep_n_0_repN
    SLICE_X46Y56         LUT4 (Prop_lut4_I0_O)        0.124    10.639 r  u_mlkem/u_sponge/cr_d[15]_i_6/O
                         net (fo=1, routed)           0.000    10.639    u_mlkem/u_sponge/cr_d[15]_i_6_n_0
    SLICE_X46Y56         CARRY4 (Prop_carry4_S[2]_CO[3])
                                                      0.380    11.019 r  u_mlkem/u_sponge/cr_d_reg[15]_i_3/CO[3]
                         net (fo=8, routed)           0.794    11.813    u_mlkem/u_sponge/cr_d_reg[15]_i_3_n_0
    SLICE_X45Y55         CARRY4 (Prop_carry4_CYINIT_CO[2])
                                                      0.592    12.405 r  u_mlkem/u_sponge/cr_d_reg[23]_i_3/CO[2]
                         net (fo=8, routed)           0.350    12.755    u_mlkem/u_sponge/cr_d_reg[23]_i_3_n_1
    SLICE_X44Y54         CARRY4 (Prop_carry4_CYINIT_CO[2])
                                                      0.781    13.536 r  u_mlkem/u_sponge/cr_d_reg[31]_i_3/CO[2]
                         net (fo=8, routed)           0.353    13.888    u_mlkem/u_sponge/cr_d_reg[31]_i_3_n_1
    SLICE_X43Y55         CARRY4 (Prop_carry4_CYINIT_CO[2])
                                                      0.781    14.669 r  u_mlkem/u_sponge/cr_d_reg[39]_i_3/CO[2]
                         net (fo=8, routed)           0.510    15.179    u_mlkem/u_sponge/cr_d_reg[39]_i_3_n_1
    SLICE_X44Y52         CARRY4 (Prop_carry4_CYINIT_CO[2])
                                                      0.781    15.960 r  u_mlkem/u_sponge/cr_d_reg[47]_i_3/CO[2]
                         net (fo=8, routed)           0.399    16.360    u_mlkem/u_sponge/cr_d_reg[47]_i_3_n_1
    SLICE_X45Y51         CARRY4 (Prop_carry4_CYINIT_CO[2])
                                                      0.781    17.141 f  u_mlkem/u_sponge/cr_d_reg[55]_i_3/CO[2]
                         net (fo=8, routed)           0.347    17.488    u_mlkem/u_sponge/cr_d_reg[55]_i_3_n_1
    SLICE_X47Y51         LUT6 (Prop_lut6_I5_O)        0.313    17.801 r  u_mlkem/u_sponge/cr_d[53]_i_1/O
                         net (fo=1, routed)           0.000    17.801    u_mlkem/u_unpack/cr_d_reg[63]_0[53]
    SLICE_X47Y51         FDRE                                         r  u_mlkem/u_unpack/cr_d_reg[53]/D
  -------------------------------------------------------------------    -------------------

                         (clock clk_core_mmcm rise edge)
                                                      4.848     4.848 r  
    E3                                                0.000     4.848 r  clk_100mhz (IN)
                         net (fo=0)                   0.000     4.848    clk_100mhz
    E3                   IBUF (Prop_ibuf_I_O)         1.411     6.260 r  clk_100mhz_IBUF_inst/O
                         net (fo=1, routed)           1.920     8.180    clk_100mhz_IBUF
    BUFGCTRL_X0Y16       BUFG (Prop_bufg_I_O)         0.091     8.271 r  clk_100mhz_IBUF_BUFG_inst/O
                         net (fo=2651, routed)        1.683     9.954    clk_100mhz_IBUF_BUFG
    MMCME2_ADV_X0Y0      MMCME2_ADV (Prop_mmcme2_adv_CLKIN1_CLKOUT0)
                                                      0.083    10.037 r  u_mmcm/CLKOUT0
                         net (fo=1, routed)           1.923    11.960    clk_core_mmcm
    BUFGCTRL_X0Y0        BUFG (Prop_bufg_I_O)         0.091    12.051 r  u_bufg_core/O
                         net (fo=4040, routed)        1.511    13.562    u_mlkem/u_unpack/clk_core
    SLICE_X47Y51         FDRE                                         r  u_mlkem/u_unpack/cr_d_reg[53]/C
                         clock pessimism              0.492    14.054    
                         clock uncertainty           -0.074    13.979    
    SLICE_X47Y51         FDRE (Setup_fdre_C_D)        0.032    14.011    u_mlkem/u_unpack/cr_d_reg[53]
  -------------------------------------------------------------------
                         required time                         14.011    
                         arrival time                         -17.801    
  -------------------------------------------------------------------
                         slack                                 -3.790    

Slack (VIOLATED) :        -3.789ns  (required time - arrival time)
  Source:                 u_mlkem/u_ctrl/FSM_sequential_state_reg[1]/C
                            (rising edge-triggered cell FDRE clocked by clk_core_mmcm  {rise@0.000ns fall@2.424ns period=4.848ns})
  Destination:            u_mlkem/u_sponge/st_reg[217]/D
                            (rising edge-triggered cell FDRE clocked by clk_core_mmcm  {rise@0.000ns fall@2.424ns period=4.848ns})
  Path Group:             clk_core_mmcm
  Path Type:              Setup (Max at Slow Process Corner)
  Requirement:            4.848ns  (clk_core_mmcm rise@4.848ns - clk_core_mmcm rise@0.000ns)
  Data Path Delay:        8.599ns  (logic 3.160ns (36.749%)  route 5.439ns (63.251%))
  Logic Levels:           9  (CARRY4=3 LUT3=1 LUT4=1 LUT6=4)
  Clock Path Skew:        -0.041ns (DCD - SCD + CPR)
    Destination Clock Delay (DCD):    8.698ns = ( 13.546 - 4.848 ) 
    Source Clock Delay      (SCD):    9.247ns
    Clock Pessimism Removal (CPR):    0.508ns
  Clock Uncertainty:      0.074ns  ((TSJ^2 + DJ^2)^1/2) / 2 + PE
    Total System Jitter     (TSJ):    0.071ns
    Discrete Jitter          (DJ):    0.131ns
    Phase Error              (PE):    0.000ns

    Location             Delay type                Incr(ns)  Path(ns)    Netlist Resource(s)
  -------------------------------------------------------------------    -------------------
                         (clock clk_core_mmcm rise edge)
                                                      0.000     0.000 r  
    E3                                                0.000     0.000 r  clk_100mhz (IN)
                         net (fo=0)                   0.000     0.000    clk_100mhz
    E3                   IBUF (Prop_ibuf_I_O)         1.482     1.482 r  clk_100mhz_IBUF_inst/O
                         net (fo=1, routed)           2.025     3.506    clk_100mhz_IBUF
    BUFGCTRL_X0Y16       BUFG (Prop_bufg_I_O)         0.096     3.602 r  clk_100mhz_IBUF_BUFG_inst/O
                         net (fo=2651, routed)        1.809     5.412    clk_100mhz_IBUF_BUFG
    MMCME2_ADV_X0Y0      MMCME2_ADV (Prop_mmcme2_adv_CLKIN1_CLKOUT0)
                                                      0.088     5.500 r  u_mmcm/CLKOUT0
                         net (fo=1, routed)           2.018     7.518    clk_core_mmcm
    BUFGCTRL_X0Y0        BUFG (Prop_bufg_I_O)         0.096     7.614 r  u_bufg_core/O
                         net (fo=4040, routed)        1.632     9.247    u_mlkem/u_ctrl/clk_core
    SLICE_X43Y58         FDRE                                         r  u_mlkem/u_ctrl/FSM_sequential_state_reg[1]/C
  -------------------------------------------------------------------    -------------------
    SLICE_X43Y58         FDRE (Prop_fdre_C_Q)         0.456     9.703 r  u_mlkem/u_ctrl/FSM_sequential_state_reg[1]/Q
                         net (fo=167, routed)         0.660    10.363    u_mlkem/u_ctrl/state__0[1]
    SLICE_X43Y59         LUT4 (Prop_lut4_I2_O)        0.124    10.487 r  u_mlkem/u_ctrl/pos[3]_i_6/O
                         net (fo=89, routed)          0.399    10.886    u_mlkem/u_ctrl/FSM_sequential_state_reg[3]_0
    SLICE_X44Y59         LUT6 (Prop_lut6_I5_O)        0.124    11.010 r  u_mlkem/u_ctrl/st[1342]_i_13/O
                         net (fo=1, routed)           0.331    11.341    u_mlkem/u_ctrl/u_sponge/ab_mask1[8]
    SLICE_X44Y60         CARRY4 (Prop_carry4_DI[2]_CO[3])
                                                      0.398    11.739 r  u_mlkem/u_ctrl/st_reg[1342]_i_9/CO[3]
                         net (fo=21, routed)          1.034    12.773    u_mlkem/u_ctrl/st_reg[1342]_i_9_n_0
    SLICE_X45Y60         CARRY4 (Prop_carry4_CYINIT_CO[2])
                                                      0.592    13.365 r  u_mlkem/u_ctrl/st_reg[1342]_i_8/CO[2]
                         net (fo=22, routed)          0.441    13.806    u_mlkem/u_ctrl/st_reg[1342]_i_8_n_1
    SLICE_X45Y59         CARRY4 (Prop_carry4_CYINIT_CO[2])
                                                      0.781    14.587 f  u_mlkem/u_ctrl/st_reg[1342]_i_10/CO[2]
                         net (fo=20, routed)          0.727    15.314    u_mlkem/u_ctrl/st_reg[1342]_i_10_n_1
    SLICE_X48Y60         LUT6 (Prop_lut6_I2_O)        0.313    15.627 r  u_mlkem/u_ctrl/st[1313]_i_5/O
                         net (fo=2, routed)           0.452    16.079    u_mlkem/u_ctrl/st[1313]_i_5_n_0
    SLICE_X43Y60         LUT3 (Prop_lut3_I2_O)        0.124    16.203 r  u_mlkem/u_ctrl/st[1305]_i_4/O
                         net (fo=21, routed)          0.942    17.145    u_mlkem/u_sponge/st_reg[1151]_0[8]
    SLICE_X42Y74         LUT6 (Prop_lut6_I4_O)        0.124    17.269 r  u_mlkem/u_sponge/st[217]_i_5/O
                         net (fo=1, routed)           0.452    17.721    u_mlkem/u_sponge/st[217]_i_5_n_0
    SLICE_X42Y74         LUT6 (Prop_lut6_I4_O)        0.124    17.845 r  u_mlkem/u_sponge/st[217]_i_1/O
                         net (fo=1, routed)           0.000    17.845    u_mlkem/u_sponge/st[217]_i_1_n_0
    SLICE_X42Y74         FDRE                                         r  u_mlkem/u_sponge/st_reg[217]/D
  -------------------------------------------------------------------    -------------------

                         (clock clk_core_mmcm rise edge)
                                                      4.848     4.848 r  
    E3                                                0.000     4.848 r  clk_100mhz (IN)
                         net (fo=0)                   0.000     4.848    clk_100mhz
    E3                   IBUF (Prop_ibuf_I_O)         1.411     6.260 r  clk_100mhz_IBUF_inst/O
                         net (fo=1, routed)           1.920     8.180    clk_100mhz_IBUF
    BUFGCTRL_X0Y16       BUFG (Prop_bufg_I_O)         0.091     8.271 r  clk_100mhz_IBUF_BUFG_inst/O
                         net (fo=2651, routed)        1.683     9.954    clk_100mhz_IBUF_BUFG
    MMCME2_ADV_X0Y0      MMCME2_ADV (Prop_mmcme2_adv_CLKIN1_CLKOUT0)
                                                      0.083    10.037 r  u_mmcm/CLKOUT0
                         net (fo=1, routed)           1.923    11.960    clk_core_mmcm
    BUFGCTRL_X0Y0        BUFG (Prop_bufg_I_O)         0.091    12.051 r  u_bufg_core/O
                         net (fo=4040, routed)        1.495    13.546    u_mlkem/u_sponge/clk_core
    SLICE_X42Y74         FDRE                                         r  u_mlkem/u_sponge/st_reg[217]/C
                         clock pessimism              0.508    14.054    
                         clock uncertainty           -0.074    13.979    
    SLICE_X42Y74         FDRE (Setup_fdre_C_D)        0.077    14.056    u_mlkem/u_sponge/st_reg[217]
  -------------------------------------------------------------------
                         required time                         14.056    
                         arrival time                         -17.845    
  -------------------------------------------------------------------
                         slack                                 -3.789    

Slack (VIOLATED) :        -3.786ns  (required time - arrival time)
  Source:                 u_mlkem/u_sponge/pos_reg[2]_rep_replica/C
                            (rising edge-triggered cell FDRE clocked by clk_core_mmcm  {rise@0.000ns fall@2.424ns period=4.848ns})
  Destination:            u_mlkem/u_unpack/cr_d_reg[52]/D
                            (rising edge-triggered cell FDRE clocked by clk_core_mmcm  {rise@0.000ns fall@2.424ns period=4.848ns})
  Path Group:             clk_core_mmcm
  Path Type:              Setup (Max at Slow Process Corner)
  Requirement:            4.848ns  (clk_core_mmcm rise@4.848ns - clk_core_mmcm rise@0.000ns)
  Data Path Delay:        8.549ns  (logic 4.989ns (58.360%)  route 3.560ns (41.640%))
  Logic Levels:           8  (CARRY4=6 LUT4=1 LUT6=1)
  Clock Path Skew:        -0.042ns (DCD - SCD + CPR)
    Destination Clock Delay (DCD):    8.714ns = ( 13.562 - 4.848 ) 
    Source Clock Delay      (SCD):    9.248ns
    Clock Pessimism Removal (CPR):    0.492ns
  Clock Uncertainty:      0.074ns  ((TSJ^2 + DJ^2)^1/2) / 2 + PE
    Total System Jitter     (TSJ):    0.071ns
    Discrete Jitter          (DJ):    0.131ns
    Phase Error              (PE):    0.000ns

    Location             Delay type                Incr(ns)  Path(ns)    Netlist Resource(s)
  -------------------------------------------------------------------    -------------------
                         (clock clk_core_mmcm rise edge)
                                                      0.000     0.000 r  
    E3                                                0.000     0.000 r  clk_100mhz (IN)
                         net (fo=0)                   0.000     0.000    clk_100mhz
    E3                   IBUF (Prop_ibuf_I_O)         1.482     1.482 r  clk_100mhz_IBUF_inst/O
                         net (fo=1, routed)           2.025     3.506    clk_100mhz_IBUF
    BUFGCTRL_X0Y16       BUFG (Prop_bufg_I_O)         0.096     3.602 r  clk_100mhz_IBUF_BUFG_inst/O
                         net (fo=2651, routed)        1.809     5.412    clk_100mhz_IBUF_BUFG
    MMCME2_ADV_X0Y0      MMCME2_ADV (Prop_mmcme2_adv_CLKIN1_CLKOUT0)
                                                      0.088     5.500 r  u_mmcm/CLKOUT0
                         net (fo=1, routed)           2.018     7.518    clk_core_mmcm
    BUFGCTRL_X0Y0        BUFG (Prop_bufg_I_O)         0.096     7.614 r  u_bufg_core/O
                         net (fo=4040, routed)        1.633     9.248    u_mlkem/u_sponge/clk_core
    SLICE_X43Y56         FDRE                                         r  u_mlkem/u_sponge/pos_reg[2]_rep_replica/C
  -------------------------------------------------------------------    -------------------
    SLICE_X43Y56         FDRE (Prop_fdre_C_Q)         0.456     9.704 f  u_mlkem/u_sponge/pos_reg[2]_rep_replica/Q
                         net (fo=12, routed)          0.812    10.515    u_mlkem/u_sponge/pos_reg[2]_rep_n_0_repN
    SLICE_X46Y56         LUT4 (Prop_lut4_I0_O)        0.124    10.639 r  u_mlkem/u_sponge/cr_d[15]_i_6/O
                         net (fo=1, routed)           0.000    10.639    u_mlkem/u_sponge/cr_d[15]_i_6_n_0
    SLICE_X46Y56         CARRY4 (Prop_carry4_S[2]_CO[3])
                                                      0.380    11.019 r  u_mlkem/u_sponge/cr_d_reg[15]_i_3/CO[3]
                         net (fo=8, routed)           0.794    11.813    u_mlkem/u_sponge/cr_d_reg[15]_i_3_n_0
    SLICE_X45Y55         CARRY4 (Prop_carry4_CYINIT_CO[2])
                                                      0.592    12.405 r  u_mlkem/u_sponge/cr_d_reg[23]_i_3/CO[2]
                         net (fo=8, routed)           0.350    12.755    u_mlkem/u_sponge/cr_d_reg[23]_i_3_n_1
    SLICE_X44Y54         CARRY4 (Prop_carry4_CYINIT_CO[2])
                                                      0.781    13.536 r  u_mlkem/u_sponge/cr_d_reg[31]_i_3/CO[2]
                         net (fo=8, routed)           0.353    13.888    u_mlkem/u_sponge/cr_d_reg[31]_i_3_n_1
    SLICE_X43Y55         CARRY4 (Prop_carry4_CYINIT_CO[2])
                                                      0.781    14.669 r  u_mlkem/u_sponge/cr_d_reg[39]_i_3/CO[2]
                         net (fo=8, routed)           0.510    15.179    u_mlkem/u_sponge/cr_d_reg[39]_i_3_n_1
    SLICE_X44Y52         CARRY4 (Prop_carry4_CYINIT_CO[2])
                                                      0.781    15.960 r  u_mlkem/u_sponge/cr_d_reg[47]_i_3/CO[2]
                         net (fo=8, routed)           0.399    16.360    u_mlkem/u_sponge/cr_d_reg[47]_i_3_n_1
    SLICE_X45Y51         CARRY4 (Prop_carry4_CYINIT_CO[2])
                                                      0.781    17.141 f  u_mlkem/u_sponge/cr_d_reg[55]_i_3/CO[2]
                         net (fo=8, routed)           0.342    17.483    u_mlkem/u_sponge/cr_d_reg[55]_i_3_n_1
    SLICE_X47Y51         LUT6 (Prop_lut6_I5_O)        0.313    17.796 r  u_mlkem/u_sponge/cr_d[52]_i_1/O
                         net (fo=1, routed)           0.000    17.796    u_mlkem/u_unpack/cr_d_reg[63]_0[52]
    SLICE_X47Y51         FDRE                                         r  u_mlkem/u_unpack/cr_d_reg[52]/D
  -------------------------------------------------------------------    -------------------

                         (clock clk_core_mmcm rise edge)
                                                      4.848     4.848 r  
    E3                                                0.000     4.848 r  clk_100mhz (IN)
                         net (fo=0)                   0.000     4.848    clk_100mhz
    E3                   IBUF (Prop_ibuf_I_O)         1.411     6.260 r  clk_100mhz_IBUF_inst/O
                         net (fo=1, routed)           1.920     8.180    clk_100mhz_IBUF
    BUFGCTRL_X0Y16       BUFG (Prop_bufg_I_O)         0.091     8.271 r  clk_100mhz_IBUF_BUFG_inst/O
                         net (fo=2651, routed)        1.683     9.954    clk_100mhz_IBUF_BUFG
    MMCME2_ADV_X0Y0      MMCME2_ADV (Prop_mmcme2_adv_CLKIN1_CLKOUT0)
                                                      0.083    10.037 r  u_mmcm/CLKOUT0
                         net (fo=1, routed)           1.923    11.960    clk_core_mmcm
    BUFGCTRL_X0Y0        BUFG (Prop_bufg_I_O)         0.091    12.051 r  u_bufg_core/O
                         net (fo=4040, routed)        1.511    13.562    u_mlkem/u_unpack/clk_core
    SLICE_X47Y51         FDRE                                         r  u_mlkem/u_unpack/cr_d_reg[52]/C
                         clock pessimism              0.492    14.054    
                         clock uncertainty           -0.074    13.979    
    SLICE_X47Y51         FDRE (Setup_fdre_C_D)        0.031    14.010    u_mlkem/u_unpack/cr_d_reg[52]
  -------------------------------------------------------------------
                         required time                         14.010    
                         arrival time                         -17.796    
  -------------------------------------------------------------------
                         slack                                 -3.786    

Slack (VIOLATED) :        -3.784ns  (required time - arrival time)
  Source:                 u_mlkem/u_ctrl/FSM_sequential_state_reg[1]/C
                            (rising edge-triggered cell FDRE clocked by clk_core_mmcm  {rise@0.000ns fall@2.424ns period=4.848ns})
  Destination:            u_mlkem/u_sponge/st_reg[378]/D
                            (rising edge-triggered cell FDRE clocked by clk_core_mmcm  {rise@0.000ns fall@2.424ns period=4.848ns})
  Path Group:             clk_core_mmcm
  Path Type:              Setup (Max at Slow Process Corner)
  Requirement:            4.848ns  (clk_core_mmcm rise@4.848ns - clk_core_mmcm rise@0.000ns)
  Data Path Delay:        8.517ns  (logic 3.160ns (37.102%)  route 5.357ns (62.897%))
  Logic Levels:           9  (CARRY4=3 LUT4=1 LUT6=5)
  Clock Path Skew:        -0.118ns (DCD - SCD + CPR)
    Destination Clock Delay (DCD):    8.709ns = ( 13.557 - 4.848 ) 
    Source Clock Delay      (SCD):    9.247ns
    Clock Pessimism Removal (CPR):    0.420ns
  Clock Uncertainty:      0.074ns  ((TSJ^2 + DJ^2)^1/2) / 2 + PE
    Total System Jitter     (TSJ):    0.071ns
    Discrete Jitter          (DJ):    0.131ns
    Phase Error              (PE):    0.000ns

    Location             Delay type                Incr(ns)  Path(ns)    Netlist Resource(s)
  -------------------------------------------------------------------    -------------------
                         (clock clk_core_mmcm rise edge)
                                                      0.000     0.000 r  
    E3                                                0.000     0.000 r  clk_100mhz (IN)
                         net (fo=0)                   0.000     0.000    clk_100mhz
    E3                   IBUF (Prop_ibuf_I_O)         1.482     1.482 r  clk_100mhz_IBUF_inst/O
                         net (fo=1, routed)           2.025     3.506    clk_100mhz_IBUF
    BUFGCTRL_X0Y16       BUFG (Prop_bufg_I_O)         0.096     3.602 r  clk_100mhz_IBUF_BUFG_inst/O
                         net (fo=2651, routed)        1.809     5.412    clk_100mhz_IBUF_BUFG
    MMCME2_ADV_X0Y0      MMCME2_ADV (Prop_mmcme2_adv_CLKIN1_CLKOUT0)
                                                      0.088     5.500 r  u_mmcm/CLKOUT0
                         net (fo=1, routed)           2.018     7.518    clk_core_mmcm
    BUFGCTRL_X0Y0        BUFG (Prop_bufg_I_O)         0.096     7.614 r  u_bufg_core/O
                         net (fo=4040, routed)        1.632     9.247    u_mlkem/u_ctrl/clk_core
    SLICE_X43Y58         FDRE                                         r  u_mlkem/u_ctrl/FSM_sequential_state_reg[1]/C
  -------------------------------------------------------------------    -------------------
    SLICE_X43Y58         FDRE (Prop_fdre_C_Q)         0.456     9.703 r  u_mlkem/u_ctrl/FSM_sequential_state_reg[1]/Q
                         net (fo=167, routed)         0.660    10.363    u_mlkem/u_ctrl/state__0[1]
    SLICE_X43Y59         LUT4 (Prop_lut4_I2_O)        0.124    10.487 r  u_mlkem/u_ctrl/pos[3]_i_6/O
                         net (fo=89, routed)          0.399    10.886    u_mlkem/u_ctrl/FSM_sequential_state_reg[3]_0
    SLICE_X44Y59         LUT6 (Prop_lut6_I5_O)        0.124    11.010 r  u_mlkem/u_ctrl/st[1342]_i_13/O
                         net (fo=1, routed)           0.331    11.341    u_mlkem/u_ctrl/u_sponge/ab_mask1[8]
    SLICE_X44Y60         CARRY4 (Prop_carry4_DI[2]_CO[3])
                                                      0.398    11.739 r  u_mlkem/u_ctrl/st_reg[1342]_i_9/CO[3]
                         net (fo=21, routed)          1.034    12.773    u_mlkem/u_ctrl/st_reg[1342]_i_9_n_0
    SLICE_X45Y60         CARRY4 (Prop_carry4_CYINIT_CO[2])
                                                      0.592    13.365 r  u_mlkem/u_ctrl/st_reg[1342]_i_8/CO[2]
                         net (fo=22, routed)          0.441    13.806    u_mlkem/u_ctrl/st_reg[1342]_i_8_n_1
    SLICE_X45Y59         CARRY4 (Prop_carry4_CYINIT_CO[2])
                                                      0.781    14.587 f  u_mlkem/u_ctrl/st_reg[1342]_i_10/CO[2]
                         net (fo=20, routed)          0.783    15.370    u_mlkem/u_ctrl/st_reg[1342]_i_10_n_1
    SLICE_X52Y59         LUT6 (Prop_lut6_I5_O)        0.313    15.683 r  u_mlkem/u_ctrl/st[1338]_i_8/O
                         net (fo=1, routed)           0.311    15.994    u_mlkem/u_ctrl/st[1338]_i_8_n_0
    SLICE_X54Y60         LUT6 (Prop_lut6_I5_O)        0.124    16.118 r  u_mlkem/u_ctrl/st[1338]_i_4/O
                         net (fo=21, routed)          0.946    17.064    u_mlkem/u_sponge/st_reg[1151]_0[29]
    SLICE_X62Y59         LUT6 (Prop_lut6_I4_O)        0.124    17.188 r  u_mlkem/u_sponge/st[378]_i_2/O
                         net (fo=1, routed)           0.452    17.639    u_mlkem/u_sponge/st[378]_i_2_n_0
    SLICE_X62Y59         LUT6 (Prop_lut6_I4_O)        0.124    17.763 r  u_mlkem/u_sponge/st[378]_i_1/O
                         net (fo=1, routed)           0.000    17.763    u_mlkem/u_sponge/st[378]_i_1_n_0
    SLICE_X62Y59         FDRE                                         r  u_mlkem/u_sponge/st_reg[378]/D
  -------------------------------------------------------------------    -------------------

                         (clock clk_core_mmcm rise edge)
                                                      4.848     4.848 r  
    E3                                                0.000     4.848 r  clk_100mhz (IN)
                         net (fo=0)                   0.000     4.848    clk_100mhz
    E3                   IBUF (Prop_ibuf_I_O)         1.411     6.260 r  clk_100mhz_IBUF_inst/O
                         net (fo=1, routed)           1.920     8.180    clk_100mhz_IBUF
    BUFGCTRL_X0Y16       BUFG (Prop_bufg_I_O)         0.091     8.271 r  clk_100mhz_IBUF_BUFG_inst/O
                         net (fo=2651, routed)        1.683     9.954    clk_100mhz_IBUF_BUFG
    MMCME2_ADV_X0Y0      MMCME2_ADV (Prop_mmcme2_adv_CLKIN1_CLKOUT0)
                                                      0.083    10.037 r  u_mmcm/CLKOUT0
                         net (fo=1, routed)           1.923    11.960    clk_core_mmcm
    BUFGCTRL_X0Y0        BUFG (Prop_bufg_I_O)         0.091    12.051 r  u_bufg_core/O
                         net (fo=4040, routed)        1.506    13.557    u_mlkem/u_sponge/clk_core
    SLICE_X62Y59         FDRE                                         r  u_mlkem/u_sponge/st_reg[378]/C
                         clock pessimism              0.420    13.977    
                         clock uncertainty           -0.074    13.902    
    SLICE_X62Y59         FDRE (Setup_fdre_C_D)        0.077    13.979    u_mlkem/u_sponge/st_reg[378]
  -------------------------------------------------------------------
                         required time                         13.979    
                         arrival time                         -17.763    
  -------------------------------------------------------------------
                         slack                                 -3.784    

Slack (VIOLATED) :        -3.782ns  (required time - arrival time)
  Source:                 u_mlkem/u_ctrl/FSM_sequential_state_reg[1]/C
                            (rising edge-triggered cell FDRE clocked by clk_core_mmcm  {rise@0.000ns fall@2.424ns period=4.848ns})
  Destination:            u_mlkem/u_sponge/st_reg[34]/D
                            (rising edge-triggered cell FDRE clocked by clk_core_mmcm  {rise@0.000ns fall@2.424ns period=4.848ns})
  Path Group:             clk_core_mmcm
  Path Type:              Setup (Max at Slow Process Corner)
  Requirement:            4.848ns  (clk_core_mmcm rise@4.848ns - clk_core_mmcm rise@0.000ns)
  Data Path Delay:        8.500ns  (logic 3.274ns (38.519%)  route 5.226ns (61.481%))
  Logic Levels:           9  (CARRY4=3 LUT3=1 LUT4=1 LUT5=1 LUT6=2 MUXF7=1)
  Clock Path Skew:        -0.120ns (DCD - SCD + CPR)
    Destination Clock Delay (DCD):    8.707ns = ( 13.555 - 4.848 ) 
    Source Clock Delay      (SCD):    9.247ns
    Clock Pessimism Removal (CPR):    0.420ns
  Clock Uncertainty:      0.074ns  ((TSJ^2 + DJ^2)^1/2) / 2 + PE
    Total System Jitter     (TSJ):    0.071ns
    Discrete Jitter          (DJ):    0.131ns
    Phase Error              (PE):    0.000ns

    Location             Delay type                Incr(ns)  Path(ns)    Netlist Resource(s)
  -------------------------------------------------------------------    -------------------
                         (clock clk_core_mmcm rise edge)
                                                      0.000     0.000 r  
    E3                                                0.000     0.000 r  clk_100mhz (IN)
                         net (fo=0)                   0.000     0.000    clk_100mhz
    E3                   IBUF (Prop_ibuf_I_O)         1.482     1.482 r  clk_100mhz_IBUF_inst/O
                         net (fo=1, routed)           2.025     3.506    clk_100mhz_IBUF
    BUFGCTRL_X0Y16       BUFG (Prop_bufg_I_O)         0.096     3.602 r  clk_100mhz_IBUF_BUFG_inst/O
                         net (fo=2651, routed)        1.809     5.412    clk_100mhz_IBUF_BUFG
    MMCME2_ADV_X0Y0      MMCME2_ADV (Prop_mmcme2_adv_CLKIN1_CLKOUT0)
                                                      0.088     5.500 r  u_mmcm/CLKOUT0
                         net (fo=1, routed)           2.018     7.518    clk_core_mmcm
    BUFGCTRL_X0Y0        BUFG (Prop_bufg_I_O)         0.096     7.614 r  u_bufg_core/O
                         net (fo=4040, routed)        1.632     9.247    u_mlkem/u_ctrl/clk_core
    SLICE_X43Y58         FDRE                                         r  u_mlkem/u_ctrl/FSM_sequential_state_reg[1]/C
  -------------------------------------------------------------------    -------------------
    SLICE_X43Y58         FDRE (Prop_fdre_C_Q)         0.456     9.703 r  u_mlkem/u_ctrl/FSM_sequential_state_reg[1]/Q
                         net (fo=167, routed)         0.660    10.363    u_mlkem/u_ctrl/state__0[1]
    SLICE_X43Y59         LUT4 (Prop_lut4_I2_O)        0.124    10.487 r  u_mlkem/u_ctrl/pos[3]_i_6/O
                         net (fo=89, routed)          0.399    10.886    u_mlkem/u_ctrl/FSM_sequential_state_reg[3]_0
    SLICE_X44Y59         LUT6 (Prop_lut6_I5_O)        0.124    11.010 r  u_mlkem/u_ctrl/st[1342]_i_13/O
                         net (fo=1, routed)           0.331    11.341    u_mlkem/u_ctrl/u_sponge/ab_mask1[8]
    SLICE_X44Y60         CARRY4 (Prop_carry4_DI[2]_CO[3])
                                                      0.398    11.739 r  u_mlkem/u_ctrl/st_reg[1342]_i_9/CO[3]
                         net (fo=21, routed)          1.034    12.773    u_mlkem/u_ctrl/st_reg[1342]_i_9_n_0
    SLICE_X45Y60         CARRY4 (Prop_carry4_CYINIT_CO[2])
                                                      0.592    13.365 r  u_mlkem/u_ctrl/st_reg[1342]_i_8/CO[2]
                         net (fo=22, routed)          0.441    13.806    u_mlkem/u_ctrl/st_reg[1342]_i_8_n_1
    SLICE_X45Y59         CARRY4 (Prop_carry4_CYINIT_CO[2])
                                                      0.781    14.587 f  u_mlkem/u_ctrl/st_reg[1342]_i_10/CO[2]
                         net (fo=20, routed)          0.618    15.205    u_mlkem/u_ctrl/st_reg[1342]_i_10_n_1
    SLICE_X47Y60         LUT6 (Prop_lut6_I2_O)        0.313    15.518 r  u_mlkem/u_ctrl/st[1314]_i_6/O
                         net (fo=2, routed)           0.423    15.942    u_mlkem/u_ctrl/st[1314]_i_6_n_0
    SLICE_X51Y60         LUT3 (Prop_lut3_I0_O)        0.124    16.066 r  u_mlkem/u_ctrl/st[1314]_i_4/O
                         net (fo=21, routed)          1.318    17.384    u_mlkem/u_ctrl/pos_reg[0]_25[14]
    SLICE_X67Y63         LUT5 (Prop_lut5_I1_O)        0.124    17.508 r  u_mlkem/u_ctrl/st[34]_i_2/O
                         net (fo=1, routed)           0.000    17.508    u_mlkem/u_sponge/st_reg[34]_1
    SLICE_X67Y63         MUXF7 (Prop_muxf7_I0_O)      0.238    17.746 r  u_mlkem/u_sponge/st_reg[34]_i_1/O
                         net (fo=1, routed)           0.000    17.746    u_mlkem/u_sponge/st_reg[34]_i_1_n_0
    SLICE_X67Y63         FDRE                                         r  u_mlkem/u_sponge/st_reg[34]/D
  -------------------------------------------------------------------    -------------------

                         (clock clk_core_mmcm rise edge)
                                                      4.848     4.848 r  
    E3                                                0.000     4.848 r  clk_100mhz (IN)
                         net (fo=0)                   0.000     4.848    clk_100mhz
    E3                   IBUF (Prop_ibuf_I_O)         1.411     6.260 r  clk_100mhz_IBUF_inst/O
                         net (fo=1, routed)           1.920     8.180    clk_100mhz_IBUF
    BUFGCTRL_X0Y16       BUFG (Prop_bufg_I_O)         0.091     8.271 r  clk_100mhz_IBUF_BUFG_inst/O
                         net (fo=2651, routed)        1.683     9.954    clk_100mhz_IBUF_BUFG
    MMCME2_ADV_X0Y0      MMCME2_ADV (Prop_mmcme2_adv_CLKIN1_CLKOUT0)
                                                      0.083    10.037 r  u_mmcm/CLKOUT0
                         net (fo=1, routed)           1.923    11.960    clk_core_mmcm
    BUFGCTRL_X0Y0        BUFG (Prop_bufg_I_O)         0.091    12.051 r  u_bufg_core/O
                         net (fo=4040, routed)        1.504    13.555    u_mlkem/u_sponge/clk_core
    SLICE_X67Y63         FDRE                                         r  u_mlkem/u_sponge/st_reg[34]/C
                         clock pessimism              0.420    13.975    
                         clock uncertainty           -0.074    13.900    
    SLICE_X67Y63         FDRE (Setup_fdre_C_D)        0.064    13.964    u_mlkem/u_sponge/st_reg[34]
  -------------------------------------------------------------------
                         required time                         13.964    
                         arrival time                         -17.746    
  -------------------------------------------------------------------
                         slack                                 -3.782    

Slack (VIOLATED) :        -3.780ns  (required time - arrival time)
  Source:                 u_mlkem/u_sponge/pos_reg[2]_rep_replica/C
                            (rising edge-triggered cell FDRE clocked by clk_core_mmcm  {rise@0.000ns fall@2.424ns period=4.848ns})
  Destination:            u_mlkem/u_unpack/cr_d_reg[50]/D
                            (rising edge-triggered cell FDRE clocked by clk_core_mmcm  {rise@0.000ns fall@2.424ns period=4.848ns})
  Path Group:             clk_core_mmcm
  Path Type:              Setup (Max at Slow Process Corner)
  Requirement:            4.848ns  (clk_core_mmcm rise@4.848ns - clk_core_mmcm rise@0.000ns)
  Data Path Delay:        8.562ns  (logic 4.989ns (58.266%)  route 3.573ns (41.734%))
  Logic Levels:           8  (CARRY4=6 LUT4=1 LUT6=1)
  Clock Path Skew:        -0.024ns (DCD - SCD + CPR)
    Destination Clock Delay (DCD):    8.716ns = ( 13.564 - 4.848 ) 
    Source Clock Delay      (SCD):    9.248ns
    Clock Pessimism Removal (CPR):    0.508ns
  Clock Uncertainty:      0.074ns  ((TSJ^2 + DJ^2)^1/2) / 2 + PE
    Total System Jitter     (TSJ):    0.071ns
    Discrete Jitter          (DJ):    0.131ns
    Phase Error              (PE):    0.000ns

    Location             Delay type                Incr(ns)  Path(ns)    Netlist Resource(s)
  -------------------------------------------------------------------    -------------------
                         (clock clk_core_mmcm rise edge)
                                                      0.000     0.000 r  
    E3                                                0.000     0.000 r  clk_100mhz (IN)
                         net (fo=0)                   0.000     0.000    clk_100mhz
    E3                   IBUF (Prop_ibuf_I_O)         1.482     1.482 r  clk_100mhz_IBUF_inst/O
                         net (fo=1, routed)           2.025     3.506    clk_100mhz_IBUF
    BUFGCTRL_X0Y16       BUFG (Prop_bufg_I_O)         0.096     3.602 r  clk_100mhz_IBUF_BUFG_inst/O
                         net (fo=2651, routed)        1.809     5.412    clk_100mhz_IBUF_BUFG
    MMCME2_ADV_X0Y0      MMCME2_ADV (Prop_mmcme2_adv_CLKIN1_CLKOUT0)
                                                      0.088     5.500 r  u_mmcm/CLKOUT0
                         net (fo=1, routed)           2.018     7.518    clk_core_mmcm
    BUFGCTRL_X0Y0        BUFG (Prop_bufg_I_O)         0.096     7.614 r  u_bufg_core/O
                         net (fo=4040, routed)        1.633     9.248    u_mlkem/u_sponge/clk_core
    SLICE_X43Y56         FDRE                                         r  u_mlkem/u_sponge/pos_reg[2]_rep_replica/C
  -------------------------------------------------------------------    -------------------
    SLICE_X43Y56         FDRE (Prop_fdre_C_Q)         0.456     9.704 f  u_mlkem/u_sponge/pos_reg[2]_rep_replica/Q
                         net (fo=12, routed)          0.812    10.515    u_mlkem/u_sponge/pos_reg[2]_rep_n_0_repN
    SLICE_X46Y56         LUT4 (Prop_lut4_I0_O)        0.124    10.639 r  u_mlkem/u_sponge/cr_d[15]_i_6/O
                         net (fo=1, routed)           0.000    10.639    u_mlkem/u_sponge/cr_d[15]_i_6_n_0
    SLICE_X46Y56         CARRY4 (Prop_carry4_S[2]_CO[3])
                                                      0.380    11.019 r  u_mlkem/u_sponge/cr_d_reg[15]_i_3/CO[3]
                         net (fo=8, routed)           0.794    11.813    u_mlkem/u_sponge/cr_d_reg[15]_i_3_n_0
    SLICE_X45Y55         CARRY4 (Prop_carry4_CYINIT_CO[2])
                                                      0.592    12.405 r  u_mlkem/u_sponge/cr_d_reg[23]_i_3/CO[2]
                         net (fo=8, routed)           0.350    12.755    u_mlkem/u_sponge/cr_d_reg[23]_i_3_n_1
    SLICE_X44Y54         CARRY4 (Prop_carry4_CYINIT_CO[2])
                                                      0.781    13.536 r  u_mlkem/u_sponge/cr_d_reg[31]_i_3/CO[2]
                         net (fo=8, routed)           0.353    13.888    u_mlkem/u_sponge/cr_d_reg[31]_i_3_n_1
    SLICE_X43Y55         CARRY4 (Prop_carry4_CYINIT_CO[2])
                                                      0.781    14.669 r  u_mlkem/u_sponge/cr_d_reg[39]_i_3/CO[2]
                         net (fo=8, routed)           0.510    15.179    u_mlkem/u_sponge/cr_d_reg[39]_i_3_n_1
    SLICE_X44Y52         CARRY4 (Prop_carry4_CYINIT_CO[2])
                                                      0.781    15.960 r  u_mlkem/u_sponge/cr_d_reg[47]_i_3/CO[2]
                         net (fo=8, routed)           0.399    16.360    u_mlkem/u_sponge/cr_d_reg[47]_i_3_n_1
    SLICE_X45Y51         CARRY4 (Prop_carry4_CYINIT_CO[2])
                                                      0.781    17.141 f  u_mlkem/u_sponge/cr_d_reg[55]_i_3/CO[2]
                         net (fo=8, routed)           0.356    17.497    u_mlkem/u_sponge/cr_d_reg[55]_i_3_n_1
    SLICE_X44Y50         LUT6 (Prop_lut6_I5_O)        0.313    17.810 r  u_mlkem/u_sponge/cr_d[50]_i_1/O
                         net (fo=1, routed)           0.000    17.810    u_mlkem/u_unpack/cr_d_reg[63]_0[50]
    SLICE_X44Y50         FDRE                                         r  u_mlkem/u_unpack/cr_d_reg[50]/D
  -------------------------------------------------------------------    -------------------

                         (clock clk_core_mmcm rise edge)
                                                      4.848     4.848 r  
    E3                                                0.000     4.848 r  clk_100mhz (IN)
                         net (fo=0)                   0.000     4.848    clk_100mhz
    E3                   IBUF (Prop_ibuf_I_O)         1.411     6.260 r  clk_100mhz_IBUF_inst/O
                         net (fo=1, routed)           1.920     8.180    clk_100mhz_IBUF
    BUFGCTRL_X0Y16       BUFG (Prop_bufg_I_O)         0.091     8.271 r  clk_100mhz_IBUF_BUFG_inst/O
                         net (fo=2651, routed)        1.683     9.954    clk_100mhz_IBUF_BUFG
    MMCME2_ADV_X0Y0      MMCME2_ADV (Prop_mmcme2_adv_CLKIN1_CLKOUT0)
                                                      0.083    10.037 r  u_mmcm/CLKOUT0
                         net (fo=1, routed)           1.923    11.960    clk_core_mmcm
    BUFGCTRL_X0Y0        BUFG (Prop_bufg_I_O)         0.091    12.051 r  u_bufg_core/O
                         net (fo=4040, routed)        1.513    13.564    u_mlkem/u_unpack/clk_core
    SLICE_X44Y50         FDRE                                         r  u_mlkem/u_unpack/cr_d_reg[50]/C
                         clock pessimism              0.508    14.072    
                         clock uncertainty           -0.074    13.997    
    SLICE_X44Y50         FDRE (Setup_fdre_C_D)        0.032    14.029    u_mlkem/u_unpack/cr_d_reg[50]
  -------------------------------------------------------------------
                         required time                         14.029    
                         arrival time                         -17.810    
  -------------------------------------------------------------------
                         slack                                 -3.780    

Slack (VIOLATED) :        -3.778ns  (required time - arrival time)
  Source:                 u_mlkem/u_sponge/pos_reg[2]_rep_replica/C
                            (rising edge-triggered cell FDRE clocked by clk_core_mmcm  {rise@0.000ns fall@2.424ns period=4.848ns})
  Destination:            u_mlkem/u_unpack/cr_d_reg[49]/D
                            (rising edge-triggered cell FDRE clocked by clk_core_mmcm  {rise@0.000ns fall@2.424ns period=4.848ns})
  Path Group:             clk_core_mmcm
  Path Type:              Setup (Max at Slow Process Corner)
  Requirement:            4.848ns  (clk_core_mmcm rise@4.848ns - clk_core_mmcm rise@0.000ns)
  Data Path Delay:        8.559ns  (logic 4.989ns (58.287%)  route 3.570ns (41.713%))
  Logic Levels:           8  (CARRY4=6 LUT4=1 LUT6=1)
  Clock Path Skew:        -0.024ns (DCD - SCD + CPR)
    Destination Clock Delay (DCD):    8.716ns = ( 13.564 - 4.848 ) 
    Source Clock Delay      (SCD):    9.248ns
    Clock Pessimism Removal (CPR):    0.508ns
  Clock Uncertainty:      0.074ns  ((TSJ^2 + DJ^2)^1/2) / 2 + PE
    Total System Jitter     (TSJ):    0.071ns
    Discrete Jitter          (DJ):    0.131ns
    Phase Error              (PE):    0.000ns

    Location             Delay type                Incr(ns)  Path(ns)    Netlist Resource(s)
  -------------------------------------------------------------------    -------------------
                         (clock clk_core_mmcm rise edge)
                                                      0.000     0.000 r  
    E3                                                0.000     0.000 r  clk_100mhz (IN)
                         net (fo=0)                   0.000     0.000    clk_100mhz
    E3                   IBUF (Prop_ibuf_I_O)         1.482     1.482 r  clk_100mhz_IBUF_inst/O
                         net (fo=1, routed)           2.025     3.506    clk_100mhz_IBUF
    BUFGCTRL_X0Y16       BUFG (Prop_bufg_I_O)         0.096     3.602 r  clk_100mhz_IBUF_BUFG_inst/O
                         net (fo=2651, routed)        1.809     5.412    clk_100mhz_IBUF_BUFG
    MMCME2_ADV_X0Y0      MMCME2_ADV (Prop_mmcme2_adv_CLKIN1_CLKOUT0)
                                                      0.088     5.500 r  u_mmcm/CLKOUT0
                         net (fo=1, routed)           2.018     7.518    clk_core_mmcm
    BUFGCTRL_X0Y0        BUFG (Prop_bufg_I_O)         0.096     7.614 r  u_bufg_core/O
                         net (fo=4040, routed)        1.633     9.248    u_mlkem/u_sponge/clk_core
    SLICE_X43Y56         FDRE                                         r  u_mlkem/u_sponge/pos_reg[2]_rep_replica/C
  -------------------------------------------------------------------    -------------------
    SLICE_X43Y56         FDRE (Prop_fdre_C_Q)         0.456     9.704 f  u_mlkem/u_sponge/pos_reg[2]_rep_replica/Q
                         net (fo=12, routed)          0.812    10.515    u_mlkem/u_sponge/pos_reg[2]_rep_n_0_repN
    SLICE_X46Y56         LUT4 (Prop_lut4_I0_O)        0.124    10.639 r  u_mlkem/u_sponge/cr_d[15]_i_6/O
                         net (fo=1, routed)           0.000    10.639    u_mlkem/u_sponge/cr_d[15]_i_6_n_0
    SLICE_X46Y56         CARRY4 (Prop_carry4_S[2]_CO[3])
                                                      0.380    11.019 r  u_mlkem/u_sponge/cr_d_reg[15]_i_3/CO[3]
                         net (fo=8, routed)           0.794    11.813    u_mlkem/u_sponge/cr_d_reg[15]_i_3_n_0
    SLICE_X45Y55         CARRY4 (Prop_carry4_CYINIT_CO[2])
                                                      0.592    12.405 r  u_mlkem/u_sponge/cr_d_reg[23]_i_3/CO[2]
                         net (fo=8, routed)           0.350    12.755    u_mlkem/u_sponge/cr_d_reg[23]_i_3_n_1
    SLICE_X44Y54         CARRY4 (Prop_carry4_CYINIT_CO[2])
                                                      0.781    13.536 r  u_mlkem/u_sponge/cr_d_reg[31]_i_3/CO[2]
                         net (fo=8, routed)           0.353    13.888    u_mlkem/u_sponge/cr_d_reg[31]_i_3_n_1
    SLICE_X43Y55         CARRY4 (Prop_carry4_CYINIT_CO[2])
                                                      0.781    14.669 r  u_mlkem/u_sponge/cr_d_reg[39]_i_3/CO[2]
                         net (fo=8, routed)           0.510    15.179    u_mlkem/u_sponge/cr_d_reg[39]_i_3_n_1
    SLICE_X44Y52         CARRY4 (Prop_carry4_CYINIT_CO[2])
                                                      0.781    15.960 r  u_mlkem/u_sponge/cr_d_reg[47]_i_3/CO[2]
                         net (fo=8, routed)           0.399    16.360    u_mlkem/u_sponge/cr_d_reg[47]_i_3_n_1
    SLICE_X45Y51         CARRY4 (Prop_carry4_CYINIT_CO[2])
                                                      0.781    17.141 f  u_mlkem/u_sponge/cr_d_reg[55]_i_3/CO[2]
                         net (fo=8, routed)           0.353    17.494    u_mlkem/u_sponge/cr_d_reg[55]_i_3_n_1
    SLICE_X44Y50         LUT6 (Prop_lut6_I5_O)        0.313    17.807 r  u_mlkem/u_sponge/cr_d[49]_i_1/O
                         net (fo=1, routed)           0.000    17.807    u_mlkem/u_unpack/cr_d_reg[63]_0[49]
    SLICE_X44Y50         FDRE                                         r  u_mlkem/u_unpack/cr_d_reg[49]/D
  -------------------------------------------------------------------    -------------------

                         (clock clk_core_mmcm rise edge)
                                                      4.848     4.848 r  
    E3                                                0.000     4.848 r  clk_100mhz (IN)
                         net (fo=0)                   0.000     4.848    clk_100mhz
    E3                   IBUF (Prop_ibuf_I_O)         1.411     6.260 r  clk_100mhz_IBUF_inst/O
                         net (fo=1, routed)           1.920     8.180    clk_100mhz_IBUF
    BUFGCTRL_X0Y16       BUFG (Prop_bufg_I_O)         0.091     8.271 r  clk_100mhz_IBUF_BUFG_inst/O
                         net (fo=2651, routed)        1.683     9.954    clk_100mhz_IBUF_BUFG
    MMCME2_ADV_X0Y0      MMCME2_ADV (Prop_mmcme2_adv_CLKIN1_CLKOUT0)
                                                      0.083    10.037 r  u_mmcm/CLKOUT0
                         net (fo=1, routed)           1.923    11.960    clk_core_mmcm
    BUFGCTRL_X0Y0        BUFG (Prop_bufg_I_O)         0.091    12.051 r  u_bufg_core/O
                         net (fo=4040, routed)        1.513    13.564    u_mlkem/u_unpack/clk_core
    SLICE_X44Y50         FDRE                                         r  u_mlkem/u_unpack/cr_d_reg[49]/C
                         clock pessimism              0.508    14.072    
                         clock uncertainty           -0.074    13.997    
    SLICE_X44Y50         FDRE (Setup_fdre_C_D)        0.031    14.028    u_mlkem/u_unpack/cr_d_reg[49]
  -------------------------------------------------------------------
                         required time                         14.028    
                         arrival time                         -17.807    
  -------------------------------------------------------------------
                         slack                                 -3.778    

Slack (VIOLATED) :        -3.778ns  (required time - arrival time)
  Source:                 u_mlkem/u_sponge/pos_reg[2]_rep_replica/C
                            (rising edge-triggered cell FDRE clocked by clk_core_mmcm  {rise@0.000ns fall@2.424ns period=4.848ns})
  Destination:            u_mlkem/u_unpack/cr_d_reg[51]/D
                            (rising edge-triggered cell FDRE clocked by clk_core_mmcm  {rise@0.000ns fall@2.424ns period=4.848ns})
  Path Group:             clk_core_mmcm
  Path Type:              Setup (Max at Slow Process Corner)
  Requirement:            4.848ns  (clk_core_mmcm rise@4.848ns - clk_core_mmcm rise@0.000ns)
  Data Path Delay:        8.559ns  (logic 4.989ns (58.288%)  route 3.570ns (41.712%))
  Logic Levels:           8  (CARRY4=6 LUT4=1 LUT6=1)
  Clock Path Skew:        -0.024ns (DCD - SCD + CPR)
    Destination Clock Delay (DCD):    8.716ns = ( 13.564 - 4.848 ) 
    Source Clock Delay      (SCD):    9.248ns
    Clock Pessimism Removal (CPR):    0.508ns
  Clock Uncertainty:      0.074ns  ((TSJ^2 + DJ^2)^1/2) / 2 + PE
    Total System Jitter     (TSJ):    0.071ns
    Discrete Jitter          (DJ):    0.131ns
    Phase Error              (PE):    0.000ns

    Location             Delay type                Incr(ns)  Path(ns)    Netlist Resource(s)
  -------------------------------------------------------------------    -------------------
                         (clock clk_core_mmcm rise edge)
                                                      0.000     0.000 r  
    E3                                                0.000     0.000 r  clk_100mhz (IN)
                         net (fo=0)                   0.000     0.000    clk_100mhz
    E3                   IBUF (Prop_ibuf_I_O)         1.482     1.482 r  clk_100mhz_IBUF_inst/O
                         net (fo=1, routed)           2.025     3.506    clk_100mhz_IBUF
    BUFGCTRL_X0Y16       BUFG (Prop_bufg_I_O)         0.096     3.602 r  clk_100mhz_IBUF_BUFG_inst/O
                         net (fo=2651, routed)        1.809     5.412    clk_100mhz_IBUF_BUFG
    MMCME2_ADV_X0Y0      MMCME2_ADV (Prop_mmcme2_adv_CLKIN1_CLKOUT0)
                                                      0.088     5.500 r  u_mmcm/CLKOUT0
                         net (fo=1, routed)           2.018     7.518    clk_core_mmcm
    BUFGCTRL_X0Y0        BUFG (Prop_bufg_I_O)         0.096     7.614 r  u_bufg_core/O
                         net (fo=4040, routed)        1.633     9.248    u_mlkem/u_sponge/clk_core
    SLICE_X43Y56         FDRE                                         r  u_mlkem/u_sponge/pos_reg[2]_rep_replica/C
  -------------------------------------------------------------------    -------------------
    SLICE_X43Y56         FDRE (Prop_fdre_C_Q)         0.456     9.704 f  u_mlkem/u_sponge/pos_reg[2]_rep_replica/Q
                         net (fo=12, routed)          0.812    10.515    u_mlkem/u_sponge/pos_reg[2]_rep_n_0_repN
    SLICE_X46Y56         LUT4 (Prop_lut4_I0_O)        0.124    10.639 r  u_mlkem/u_sponge/cr_d[15]_i_6/O
                         net (fo=1, routed)           0.000    10.639    u_mlkem/u_sponge/cr_d[15]_i_6_n_0
    SLICE_X46Y56         CARRY4 (Prop_carry4_S[2]_CO[3])
                                                      0.380    11.019 r  u_mlkem/u_sponge/cr_d_reg[15]_i_3/CO[3]
                         net (fo=8, routed)           0.794    11.813    u_mlkem/u_sponge/cr_d_reg[15]_i_3_n_0
    SLICE_X45Y55         CARRY4 (Prop_carry4_CYINIT_CO[2])
                                                      0.592    12.405 r  u_mlkem/u_sponge/cr_d_reg[23]_i_3/CO[2]
                         net (fo=8, routed)           0.350    12.755    u_mlkem/u_sponge/cr_d_reg[23]_i_3_n_1
    SLICE_X44Y54         CARRY4 (Prop_carry4_CYINIT_CO[2])
                                                      0.781    13.536 r  u_mlkem/u_sponge/cr_d_reg[31]_i_3/CO[2]
                         net (fo=8, routed)           0.353    13.888    u_mlkem/u_sponge/cr_d_reg[31]_i_3_n_1
    SLICE_X43Y55         CARRY4 (Prop_carry4_CYINIT_CO[2])
                                                      0.781    14.669 r  u_mlkem/u_sponge/cr_d_reg[39]_i_3/CO[2]
                         net (fo=8, routed)           0.510    15.179    u_mlkem/u_sponge/cr_d_reg[39]_i_3_n_1
    SLICE_X44Y52         CARRY4 (Prop_carry4_CYINIT_CO[2])
                                                      0.781    15.960 r  u_mlkem/u_sponge/cr_d_reg[47]_i_3/CO[2]
                         net (fo=8, routed)           0.399    16.360    u_mlkem/u_sponge/cr_d_reg[47]_i_3_n_1
    SLICE_X45Y51         CARRY4 (Prop_carry4_CYINIT_CO[2])
                                                      0.781    17.141 f  u_mlkem/u_sponge/cr_d_reg[55]_i_3/CO[2]
                         net (fo=8, routed)           0.353    17.494    u_mlkem/u_sponge/cr_d_reg[55]_i_3_n_1
    SLICE_X44Y50         LUT6 (Prop_lut6_I5_O)        0.313    17.807 r  u_mlkem/u_sponge/cr_d[51]_i_1/O
                         net (fo=1, routed)           0.000    17.807    u_mlkem/u_unpack/cr_d_reg[63]_0[51]
    SLICE_X44Y50         FDRE                                         r  u_mlkem/u_unpack/cr_d_reg[51]/D
  -------------------------------------------------------------------    -------------------

                         (clock clk_core_mmcm rise edge)
                                                      4.848     4.848 r  
    E3                                                0.000     4.848 r  clk_100mhz (IN)
                         net (fo=0)                   0.000     4.848    clk_100mhz
    E3                   IBUF (Prop_ibuf_I_O)         1.411     6.260 r  clk_100mhz_IBUF_inst/O
                         net (fo=1, routed)           1.920     8.180    clk_100mhz_IBUF
    BUFGCTRL_X0Y16       BUFG (Prop_bufg_I_O)         0.091     8.271 r  clk_100mhz_IBUF_BUFG_inst/O
                         net (fo=2651, routed)        1.683     9.954    clk_100mhz_IBUF_BUFG
    MMCME2_ADV_X0Y0      MMCME2_ADV (Prop_mmcme2_adv_CLKIN1_CLKOUT0)
                                                      0.083    10.037 r  u_mmcm/CLKOUT0
                         net (fo=1, routed)           1.923    11.960    clk_core_mmcm
    BUFGCTRL_X0Y0        BUFG (Prop_bufg_I_O)         0.091    12.051 r  u_bufg_core/O
                         net (fo=4040, routed)        1.513    13.564    u_mlkem/u_unpack/clk_core
    SLICE_X44Y50         FDRE                                         r  u_mlkem/u_unpack/cr_d_reg[51]/C
                         clock pessimism              0.508    14.072    
                         clock uncertainty           -0.074    13.997    
    SLICE_X44Y50         FDRE (Setup_fdre_C_D)        0.031    14.028    u_mlkem/u_unpack/cr_d_reg[51]
  -------------------------------------------------------------------
                         required time                         14.028    
                         arrival time                         -17.807    
  -------------------------------------------------------------------
                         slack                                 -3.778    

Slack (VIOLATED) :        -3.775ns  (required time - arrival time)
  Source:                 u_mlkem/u_ctrl/FSM_sequential_state_reg[1]/C
                            (rising edge-triggered cell FDRE clocked by clk_core_mmcm  {rise@0.000ns fall@2.424ns period=4.848ns})
  Destination:            u_mlkem/u_sponge/st_reg[229]/D
                            (rising edge-triggered cell FDRE clocked by clk_core_mmcm  {rise@0.000ns fall@2.424ns period=4.848ns})
  Path Group:             clk_core_mmcm
  Path Type:              Setup (Max at Slow Process Corner)
  Requirement:            4.848ns  (clk_core_mmcm rise@4.848ns - clk_core_mmcm rise@0.000ns)
  Data Path Delay:        8.495ns  (logic 3.160ns (37.198%)  route 5.335ns (62.802%))
  Logic Levels:           9  (CARRY4=3 LUT3=1 LUT4=1 LUT6=4)
  Clock Path Skew:        -0.131ns (DCD - SCD + CPR)
    Destination Clock Delay (DCD):    8.696ns = ( 13.544 - 4.848 ) 
    Source Clock Delay      (SCD):    9.247ns
    Clock Pessimism Removal (CPR):    0.420ns
  Clock Uncertainty:      0.074ns  ((TSJ^2 + DJ^2)^1/2) / 2 + PE
    Total System Jitter     (TSJ):    0.071ns
    Discrete Jitter          (DJ):    0.131ns
    Phase Error              (PE):    0.000ns

    Location             Delay type                Incr(ns)  Path(ns)    Netlist Resource(s)
  -------------------------------------------------------------------    -------------------
                         (clock clk_core_mmcm rise edge)
                                                      0.000     0.000 r  
    E3                                                0.000     0.000 r  clk_100mhz (IN)
                         net (fo=0)                   0.000     0.000    clk_100mhz
    E3                   IBUF (Prop_ibuf_I_O)         1.482     1.482 r  clk_100mhz_IBUF_inst/O
                         net (fo=1, routed)           2.025     3.506    clk_100mhz_IBUF
    BUFGCTRL_X0Y16       BUFG (Prop_bufg_I_O)         0.096     3.602 r  clk_100mhz_IBUF_BUFG_inst/O
                         net (fo=2651, routed)        1.809     5.412    clk_100mhz_IBUF_BUFG
    MMCME2_ADV_X0Y0      MMCME2_ADV (Prop_mmcme2_adv_CLKIN1_CLKOUT0)
                                                      0.088     5.500 r  u_mmcm/CLKOUT0
                         net (fo=1, routed)           2.018     7.518    clk_core_mmcm
    BUFGCTRL_X0Y0        BUFG (Prop_bufg_I_O)         0.096     7.614 r  u_bufg_core/O
                         net (fo=4040, routed)        1.632     9.247    u_mlkem/u_ctrl/clk_core
    SLICE_X43Y58         FDRE                                         r  u_mlkem/u_ctrl/FSM_sequential_state_reg[1]/C
  -------------------------------------------------------------------    -------------------
    SLICE_X43Y58         FDRE (Prop_fdre_C_Q)         0.456     9.703 r  u_mlkem/u_ctrl/FSM_sequential_state_reg[1]/Q
                         net (fo=167, routed)         0.660    10.363    u_mlkem/u_ctrl/state__0[1]
    SLICE_X43Y59         LUT4 (Prop_lut4_I2_O)        0.124    10.487 r  u_mlkem/u_ctrl/pos[3]_i_6/O
                         net (fo=89, routed)          0.399    10.886    u_mlkem/u_ctrl/FSM_sequential_state_reg[3]_0
    SLICE_X44Y59         LUT6 (Prop_lut6_I5_O)        0.124    11.010 r  u_mlkem/u_ctrl/st[1342]_i_13/O
                         net (fo=1, routed)           0.331    11.341    u_mlkem/u_ctrl/u_sponge/ab_mask1[8]
    SLICE_X44Y60         CARRY4 (Prop_carry4_DI[2]_CO[3])
                                                      0.398    11.739 r  u_mlkem/u_ctrl/st_reg[1342]_i_9/CO[3]
                         net (fo=21, routed)          1.034    12.773    u_mlkem/u_ctrl/st_reg[1342]_i_9_n_0
    SLICE_X45Y60         CARRY4 (Prop_carry4_CYINIT_CO[2])
                                                      0.592    13.365 r  u_mlkem/u_ctrl/st_reg[1342]_i_8/CO[2]
                         net (fo=22, routed)          0.441    13.806    u_mlkem/u_ctrl/st_reg[1342]_i_8_n_1
    SLICE_X45Y59         CARRY4 (Prop_carry4_CYINIT_CO[2])
                                                      0.781    14.587 f  u_mlkem/u_ctrl/st_reg[1342]_i_10/CO[2]
                         net (fo=20, routed)          0.485    15.072    u_mlkem/u_ctrl/st_reg[1342]_i_10_n_1
    SLICE_X46Y59         LUT6 (Prop_lut6_I5_O)        0.313    15.385 r  u_mlkem/u_ctrl/st[1341]_i_6/O
                         net (fo=2, routed)           0.457    15.843    u_mlkem/u_ctrl/st[1341]_i_6_n_0
    SLICE_X46Y62         LUT6 (Prop_lut6_I4_O)        0.124    15.967 r  u_mlkem/u_ctrl/st[1317]_i_4/O
                         net (fo=2, routed)           0.463    16.430    u_mlkem/u_ctrl/st[1317]_i_4_n_0
    SLICE_X47Y62         LUT3 (Prop_lut3_I0_O)        0.124    16.554 r  u_mlkem/u_ctrl/st[1317]_i_3/O
                         net (fo=21, routed)          1.064    17.618    u_mlkem/u_sponge/st_reg[1151]_0[15]
    SLICE_X54Y67         LUT6 (Prop_lut6_I3_O)        0.124    17.742 r  u_mlkem/u_sponge/st[229]_i_1/O
                         net (fo=1, routed)           0.000    17.742    u_mlkem/u_sponge/st[229]_i_1_n_0
    SLICE_X54Y67         FDRE                                         r  u_mlkem/u_sponge/st_reg[229]/D
  -------------------------------------------------------------------    -------------------

                         (clock clk_core_mmcm rise edge)
                                                      4.848     4.848 r  
    E3                                                0.000     4.848 r  clk_100mhz (IN)
                         net (fo=0)                   0.000     4.848    clk_100mhz
    E3                   IBUF (Prop_ibuf_I_O)         1.411     6.260 r  clk_100mhz_IBUF_inst/O
                         net (fo=1, routed)           1.920     8.180    clk_100mhz_IBUF
    BUFGCTRL_X0Y16       BUFG (Prop_bufg_I_O)         0.091     8.271 r  clk_100mhz_IBUF_BUFG_inst/O
                         net (fo=2651, routed)        1.683     9.954    clk_100mhz_IBUF_BUFG
    MMCME2_ADV_X0Y0      MMCME2_ADV (Prop_mmcme2_adv_CLKIN1_CLKOUT0)
                                                      0.083    10.037 r  u_mmcm/CLKOUT0
                         net (fo=1, routed)           1.923    11.960    clk_core_mmcm
    BUFGCTRL_X0Y0        BUFG (Prop_bufg_I_O)         0.091    12.051 r  u_bufg_core/O
                         net (fo=4040, routed)        1.493    13.544    u_mlkem/u_sponge/clk_core
    SLICE_X54Y67         FDRE                                         r  u_mlkem/u_sponge/st_reg[229]/C
                         clock pessimism              0.420    13.964    
                         clock uncertainty           -0.074    13.889    
    SLICE_X54Y67         FDRE (Setup_fdre_C_D)        0.077    13.966    u_mlkem/u_sponge/st_reg[229]
  -------------------------------------------------------------------
                         required time                         13.966    
                         arrival time                         -17.742    
  -------------------------------------------------------------------
                         slack                                 -3.775    

Slack (VIOLATED) :        -3.769ns  (required time - arrival time)
  Source:                 u_mlkem/u_ctrl/FSM_sequential_state_reg[1]/C
                            (rising edge-triggered cell FDRE clocked by clk_core_mmcm  {rise@0.000ns fall@2.424ns period=4.848ns})
  Destination:            u_mlkem/u_sponge/st_reg[289]/D
                            (rising edge-triggered cell FDRE clocked by clk_core_mmcm  {rise@0.000ns fall@2.424ns period=4.848ns})
  Path Group:             clk_core_mmcm
  Path Type:              Setup (Max at Slow Process Corner)
  Requirement:            4.848ns  (clk_core_mmcm rise@4.848ns - clk_core_mmcm rise@0.000ns)
  Data Path Delay:        8.536ns  (logic 3.245ns (38.015%)  route 5.291ns (61.985%))
  Logic Levels:           9  (CARRY4=3 LUT3=1 LUT4=1 LUT5=1 LUT6=2 MUXF7=1)
  Clock Path Skew:        -0.120ns (DCD - SCD + CPR)
    Destination Clock Delay (DCD):    8.707ns = ( 13.555 - 4.848 ) 
    Source Clock Delay      (SCD):    9.247ns
    Clock Pessimism Removal (CPR):    0.420ns
  Clock Uncertainty:      0.074ns  ((TSJ^2 + DJ^2)^1/2) / 2 + PE
    Total System Jitter     (TSJ):    0.071ns
    Discrete Jitter          (DJ):    0.131ns
    Phase Error              (PE):    0.000ns

    Location             Delay type                Incr(ns)  Path(ns)    Netlist Resource(s)
  -------------------------------------------------------------------    -------------------
                         (clock clk_core_mmcm rise edge)
                                                      0.000     0.000 r  
    E3                                                0.000     0.000 r  clk_100mhz (IN)
                         net (fo=0)                   0.000     0.000    clk_100mhz
    E3                   IBUF (Prop_ibuf_I_O)         1.482     1.482 r  clk_100mhz_IBUF_inst/O
                         net (fo=1, routed)           2.025     3.506    clk_100mhz_IBUF
    BUFGCTRL_X0Y16       BUFG (Prop_bufg_I_O)         0.096     3.602 r  clk_100mhz_IBUF_BUFG_inst/O
                         net (fo=2651, routed)        1.809     5.412    clk_100mhz_IBUF_BUFG
    MMCME2_ADV_X0Y0      MMCME2_ADV (Prop_mmcme2_adv_CLKIN1_CLKOUT0)
                                                      0.088     5.500 r  u_mmcm/CLKOUT0
                         net (fo=1, routed)           2.018     7.518    clk_core_mmcm
    BUFGCTRL_X0Y0        BUFG (Prop_bufg_I_O)         0.096     7.614 r  u_bufg_core/O
                         net (fo=4040, routed)        1.632     9.247    u_mlkem/u_ctrl/clk_core
    SLICE_X43Y58         FDRE                                         r  u_mlkem/u_ctrl/FSM_sequential_state_reg[1]/C
  -------------------------------------------------------------------    -------------------
    SLICE_X43Y58         FDRE (Prop_fdre_C_Q)         0.456     9.703 r  u_mlkem/u_ctrl/FSM_sequential_state_reg[1]/Q
                         net (fo=167, routed)         0.660    10.363    u_mlkem/u_ctrl/state__0[1]
    SLICE_X43Y59         LUT4 (Prop_lut4_I2_O)        0.124    10.487 r  u_mlkem/u_ctrl/pos[3]_i_6/O
                         net (fo=89, routed)          0.399    10.886    u_mlkem/u_ctrl/FSM_sequential_state_reg[3]_0
    SLICE_X44Y59         LUT6 (Prop_lut6_I5_O)        0.124    11.010 r  u_mlkem/u_ctrl/st[1342]_i_13/O
                         net (fo=1, routed)           0.331    11.341    u_mlkem/u_ctrl/u_sponge/ab_mask1[8]
    SLICE_X44Y60         CARRY4 (Prop_carry4_DI[2]_CO[3])
                                                      0.398    11.739 r  u_mlkem/u_ctrl/st_reg[1342]_i_9/CO[3]
                         net (fo=21, routed)          1.034    12.773    u_mlkem/u_ctrl/st_reg[1342]_i_9_n_0
    SLICE_X45Y60         CARRY4 (Prop_carry4_CYINIT_CO[2])
                                                      0.592    13.365 r  u_mlkem/u_ctrl/st_reg[1342]_i_8/CO[2]
                         net (fo=22, routed)          0.441    13.806    u_mlkem/u_ctrl/st_reg[1342]_i_8_n_1
    SLICE_X45Y59         CARRY4 (Prop_carry4_CYINIT_CO[2])
                                                      0.781    14.587 f  u_mlkem/u_ctrl/st_reg[1342]_i_10/CO[2]
                         net (fo=20, routed)          0.727    15.314    u_mlkem/u_ctrl/st_reg[1342]_i_10_n_1
    SLICE_X48Y60         LUT6 (Prop_lut6_I2_O)        0.313    15.627 r  u_mlkem/u_ctrl/st[1313]_i_5/O
                         net (fo=2, routed)           0.444    16.071    u_mlkem/u_ctrl/st[1313]_i_5_n_0
    SLICE_X50Y60         LUT3 (Prop_lut3_I0_O)        0.124    16.195 r  u_mlkem/u_ctrl/st[1313]_i_4/O
                         net (fo=21, routed)          1.255    17.450    u_mlkem/u_ctrl/pos_reg[0]_25[13]
    SLICE_X66Y64         LUT5 (Prop_lut5_I1_O)        0.124    17.574 r  u_mlkem/u_ctrl/st[289]_i_2/O
                         net (fo=1, routed)           0.000    17.574    u_mlkem/u_sponge/st_reg[289]_0
    SLICE_X66Y64         MUXF7 (Prop_muxf7_I0_O)      0.209    17.783 r  u_mlkem/u_sponge/st_reg[289]_i_1/O
                         net (fo=1, routed)           0.000    17.783    u_mlkem/u_sponge/st_reg[289]_i_1_n_0
    SLICE_X66Y64         FDRE                                         r  u_mlkem/u_sponge/st_reg[289]/D
  -------------------------------------------------------------------    -------------------

                         (clock clk_core_mmcm rise edge)
                                                      4.848     4.848 r  
    E3                                                0.000     4.848 r  clk_100mhz (IN)
                         net (fo=0)                   0.000     4.848    clk_100mhz
    E3                   IBUF (Prop_ibuf_I_O)         1.411     6.260 r  clk_100mhz_IBUF_inst/O
                         net (fo=1, routed)           1.920     8.180    clk_100mhz_IBUF
    BUFGCTRL_X0Y16       BUFG (Prop_bufg_I_O)         0.091     8.271 r  clk_100mhz_IBUF_BUFG_inst/O
                         net (fo=2651, routed)        1.683     9.954    clk_100mhz_IBUF_BUFG
    MMCME2_ADV_X0Y0      MMCME2_ADV (Prop_mmcme2_adv_CLKIN1_CLKOUT0)
                                                      0.083    10.037 r  u_mmcm/CLKOUT0
                         net (fo=1, routed)           1.923    11.960    clk_core_mmcm
    BUFGCTRL_X0Y0        BUFG (Prop_bufg_I_O)         0.091    12.051 r  u_bufg_core/O
                         net (fo=4040, routed)        1.504    13.555    u_mlkem/u_sponge/clk_core
    SLICE_X66Y64         FDRE                                         r  u_mlkem/u_sponge/st_reg[289]/C
                         clock pessimism              0.420    13.975    
                         clock uncertainty           -0.074    13.900    
    SLICE_X66Y64         FDRE (Setup_fdre_C_D)        0.113    14.013    u_mlkem/u_sponge/st_reg[289]
  -------------------------------------------------------------------
                         required time                         14.013    
                         arrival time                         -17.783    
  -------------------------------------------------------------------
                         slack                                 -3.769    

Slack (VIOLATED) :        -3.765ns  (required time - arrival time)
  Source:                 u_mlkem/u_sponge/pos_reg[2]_rep_replica/C
                            (rising edge-triggered cell FDRE clocked by clk_core_mmcm  {rise@0.000ns fall@2.424ns period=4.848ns})
  Destination:            u_mlkem/u_unpack/cr_d_reg[55]/D
                            (rising edge-triggered cell FDRE clocked by clk_core_mmcm  {rise@0.000ns fall@2.424ns period=4.848ns})
  Path Group:             clk_core_mmcm
  Path Type:              Setup (Max at Slow Process Corner)
  Requirement:            4.848ns  (clk_core_mmcm rise@4.848ns - clk_core_mmcm rise@0.000ns)
  Data Path Delay:        8.547ns  (logic 4.989ns (58.372%)  route 3.558ns (41.628%))
  Logic Levels:           8  (CARRY4=6 LUT4=1 LUT6=1)
  Clock Path Skew:        -0.024ns (DCD - SCD + CPR)
    Destination Clock Delay (DCD):    8.716ns = ( 13.564 - 4.848 ) 
    Source Clock Delay      (SCD):    9.248ns
    Clock Pessimism Removal (CPR):    0.508ns
  Clock Uncertainty:      0.074ns  ((TSJ^2 + DJ^2)^1/2) / 2 + PE
    Total System Jitter     (TSJ):    0.071ns
    Discrete Jitter          (DJ):    0.131ns
    Phase Error              (PE):    0.000ns

    Location             Delay type                Incr(ns)  Path(ns)    Netlist Resource(s)
  -------------------------------------------------------------------    -------------------
                         (clock clk_core_mmcm rise edge)
                                                      0.000     0.000 r  
    E3                                                0.000     0.000 r  clk_100mhz (IN)
                         net (fo=0)                   0.000     0.000    clk_100mhz
    E3                   IBUF (Prop_ibuf_I_O)         1.482     1.482 r  clk_100mhz_IBUF_inst/O
                         net (fo=1, routed)           2.025     3.506    clk_100mhz_IBUF
    BUFGCTRL_X0Y16       BUFG (Prop_bufg_I_O)         0.096     3.602 r  clk_100mhz_IBUF_BUFG_inst/O
                         net (fo=2651, routed)        1.809     5.412    clk_100mhz_IBUF_BUFG
    MMCME2_ADV_X0Y0      MMCME2_ADV (Prop_mmcme2_adv_CLKIN1_CLKOUT0)
                                                      0.088     5.500 r  u_mmcm/CLKOUT0
                         net (fo=1, routed)           2.018     7.518    clk_core_mmcm
    BUFGCTRL_X0Y0        BUFG (Prop_bufg_I_O)         0.096     7.614 r  u_bufg_core/O
                         net (fo=4040, routed)        1.633     9.248    u_mlkem/u_sponge/clk_core
    SLICE_X43Y56         FDRE                                         r  u_mlkem/u_sponge/pos_reg[2]_rep_replica/C
  -------------------------------------------------------------------    -------------------
    SLICE_X43Y56         FDRE (Prop_fdre_C_Q)         0.456     9.704 f  u_mlkem/u_sponge/pos_reg[2]_rep_replica/Q
                         net (fo=12, routed)          0.812    10.515    u_mlkem/u_sponge/pos_reg[2]_rep_n_0_repN
    SLICE_X46Y56         LUT4 (Prop_lut4_I0_O)        0.124    10.639 r  u_mlkem/u_sponge/cr_d[15]_i_6/O
                         net (fo=1, routed)           0.000    10.639    u_mlkem/u_sponge/cr_d[15]_i_6_n_0
    SLICE_X46Y56         CARRY4 (Prop_carry4_S[2]_CO[3])
                                                      0.380    11.019 r  u_mlkem/u_sponge/cr_d_reg[15]_i_3/CO[3]
                         net (fo=8, routed)           0.794    11.813    u_mlkem/u_sponge/cr_d_reg[15]_i_3_n_0
    SLICE_X45Y55         CARRY4 (Prop_carry4_CYINIT_CO[2])
                                                      0.592    12.405 r  u_mlkem/u_sponge/cr_d_reg[23]_i_3/CO[2]
                         net (fo=8, routed)           0.350    12.755    u_mlkem/u_sponge/cr_d_reg[23]_i_3_n_1
    SLICE_X44Y54         CARRY4 (Prop_carry4_CYINIT_CO[2])
                                                      0.781    13.536 r  u_mlkem/u_sponge/cr_d_reg[31]_i_3/CO[2]
                         net (fo=8, routed)           0.353    13.888    u_mlkem/u_sponge/cr_d_reg[31]_i_3_n_1
    SLICE_X43Y55         CARRY4 (Prop_carry4_CYINIT_CO[2])
                                                      0.781    14.669 r  u_mlkem/u_sponge/cr_d_reg[39]_i_3/CO[2]
                         net (fo=8, routed)           0.510    15.179    u_mlkem/u_sponge/cr_d_reg[39]_i_3_n_1
    SLICE_X44Y52         CARRY4 (Prop_carry4_CYINIT_CO[2])
                                                      0.781    15.960 r  u_mlkem/u_sponge/cr_d_reg[47]_i_3/CO[2]
                         net (fo=8, routed)           0.399    16.360    u_mlkem/u_sponge/cr_d_reg[47]_i_3_n_1
    SLICE_X45Y51         CARRY4 (Prop_carry4_CYINIT_CO[2])
                                                      0.781    17.141 f  u_mlkem/u_sponge/cr_d_reg[55]_i_3/CO[2]
                         net (fo=8, routed)           0.341    17.481    u_mlkem/u_sponge/cr_d_reg[55]_i_3_n_1
    SLICE_X43Y51         LUT6 (Prop_lut6_I5_O)        0.313    17.794 r  u_mlkem/u_sponge/cr_d[55]_i_1/O
                         net (fo=1, routed)           0.000    17.794    u_mlkem/u_unpack/cr_d_reg[63]_0[55]
    SLICE_X43Y51         FDRE                                         r  u_mlkem/u_unpack/cr_d_reg[55]/D
  -------------------------------------------------------------------    -------------------

                         (clock clk_core_mmcm rise edge)
                                                      4.848     4.848 r  
    E3                                                0.000     4.848 r  clk_100mhz (IN)
                         net (fo=0)                   0.000     4.848    clk_100mhz
    E3                   IBUF (Prop_ibuf_I_O)         1.411     6.260 r  clk_100mhz_IBUF_inst/O
                         net (fo=1, routed)           1.920     8.180    clk_100mhz_IBUF
    BUFGCTRL_X0Y16       BUFG (Prop_bufg_I_O)         0.091     8.271 r  clk_100mhz_IBUF_BUFG_inst/O
                         net (fo=2651, routed)        1.683     9.954    clk_100mhz_IBUF_BUFG
    MMCME2_ADV_X0Y0      MMCME2_ADV (Prop_mmcme2_adv_CLKIN1_CLKOUT0)
                                                      0.083    10.037 r  u_mmcm/CLKOUT0
                         net (fo=1, routed)           1.923    11.960    clk_core_mmcm
    BUFGCTRL_X0Y0        BUFG (Prop_bufg_I_O)         0.091    12.051 r  u_bufg_core/O
                         net (fo=4040, routed)        1.513    13.564    u_mlkem/u_unpack/clk_core
    SLICE_X43Y51         FDRE                                         r  u_mlkem/u_unpack/cr_d_reg[55]/C
                         clock pessimism              0.508    14.072    
                         clock uncertainty           -0.074    13.997    
    SLICE_X43Y51         FDRE (Setup_fdre_C_D)        0.032    14.029    u_mlkem/u_unpack/cr_d_reg[55]
  -------------------------------------------------------------------
                         required time                         14.029    
                         arrival time                         -17.794    
  -------------------------------------------------------------------
                         slack                                 -3.765    

Slack (VIOLATED) :        -3.761ns  (required time - arrival time)
  Source:                 u_mlkem/u_sponge/pos_reg[2]_rep_replica/C
                            (rising edge-triggered cell FDRE clocked by clk_core_mmcm  {rise@0.000ns fall@2.424ns period=4.848ns})
  Destination:            u_mlkem/u_unpack/cr_d_reg[54]/D
                            (rising edge-triggered cell FDRE clocked by clk_core_mmcm  {rise@0.000ns fall@2.424ns period=4.848ns})
  Path Group:             clk_core_mmcm
  Path Type:              Setup (Max at Slow Process Corner)
  Requirement:            4.848ns  (clk_core_mmcm rise@4.848ns - clk_core_mmcm rise@0.000ns)
  Data Path Delay:        8.542ns  (logic 4.989ns (58.407%)  route 3.553ns (41.593%))
  Logic Levels:           8  (CARRY4=6 LUT4=1 LUT6=1)
  Clock Path Skew:        -0.024ns (DCD - SCD + CPR)
    Destination Clock Delay (DCD):    8.716ns = ( 13.564 - 4.848 ) 
    Source Clock Delay      (SCD):    9.248ns
    Clock Pessimism Removal (CPR):    0.508ns
  Clock Uncertainty:      0.074ns  ((TSJ^2 + DJ^2)^1/2) / 2 + PE
    Total System Jitter     (TSJ):    0.071ns
    Discrete Jitter          (DJ):    0.131ns
    Phase Error              (PE):    0.000ns

    Location             Delay type                Incr(ns)  Path(ns)    Netlist Resource(s)
  -------------------------------------------------------------------    -------------------
                         (clock clk_core_mmcm rise edge)
                                                      0.000     0.000 r  
    E3                                                0.000     0.000 r  clk_100mhz (IN)
                         net (fo=0)                   0.000     0.000    clk_100mhz
    E3                   IBUF (Prop_ibuf_I_O)         1.482     1.482 r  clk_100mhz_IBUF_inst/O
                         net (fo=1, routed)           2.025     3.506    clk_100mhz_IBUF
    BUFGCTRL_X0Y16       BUFG (Prop_bufg_I_O)         0.096     3.602 r  clk_100mhz_IBUF_BUFG_inst/O
                         net (fo=2651, routed)        1.809     5.412    clk_100mhz_IBUF_BUFG
    MMCME2_ADV_X0Y0      MMCME2_ADV (Prop_mmcme2_adv_CLKIN1_CLKOUT0)
                                                      0.088     5.500 r  u_mmcm/CLKOUT0
                         net (fo=1, routed)           2.018     7.518    clk_core_mmcm
    BUFGCTRL_X0Y0        BUFG (Prop_bufg_I_O)         0.096     7.614 r  u_bufg_core/O
                         net (fo=4040, routed)        1.633     9.248    u_mlkem/u_sponge/clk_core
    SLICE_X43Y56         FDRE                                         r  u_mlkem/u_sponge/pos_reg[2]_rep_replica/C
  -------------------------------------------------------------------    -------------------
    SLICE_X43Y56         FDRE (Prop_fdre_C_Q)         0.456     9.704 f  u_mlkem/u_sponge/pos_reg[2]_rep_replica/Q
                         net (fo=12, routed)          0.812    10.515    u_mlkem/u_sponge/pos_reg[2]_rep_n_0_repN
    SLICE_X46Y56         LUT4 (Prop_lut4_I0_O)        0.124    10.639 r  u_mlkem/u_sponge/cr_d[15]_i_6/O
                         net (fo=1, routed)           0.000    10.639    u_mlkem/u_sponge/cr_d[15]_i_6_n_0
    SLICE_X46Y56         CARRY4 (Prop_carry4_S[2]_CO[3])
                                                      0.380    11.019 r  u_mlkem/u_sponge/cr_d_reg[15]_i_3/CO[3]
                         net (fo=8, routed)           0.794    11.813    u_mlkem/u_sponge/cr_d_reg[15]_i_3_n_0
    SLICE_X45Y55         CARRY4 (Prop_carry4_CYINIT_CO[2])
                                                      0.592    12.405 r  u_mlkem/u_sponge/cr_d_reg[23]_i_3/CO[2]
                         net (fo=8, routed)           0.350    12.755    u_mlkem/u_sponge/cr_d_reg[23]_i_3_n_1
    SLICE_X44Y54         CARRY4 (Prop_carry4_CYINIT_CO[2])
                                                      0.781    13.536 r  u_mlkem/u_sponge/cr_d_reg[31]_i_3/CO[2]
                         net (fo=8, routed)           0.353    13.888    u_mlkem/u_sponge/cr_d_reg[31]_i_3_n_1
    SLICE_X43Y55         CARRY4 (Prop_carry4_CYINIT_CO[2])
                                                      0.781    14.669 r  u_mlkem/u_sponge/cr_d_reg[39]_i_3/CO[2]
                         net (fo=8, routed)           0.510    15.179    u_mlkem/u_sponge/cr_d_reg[39]_i_3_n_1
    SLICE_X44Y52         CARRY4 (Prop_carry4_CYINIT_CO[2])
                                                      0.781    15.960 r  u_mlkem/u_sponge/cr_d_reg[47]_i_3/CO[2]
                         net (fo=8, routed)           0.399    16.360    u_mlkem/u_sponge/cr_d_reg[47]_i_3_n_1
    SLICE_X45Y51         CARRY4 (Prop_carry4_CYINIT_CO[2])
                                                      0.781    17.141 f  u_mlkem/u_sponge/cr_d_reg[55]_i_3/CO[2]
                         net (fo=8, routed)           0.336    17.476    u_mlkem/u_sponge/cr_d_reg[55]_i_3_n_1
    SLICE_X43Y51         LUT6 (Prop_lut6_I5_O)        0.313    17.789 r  u_mlkem/u_sponge/cr_d[54]_i_1/O
                         net (fo=1, routed)           0.000    17.789    u_mlkem/u_unpack/cr_d_reg[63]_0[54]
    SLICE_X43Y51         FDRE                                         r  u_mlkem/u_unpack/cr_d_reg[54]/D
  -------------------------------------------------------------------    -------------------

                         (clock clk_core_mmcm rise edge)
                                                      4.848     4.848 r  
    E3                                                0.000     4.848 r  clk_100mhz (IN)
                         net (fo=0)                   0.000     4.848    clk_100mhz
    E3                   IBUF (Prop_ibuf_I_O)         1.411     6.260 r  clk_100mhz_IBUF_inst/O
                         net (fo=1, routed)           1.920     8.180    clk_100mhz_IBUF
    BUFGCTRL_X0Y16       BUFG (Prop_bufg_I_O)         0.091     8.271 r  clk_100mhz_IBUF_BUFG_inst/O
                         net (fo=2651, routed)        1.683     9.954    clk_100mhz_IBUF_BUFG
    MMCME2_ADV_X0Y0      MMCME2_ADV (Prop_mmcme2_adv_CLKIN1_CLKOUT0)
                                                      0.083    10.037 r  u_mmcm/CLKOUT0
                         net (fo=1, routed)           1.923    11.960    clk_core_mmcm
    BUFGCTRL_X0Y0        BUFG (Prop_bufg_I_O)         0.091    12.051 r  u_bufg_core/O
                         net (fo=4040, routed)        1.513    13.564    u_mlkem/u_unpack/clk_core
    SLICE_X43Y51         FDRE                                         r  u_mlkem/u_unpack/cr_d_reg[54]/C
                         clock pessimism              0.508    14.072    
                         clock uncertainty           -0.074    13.997    
    SLICE_X43Y51         FDRE (Setup_fdre_C_D)        0.031    14.028    u_mlkem/u_unpack/cr_d_reg[54]
  -------------------------------------------------------------------
                         required time                         14.028    
                         arrival time                         -17.789    
  -------------------------------------------------------------------
                         slack                                 -3.761    




